ticker,frequency,fiscal_year_end,fiscal_year,fiscal_quarter,fiscal_quarter_key,derived_metric,value,availability_date,formula,source_periods,source_run_ids,source_accessions,reconciliation_status,engine_version,validation_status
AMZN,annual,2021-12-31,2021,,0,operating_margin,0.052954097509269468,2022-02-04,operating_income / revenue,2021-12-31,0001018724-22-000005::v14 (scripts/60_xbrl_metric_engine.py),0001018724-22-000005,PASS,DERIVED_METRICS_ENGINE_V1,PASS
AMZN,annual,2022-12-31,2022,,0,operating_margin,0.023829581912242234,2023-02-03,operating_income / revenue,2022-12-31,0001018724-23-000004::v14 (scripts/60_xbrl_metric_engine.py),0001018724-23-000004,PASS,DERIVED_METRICS_ENGINE_V1,PASS
AMZN,annual,2022-12-31,2022,,0,revenue_yoy_growth,0.093995172639850837,2023-02-03,current_fy_revenue / prior_fy_revenue - 1,2021-12-31;2022-12-31,0001018724-22-000005::v14 (scripts/60_xbrl_metric_engine.py);0001018724-23-000004::v14 (scripts/60_xbrl_metric_engine.py),0001018724-22-000005;0001018724-23-000004,PASS,DERIVED_METRICS_ENGINE_V1,PASS
AMZN,annual,2023-12-31,2023,,0,operating_margin,0.064114407996033299,2024-02-02,operating_income / revenue,2023-12-31,0001018724-24-000008::v14 (scripts/60_xbrl_metric_engine.py),0001018724-24-000008,PASS,DERIVED_METRICS_ENGINE_V1,PASS
AMZN,annual,2023-12-31,2023,,0,revenue_yoy_growth,0.118295741298836732,2024-02-02,current_fy_revenue / prior_fy_revenue - 1,2022-12-31;2023-12-31,0001018724-23-000004::v14 (scripts/60_xbrl_metric_engine.py);0001018724-24-000008::v14 (scripts/60_xbrl_metric_engine.py),0001018724-23-000004;0001018724-24-000008,PASS,DERIVED_METRICS_ENGINE_V1,PASS
AMZN,annual,2024-12-31,2024,,0,operating_margin,0.107519448742003796,2025-02-07,operating_income / revenue,2024-12-31,0001018724-25-000004::v14 (scripts/60_xbrl_metric_engine.py),0001018724-25-000004,PASS,DERIVED_METRICS_ENGINE_V1,PASS
AMZN,annual,2024-12-31,2024,,0,revenue_yoy_growth,0.109908922466661447,2025-02-07,current_fy_revenue / prior_fy_revenue - 1,2023-12-31;2024-12-31,0001018724-24-000008::v14 (scripts/60_xbrl_metric_engine.py);0001018724-25-000004::v14 (scripts/60_xbrl_metric_engine.py),0001018724-24-000008;0001018724-25-000004,PASS,DERIVED_METRICS_ENGINE_V1,PASS
AMZN,annual,2025-12-31,2025,,0,operating_margin,0.111552967957551986,2026-02-06,operating_income / revenue,2025-12-31,0001018724-26-000004::v14 (scripts/60_xbrl_metric_engine.py),0001018724-26-000004,PASS,DERIVED_METRICS_ENGINE_V1,PASS
AMZN,annual,2025-12-31,2025,,0,revenue_yoy_growth,0.123777546832946945,2026-02-06,current_fy_revenue / prior_fy_revenue - 1,2024-12-31;2025-12-31,0001018724-25-000004::v14 (scripts/60_xbrl_metric_engine.py);0001018724-26-000004::v14 (scripts/60_xbrl_metric_engine.py),0001018724-25-000004;0001018724-26-000004,PASS,DERIVED_METRICS_ENGINE_V1,PASS
AMZN,quarterly,2021-12-31,2021,Q1,1,operating_margin,0.081691516614755156,2021-04-30,quarterly_operating_income / quarterly_revenue,2021-12-31:Q1,9f955884-c341-4c39-926e-0bde0a987a4b,0001018724-21-000010,PASS,DERIVED_METRICS_ENGINE_V1,PASS
AMZN,quarterly,2021-12-31,2021,Q2,2,operating_margin,0.068111071807569862,2021-07-30,quarterly_operating_income / quarterly_revenue,2021-12-31:Q2,9f955884-c341-4c39-926e-0bde0a987a4b,0001018724-21-000020,PASS,DERIVED_METRICS_ENGINE_V1,PASS
AMZN,quarterly,2021-12-31,2021,Q3,3,operating_margin,0.043785871566256362,2021-10-29,quarterly_operating_income / quarterly_revenue,2021-12-31:Q3,9f955884-c341-4c39-926e-0bde0a987a4b,0001018724-21-000028,PASS,DERIVED_METRICS_ENGINE_V1,PASS
AMZN,quarterly,2021-12-31,2021,Q4,4,operating_margin,0.025179751404535266,2022-02-04,quarterly_operating_income / quarterly_revenue,2021-12-31:Q4,9f955884-c341-4c39-926e-0bde0a987a4b,0001018724-22-000005,PASS,DERIVED_METRICS_ENGINE_V1,PASS
AMZN,quarterly,2022-12-31,2022,Q1,1,operating_margin,0.031508708048504002,2022-04-29,quarterly_operating_income / quarterly_revenue,2022-12-31:Q1,9ed7dae9-9a7a-46d1-b662-b8b8bea6e292,0001018724-22-000013,PASS,DERIVED_METRICS_ENGINE_V1,PASS
AMZN,quarterly,2022-12-31,2022,Q1,1,revenue_yoy_growth,0.073038574245747249,2022-04-29,current_fq_revenue / same_fq_prior_fy_revenue - 1,2021-12-31:Q1;2022-12-31:Q1,9f955884-c341-4c39-926e-0bde0a987a4b;9ed7dae9-9a7a-46d1-b662-b8b8bea6e292,0001018724-21-000010;0001018724-22-000013,PASS,DERIVED_METRICS_ENGINE_V1,PASS
AMZN,quarterly,2022-12-31,2022,Q2,2,operating_margin,0.027360311463780788,2022-07-29,quarterly_operating_income / quarterly_revenue,2022-12-31:Q2,9ed7dae9-9a7a-46d1-b662-b8b8bea6e292,0001018724-22-000019,PASS,DERIVED_METRICS_ENGINE_V1,PASS
AMZN,quarterly,2022-12-31,2022,Q2,2,revenue_yoy_growth,0.072108241952599929,2022-07-29,current_fq_revenue / same_fq_prior_fy_revenue - 1,2021-12-31:Q2;2022-12-31:Q2,9f955884-c341-4c39-926e-0bde0a987a4b;9ed7dae9-9a7a-46d1-b662-b8b8bea6e292,0001018724-21-000020;0001018724-22-000019,PASS,DERIVED_METRICS_ENGINE_V1,PASS
AMZN,quarterly,2022-12-31,2022,Q3,3,operating_margin,0.019866090746728979,2022-10-28,quarterly_operating_income / quarterly_revenue,2022-12-31:Q3,9ed7dae9-9a7a-46d1-b662-b8b8bea6e292,0001018724-22-000023,PASS,DERIVED_METRICS_ENGINE_V1,PASS
AMZN,quarterly,2022-12-31,2022,Q3,3,revenue_yoy_growth,0.146996715157203191,2022-10-28,current_fq_revenue / same_fq_prior_fy_revenue - 1,2021-12-31:Q3;2022-12-31:Q3,9f955884-c341-4c39-926e-0bde0a987a4b;9ed7dae9-9a7a-46d1-b662-b8b8bea6e292,0001018724-21-000028;0001018724-22-000023,PASS,DERIVED_METRICS_ENGINE_V1,PASS
AMZN,quarterly,2022-12-31,2022,Q4,4,operating_margin,0.018344012224873328,2023-02-03,quarterly_operating_income / quarterly_revenue,2022-12-31:Q4,9ed7dae9-9a7a-46d1-b662-b8b8bea6e292,0001018724-23-000004,PASS,DERIVED_METRICS_ENGINE_V1,PASS
AMZN,quarterly,2022-12-31,2022,Q4,4,revenue_yoy_growth,0.085814921549791867,2023-02-03,current_fq_revenue / same_fq_prior_fy_revenue - 1,2021-12-31:Q4;2022-12-31:Q4,9f955884-c341-4c39-926e-0bde0a987a4b;9ed7dae9-9a7a-46d1-b662-b8b8bea6e292,0001018724-22-000005;0001018724-23-000004,PASS,DERIVED_METRICS_ENGINE_V1,PASS
AMZN,quarterly,2023-12-31,2023,Q1,1,operating_margin,0.037484885126964933,2023-04-28,quarterly_operating_income / quarterly_revenue,2023-12-31:Q1,b49c40b4-cb9e-4fb8-b196-531218a9afe9,0001018724-23-000008,PASS,DERIVED_METRICS_ENGINE_V1,PASS
AMZN,quarterly,2023-12-31,2023,Q1,1,revenue_yoy_growth,0.093727456975026622,2023-04-28,current_fq_revenue / same_fq_prior_fy_revenue - 1,2022-12-31:Q1;2023-12-31:Q1,9ed7dae9-9a7a-46d1-b662-b8b8bea6e292;b49c40b4-cb9e-4fb8-b196-531218a9afe9,0001018724-22-000013;0001018724-23-000008,PASS,DERIVED_METRICS_ENGINE_V1,PASS
AMZN,quarterly,2023-12-31,2023,Q2,2,operating_margin,0.057157527365812640,2023-08-04,quarterly_operating_income / quarterly_revenue,2023-12-31:Q2,b49c40b4-cb9e-4fb8-b196-531218a9afe9,0001018724-23-000012,PASS,DERIVED_METRICS_ENGINE_V1,PASS
AMZN,quarterly,2023-12-31,2023,Q2,2,revenue_yoy_growth,0.108459673029018262,2023-08-04,current_fq_revenue / same_fq_prior_fy_revenue - 1,2022-12-31:Q2;2023-12-31:Q2,9ed7dae9-9a7a-46d1-b662-b8b8bea6e292;b49c40b4-cb9e-4fb8-b196-531218a9afe9,0001018724-22-000019;0001018724-23-000012,PASS,DERIVED_METRICS_ENGINE_V1,PASS
AMZN,quarterly,2023-12-31,2023,Q3,3,operating_margin,0.078192377850618173,2023-10-27,quarterly_operating_income / quarterly_revenue,2023-12-31:Q3,b49c40b4-cb9e-4fb8-b196-531218a9afe9,0001018724-23-000018,PASS,DERIVED_METRICS_ENGINE_V1,PASS
AMZN,quarterly,2023-12-31,2023,Q3,3,revenue_yoy_growth,0.125742519728404969,2023-10-27,current_fq_revenue / same_fq_prior_fy_revenue - 1,2022-12-31:Q3;2023-12-31:Q3,9ed7dae9-9a7a-46d1-b662-b8b8bea6e292;b49c40b4-cb9e-4fb8-b196-531218a9afe9,0001018724-22-000023;0001018724-23-000018,PASS,DERIVED_METRICS_ENGINE_V1,PASS
AMZN,quarterly,2023-12-31,2023,Q4,4,operating_margin,0.077717829384388183,2024-02-02,quarterly_operating_income / quarterly_revenue,2023-12-31:Q4,b49c40b4-cb9e-4fb8-b196-531218a9afe9,0001018724-24-000008,PASS,DERIVED_METRICS_ENGINE_V1,PASS
AMZN,quarterly,2023-12-31,2023,Q4,4,revenue_yoy_growth,0.139118254202300206,2024-02-02,current_fq_revenue / same_fq_prior_fy_revenue - 1,2022-12-31:Q4;2023-12-31:Q4,9ed7dae9-9a7a-46d1-b662-b8b8bea6e292;b49c40b4-cb9e-4fb8-b196-531218a9afe9,0001018724-23-000004;0001018724-24-000008,PASS,DERIVED_METRICS_ENGINE_V1,PASS
AMZN,quarterly,2024-12-31,2024,Q1,1,operating_margin,0.106808175113213735,2024-05-01,quarterly_operating_income / quarterly_revenue,2024-12-31:Q1,ec5dcd3d-f57a-42a5-9d00-fdc3b90751b8,0001018724-24-000083,PASS,DERIVED_METRICS_ENGINE_V1,PASS
AMZN,quarterly,2024-12-31,2024,Q1,1,revenue_yoy_growth,0.125276778843888880,2024-05-01,current_fq_revenue / same_fq_prior_fy_revenue - 1,2023-12-31:Q1;2024-12-31:Q1,b49c40b4-cb9e-4fb8-b196-531218a9afe9;ec5dcd3d-f57a-42a5-9d00-fdc3b90751b8,0001018724-23-000008;0001018724-24-000083,PASS,DERIVED_METRICS_ENGINE_V1,PASS
AMZN,quarterly,2024-12-31,2024,Q2,2,operating_margin,0.099150543665569649,2024-08-02,quarterly_operating_income / quarterly_revenue,2024-12-31:Q2,ec5dcd3d-f57a-42a5-9d00-fdc3b90751b8,0001018724-24-000130,PASS,DERIVED_METRICS_ENGINE_V1,PASS
AMZN,quarterly,2024-12-31,2024,Q2,2,revenue_yoy_growth,0.101158628695593937,2024-08-02,current_fq_revenue / same_fq_prior_fy_revenue - 1,2023-12-31:Q2;2024-12-31:Q2,b49c40b4-cb9e-4fb8-b196-531218a9afe9;ec5dcd3d-f57a-42a5-9d00-fdc3b90751b8,0001018724-23-000012;0001018724-24-000130,PASS,DERIVED_METRICS_ENGINE_V1,PASS
AMZN,quarterly,2024-12-31,2024,Q3,3,operating_margin,0.109587920215009095,2024-11-01,quarterly_operating_income / quarterly_revenue,2024-12-31:Q3,ec5dcd3d-f57a-42a5-9d00-fdc3b90751b8,0001018724-24-000161,PASS,DERIVED_METRICS_ENGINE_V1,PASS
AMZN,quarterly,2024-12-31,2024,Q3,3,revenue_yoy_growth,0.110383483712250931,2024-11-01,current_fq_revenue / same_fq_prior_fy_revenue - 1,2023-12-31:Q3;2024-12-31:Q3,b49c40b4-cb9e-4fb8-b196-531218a9afe9;ec5dcd3d-f57a-42a5-9d00-fdc3b90751b8,0001018724-23-000018;0001018724-24-000161,PASS,DERIVED_METRICS_ENGINE_V1,PASS
AMZN,quarterly,2024-12-31,2024,Q4,4,operating_margin,0.112906833091931499,2025-02-07,quarterly_operating_income / quarterly_revenue,2024-12-31:Q4,ec5dcd3d-f57a-42a5-9d00-fdc3b90751b8,0001018724-25-000004,PASS,DERIVED_METRICS_ENGINE_V1,PASS
AMZN,quarterly,2024-12-31,2024,Q4,4,revenue_yoy_growth,0.104912303410782474,2025-02-07,current_fq_revenue / same_fq_prior_fy_revenue - 1,2023-12-31:Q4;2024-12-31:Q4,b49c40b4-cb9e-4fb8-b196-531218a9afe9;ec5dcd3d-f57a-42a5-9d00-fdc3b90751b8,0001018724-24-000008;0001018724-25-000004,PASS,DERIVED_METRICS_ENGINE_V1,PASS
AMZN,quarterly,2025-12-31,2025,Q1,1,operating_margin,0.118233151535007420,2025-05-02,quarterly_operating_income / quarterly_revenue,2025-12-31:Q1,5589bba0-92d0-4e24-bfce-c3d3cf216162,0001018724-25-000036,PASS,DERIVED_METRICS_ENGINE_V1,PASS
AMZN,quarterly,2025-12-31,2025,Q1,1,revenue_yoy_growth,0.086202926461660840,2025-05-02,current_fq_revenue / same_fq_prior_fy_revenue - 1,2024-12-31:Q1;2025-12-31:Q1,ec5dcd3d-f57a-42a5-9d00-fdc3b90751b8;5589bba0-92d0-4e24-bfce-c3d3cf216162,0001018724-24-000083;0001018724-25-000036,PASS,DERIVED_METRICS_ENGINE_V1,PASS
AMZN,quarterly,2025-12-31,2025,Q2,2,operating_margin,0.114315869816698668,2025-08-01,quarterly_operating_income / quarterly_revenue,2025-12-31:Q2,5589bba0-92d0-4e24-bfce-c3d3cf216162,0001018724-25-000086,PASS,DERIVED_METRICS_ENGINE_V1,PASS
AMZN,quarterly,2025-12-31,2025,Q2,2,revenue_yoy_growth,0.133297742216695838,2025-08-01,current_fq_revenue / same_fq_prior_fy_revenue - 1,2024-12-31:Q2;2025-12-31:Q2,ec5dcd3d-f57a-42a5-9d00-fdc3b90751b8;5589bba0-92d0-4e24-bfce-c3d3cf216162,0001018724-24-000130;0001018724-25-000086,PASS,DERIVED_METRICS_ENGINE_V1,PASS
AMZN,quarterly,2025-12-31,2025,Q3,3,operating_margin,0.096698100117112267,2025-10-31,quarterly_operating_income / quarterly_revenue,2025-12-31:Q3,5589bba0-92d0-4e24-bfce-c3d3cf216162,0001018724-25-000123,PASS,DERIVED_METRICS_ENGINE_V1,PASS
AMZN,quarterly,2025-12-31,2025,Q3,3,revenue_yoy_growth,0.134015622147950931,2025-10-31,current_fq_revenue / same_fq_prior_fy_revenue - 1,2024-12-31:Q3;2025-12-31:Q3,ec5dcd3d-f57a-42a5-9d00-fdc3b90751b8;5589bba0-92d0-4e24-bfce-c3d3cf216162,0001018724-24-000161;0001018724-25-000123,PASS,DERIVED_METRICS_ENGINE_V1,PASS
AMZN,quarterly,2025-12-31,2025,Q4,4,operating_margin,0.117050790586074063,2026-02-06,quarterly_operating_income / quarterly_revenue,2025-12-31:Q4,5589bba0-92d0-4e24-bfce-c3d3cf216162,0001018724-26-000004,PASS,DERIVED_METRICS_ENGINE_V1,PASS
AMZN,quarterly,2025-12-31,2025,Q4,4,revenue_yoy_growth,0.136289085797052058,2026-02-06,current_fq_revenue / same_fq_prior_fy_revenue - 1,2024-12-31:Q4;2025-12-31:Q4,ec5dcd3d-f57a-42a5-9d00-fdc3b90751b8;5589bba0-92d0-4e24-bfce-c3d3cf216162,0001018724-25-000004;0001018724-26-000004,PASS,DERIVED_METRICS_ENGINE_V1,PASS
CRWD,annual,2022-01-31,2022,,0,operating_margin,-0.098201012128735721,2022-03-16,operating_income / revenue,2022-01-31,0001535527-22-000006::v15 (scripts/69_xbrl_metric_engine.py),0001535527-22-000006,PASS,DERIVED_METRICS_ENGINE_V1,PASS
CRWD,annual,2023-01-31,2023,,0,operating_margin,-0.084824623555930745,2023-03-09,operating_income / revenue,2023-01-31,0001535527-23-000008::v15 (scripts/69_xbrl_metric_engine.py),0001535527-23-000008,PASS,DERIVED_METRICS_ENGINE_V1,PASS
CRWD,annual,2023-01-31,2023,,0,revenue_yoy_growth,0.543982683863394310,2023-03-09,current_fy_revenue / prior_fy_revenue - 1,2022-01-31;2023-01-31,0001535527-22-000006::v15 (scripts/69_xbrl_metric_engine.py);0001535527-23-000008::v15 (scripts/69_xbrl_metric_engine.py),0001535527-22-000006;0001535527-23-000008,PASS,DERIVED_METRICS_ENGINE_V1,PASS
CRWD,annual,2024-01-31,2024,,0,operating_margin,-0.000652909209619856,2024-03-07,operating_income / revenue,2024-01-31,0001535527-24-000007::v14 (scripts/60_xbrl_metric_engine.py),0001535527-24-000007,PASS,DERIVED_METRICS_ENGINE_V1,PASS
CRWD,annual,2024-01-31,2024,,0,revenue_yoy_growth,0.363334784913324612,2024-03-07,current_fy_revenue / prior_fy_revenue - 1,2023-01-31;2024-01-31,0001535527-23-000008::v15 (scripts/69_xbrl_metric_engine.py);0001535527-24-000007::v14 (scripts/60_xbrl_metric_engine.py),0001535527-23-000008;0001535527-24-000007,PASS,DERIVED_METRICS_ENGINE_V1,PASS
CRWD,annual,2025-01-31,2025,,0,operating_margin,-0.030460660902503627,2025-03-10,operating_income / revenue,2025-01-31,0001535527-25-000009::v14 (scripts/60_xbrl_metric_engine.py),0001535527-25-000009,PASS,DERIVED_METRICS_ENGINE_V1,PASS
CRWD,annual,2025-01-31,2025,,0,revenue_yoy_growth,0.293913544347917154,2025-03-10,current_fy_revenue / prior_fy_revenue - 1,2024-01-31;2025-01-31,0001535527-24-000007::v14 (scripts/60_xbrl_metric_engine.py);0001535527-25-000009::v14 (scripts/60_xbrl_metric_engine.py),0001535527-24-000007;0001535527-25-000009,PASS,DERIVED_METRICS_ENGINE_V1,PASS
CRWD,annual,2026-01-31,2026,,0,operating_margin,-0.060950061356960352,2026-03-05,operating_income / revenue,2026-01-31,0001535527-26-000010::v14 (scripts/60_xbrl_metric_engine.py),0001535527-26-000010,PASS,DERIVED_METRICS_ENGINE_V1,PASS
CRWD,annual,2026-01-31,2026,,0,revenue_yoy_growth,0.217112451765772365,2026-03-05,current_fy_revenue / prior_fy_revenue - 1,2025-01-31;2026-01-31,0001535527-25-000009::v14 (scripts/60_xbrl_metric_engine.py);0001535527-26-000010::v14 (scripts/60_xbrl_metric_engine.py),0001535527-25-000009;0001535527-26-000010,PASS,DERIVED_METRICS_ENGINE_V1,PASS
CRWD,quarterly,2022-01-31,2022,Q1,1,operating_margin,-0.103509078961706231,2021-06-04,quarterly_operating_income / quarterly_revenue,2022-01-31:Q1,f610bc3a-1c58-4d26-be9b-674126766023,0001535527-21-000013,PASS,DERIVED_METRICS_ENGINE_V1,PASS
CRWD,quarterly,2022-01-31,2022,Q2,2,operating_margin,-0.140374307797092007,2021-09-01,quarterly_operating_income / quarterly_revenue,2022-01-31:Q2,f610bc3a-1c58-4d26-be9b-674126766023,0001535527-21-000022,PASS,DERIVED_METRICS_ENGINE_V1,PASS
CRWD,quarterly,2022-01-31,2022,Q3,3,operating_margin,-0.105943675980328956,2021-12-02,quarterly_operating_income / quarterly_revenue,2022-01-31:Q3,f610bc3a-1c58-4d26-be9b-674126766023,0001535527-21-000028,PASS,DERIVED_METRICS_ENGINE_V1,PASS
CRWD,quarterly,2022-01-31,2022,Q4,4,operating_margin,-0.054601981392543096,2022-03-16,quarterly_operating_income / quarterly_revenue,2022-01-31:Q4,f610bc3a-1c58-4d26-be9b-674126766023,0001535527-22-000006,PASS,DERIVED_METRICS_ENGINE_V1,PASS
CRWD,quarterly,2023-01-31,2023,Q1,1,operating_margin,-0.048957227253532964,2022-06-03,quarterly_operating_income / quarterly_revenue,2023-01-31:Q1,5545680f-ad4e-4854-8a40-e8214f94a97c,0001535527-22-000012,PASS,DERIVED_METRICS_ENGINE_V1,PASS
CRWD,quarterly,2023-01-31,2023,Q1,1,revenue_yoy_growth,0.610847865065396922,2022-06-03,current_fq_revenue / same_fq_prior_fy_revenue - 1,2022-01-31:Q1;2023-01-31:Q1,f610bc3a-1c58-4d26-be9b-674126766023;5545680f-ad4e-4854-8a40-e8214f94a97c,0001535527-21-000013;0001535527-22-000012,PASS,DERIVED_METRICS_ENGINE_V1,PASS
CRWD,quarterly,2023-01-31,2023,Q2,2,operating_margin,-0.090267643085248518,2022-08-31,quarterly_operating_income / quarterly_revenue,2023-01-31:Q2,5545680f-ad4e-4854-8a40-e8214f94a97c,0001535527-22-000018,PASS,DERIVED_METRICS_ENGINE_V1,PASS
CRWD,quarterly,2023-01-31,2023,Q2,2,revenue_yoy_growth,0.584746365009328082,2022-08-31,current_fq_revenue / same_fq_prior_fy_revenue - 1,2022-01-31:Q2;2023-01-31:Q2,f610bc3a-1c58-4d26-be9b-674126766023;5545680f-ad4e-4854-8a40-e8214f94a97c,0001535527-21-000022;0001535527-22-000018,PASS,DERIVED_METRICS_ENGINE_V1,PASS
CRWD,quarterly,2023-01-31,2023,Q3,3,operating_margin,-0.097131603320467840,2022-11-30,quarterly_operating_income / quarterly_revenue,2023-01-31:Q3,5545680f-ad4e-4854-8a40-e8214f94a97c,0001535527-22-000025,PASS,DERIVED_METRICS_ENGINE_V1,PASS
CRWD,quarterly,2023-01-31,2023,Q3,3,revenue_yoy_growth,0.528431710480961766,2022-11-30,current_fq_revenue / same_fq_prior_fy_revenue - 1,2022-01-31:Q3;2023-01-31:Q3,f610bc3a-1c58-4d26-be9b-674126766023;5545680f-ad4e-4854-8a40-e8214f94a97c,0001535527-21-000028;0001535527-22-000025,PASS,DERIVED_METRICS_ENGINE_V1,PASS
CRWD,quarterly,2023-01-31,2023,Q4,4,operating_margin,-0.096490718848010644,2023-03-09,quarterly_operating_income / quarterly_revenue,2023-01-31:Q4,5545680f-ad4e-4854-8a40-e8214f94a97c,0001535527-23-000008,PASS,DERIVED_METRICS_ENGINE_V1,PASS
CRWD,quarterly,2023-01-31,2023,Q4,4,revenue_yoy_growth,0.478775434444676458,2023-03-09,current_fq_revenue / same_fq_prior_fy_revenue - 1,2022-01-31:Q4;2023-01-31:Q4,f610bc3a-1c58-4d26-be9b-674126766023;5545680f-ad4e-4854-8a40-e8214f94a97c,0001535527-22-000006;0001535527-23-000008,PASS,DERIVED_METRICS_ENGINE_V1,PASS
CRWD,quarterly,2024-01-31,2024,Q1,1,operating_margin,-0.028092061566894799,2023-06-01,quarterly_operating_income / quarterly_revenue,2024-01-31:Q1,1336517e-e116-45d3-b978-29c0b5fa37b1,0001535527-23-000014,PASS,DERIVED_METRICS_ENGINE_V1,PASS
CRWD,quarterly,2024-01-31,2024,Q1,1,revenue_yoy_growth,0.419704243656653698,2023-06-01,current_fq_revenue / same_fq_prior_fy_revenue - 1,2023-01-31:Q1;2024-01-31:Q1,5545680f-ad4e-4854-8a40-e8214f94a97c;1336517e-e116-45d3-b978-29c0b5fa37b1,0001535527-22-000012;0001535527-23-000014,PASS,DERIVED_METRICS_ENGINE_V1,PASS
CRWD,quarterly,2024-01-31,2024,Q2,2,operating_margin,-0.021012101811581327,2023-08-31,quarterly_operating_income / quarterly_revenue,2024-01-31:Q2,1336517e-e116-45d3-b978-29c0b5fa37b1,0001535527-23-000020,PASS,DERIVED_METRICS_ENGINE_V1,PASS
CRWD,quarterly,2024-01-31,2024,Q2,2,revenue_yoy_growth,0.367134258800754177,2023-08-31,current_fq_revenue / same_fq_prior_fy_revenue - 1,2023-01-31:Q2;2024-01-31:Q2,5545680f-ad4e-4854-8a40-e8214f94a97c;1336517e-e116-45d3-b978-29c0b5fa37b1,0001535527-22-000018;0001535527-23-000020,PASS,DERIVED_METRICS_ENGINE_V1,PASS
CRWD,quarterly,2024-01-31,2024,Q3,3,operating_margin,0.004024101351884318,2023-11-29,quarterly_operating_income / quarterly_revenue,2024-01-31:Q3,1336517e-e116-45d3-b978-29c0b5fa37b1,0001535527-23-000026,PASS,DERIVED_METRICS_ENGINE_V1,PASS
CRWD,quarterly,2024-01-31,2024,Q3,3,revenue_yoy_growth,0.353138847476768087,2023-11-29,current_fq_revenue / same_fq_prior_fy_revenue - 1,2023-01-31:Q3;2024-01-31:Q3,5545680f-ad4e-4854-8a40-e8214f94a97c;1336517e-e116-45d3-b978-29c0b5fa37b1,0001535527-22-000025;0001535527-23-000026,PASS,DERIVED_METRICS_ENGINE_V1,PASS
CRWD,quarterly,2024-01-31,2024,Q4,4,operating_margin,0.035099694204072941,2024-03-07,quarterly_operating_income / quarterly_revenue,2024-01-31:Q4,1336517e-e116-45d3-b978-29c0b5fa37b1,0001535527-24-000007,PASS,DERIVED_METRICS_ENGINE_V1,PASS
CRWD,quarterly,2024-01-31,2024,Q4,4,revenue_yoy_growth,0.326292387274521586,2024-03-07,current_fq_revenue / same_fq_prior_fy_revenue - 1,2023-01-31:Q4;2024-01-31:Q4,5545680f-ad4e-4854-8a40-e8214f94a97c;1336517e-e116-45d3-b978-29c0b5fa37b1,0001535527-23-000008;0001535527-24-000007,PASS,DERIVED_METRICS_ENGINE_V1,PASS
CRWD,quarterly,2025-01-31,2025,Q1,1,operating_margin,0.007530650267741978,2024-06-05,quarterly_operating_income / quarterly_revenue,2025-01-31:Q1,4c27344d-ef03-4532-ac77-b804d249e65b,0001535527-24-000013,PASS,DERIVED_METRICS_ENGINE_V1,PASS
CRWD,quarterly,2025-01-31,2025,Q1,1,revenue_yoy_growth,0.329862254180022524,2024-06-05,current_fq_revenue / same_fq_prior_fy_revenue - 1,2024-01-31:Q1;2025-01-31:Q1,1336517e-e116-45d3-b978-29c0b5fa37b1;4c27344d-ef03-4532-ac77-b804d249e65b,0001535527-23-000014;0001535527-24-000013,PASS,DERIVED_METRICS_ENGINE_V1,PASS
CRWD,quarterly,2025-01-31,2025,Q2,2,operating_margin,0.014169931277182032,2024-08-29,quarterly_operating_income / quarterly_revenue,2025-01-31:Q2,4c27344d-ef03-4532-ac77-b804d249e65b,0001535527-24-000020,PASS,DERIVED_METRICS_ENGINE_V1,PASS
CRWD,quarterly,2025-01-31,2025,Q2,2,revenue_yoy_growth,0.317438144625806081,2024-08-29,current_fq_revenue / same_fq_prior_fy_revenue - 1,2024-01-31:Q2;2025-01-31:Q2,1336517e-e116-45d3-b978-29c0b5fa37b1;4c27344d-ef03-4532-ac77-b804d249e65b,0001535527-23-000020;0001535527-24-000020,PASS,DERIVED_METRICS_ENGINE_V1,PASS
CRWD,quarterly,2025-01-31,2025,Q3,3,operating_margin,-0.055161565585471075,2024-11-27,quarterly_operating_income / quarterly_revenue,2025-01-31:Q3,4c27344d-ef03-4532-ac77-b804d249e65b,0001535527-24-000026,PASS,DERIVED_METRICS_ENGINE_V1,PASS
CRWD,quarterly,2025-01-31,2025,Q3,3,revenue_yoy_growth,0.285190849017956423,2024-11-27,current_fq_revenue / same_fq_prior_fy_revenue - 1,2024-01-31:Q3;2025-01-31:Q3,1336517e-e116-45d3-b978-29c0b5fa37b1;4c27344d-ef03-4532-ac77-b804d249e65b,0001535527-23-000026;0001535527-24-000026,PASS,DERIVED_METRICS_ENGINE_V1,PASS
CRWD,quarterly,2025-01-31,2025,Q4,4,operating_margin,-0.080583786316598932,2025-03-10,quarterly_operating_income / quarterly_revenue,2025-01-31:Q4,4c27344d-ef03-4532-ac77-b804d249e65b,0001535527-25-000009,PASS,DERIVED_METRICS_ENGINE_V1,PASS
CRWD,quarterly,2025-01-31,2025,Q4,4,revenue_yoy_growth,0.252211253526708346,2025-03-10,current_fq_revenue / same_fq_prior_fy_revenue - 1,2024-01-31:Q4;2025-01-31:Q4,1336517e-e116-45d3-b978-29c0b5fa37b1;4c27344d-ef03-4532-ac77-b804d249e65b,0001535527-24-000007;0001535527-25-000009,PASS,DERIVED_METRICS_ENGINE_V1,PASS
CRWD,quarterly,2026-01-31,2026,Q1,1,operating_margin,-0.112970961561815206,2025-06-04,quarterly_operating_income / quarterly_revenue,2026-01-31:Q1,0e52d831-3713-4d5b-aee2-3162771af0a4,0001535527-25-000019,PASS,DERIVED_METRICS_ENGINE_V1,PASS
CRWD,quarterly,2026-01-31,2026,Q1,1,revenue_yoy_growth,0.198035690244463843,2025-06-04,current_fq_revenue / same_fq_prior_fy_revenue - 1,2025-01-31:Q1;2026-01-31:Q1,4c27344d-ef03-4532-ac77-b804d249e65b;0e52d831-3713-4d5b-aee2-3162771af0a4,0001535527-24-000013;0001535527-25-000019,PASS,DERIVED_METRICS_ENGINE_V1,PASS
CRWD,quarterly,2026-01-31,2026,Q2,2,operating_margin,-0.096649819667531259,2025-08-28,quarterly_operating_income / quarterly_revenue,2026-01-31:Q2,0e52d831-3713-4d5b-aee2-3162771af0a4,0001535527-25-000025,PASS,DERIVED_METRICS_ENGINE_V1,PASS
CRWD,quarterly,2026-01-31,2026,Q2,2,revenue_yoy_growth,0.212766840410344942,2025-08-28,current_fq_revenue / same_fq_prior_fy_revenue - 1,2025-01-31:Q2;2026-01-31:Q2,4c27344d-ef03-4532-ac77-b804d249e65b;0e52d831-3713-4d5b-aee2-3162771af0a4,0001535527-24-000020;0001535527-25-000025,PASS,DERIVED_METRICS_ENGINE_V1,PASS
CRWD,quarterly,2026-01-31,2026,Q3,3,operating_margin,-0.056263591315817618,2025-12-03,quarterly_operating_income / quarterly_revenue,2026-01-31:Q3,0e52d831-3713-4d5b-aee2-3162771af0a4,0001535527-25-000033,PASS,DERIVED_METRICS_ENGINE_V1,PASS
CRWD,quarterly,2026-01-31,2026,Q3,3,revenue_yoy_growth,0.221808433761178723,2025-12-03,current_fq_revenue / same_fq_prior_fy_revenue - 1,2025-01-31:Q3;2026-01-31:Q3,4c27344d-ef03-4532-ac77-b804d249e65b;0e52d831-3713-4d5b-aee2-3162771af0a4,0001535527-24-000026;0001535527-25-000033,PASS,DERIVED_METRICS_ENGINE_V1,PASS
CRWD,quarterly,2026-01-31,2026,Q4,4,operating_margin,0.010560949918605765,2026-03-05,quarterly_operating_income / quarterly_revenue,2026-01-31:Q4,0e52d831-3713-4d5b-aee2-3162771af0a4,0001535527-26-000010,PASS,DERIVED_METRICS_ENGINE_V1,PASS
CRWD,quarterly,2026-01-31,2026,Q4,4,revenue_yoy_growth,0.233186716017752787,2026-03-05,current_fq_revenue / same_fq_prior_fy_revenue - 1,2025-01-31:Q4;2026-01-31:Q4,4c27344d-ef03-4532-ac77-b804d249e65b;0e52d831-3713-4d5b-aee2-3162771af0a4,0001535527-25-000009;0001535527-26-000010,PASS,DERIVED_METRICS_ENGINE_V1,PASS
GOOGL,annual,2021-12-31,2021,,0,operating_margin,0.305522886852431910,2022-02-02,operating_income / revenue,2021-12-31,0001652044-22-000019::v15 (scripts/69_xbrl_metric_engine.py),0001652044-22-000019,PASS,DERIVED_METRICS_ENGINE_V1,PASS
GOOGL,annual,2022-12-31,2022,,0,operating_margin,0.264612708424670127,2023-02-03,operating_income / revenue,2022-12-31,0001652044-23-000016::v15 (scripts/69_xbrl_metric_engine.py),0001652044-23-000016,PASS,DERIVED_METRICS_ENGINE_V1,PASS
GOOGL,annual,2022-12-31,2022,,0,revenue_yoy_growth,0.097808156437157706,2023-02-03,current_fy_revenue / prior_fy_revenue - 1,2021-12-31;2022-12-31,0001652044-22-000019::v15 (scripts/69_xbrl_metric_engine.py);0001652044-23-000016::v15 (scripts/69_xbrl_metric_engine.py),0001652044-22-000019;0001652044-23-000016,PASS,DERIVED_METRICS_ENGINE_V1,PASS
GOOGL,annual,2023-12-31,2023,,0,operating_margin,0.274218104452266472,2024-01-31,operating_income / revenue,2023-12-31,0001652044-24-000022::v15 (scripts/69_xbrl_metric_engine.py),0001652044-24-000022,PASS,DERIVED_METRICS_ENGINE_V1,PASS
GOOGL,annual,2023-12-31,2023,,0,revenue_yoy_growth,0.086827702272695131,2024-01-31,current_fy_revenue / prior_fy_revenue - 1,2022-12-31;2023-12-31,0001652044-23-000016::v15 (scripts/69_xbrl_metric_engine.py);0001652044-24-000022::v15 (scripts/69_xbrl_metric_engine.py),0001652044-23-000016;0001652044-24-000022,PASS,DERIVED_METRICS_ENGINE_V1,PASS
GOOGL,annual,2024-12-31,2024,,0,operating_margin,0.321097772114576965,2025-02-05,operating_income / revenue,2024-12-31,0001652044-25-000014::v14 (scripts/60_xbrl_metric_engine.py),0001652044-25-000014,PASS,DERIVED_METRICS_ENGINE_V1,PASS
GOOGL,annual,2024-12-31,2024,,0,revenue_yoy_growth,0.138662433229015531,2025-02-05,current_fy_revenue / prior_fy_revenue - 1,2023-12-31;2024-12-31,0001652044-24-000022::v15 (scripts/69_xbrl_metric_engine.py);0001652044-25-000014::v14 (scripts/60_xbrl_metric_engine.py),0001652044-24-000022;0001652044-25-000014,PASS,DERIVED_METRICS_ENGINE_V1,PASS
GOOGL,annual,2025-12-31,2025,,0,operating_margin,0.320326385923800256,2026-02-05,operating_income / revenue,2025-12-31,0001652044-26-000018::v14 (scripts/60_xbrl_metric_engine.py),0001652044-26-000018,PASS,DERIVED_METRICS_ENGINE_V1,PASS
GOOGL,annual,2025-12-31,2025,,0,revenue_yoy_growth,0.150900810815443777,2026-02-05,current_fy_revenue / prior_fy_revenue - 1,2024-12-31;2025-12-31,0001652044-25-000014::v14 (scripts/60_xbrl_metric_engine.py);0001652044-26-000018::v14 (scripts/60_xbrl_metric_engine.py),0001652044-25-000014;0001652044-26-000018,PASS,DERIVED_METRICS_ENGINE_V1,PASS
GOOGL,quarterly,2021-12-31,2021,Q1,1,operating_margin,0.297158043171710598,2021-04-28,quarterly_operating_income / quarterly_revenue,2021-12-31:Q1,dab86858-79e7-41c8-8392-c1d5a11d2918,0001652044-21-000020,PASS,DERIVED_METRICS_ENGINE_V1,PASS
GOOGL,quarterly,2021-12-31,2021,Q2,2,operating_margin,0.312879767291531997,2021-07-28,quarterly_operating_income / quarterly_revenue,2021-12-31:Q2,dab86858-79e7-41c8-8392-c1d5a11d2918,0001652044-21-000047,PASS,DERIVED_METRICS_ENGINE_V1,PASS
GOOGL,quarterly,2021-12-31,2021,Q3,3,operating_margin,0.322967535857980896,2021-10-27,quarterly_operating_income / quarterly_revenue,2021-12-31:Q3,dab86858-79e7-41c8-8392-c1d5a11d2918,0001652044-21-000057,PASS,DERIVED_METRICS_ENGINE_V1,PASS
GOOGL,quarterly,2021-12-31,2021,Q4,4,operating_margin,0.290540989047461002,2022-02-02,quarterly_operating_income / quarterly_revenue,2021-12-31:Q4,dab86858-79e7-41c8-8392-c1d5a11d2918,0001652044-22-000019,PASS,DERIVED_METRICS_ENGINE_V1,PASS
GOOGL,quarterly,2022-12-31,2022,Q1,1,operating_margin,0.295452206260751937,2022-04-27,quarterly_operating_income / quarterly_revenue,2022-12-31:Q1,91692993-b7cb-41f9-9bf1-62fc4bbc33a9,0001652044-22-000029,PASS,DERIVED_METRICS_ENGINE_V1,PASS
GOOGL,quarterly,2022-12-31,2022,Q1,1,revenue_yoy_growth,0.229544057562280797,2022-04-27,current_fq_revenue / same_fq_prior_fy_revenue - 1,2021-12-31:Q1;2022-12-31:Q1,dab86858-79e7-41c8-8392-c1d5a11d2918;91692993-b7cb-41f9-9bf1-62fc4bbc33a9,0001652044-21-000020;0001652044-22-000029,PASS,DERIVED_METRICS_ENGINE_V1,PASS
GOOGL,quarterly,2022-12-31,2022,Q2,2,operating_margin,0.279156202913108990,2022-07-27,quarterly_operating_income / quarterly_revenue,2022-12-31:Q2,91692993-b7cb-41f9-9bf1-62fc4bbc33a9,0001652044-22-000071,PASS,DERIVED_METRICS_ENGINE_V1,PASS
GOOGL,quarterly,2022-12-31,2022,Q2,2,revenue_yoy_growth,0.126131221719457014,2022-07-27,current_fq_revenue / same_fq_prior_fy_revenue - 1,2021-12-31:Q2;2022-12-31:Q2,dab86858-79e7-41c8-8392-c1d5a11d2918;91692993-b7cb-41f9-9bf1-62fc4bbc33a9,0001652044-21-000047;0001652044-22-000071,PASS,DERIVED_METRICS_ENGINE_V1,PASS
GOOGL,quarterly,2022-12-31,2022,Q3,3,operating_margin,0.248002663115845539,2022-10-26,quarterly_operating_income / quarterly_revenue,2022-12-31:Q3,91692993-b7cb-41f9-9bf1-62fc4bbc33a9,0001652044-22-000090,PASS,DERIVED_METRICS_ENGINE_V1,PASS
GOOGL,quarterly,2022-12-31,2022,Q3,3,revenue_yoy_growth,0.061027672840074941,2022-10-26,current_fq_revenue / same_fq_prior_fy_revenue - 1,2021-12-31:Q3;2022-12-31:Q3,dab86858-79e7-41c8-8392-c1d5a11d2918;91692993-b7cb-41f9-9bf1-62fc4bbc33a9,0001652044-21-000057;0001652044-22-000090,PASS,DERIVED_METRICS_ENGINE_V1,PASS
GOOGL,quarterly,2022-12-31,2022,Q4,4,operating_margin,0.238796549547654113,2023-02-03,quarterly_operating_income / quarterly_revenue,2022-12-31:Q4,91692993-b7cb-41f9-9bf1-62fc4bbc33a9,0001652044-23-000016,PASS,DERIVED_METRICS_ENGINE_V1,PASS
GOOGL,quarterly,2022-12-31,2022,Q4,4,revenue_yoy_growth,0.009598406903418520,2023-02-03,current_fq_revenue / same_fq_prior_fy_revenue - 1,2021-12-31:Q4;2022-12-31:Q4,dab86858-79e7-41c8-8392-c1d5a11d2918;91692993-b7cb-41f9-9bf1-62fc4bbc33a9,0001652044-22-000019;0001652044-23-000016,PASS,DERIVED_METRICS_ENGINE_V1,PASS
GOOGL,quarterly,2023-12-31,2023,Q1,1,operating_margin,0.249545044205940935,2023-04-26,quarterly_operating_income / quarterly_revenue,2023-12-31:Q1,3d3741ad-544f-42f8-98ec-99396a441655,0001652044-23-000045,PASS,DERIVED_METRICS_ENGINE_V1,PASS
GOOGL,quarterly,2023-12-31,2023,Q1,1,revenue_yoy_growth,0.026113422828660070,2023-04-26,current_fq_revenue / same_fq_prior_fy_revenue - 1,2022-12-31:Q1;2023-12-31:Q1,91692993-b7cb-41f9-9bf1-62fc4bbc33a9;3d3741ad-544f-42f8-98ec-99396a441655,0001652044-22-000029;0001652044-23-000045,PASS,DERIVED_METRICS_ENGINE_V1,PASS
GOOGL,quarterly,2023-12-31,2023,Q2,2,operating_margin,0.292718889067610316,2023-07-26,quarterly_operating_income / quarterly_revenue,2023-12-31:Q2,3d3741ad-544f-42f8-98ec-99396a441655,0001652044-23-000070,PASS,DERIVED_METRICS_ENGINE_V1,PASS
GOOGL,quarterly,2023-12-31,2023,Q2,2,revenue_yoy_growth,0.070589079428858434,2023-07-26,current_fq_revenue / same_fq_prior_fy_revenue - 1,2022-12-31:Q2;2023-12-31:Q2,91692993-b7cb-41f9-9bf1-62fc4bbc33a9;3d3741ad-544f-42f8-98ec-99396a441655,0001652044-22-000071;0001652044-23-000070,PASS,DERIVED_METRICS_ENGINE_V1,PASS
GOOGL,quarterly,2023-12-31,2023,Q3,3,operating_margin,0.278291369486133024,2023-10-25,quarterly_operating_income / quarterly_revenue,2023-12-31:Q3,3d3741ad-544f-42f8-98ec-99396a441655,0001652044-23-000094,PASS,DERIVED_METRICS_ENGINE_V1,PASS
GOOGL,quarterly,2023-12-31,2023,Q3,3,revenue_yoy_growth,0.110012736641000405,2023-10-25,current_fq_revenue / same_fq_prior_fy_revenue - 1,2022-12-31:Q3;2023-12-31:Q3,91692993-b7cb-41f9-9bf1-62fc4bbc33a9;3d3741ad-544f-42f8-98ec-99396a441655,0001652044-22-000090;0001652044-23-000094,PASS,DERIVED_METRICS_ENGINE_V1,PASS
GOOGL,quarterly,2023-12-31,2023,Q4,4,operating_margin,0.274556830031282586,2024-01-31,quarterly_operating_income / quarterly_revenue,2023-12-31:Q4,3d3741ad-544f-42f8-98ec-99396a441655,0001652044-24-000022,PASS,DERIVED_METRICS_ENGINE_V1,PASS
GOOGL,quarterly,2023-12-31,2023,Q4,4,revenue_yoy_growth,0.134941089837997054,2024-01-31,current_fq_revenue / same_fq_prior_fy_revenue - 1,2022-12-31:Q4;2023-12-31:Q4,91692993-b7cb-41f9-9bf1-62fc4bbc33a9;3d3741ad-544f-42f8-98ec-99396a441655,0001652044-23-000016;0001652044-24-000022,PASS,DERIVED_METRICS_ENGINE_V1,PASS
GOOGL,quarterly,2024-12-31,2024,Q1,1,operating_margin,0.316269136691540744,2024-04-26,quarterly_operating_income / quarterly_revenue,2024-12-31:Q1,7e9e031b-6d52-4658-8d5a-44e153e57992,0001652044-24-000053,PASS,DERIVED_METRICS_ENGINE_V1,PASS
GOOGL,quarterly,2024-12-31,2024,Q1,1,revenue_yoy_growth,0.154068809377104618,2024-04-26,current_fq_revenue / same_fq_prior_fy_revenue - 1,2023-12-31:Q1;2024-12-31:Q1,3d3741ad-544f-42f8-98ec-99396a441655;7e9e031b-6d52-4658-8d5a-44e153e57992,0001652044-23-000045;0001652044-24-000053,PASS,DERIVED_METRICS_ENGINE_V1,PASS
GOOGL,quarterly,2024-12-31,2024,Q2,2,operating_margin,0.323629369143989993,2024-07-24,quarterly_operating_income / quarterly_revenue,2024-12-31:Q2,7e9e031b-6d52-4658-8d5a-44e153e57992,0001652044-24-000079,PASS,DERIVED_METRICS_ENGINE_V1,PASS
GOOGL,quarterly,2024-12-31,2024,Q2,2,revenue_yoy_growth,0.135890836952442228,2024-07-24,current_fq_revenue / same_fq_prior_fy_revenue - 1,2023-12-31:Q2;2024-12-31:Q2,3d3741ad-544f-42f8-98ec-99396a441655;7e9e031b-6d52-4658-8d5a-44e153e57992,0001652044-23-000070;0001652044-24-000079,PASS,DERIVED_METRICS_ENGINE_V1,PASS
GOOGL,quarterly,2024-12-31,2024,Q3,3,operating_margin,0.323118230842434404,2024-10-30,quarterly_operating_income / quarterly_revenue,2024-12-31:Q3,7e9e031b-6d52-4658-8d5a-44e153e57992,0001652044-24-000118,PASS,DERIVED_METRICS_ENGINE_V1,PASS
GOOGL,quarterly,2024-12-31,2024,Q3,3,revenue_yoy_growth,0.150926420924986635,2024-10-30,current_fq_revenue / same_fq_prior_fy_revenue - 1,2023-12-31:Q3;2024-12-31:Q3,3d3741ad-544f-42f8-98ec-99396a441655;7e9e031b-6d52-4658-8d5a-44e153e57992,0001652044-23-000094;0001652044-24-000118,PASS,DERIVED_METRICS_ENGINE_V1,PASS
GOOGL,quarterly,2024-12-31,2024,Q4,4,operating_margin,0.321056505198561196,2025-02-05,quarterly_operating_income / quarterly_revenue,2024-12-31:Q4,7e9e031b-6d52-4658-8d5a-44e153e57992,0001652044-25-000014,PASS,DERIVED_METRICS_ENGINE_V1,PASS
GOOGL,quarterly,2024-12-31,2024,Q4,4,revenue_yoy_growth,0.117703626462750550,2025-02-05,current_fq_revenue / same_fq_prior_fy_revenue - 1,2023-12-31:Q4;2024-12-31:Q4,3d3741ad-544f-42f8-98ec-99396a441655;7e9e031b-6d52-4658-8d5a-44e153e57992,0001652044-24-000022;0001652044-25-000014,PASS,DERIVED_METRICS_ENGINE_V1,PASS
GOOGL,quarterly,2025-12-31,2025,Q1,1,operating_margin,0.339184786222488197,2025-04-25,quarterly_operating_income / quarterly_revenue,2025-12-31:Q1,efe3f96c-3fc1-4c20-979d-dec0c1308aff,0001652044-25-000043,PASS,DERIVED_METRICS_ENGINE_V1,PASS
GOOGL,quarterly,2025-12-31,2025,Q1,1,revenue_yoy_growth,0.120376463576652305,2025-04-25,current_fq_revenue / same_fq_prior_fy_revenue - 1,2024-12-31:Q1;2025-12-31:Q1,7e9e031b-6d52-4658-8d5a-44e153e57992;efe3f96c-3fc1-4c20-979d-dec0c1308aff,0001652044-24-000053;0001652044-25-000043,PASS,DERIVED_METRICS_ENGINE_V1,PASS
GOOGL,quarterly,2025-12-31,2025,Q2,2,operating_margin,0.324293773592732401,2025-07-24,quarterly_operating_income / quarterly_revenue,2025-12-31:Q2,efe3f96c-3fc1-4c20-979d-dec0c1308aff,0001652044-25-000062,PASS,DERIVED_METRICS_ENGINE_V1,PASS
GOOGL,quarterly,2025-12-31,2025,Q2,2,revenue_yoy_growth,0.137900922800972363,2025-07-24,current_fq_revenue / same_fq_prior_fy_revenue - 1,2024-12-31:Q2;2025-12-31:Q2,7e9e031b-6d52-4658-8d5a-44e153e57992;efe3f96c-3fc1-4c20-979d-dec0c1308aff,0001652044-24-000079;0001652044-25-000062,PASS,DERIVED_METRICS_ENGINE_V1,PASS
GOOGL,quarterly,2025-12-31,2025,Q3,3,operating_margin,0.305121841596154222,2025-10-30,quarterly_operating_income / quarterly_revenue,2025-12-31:Q3,efe3f96c-3fc1-4c20-979d-dec0c1308aff,0001652044-25-000091,PASS,DERIVED_METRICS_ENGINE_V1,PASS
GOOGL,quarterly,2025-12-31,2025,Q3,3,revenue_yoy_growth,0.159491548466035256,2025-10-30,current_fq_revenue / same_fq_prior_fy_revenue - 1,2024-12-31:Q3;2025-12-31:Q3,7e9e031b-6d52-4658-8d5a-44e153e57992;efe3f96c-3fc1-4c20-979d-dec0c1308aff,0001652044-24-000118;0001652044-25-000091,PASS,DERIVED_METRICS_ENGINE_V1,PASS
GOOGL,quarterly,2025-12-31,2025,Q4,4,operating_margin,0.315684052394381045,2026-02-05,quarterly_operating_income / quarterly_revenue,2025-12-31:Q4,efe3f96c-3fc1-4c20-979d-dec0c1308aff,0001652044-26-000018,PASS,DERIVED_METRICS_ENGINE_V1,PASS
GOOGL,quarterly,2025-12-31,2025,Q4,4,revenue_yoy_growth,0.179954182172511377,2026-02-05,current_fq_revenue / same_fq_prior_fy_revenue - 1,2024-12-31:Q4;2025-12-31:Q4,7e9e031b-6d52-4658-8d5a-44e153e57992;efe3f96c-3fc1-4c20-979d-dec0c1308aff,0001652044-25-000014;0001652044-26-000018,PASS,DERIVED_METRICS_ENGINE_V1,PASS
META,annual,2020-12-31,2020,,0,operating_margin,0.380050020357122085,2021-01-28,operating_income / revenue,2020-12-31,0001326801-21-000014::v14 (scripts/60_xbrl_metric_engine.py),0001326801-21-000014,PASS,DERIVED_METRICS_ENGINE_V1,PASS
META,annual,2021-12-31,2021,,0,operating_margin,0.396450406600581706,2022-02-03,operating_income / revenue,2021-12-31,0001326801-22-000018::v14 (scripts/60_xbrl_metric_engine.py),0001326801-22-000018,PASS,DERIVED_METRICS_ENGINE_V1,PASS
META,annual,2021-12-31,2021,,0,revenue_yoy_growth,0.371825743034956087,2022-02-03,current_fy_revenue / prior_fy_revenue - 1,2020-12-31;2021-12-31,0001326801-21-000014::v14 (scripts/60_xbrl_metric_engine.py);0001326801-22-000018::v14 (scripts/60_xbrl_metric_engine.py),0001326801-21-000014;0001326801-22-000018,PASS,DERIVED_METRICS_ENGINE_V1,PASS
META,annual,2022-12-31,2022,,0,operating_margin,0.248214117263676046,2023-02-02,operating_income / revenue,2022-12-31,0001326801-23-000013::v14 (scripts/60_xbrl_metric_engine.py),0001326801-23-000013,PASS,DERIVED_METRICS_ENGINE_V1,PASS
META,annual,2022-12-31,2022,,0,revenue_yoy_growth,-0.011193175554782963,2023-02-02,current_fy_revenue / prior_fy_revenue - 1,2021-12-31;2022-12-31,0001326801-22-000018::v14 (scripts/60_xbrl_metric_engine.py);0001326801-23-000013::v14 (scripts/60_xbrl_metric_engine.py),0001326801-22-000018;0001326801-23-000013,PASS,DERIVED_METRICS_ENGINE_V1,PASS
META,annual,2023-12-31,2023,,0,operating_margin,0.346555277164163615,2024-02-02,operating_income / revenue,2023-12-31,0001326801-24-000012::v14 (scripts/60_xbrl_metric_engine.py),0001326801-24-000012,PASS,DERIVED_METRICS_ENGINE_V1,PASS
META,annual,2023-12-31,2023,,0,revenue_yoy_growth,0.156874683772264576,2024-02-02,current_fy_revenue / prior_fy_revenue - 1,2022-12-31;2023-12-31,0001326801-23-000013::v14 (scripts/60_xbrl_metric_engine.py);0001326801-24-000012::v14 (scripts/60_xbrl_metric_engine.py),0001326801-23-000013;0001326801-24-000012,PASS,DERIVED_METRICS_ENGINE_V1,PASS
META,annual,2024-12-31,2024,,0,operating_margin,0.421760354040400970,2025-01-30,operating_income / revenue,2024-12-31,0001326801-25-000017::v14 (scripts/60_xbrl_metric_engine.py),0001326801-25-000017,PASS,DERIVED_METRICS_ENGINE_V1,PASS
META,annual,2024-12-31,2024,,0,revenue_yoy_growth,0.219411128078160442,2025-01-30,current_fy_revenue / prior_fy_revenue - 1,2023-12-31;2024-12-31,0001326801-24-000012::v14 (scripts/60_xbrl_metric_engine.py);0001326801-25-000017::v14 (scripts/60_xbrl_metric_engine.py),0001326801-24-000012;0001326801-25-000017,PASS,DERIVED_METRICS_ENGINE_V1,PASS
META,quarterly,2020-12-31,2020,Q1,1,operating_margin,0.332243333145402266,2020-04-30,quarterly_operating_income / quarterly_revenue,2020-12-31:Q1,8faf2f78-d1f1-4ce0-a85c-d7fd5fce27cb,0001326801-20-000048,PASS,DERIVED_METRICS_ENGINE_V1,PASS
META,quarterly,2020-12-31,2020,Q2,2,operating_margin,0.319098838764916787,2020-07-31,quarterly_operating_income / quarterly_revenue,2020-12-31:Q2,8faf2f78-d1f1-4ce0-a85c-d7fd5fce27cb,0001326801-20-000076,PASS,DERIVED_METRICS_ENGINE_V1,PASS
META,quarterly,2020-12-31,2020,Q3,3,operating_margin,0.374476013041453190,2020-10-30,quarterly_operating_income / quarterly_revenue,2020-12-31:Q3,8faf2f78-d1f1-4ce0-a85c-d7fd5fce27cb,0001326801-20-000084,PASS,DERIVED_METRICS_ENGINE_V1,PASS
META,quarterly,2020-12-31,2020,Q4,4,operating_margin,0.455079794813337133,2021-01-28,quarterly_operating_income / quarterly_revenue,2020-12-31:Q4,8faf2f78-d1f1-4ce0-a85c-d7fd5fce27cb,0001326801-21-000014,PASS,DERIVED_METRICS_ENGINE_V1,PASS
META,quarterly,2021-12-31,2021,Q1,1,operating_margin,0.434756027664208475,2021-04-29,quarterly_operating_income / quarterly_revenue,2021-12-31:Q1,99d6462b-a53a-42cc-9bc3-fe60202d1ed5,0001326801-21-000033,PASS,DERIVED_METRICS_ENGINE_V1,PASS
META,quarterly,2021-12-31,2021,Q1,1,revenue_yoy_growth,0.475503185431583695,2021-04-29,current_fq_revenue / same_fq_prior_fy_revenue - 1,2020-12-31:Q1;2021-12-31:Q1,8faf2f78-d1f1-4ce0-a85c-d7fd5fce27cb;99d6462b-a53a-42cc-9bc3-fe60202d1ed5,0001326801-20-000048;0001326801-21-000033,PASS,DERIVED_METRICS_ENGINE_V1,PASS
META,quarterly,2021-12-31,2021,Q2,2,operating_margin,0.425318980637617361,2021-07-29,quarterly_operating_income / quarterly_revenue,2021-12-31:Q2,99d6462b-a53a-42cc-9bc3-fe60202d1ed5,0001326801-21-000049,PASS,DERIVED_METRICS_ENGINE_V1,PASS
META,quarterly,2021-12-31,2021,Q2,2,revenue_yoy_growth,0.556001498367849307,2021-07-29,current_fq_revenue / same_fq_prior_fy_revenue - 1,2020-12-31:Q2;2021-12-31:Q2,8faf2f78-d1f1-4ce0-a85c-d7fd5fce27cb;99d6462b-a53a-42cc-9bc3-fe60202d1ed5,0001326801-20-000076;0001326801-21-000049,PASS,DERIVED_METRICS_ENGINE_V1,PASS
META,quarterly,2021-12-31,2021,Q3,3,operating_margin,0.359289900034470872,2021-10-26,quarterly_operating_income / quarterly_revenue,2021-12-31:Q3,99d6462b-a53a-42cc-9bc3-fe60202d1ed5,0001326801-21-000065,PASS,DERIVED_METRICS_ENGINE_V1,PASS
META,quarterly,2021-12-31,2021,Q3,3,revenue_yoy_growth,0.351187703772706102,2021-10-26,current_fq_revenue / same_fq_prior_fy_revenue - 1,2020-12-31:Q3;2021-12-31:Q3,8faf2f78-d1f1-4ce0-a85c-d7fd5fce27cb;99d6462b-a53a-42cc-9bc3-fe60202d1ed5,0001326801-20-000084;0001326801-21-000065,PASS,DERIVED_METRICS_ENGINE_V1,PASS
META,quarterly,2021-12-31,2021,Q4,4,operating_margin,0.373763772979715482,2022-02-03,quarterly_operating_income / quarterly_revenue,2021-12-31:Q4,99d6462b-a53a-42cc-9bc3-fe60202d1ed5,0001326801-22-000018,PASS,DERIVED_METRICS_ENGINE_V1,PASS
META,quarterly,2021-12-31,2021,Q4,4,revenue_yoy_growth,0.199451410658307210,2022-02-03,current_fq_revenue / same_fq_prior_fy_revenue - 1,2020-12-31:Q4;2021-12-31:Q4,8faf2f78-d1f1-4ce0-a85c-d7fd5fce27cb;99d6462b-a53a-42cc-9bc3-fe60202d1ed5,0001326801-21-000014;0001326801-22-000018,PASS,DERIVED_METRICS_ENGINE_V1,PASS
META,quarterly,2022-12-31,2022,Q1,1,operating_margin,0.305432134155080980,2022-04-28,quarterly_operating_income / quarterly_revenue,2022-12-31:Q1,0b853594-eb95-423f-a836-48e1ddd2cb09,0001326801-22-000057,PASS,DERIVED_METRICS_ENGINE_V1,PASS
META,quarterly,2022-12-31,2022,Q1,1,revenue_yoy_growth,0.066371174200450881,2022-04-28,current_fq_revenue / same_fq_prior_fy_revenue - 1,2021-12-31:Q1;2022-12-31:Q1,99d6462b-a53a-42cc-9bc3-fe60202d1ed5;0b853594-eb95-423f-a836-48e1ddd2cb09,0001326801-21-000033;0001326801-22-000057,PASS,DERIVED_METRICS_ENGINE_V1,PASS
META,quarterly,2022-12-31,2022,Q2,2,operating_margin,0.289986815626951634,2022-07-28,quarterly_operating_income / quarterly_revenue,2022-12-31:Q2,0b853594-eb95-423f-a836-48e1ddd2cb09,0001326801-22-000082,PASS,DERIVED_METRICS_ENGINE_V1,PASS
META,quarterly,2022-12-31,2022,Q2,2,revenue_yoy_growth,-0.008769818069264367,2022-07-28,current_fq_revenue / same_fq_prior_fy_revenue - 1,2021-12-31:Q2;2022-12-31:Q2,99d6462b-a53a-42cc-9bc3-fe60202d1ed5;0b853594-eb95-423f-a836-48e1ddd2cb09,0001326801-21-000049;0001326801-22-000082,PASS,DERIVED_METRICS_ENGINE_V1,PASS
META,quarterly,2022-12-31,2022,Q3,3,operating_margin,0.204373240961247023,2022-10-27,quarterly_operating_income / quarterly_revenue,2022-12-31:Q3,0b853594-eb95-423f-a836-48e1ddd2cb09,0001326801-22-000108,PASS,DERIVED_METRICS_ENGINE_V1,PASS
META,quarterly,2022-12-31,2022,Q3,3,revenue_yoy_growth,-0.044674250258531541,2022-10-27,current_fq_revenue / same_fq_prior_fy_revenue - 1,2021-12-31:Q3;2022-12-31:Q3,99d6462b-a53a-42cc-9bc3-fe60202d1ed5;0b853594-eb95-423f-a836-48e1ddd2cb09,0001326801-21-000065;0001326801-22-000108,PASS,DERIVED_METRICS_ENGINE_V1,PASS
META,quarterly,2022-12-31,2022,Q4,4,operating_margin,0.198942950411938442,2023-02-02,quarterly_operating_income / quarterly_revenue,2022-12-31:Q4,0b853594-eb95-423f-a836-48e1ddd2cb09,0001326801-23-000013,PASS,DERIVED_METRICS_ENGINE_V1,PASS
META,quarterly,2022-12-31,2022,Q4,4,revenue_yoy_growth,-0.044726916337501114,2023-02-02,current_fq_revenue / same_fq_prior_fy_revenue - 1,2021-12-31:Q4;2022-12-31:Q4,99d6462b-a53a-42cc-9bc3-fe60202d1ed5;0b853594-eb95-423f-a836-48e1ddd2cb09,0001326801-22-000018;0001326801-23-000013,PASS,DERIVED_METRICS_ENGINE_V1,PASS
META,quarterly,2023-12-31,2023,Q1,1,operating_margin,0.252295339500785477,2023-04-27,quarterly_operating_income / quarterly_revenue,2023-12-31:Q1,89acb229-62cb-4b4b-b4b8-477275ed0424,0001326801-23-000067,PASS,DERIVED_METRICS_ENGINE_V1,PASS
META,quarterly,2023-12-31,2023,Q1,1,revenue_yoy_growth,0.026408198366059911,2023-04-27,current_fq_revenue / same_fq_prior_fy_revenue - 1,2022-12-31:Q1;2023-12-31:Q1,0b853594-eb95-423f-a836-48e1ddd2cb09;89acb229-62cb-4b4b-b4b8-477275ed0424,0001326801-22-000057;0001326801-23-000067,PASS,DERIVED_METRICS_ENGINE_V1,PASS
META,quarterly,2023-12-31,2023,Q2,2,operating_margin,0.293509172161630051,2023-07-27,quarterly_operating_income / quarterly_revenue,2023-12-31:Q2,89acb229-62cb-4b4b-b4b8-477275ed0424,0001326801-23-000093,PASS,DERIVED_METRICS_ENGINE_V1,PASS
META,quarterly,2023-12-31,2023,Q2,2,revenue_yoy_growth,0.110228297828048019,2023-07-27,current_fq_revenue / same_fq_prior_fy_revenue - 1,2022-12-31:Q2;2023-12-31:Q2,0b853594-eb95-423f-a836-48e1ddd2cb09;89acb229-62cb-4b4b-b4b8-477275ed0424,0001326801-22-000082;0001326801-23-000093,PASS,DERIVED_METRICS_ENGINE_V1,PASS
META,quarterly,2023-12-31,2023,Q3,3,operating_margin,0.402624026240262403,2023-10-26,quarterly_operating_income / quarterly_revenue,2023-12-31:Q3,89acb229-62cb-4b4b-b4b8-477275ed0424,0001326801-23-000103,PASS,DERIVED_METRICS_ENGINE_V1,PASS
META,quarterly,2023-12-31,2023,Q3,3,revenue_yoy_growth,0.232084866854297467,2023-10-26,current_fq_revenue / same_fq_prior_fy_revenue - 1,2022-12-31:Q3;2023-12-31:Q3,0b853594-eb95-423f-a836-48e1ddd2cb09;89acb229-62cb-4b4b-b4b8-477275ed0424,0001326801-22-000108;0001326801-23-000103,PASS,DERIVED_METRICS_ENGINE_V1,PASS
META,quarterly,2023-12-31,2023,Q4,4,operating_margin,0.408466505447383511,2024-02-02,quarterly_operating_income / quarterly_revenue,2023-12-31:Q4,89acb229-62cb-4b4b-b4b8-477275ed0424,0001326801-24-000012,PASS,DERIVED_METRICS_ENGINE_V1,PASS
META,quarterly,2023-12-31,2023,Q4,4,revenue_yoy_growth,0.247038706668739313,2024-02-02,current_fq_revenue / same_fq_prior_fy_revenue - 1,2022-12-31:Q4;2023-12-31:Q4,0b853594-eb95-423f-a836-48e1ddd2cb09;89acb229-62cb-4b4b-b4b8-477275ed0424,0001326801-23-000013;0001326801-24-000012,PASS,DERIVED_METRICS_ENGINE_V1,PASS
META,quarterly,2024-12-31,2024,Q1,1,operating_margin,0.379042655328487176,2024-04-25,quarterly_operating_income / quarterly_revenue,2024-12-31:Q1,b5bd6200-fa54-4e2e-afc5-12c4a70ff648,0001326801-24-000049,PASS,DERIVED_METRICS_ENGINE_V1,PASS
META,quarterly,2024-12-31,2024,Q1,1,revenue_yoy_growth,0.272647931576191307,2024-04-25,current_fq_revenue / same_fq_prior_fy_revenue - 1,2023-12-31:Q1;2024-12-31:Q1,89acb229-62cb-4b4b-b4b8-477275ed0424;b5bd6200-fa54-4e2e-afc5-12c4a70ff648,0001326801-23-000067;0001326801-24-000049,PASS,DERIVED_METRICS_ENGINE_V1,PASS
META,quarterly,2024-12-31,2024,Q2,2,operating_margin,0.380000511888613038,2024-08-01,quarterly_operating_income / quarterly_revenue,2024-12-31:Q2,b5bd6200-fa54-4e2e-afc5-12c4a70ff648,0001326801-24-000069,PASS,DERIVED_METRICS_ENGINE_V1,PASS
META,quarterly,2024-12-31,2024,Q2,2,revenue_yoy_growth,0.221006906465827057,2024-08-01,current_fq_revenue / same_fq_prior_fy_revenue - 1,2023-12-31:Q2;2024-12-31:Q2,89acb229-62cb-4b4b-b4b8-477275ed0424;b5bd6200-fa54-4e2e-afc5-12c4a70ff648,0001326801-23-000093;0001326801-24-000069,PASS,DERIVED_METRICS_ENGINE_V1,PASS
META,quarterly,2024-12-31,2024,Q3,3,operating_margin,0.427455714602478504,2024-10-31,quarterly_operating_income / quarterly_revenue,2024-12-31:Q3,b5bd6200-fa54-4e2e-afc5-12c4a70ff648,0001326801-24-000081,PASS,DERIVED_METRICS_ENGINE_V1,PASS
META,quarterly,2024-12-31,2024,Q3,3,revenue_yoy_growth,0.188689744040297546,2024-10-31,current_fq_revenue / same_fq_prior_fy_revenue - 1,2023-12-31:Q3;2024-12-31:Q3,89acb229-62cb-4b4b-b4b8-477275ed0424;b5bd6200-fa54-4e2e-afc5-12c4a70ff648,0001326801-23-000103;0001326801-24-000081,PASS,DERIVED_METRICS_ENGINE_V1,PASS
META,quarterly,2024-12-31,2024,Q4,4,operating_margin,0.482876924666735559,2025-01-30,quarterly_operating_income / quarterly_revenue,2024-12-31:Q4,b5bd6200-fa54-4e2e-afc5-12c4a70ff648,0001326801-25-000017,PASS,DERIVED_METRICS_ENGINE_V1,PASS
META,quarterly,2024-12-31,2024,Q4,4,revenue_yoy_growth,0.206277579716287303,2025-01-30,current_fq_revenue / same_fq_prior_fy_revenue - 1,2023-12-31:Q4;2024-12-31:Q4,89acb229-62cb-4b4b-b4b8-477275ed0424;b5bd6200-fa54-4e2e-afc5-12c4a70ff648,0001326801-24-000012;0001326801-25-000017,PASS,DERIVED_METRICS_ENGINE_V1,PASS
MSFT,annual,2020-06-30,2020,,0,operating_margin,0.370303814285214838,2020-07-30,operating_income / revenue,2020-06-30,0001564590-20-034944::v14 (scripts/60_xbrl_metric_engine.py),0001564590-20-034944,PASS,DERIVED_METRICS_ENGINE_V1,PASS
MSFT,annual,2021-06-30,2021,,0,operating_margin,0.415948788729713007,2021-07-29,operating_income / revenue,2021-06-30,0001564590-21-039151::v14 (scripts/60_xbrl_metric_engine.py),0001564590-21-039151,PASS,DERIVED_METRICS_ENGINE_V1,PASS
MSFT,annual,2021-06-30,2021,,0,revenue_yoy_growth,0.175317274411774989,2021-07-29,current_fy_revenue / prior_fy_revenue - 1,2020-06-30;2021-06-30,0001564590-20-034944::v14 (scripts/60_xbrl_metric_engine.py);0001564590-21-039151::v14 (scripts/60_xbrl_metric_engine.py),0001564590-20-034944;0001564590-21-039151,PASS,DERIVED_METRICS_ENGINE_V1,PASS
MSFT,annual,2022-06-30,2022,,0,operating_margin,0.420552781560498310,2022-07-28,operating_income / revenue,2022-06-30,0001564590-22-026876::v14 (scripts/60_xbrl_metric_engine.py),0001564590-22-026876,PASS,DERIVED_METRICS_ENGINE_V1,PASS
MSFT,annual,2022-06-30,2022,,0,revenue_yoy_growth,0.179560706296701728,2022-07-28,current_fy_revenue / prior_fy_revenue - 1,2021-06-30;2022-06-30,0001564590-21-039151::v14 (scripts/60_xbrl_metric_engine.py);0001564590-22-026876::v14 (scripts/60_xbrl_metric_engine.py),0001564590-21-039151;0001564590-22-026876,PASS,DERIVED_METRICS_ENGINE_V1,PASS
MSFT,annual,2023-06-30,2023,,0,operating_margin,0.417728806361040983,2023-07-27,operating_income / revenue,2023-06-30,0000950170-23-035122::v14 (scripts/60_xbrl_metric_engine.py),0000950170-23-035122,PASS,DERIVED_METRICS_ENGINE_V1,PASS
MSFT,annual,2023-06-30,2023,,0,revenue_yoy_growth,0.068820295556564281,2023-07-27,current_fy_revenue / prior_fy_revenue - 1,2022-06-30;2023-06-30,0001564590-22-026876::v14 (scripts/60_xbrl_metric_engine.py);0000950170-23-035122::v14 (scripts/60_xbrl_metric_engine.py),0001564590-22-026876;0000950170-23-035122,PASS,DERIVED_METRICS_ENGINE_V1,PASS
MSFT,annual,2024-06-30,2024,,0,operating_margin,0.446442995732737168,2024-07-30,operating_income / revenue,2024-06-30,0000950170-24-087843::v14 (scripts/60_xbrl_metric_engine.py),0000950170-24-087843,PASS,DERIVED_METRICS_ENGINE_V1,PASS
MSFT,annual,2024-06-30,2024,,0,revenue_yoy_growth,0.156699620130712786,2024-07-30,current_fy_revenue / prior_fy_revenue - 1,2023-06-30;2024-06-30,0000950170-23-035122::v14 (scripts/60_xbrl_metric_engine.py);0000950170-24-087843::v14 (scripts/60_xbrl_metric_engine.py),0000950170-23-035122;0000950170-24-087843,PASS,DERIVED_METRICS_ENGINE_V1,PASS
MSFT,quarterly,2020-06-30,2020,Q1,1,operating_margin,0.383784601421872637,2019-10-23,quarterly_operating_income / quarterly_revenue,2020-06-30:Q1,35af57f5-567a-4ff6-a17b-8fc466c39d5f,0001564590-19-037549,PASS,DERIVED_METRICS_ENGINE_V1,PASS
MSFT,quarterly,2020-06-30,2020,Q2,2,operating_margin,0.376388663090012464,2020-01-29,quarterly_operating_income / quarterly_revenue,2020-06-30:Q2,35af57f5-567a-4ff6-a17b-8fc466c39d5f,0001564590-20-002450,PASS,DERIVED_METRICS_ENGINE_V1,PASS
MSFT,quarterly,2020-06-30,2020,Q3,3,operating_margin,0.370491990519973730,2020-04-29,quarterly_operating_income / quarterly_revenue,2020-06-30:Q3,35af57f5-567a-4ff6-a17b-8fc466c39d5f,0001564590-20-019706,PASS,DERIVED_METRICS_ENGINE_V1,PASS
MSFT,quarterly,2020-06-30,2020,Q4,4,operating_margin,0.352509662661373018,2020-07-30,quarterly_operating_income / quarterly_revenue,2020-06-30:Q4,35af57f5-567a-4ff6-a17b-8fc466c39d5f,0001564590-20-034944,PASS,DERIVED_METRICS_ENGINE_V1,PASS
MSFT,quarterly,2021-06-30,2021,Q1,1,operating_margin,0.427302578457232061,2020-10-27,quarterly_operating_income / quarterly_revenue,2021-06-30:Q1,986e24f8-d11f-4efa-9fbf-583c31be39b8,0001564590-20-047996,PASS,DERIVED_METRICS_ENGINE_V1,PASS
MSFT,quarterly,2021-06-30,2021,Q1,1,revenue_yoy_growth,0.124005445469671759,2020-10-27,current_fq_revenue / same_fq_prior_fy_revenue - 1,2020-06-30:Q1;2021-06-30:Q1,35af57f5-567a-4ff6-a17b-8fc466c39d5f;986e24f8-d11f-4efa-9fbf-583c31be39b8,0001564590-19-037549;0001564590-20-047996,PASS,DERIVED_METRICS_ENGINE_V1,PASS
MSFT,quarterly,2021-06-30,2021,Q2,2,operating_margin,0.415474974463738509,2021-01-26,quarterly_operating_income / quarterly_revenue,2021-06-30:Q2,986e24f8-d11f-4efa-9fbf-583c31be39b8,0001564590-21-002316,PASS,DERIVED_METRICS_ENGINE_V1,PASS
MSFT,quarterly,2021-06-30,2021,Q2,2,revenue_yoy_growth,0.167181488104915190,2021-01-26,current_fq_revenue / same_fq_prior_fy_revenue - 1,2020-06-30:Q2;2021-06-30:Q2,35af57f5-567a-4ff6-a17b-8fc466c39d5f;986e24f8-d11f-4efa-9fbf-583c31be39b8,0001564590-20-002450;0001564590-21-002316,PASS,DERIVED_METRICS_ENGINE_V1,PASS
MSFT,quarterly,2021-06-30,2021,Q3,3,operating_margin,0.408766124778209370,2021-04-27,quarterly_operating_income / quarterly_revenue,2021-06-30:Q3,986e24f8-d11f-4efa-9fbf-583c31be39b8,0001564590-21-020891,PASS,DERIVED_METRICS_ENGINE_V1,PASS
MSFT,quarterly,2021-06-30,2021,Q3,3,revenue_yoy_growth,0.190885468718768739,2021-04-27,current_fq_revenue / same_fq_prior_fy_revenue - 1,2020-06-30:Q3;2021-06-30:Q3,35af57f5-567a-4ff6-a17b-8fc466c39d5f;986e24f8-d11f-4efa-9fbf-583c31be39b8,0001564590-20-019706;0001564590-21-020891,PASS,DERIVED_METRICS_ENGINE_V1,PASS
MSFT,quarterly,2021-06-30,2021,Q4,4,operating_margin,0.413741549661986479,2021-07-29,quarterly_operating_income / quarterly_revenue,2021-06-30:Q4,986e24f8-d11f-4efa-9fbf-583c31be39b8,0001564590-21-039151,PASS,DERIVED_METRICS_ENGINE_V1,PASS
MSFT,quarterly,2021-06-30,2021,Q4,4,revenue_yoy_growth,0.213472510714379618,2021-07-29,current_fq_revenue / same_fq_prior_fy_revenue - 1,2020-06-30:Q4;2021-06-30:Q4,35af57f5-567a-4ff6-a17b-8fc466c39d5f;986e24f8-d11f-4efa-9fbf-583c31be39b8,0001564590-20-034944;0001564590-21-039151,PASS,DERIVED_METRICS_ENGINE_V1,PASS
MSFT,quarterly,2022-06-30,2022,Q1,1,operating_margin,0.446587373391883841,2021-10-26,quarterly_operating_income / quarterly_revenue,2022-06-30:Q1,f098130b-89a8-4206-bc90-5d001e89ab9b,0001564590-21-051992,PASS,DERIVED_METRICS_ENGINE_V1,PASS
MSFT,quarterly,2022-06-30,2022,Q1,1,revenue_yoy_growth,0.219707164773644830,2021-10-26,current_fq_revenue / same_fq_prior_fy_revenue - 1,2021-06-30:Q1;2022-06-30:Q1,986e24f8-d11f-4efa-9fbf-583c31be39b8;f098130b-89a8-4206-bc90-5d001e89ab9b,0001564590-20-047996;0001564590-21-051992,PASS,DERIVED_METRICS_ENGINE_V1,PASS
MSFT,quarterly,2022-06-30,2022,Q2,2,operating_margin,0.430076554283946799,2022-01-25,quarterly_operating_income / quarterly_revenue,2022-06-30:Q2,f098130b-89a8-4206-bc90-5d001e89ab9b,0001564590-22-002324,PASS,DERIVED_METRICS_ENGINE_V1,PASS
MSFT,quarterly,2022-06-30,2022,Q2,2,revenue_yoy_growth,0.200854304020800446,2022-01-25,current_fq_revenue / same_fq_prior_fy_revenue - 1,2021-06-30:Q2;2022-06-30:Q2,986e24f8-d11f-4efa-9fbf-583c31be39b8;f098130b-89a8-4206-bc90-5d001e89ab9b,0001564590-21-002316;0001564590-22-002324,PASS,DERIVED_METRICS_ENGINE_V1,PASS
MSFT,quarterly,2022-06-30,2022,Q3,3,operating_margin,0.412560777957860616,2022-04-26,quarterly_operating_income / quarterly_revenue,2022-06-30:Q3,f098130b-89a8-4206-bc90-5d001e89ab9b,0001564590-22-015675,PASS,DERIVED_METRICS_ENGINE_V1,PASS
MSFT,quarterly,2022-06-30,2022,Q3,3,revenue_yoy_growth,0.183522754519733372,2022-04-26,current_fq_revenue / same_fq_prior_fy_revenue - 1,2021-06-30:Q3;2022-06-30:Q3,986e24f8-d11f-4efa-9fbf-583c31be39b8;f098130b-89a8-4206-bc90-5d001e89ab9b,0001564590-21-020891;0001564590-22-015675,PASS,DERIVED_METRICS_ENGINE_V1,PASS
MSFT,quarterly,2022-06-30,2022,Q4,4,operating_margin,0.395912465053504290,2022-07-28,quarterly_operating_income / quarterly_revenue,2022-06-30:Q4,f098130b-89a8-4206-bc90-5d001e89ab9b,0001564590-22-026876,PASS,DERIVED_METRICS_ENGINE_V1,PASS
MSFT,quarterly,2022-06-30,2022,Q4,4,revenue_yoy_growth,0.123786618131391922,2022-07-28,current_fq_revenue / same_fq_prior_fy_revenue - 1,2021-06-30:Q4;2022-06-30:Q4,986e24f8-d11f-4efa-9fbf-583c31be39b8;f098130b-89a8-4206-bc90-5d001e89ab9b,0001564590-21-039151;0001564590-22-026876,PASS,DERIVED_METRICS_ENGINE_V1,PASS
MSFT,quarterly,2023-06-30,2023,Q1,1,operating_margin,0.429312477554766370,2022-10-25,quarterly_operating_income / quarterly_revenue,2023-06-30:Q1,49990564-6c9c-462a-aeb7-d4c8d95c9744,0001564590-22-035087,PASS,DERIVED_METRICS_ENGINE_V1,PASS
MSFT,quarterly,2023-06-30,2023,Q1,1,revenue_yoy_growth,0.106030849350133504,2022-10-25,current_fq_revenue / same_fq_prior_fy_revenue - 1,2022-06-30:Q1;2023-06-30:Q1,f098130b-89a8-4206-bc90-5d001e89ab9b;49990564-6c9c-462a-aeb7-d4c8d95c9744,0001564590-21-051992;0001564590-22-035087,PASS,DERIVED_METRICS_ENGINE_V1,PASS
MSFT,quarterly,2023-06-30,2023,Q2,2,operating_margin,0.386732894761787400,2023-01-24,quarterly_operating_income / quarterly_revenue,2023-06-30:Q2,49990564-6c9c-462a-aeb7-d4c8d95c9744,0001564590-23-000733,PASS,DERIVED_METRICS_ENGINE_V1,PASS
MSFT,quarterly,2023-06-30,2023,Q2,2,revenue_yoy_growth,0.019699195793380761,2023-01-24,current_fq_revenue / same_fq_prior_fy_revenue - 1,2022-06-30:Q2;2023-06-30:Q2,f098130b-89a8-4206-bc90-5d001e89ab9b;49990564-6c9c-462a-aeb7-d4c8d95c9744,0001564590-22-002324;0001564590-23-000733,PASS,DERIVED_METRICS_ENGINE_V1,PASS
MSFT,quarterly,2023-06-30,2023,Q3,3,operating_margin,0.422876818585996178,2023-04-25,quarterly_operating_income / quarterly_revenue,2023-06-30:Q3,49990564-6c9c-462a-aeb7-d4c8d95c9744,0000950170-23-014423,PASS,DERIVED_METRICS_ENGINE_V1,PASS
MSFT,quarterly,2023-06-30,2023,Q3,3,revenue_yoy_growth,0.070846839546191248,2023-04-25,current_fq_revenue / same_fq_prior_fy_revenue - 1,2022-06-30:Q3;2023-06-30:Q3,f098130b-89a8-4206-bc90-5d001e89ab9b;49990564-6c9c-462a-aeb7-d4c8d95c9744,0001564590-22-015675;0000950170-23-014423,PASS,DERIVED_METRICS_ENGINE_V1,PASS
MSFT,quarterly,2023-06-30,2023,Q4,4,operating_margin,0.431650323016960615,2023-07-27,quarterly_operating_income / quarterly_revenue,2023-06-30:Q4,49990564-6c9c-462a-aeb7-d4c8d95c9744,0000950170-23-035122,PASS,DERIVED_METRICS_ENGINE_V1,PASS
MSFT,quarterly,2023-06-30,2023,Q4,4,revenue_yoy_growth,0.083370288248337029,2023-07-27,current_fq_revenue / same_fq_prior_fy_revenue - 1,2022-06-30:Q4;2023-06-30:Q4,f098130b-89a8-4206-bc90-5d001e89ab9b;49990564-6c9c-462a-aeb7-d4c8d95c9744,0001564590-22-026876;0000950170-23-035122,PASS,DERIVED_METRICS_ENGINE_V1,PASS
MSFT,quarterly,2024-06-30,2024,Q1,1,operating_margin,0.475874515632464568,2023-10-24,quarterly_operating_income / quarterly_revenue,2024-06-30:Q1,e9c306c0-351a-46fe-be93-4e8de1da1b1d,0000950170-23-054855,PASS,DERIVED_METRICS_ENGINE_V1,PASS
MSFT,quarterly,2024-06-30,2024,Q1,1,revenue_yoy_growth,0.127588683611986752,2023-10-24,current_fq_revenue / same_fq_prior_fy_revenue - 1,2023-06-30:Q1;2024-06-30:Q1,49990564-6c9c-462a-aeb7-d4c8d95c9744;e9c306c0-351a-46fe-be93-4e8de1da1b1d,0001564590-22-035087;0000950170-23-054855,PASS,DERIVED_METRICS_ENGINE_V1,PASS
MSFT,quarterly,2024-06-30,2024,Q2,2,operating_margin,0.435859400193485972,2024-01-30,quarterly_operating_income / quarterly_revenue,2024-06-30:Q2,e9c306c0-351a-46fe-be93-4e8de1da1b1d,0000950170-24-008814,PASS,DERIVED_METRICS_ENGINE_V1,PASS
MSFT,quarterly,2024-06-30,2024,Q2,2,revenue_yoy_growth,0.175801467382031206,2024-01-30,current_fq_revenue / same_fq_prior_fy_revenue - 1,2023-06-30:Q2;2024-06-30:Q2,49990564-6c9c-462a-aeb7-d4c8d95c9744;e9c306c0-351a-46fe-be93-4e8de1da1b1d,0001564590-23-000733;0000950170-24-008814,PASS,DERIVED_METRICS_ENGINE_V1,PASS
MSFT,quarterly,2024-06-30,2024,Q3,3,operating_margin,0.445876038669210126,2024-04-25,quarterly_operating_income / quarterly_revenue,2024-06-30:Q3,e9c306c0-351a-46fe-be93-4e8de1da1b1d,0000950170-24-048288,PASS,DERIVED_METRICS_ENGINE_V1,PASS
MSFT,quarterly,2024-06-30,2024,Q3,3,revenue_yoy_growth,0.170289649431484950,2024-04-25,current_fq_revenue / same_fq_prior_fy_revenue - 1,2023-06-30:Q3;2024-06-30:Q3,49990564-6c9c-462a-aeb7-d4c8d95c9744;e9c306c0-351a-46fe-be93-4e8de1da1b1d,0000950170-23-014423;0000950170-24-048288,PASS,DERIVED_METRICS_ENGINE_V1,PASS
MSFT,quarterly,2024-06-30,2024,Q4,4,operating_margin,0.431427379609745547,2024-07-30,quarterly_operating_income / quarterly_revenue,2024-06-30:Q4,e9c306c0-351a-46fe-be93-4e8de1da1b1d,0000950170-24-087843,PASS,DERIVED_METRICS_ENGINE_V1,PASS
MSFT,quarterly,2024-06-30,2024,Q4,4,revenue_yoy_growth,0.151951449571980281,2024-07-30,current_fq_revenue / same_fq_prior_fy_revenue - 1,2023-06-30:Q4;2024-06-30:Q4,49990564-6c9c-462a-aeb7-d4c8d95c9744;e9c306c0-351a-46fe-be93-4e8de1da1b1d,0000950170-23-035122;0000950170-24-087843,PASS,DERIVED_METRICS_ENGINE_V1,PASS
MU,annual,2021-09-02,2021,,0,operating_margin,0.226782169283522830,2021-10-08,operating_income / revenue,2021-09-02,0000723125-21-000065::v15 (scripts/69_xbrl_metric_engine.py),0000723125-21-000065,PASS,DERIVED_METRICS_ENGINE_V1,PASS
MU,annual,2022-09-01,2022,,0,operating_margin,0.315430131998179335,2022-10-07,operating_income / revenue,2022-09-01,0000723125-22-000048::v15 (scripts/69_xbrl_metric_engine.py),0000723125-22-000048,PASS,DERIVED_METRICS_ENGINE_V1,PASS
MU,annual,2022-09-01,2022,,0,revenue_yoy_growth,0.110196715394333153,2022-10-07,current_fy_revenue / prior_fy_revenue - 1,2021-09-02;2022-09-01,0000723125-21-000065::v15 (scripts/69_xbrl_metric_engine.py);0000723125-22-000048::v15 (scripts/69_xbrl_metric_engine.py),0000723125-21-000065;0000723125-22-000048,PASS,DERIVED_METRICS_ENGINE_V1,PASS
MU,annual,2023-08-31,2023,,0,operating_margin,-0.369691119691119691,2023-10-06,operating_income / revenue,2023-08-31,0000723125-23-000054::v14 (scripts/60_xbrl_metric_engine.py),0000723125-23-000054,PASS,DERIVED_METRICS_ENGINE_V1,PASS
MU,annual,2023-08-31,2023,,0,revenue_yoy_growth,-0.494765589440145653,2023-10-06,current_fy_revenue / prior_fy_revenue - 1,2022-09-01;2023-08-31,0000723125-22-000048::v15 (scripts/69_xbrl_metric_engine.py);0000723125-23-000054::v14 (scripts/60_xbrl_metric_engine.py),0000723125-22-000048;0000723125-23-000054,PASS,DERIVED_METRICS_ENGINE_V1,PASS
MU,annual,2024-08-29,2024,,0,operating_margin,0.051929433316076620,2024-10-04,operating_income / revenue,2024-08-29,0000723125-24-000027::v14 (scripts/60_xbrl_metric_engine.py),0000723125-24-000027,PASS,DERIVED_METRICS_ENGINE_V1,PASS
MU,annual,2024-08-29,2024,,0,revenue_yoy_growth,0.615894465894465894,2024-10-04,current_fy_revenue / prior_fy_revenue - 1,2023-08-31;2024-08-29,0000723125-23-000054::v14 (scripts/60_xbrl_metric_engine.py);0000723125-24-000027::v14 (scripts/60_xbrl_metric_engine.py),0000723125-23-000054;0000723125-24-000027,PASS,DERIVED_METRICS_ENGINE_V1,PASS
MU,annual,2025-08-28,2025,,0,operating_margin,0.261383701642677511,2025-10-03,operating_income / revenue,2025-08-28,0000723125-25-000028::v14 (scripts/60_xbrl_metric_engine.py),0000723125-25-000028,PASS,DERIVED_METRICS_ENGINE_V1,PASS
MU,annual,2025-08-28,2025,,0,revenue_yoy_growth,0.488511011110668631,2025-10-03,current_fy_revenue / prior_fy_revenue - 1,2024-08-29;2025-08-28,0000723125-24-000027::v14 (scripts/60_xbrl_metric_engine.py);0000723125-25-000028::v14 (scripts/60_xbrl_metric_engine.py),0000723125-24-000027;0000723125-25-000028,PASS,DERIVED_METRICS_ENGINE_V1,PASS
MU,quarterly,2021-09-02,2021,Q1,1,operating_margin,0.150008661008141348,2021-01-08,quarterly_operating_income / quarterly_revenue,2021-09-02:Q1,082ec4d1-5617-459c-8c7c-d0fcdb60edda,0000723125-21-000012,PASS,DERIVED_METRICS_ENGINE_V1,PASS
MU,quarterly,2021-09-02,2021,Q2,2,operating_margin,0.106318152661962797,2021-04-01,quarterly_operating_income / quarterly_revenue,2021-09-02:Q2,082ec4d1-5617-459c-8c7c-d0fcdb60edda,0000723125-21-000032,PASS,DERIVED_METRICS_ENGINE_V1,PASS
MU,quarterly,2021-09-02,2021,Q3,3,operating_margin,0.242387496631635678,2021-07-01,quarterly_operating_income / quarterly_revenue,2021-09-02:Q3,082ec4d1-5617-459c-8c7c-d0fcdb60edda,0000723125-21-000052,PASS,DERIVED_METRICS_ENGINE_V1,PASS
MU,quarterly,2021-09-02,2021,Q4,4,operating_margin,0.357142857142857143,2021-10-08,quarterly_operating_income / quarterly_revenue,2021-09-02:Q4,082ec4d1-5617-459c-8c7c-d0fcdb60edda,0000723125-21-000065,PASS,DERIVED_METRICS_ENGINE_V1,PASS
MU,quarterly,2022-09-01,2022,Q1,1,operating_margin,0.342266163652920515,2022-01-06,quarterly_operating_income / quarterly_revenue,2022-09-01:Q1,e0fc2c1b-6211-4057-aae0-c3f740d1dccc,0000723125-22-000004,PASS,DERIVED_METRICS_ENGINE_V1,PASS
MU,quarterly,2022-09-01,2022,Q1,1,revenue_yoy_growth,0.331543391650788152,2022-01-06,current_fq_revenue / same_fq_prior_fy_revenue - 1,2021-09-02:Q1;2022-09-01:Q1,082ec4d1-5617-459c-8c7c-d0fcdb60edda;e0fc2c1b-6211-4057-aae0-c3f740d1dccc,0000723125-21-000012;0000723125-22-000004,PASS,DERIVED_METRICS_ENGINE_V1,PASS
MU,quarterly,2022-09-01,2022,Q2,2,operating_margin,0.326997174415617775,2022-03-30,quarterly_operating_income / quarterly_revenue,2022-09-01:Q2,e0fc2c1b-6211-4057-aae0-c3f740d1dccc,0000723125-22-000016,PASS,DERIVED_METRICS_ENGINE_V1,PASS
MU,quarterly,2022-09-01,2022,Q2,2,revenue_yoy_growth,0.248556767158434894,2022-03-30,current_fq_revenue / same_fq_prior_fy_revenue - 1,2021-09-02:Q2;2022-09-01:Q2,082ec4d1-5617-459c-8c7c-d0fcdb60edda;e0fc2c1b-6211-4057-aae0-c3f740d1dccc,0000723125-21-000032;0000723125-22-000016,PASS,DERIVED_METRICS_ENGINE_V1,PASS
MU,quarterly,2022-09-01,2022,Q3,3,operating_margin,0.347604721129368202,2022-07-01,quarterly_operating_income / quarterly_revenue,2022-09-01:Q3,e0fc2c1b-6211-4057-aae0-c3f740d1dccc,0000723125-22-000036,PASS,DERIVED_METRICS_ENGINE_V1,PASS
MU,quarterly,2022-09-01,2022,Q3,3,revenue_yoy_growth,0.164376178927512800,2022-07-01,current_fq_revenue / same_fq_prior_fy_revenue - 1,2021-09-02:Q3;2022-09-01:Q3,082ec4d1-5617-459c-8c7c-d0fcdb60edda;e0fc2c1b-6211-4057-aae0-c3f740d1dccc,0000723125-21-000052;0000723125-22-000036,PASS,DERIVED_METRICS_ENGINE_V1,PASS
MU,quarterly,2022-09-01,2022,Q4,4,operating_margin,0.228962818003913894,2022-10-07,quarterly_operating_income / quarterly_revenue,2022-09-01:Q4,e0fc2c1b-6211-4057-aae0-c3f740d1dccc,0000723125-22-000048,PASS,DERIVED_METRICS_ENGINE_V1,PASS
MU,quarterly,2022-09-01,2022,Q4,4,revenue_yoy_growth,-0.197123519458544839,2022-10-07,current_fq_revenue / same_fq_prior_fy_revenue - 1,2021-09-02:Q4;2022-09-01:Q4,082ec4d1-5617-459c-8c7c-d0fcdb60edda;e0fc2c1b-6211-4057-aae0-c3f740d1dccc,0000723125-21-000065;0000723125-22-000048,PASS,DERIVED_METRICS_ENGINE_V1,PASS
MU,quarterly,2023-08-31,2023,Q1,1,operating_margin,-0.051162790697674419,2022-12-22,quarterly_operating_income / quarterly_revenue,2023-08-31:Q1,8b1f1ab0-8f73-44f8-88e4-531957d0ab12,0000723125-22-000072,PASS,DERIVED_METRICS_ENGINE_V1,PASS
MU,quarterly,2023-08-31,2023,Q1,1,revenue_yoy_growth,-0.468583322492519839,2022-12-22,current_fq_revenue / same_fq_prior_fy_revenue - 1,2022-09-01:Q1;2023-08-31:Q1,e0fc2c1b-6211-4057-aae0-c3f740d1dccc;8b1f1ab0-8f73-44f8-88e4-531957d0ab12,0000723125-22-000004;0000723125-22-000072,PASS,DERIVED_METRICS_ENGINE_V1,PASS
MU,quarterly,2023-08-31,2023,Q2,2,operating_margin,-0.623612239371784457,2023-03-29,quarterly_operating_income / quarterly_revenue,2023-08-31:Q2,8b1f1ab0-8f73-44f8-88e4-531957d0ab12,0000723125-23-000022,PASS,DERIVED_METRICS_ENGINE_V1,PASS
MU,quarterly,2023-08-31,2023,Q2,2,revenue_yoy_growth,-0.525687130747495505,2023-03-29,current_fq_revenue / same_fq_prior_fy_revenue - 1,2022-09-01:Q2;2023-08-31:Q2,e0fc2c1b-6211-4057-aae0-c3f740d1dccc;8b1f1ab0-8f73-44f8-88e4-531957d0ab12,0000723125-22-000016;0000723125-23-000022,PASS,DERIVED_METRICS_ENGINE_V1,PASS
MU,quarterly,2023-08-31,2023,Q3,3,operating_margin,-0.469349680170575693,2023-06-29,quarterly_operating_income / quarterly_revenue,2023-08-31:Q3,8b1f1ab0-8f73-44f8-88e4-531957d0ab12,0000723125-23-000041,PASS,DERIVED_METRICS_ENGINE_V1,PASS
MU,quarterly,2023-08-31,2023,Q3,3,revenue_yoy_growth,-0.565841240453598704,2023-06-29,current_fq_revenue / same_fq_prior_fy_revenue - 1,2022-09-01:Q3;2023-08-31:Q3,e0fc2c1b-6211-4057-aae0-c3f740d1dccc;8b1f1ab0-8f73-44f8-88e4-531957d0ab12,0000723125-22-000036;0000723125-23-000041,PASS,DERIVED_METRICS_ENGINE_V1,PASS
MU,quarterly,2023-08-31,2023,Q4,4,operating_margin,-0.367082294264339152,2023-10-06,quarterly_operating_income / quarterly_revenue,2023-08-31:Q4,8b1f1ab0-8f73-44f8-88e4-531957d0ab12,0000723125-23-000054,PASS,DERIVED_METRICS_ENGINE_V1,PASS
MU,quarterly,2023-08-31,2023,Q4,4,revenue_yoy_growth,-0.396357067589944302,2023-10-06,current_fq_revenue / same_fq_prior_fy_revenue - 1,2022-09-01:Q4;2023-08-31:Q4,e0fc2c1b-6211-4057-aae0-c3f740d1dccc;8b1f1ab0-8f73-44f8-88e4-531957d0ab12,0000723125-22-000048;0000723125-23-000054,PASS,DERIVED_METRICS_ENGINE_V1,PASS
MU,quarterly,2024-08-29,2024,Q1,1,operating_margin,-0.238679644519678375,2023-12-21,quarterly_operating_income / quarterly_revenue,2024-08-29:Q1,ef22e354-4232-4227-9d3e-751473f50b97,0000723125-23-000077,PASS,DERIVED_METRICS_ENGINE_V1,PASS
MU,quarterly,2024-08-29,2024,Q1,1,revenue_yoy_growth,0.156915544675642595,2023-12-21,current_fq_revenue / same_fq_prior_fy_revenue - 1,2023-08-31:Q1;2024-08-29:Q1,8b1f1ab0-8f73-44f8-88e4-531957d0ab12;ef22e354-4232-4227-9d3e-751473f50b97,0000723125-22-000072;0000723125-23-000077,PASS,DERIVED_METRICS_ENGINE_V1,PASS
MU,quarterly,2024-08-29,2024,Q2,2,operating_margin,0.032795329670329670,2024-03-21,quarterly_operating_income / quarterly_revenue,2024-08-29:Q2,ef22e354-4232-4227-9d3e-751473f50b97,0000723125-24-000007,PASS,DERIVED_METRICS_ENGINE_V1,PASS
MU,quarterly,2024-08-29,2024,Q2,2,revenue_yoy_growth,0.577037638776062822,2024-03-21,current_fq_revenue / same_fq_prior_fy_revenue - 1,2023-08-31:Q2;2024-08-29:Q2,8b1f1ab0-8f73-44f8-88e4-531957d0ab12;ef22e354-4232-4227-9d3e-751473f50b97,0000723125-23-000022;0000723125-24-000007,PASS,DERIVED_METRICS_ENGINE_V1,PASS
MU,quarterly,2024-08-29,2024,Q3,3,operating_margin,0.105564527969461166,2024-06-27,quarterly_operating_income / quarterly_revenue,2024-08-29:Q3,ef22e354-4232-4227-9d3e-751473f50b97,0000723125-24-000019,PASS,DERIVED_METRICS_ENGINE_V1,PASS
MU,quarterly,2024-08-29,2024,Q3,3,revenue_yoy_growth,0.815298507462686567,2024-06-27,current_fq_revenue / same_fq_prior_fy_revenue - 1,2023-08-31:Q3;2024-08-29:Q3,8b1f1ab0-8f73-44f8-88e4-531957d0ab12;ef22e354-4232-4227-9d3e-751473f50b97,0000723125-23-000041;0000723125-24-000019,PASS,DERIVED_METRICS_ENGINE_V1,PASS
MU,quarterly,2024-08-29,2024,Q4,4,operating_margin,0.196387096774193548,2024-10-04,quarterly_operating_income / quarterly_revenue,2024-08-29:Q4,ef22e354-4232-4227-9d3e-751473f50b97,0000723125-24-000027,PASS,DERIVED_METRICS_ENGINE_V1,PASS
MU,quarterly,2024-08-29,2024,Q4,4,revenue_yoy_growth,0.932668329177057357,2024-10-04,current_fq_revenue / same_fq_prior_fy_revenue - 1,2023-08-31:Q4;2024-08-29:Q4,8b1f1ab0-8f73-44f8-88e4-531957d0ab12;ef22e354-4232-4227-9d3e-751473f50b97,0000723125-23-000054;0000723125-24-000027,PASS,DERIVED_METRICS_ENGINE_V1,PASS
MU,quarterly,2025-08-28,2025,Q1,1,operating_margin,0.249626822826960615,2024-12-19,quarterly_operating_income / quarterly_revenue,2025-08-28:Q1,e6fc4bcc-a5de-4643-bd15-5b9c9f606836,0000723125-24-000047,PASS,DERIVED_METRICS_ENGINE_V1,PASS
MU,quarterly,2025-08-28,2025,Q1,1,revenue_yoy_growth,0.842784595852729581,2024-12-19,current_fq_revenue / same_fq_prior_fy_revenue - 1,2024-08-29:Q1;2025-08-28:Q1,ef22e354-4232-4227-9d3e-751473f50b97;e6fc4bcc-a5de-4643-bd15-5b9c9f606836,0000723125-23-000077;0000723125-24-000047,PASS,DERIVED_METRICS_ENGINE_V1,PASS
MU,quarterly,2025-08-28,2025,Q2,2,operating_margin,0.220166397615795356,2025-03-21,quarterly_operating_income / quarterly_revenue,2025-08-28:Q2,e6fc4bcc-a5de-4643-bd15-5b9c9f606836,0000723125-25-000009,PASS,DERIVED_METRICS_ENGINE_V1,PASS
MU,quarterly,2025-08-28,2025,Q2,2,revenue_yoy_growth,0.382726648351648352,2025-03-21,current_fq_revenue / same_fq_prior_fy_revenue - 1,2024-08-29:Q2;2025-08-28:Q2,ef22e354-4232-4227-9d3e-751473f50b97;e6fc4bcc-a5de-4643-bd15-5b9c9f606836,0000723125-24-000007;0000723125-25-000009,PASS,DERIVED_METRICS_ENGINE_V1,PASS
MU,quarterly,2025-08-28,2025,Q3,3,operating_margin,0.233200731104182346,2025-06-26,quarterly_operating_income / quarterly_revenue,2025-08-28:Q3,e6fc4bcc-a5de-4643-bd15-5b9c9f606836,0000723125-25-000021,PASS,DERIVED_METRICS_ENGINE_V1,PASS
MU,quarterly,2025-08-28,2025,Q3,3,revenue_yoy_growth,0.365585082954044927,2025-06-26,current_fq_revenue / same_fq_prior_fy_revenue - 1,2024-08-29:Q3;2025-08-28:Q3,ef22e354-4232-4227-9d3e-751473f50b97;e6fc4bcc-a5de-4643-bd15-5b9c9f606836,0000723125-24-000019;0000723125-25-000021,PASS,DERIVED_METRICS_ENGINE_V1,PASS
MU,quarterly,2025-08-28,2025,Q4,4,operating_margin,0.322934158197083517,2025-10-03,quarterly_operating_income / quarterly_revenue,2025-08-28:Q4,e6fc4bcc-a5de-4643-bd15-5b9c9f606836,0000723125-25-000028,PASS,DERIVED_METRICS_ENGINE_V1,PASS
MU,quarterly,2025-08-28,2025,Q4,4,revenue_yoy_growth,0.460000000000000000,2025-10-03,current_fq_revenue / same_fq_prior_fy_revenue - 1,2024-08-29:Q4;2025-08-28:Q4,ef22e354-4232-4227-9d3e-751473f50b97;e6fc4bcc-a5de-4643-bd15-5b9c9f606836,0000723125-24-000027;0000723125-25-000028,PASS,DERIVED_METRICS_ENGINE_V1,PASS
NVDA,annual,2020-01-26,2020,,0,operating_margin,0.260670452463821213,2020-02-20,operating_income / revenue,2020-01-26,0001045810-20-000010::v14 (scripts/60_xbrl_metric_engine.py),0001045810-20-000010,PASS,DERIVED_METRICS_ENGINE_V1,PASS
NVDA,annual,2021-01-31,2021,,0,operating_margin,0.271784107946026987,2021-02-26,operating_income / revenue,2021-01-31,0001045810-21-000010::v14 (scripts/60_xbrl_metric_engine.py),0001045810-21-000010,PASS,DERIVED_METRICS_ENGINE_V1,PASS
NVDA,annual,2021-01-31,2021,,0,revenue_yoy_growth,0.527294376259388166,2021-02-26,current_fy_revenue / prior_fy_revenue - 1,2020-01-26;2021-01-31,0001045810-20-000010::v14 (scripts/60_xbrl_metric_engine.py);0001045810-21-000010::v14 (scripts/60_xbrl_metric_engine.py),0001045810-20-000010;0001045810-21-000010,PASS,DERIVED_METRICS_ENGINE_V1,PASS
NVDA,annual,2022-01-30,2022,,0,operating_margin,0.373077208887567809,2022-03-18,operating_income / revenue,2022-01-30,0001045810-22-000036::v14 (scripts/60_xbrl_metric_engine.py),0001045810-22-000036,PASS,DERIVED_METRICS_ENGINE_V1,PASS
NVDA,annual,2022-01-30,2022,,0,revenue_yoy_growth,0.614032983508245877,2022-03-18,current_fy_revenue / prior_fy_revenue - 1,2021-01-31;2022-01-30,0001045810-21-000010::v14 (scripts/60_xbrl_metric_engine.py);0001045810-22-000036::v14 (scripts/60_xbrl_metric_engine.py),0001045810-21-000010;0001045810-22-000036,PASS,DERIVED_METRICS_ENGINE_V1,PASS
NVDA,annual,2023-01-29,2023,,0,operating_margin,0.156595239860606510,2023-02-24,operating_income / revenue,2023-01-29,0001045810-23-000017::v14 (scripts/60_xbrl_metric_engine.py),0001045810-23-000017,PASS,DERIVED_METRICS_ENGINE_V1,PASS
NVDA,annual,2023-01-29,2023,,0,revenue_yoy_growth,0.002229323028906889,2023-02-24,current_fy_revenue / prior_fy_revenue - 1,2022-01-30;2023-01-29,0001045810-22-000036::v14 (scripts/60_xbrl_metric_engine.py);0001045810-23-000017::v14 (scripts/60_xbrl_metric_engine.py),0001045810-22-000036;0001045810-23-000017,PASS,DERIVED_METRICS_ENGINE_V1,PASS
NVDA,annual,2024-01-28,2024,,0,operating_margin,0.541216637667837563,2024-02-21,operating_income / revenue,2024-01-28,0001045810-24-000029::v14 (scripts/60_xbrl_metric_engine.py),0001045810-24-000029,PASS,DERIVED_METRICS_ENGINE_V1,PASS
NVDA,annual,2024-01-28,2024,,0,revenue_yoy_growth,1.258545265811522207,2024-02-21,current_fy_revenue / prior_fy_revenue - 1,2023-01-29;2024-01-28,0001045810-23-000017::v14 (scripts/60_xbrl_metric_engine.py);0001045810-24-000029::v14 (scripts/60_xbrl_metric_engine.py),0001045810-23-000017;0001045810-24-000029,PASS,DERIVED_METRICS_ENGINE_V1,PASS
NVDA,quarterly,2020-01-26,2020,Q1,1,operating_margin,0.161261261261261261,2019-05-16,quarterly_operating_income / quarterly_revenue,2020-01-26:Q1,22c174be-d095-48da-8d68-8388805b9c7d,0001045810-19-000079,PASS,DERIVED_METRICS_ENGINE_V1,PASS
NVDA,quarterly,2020-01-26,2020,Q2,2,operating_margin,0.221403644823575029,2019-08-15,quarterly_operating_income / quarterly_revenue,2020-01-26:Q2,22c174be-d095-48da-8d68-8388805b9c7d,0001045810-19-000144,PASS,DERIVED_METRICS_ENGINE_V1,PASS
NVDA,quarterly,2020-01-26,2020,Q3,3,operating_margin,0.307564698075646981,2019-11-14,quarterly_operating_income / quarterly_revenue,2020-01-26:Q3,22c174be-d095-48da-8d68-8388805b9c7d,0001045810-19-000170,PASS,DERIVED_METRICS_ENGINE_V1,PASS
NVDA,quarterly,2020-01-26,2020,Q4,4,operating_margin,0.318840579710144928,2020-02-20,quarterly_operating_income / quarterly_revenue,2020-01-26:Q4,22c174be-d095-48da-8d68-8388805b9c7d,0001045810-20-000010,PASS,DERIVED_METRICS_ENGINE_V1,PASS
NVDA,quarterly,2021-01-31,2021,Q1,1,operating_margin,0.316883116883116883,2020-05-21,quarterly_operating_income / quarterly_revenue,2021-01-31:Q1,e030d61c-b3f1-4b78-8a01-11d8937a32fa,0001045810-20-000065,PASS,DERIVED_METRICS_ENGINE_V1,PASS
NVDA,quarterly,2021-01-31,2021,Q1,1,revenue_yoy_growth,0.387387387387387387,2020-05-21,current_fq_revenue / same_fq_prior_fy_revenue - 1,2020-01-26:Q1;2021-01-31:Q1,22c174be-d095-48da-8d68-8388805b9c7d;e030d61c-b3f1-4b78-8a01-11d8937a32fa,0001045810-19-000079;0001045810-20-000065,PASS,DERIVED_METRICS_ENGINE_V1,PASS
NVDA,quarterly,2021-01-31,2021,Q2,2,operating_margin,0.168391101914123125,2020-08-19,quarterly_operating_income / quarterly_revenue,2021-01-31:Q2,e030d61c-b3f1-4b78-8a01-11d8937a32fa,0001045810-20-000147,PASS,DERIVED_METRICS_ENGINE_V1,PASS
NVDA,quarterly,2021-01-31,2021,Q2,2,revenue_yoy_growth,0.499030632027917798,2020-08-19,current_fq_revenue / same_fq_prior_fy_revenue - 1,2020-01-26:Q2;2021-01-31:Q2,22c174be-d095-48da-8d68-8388805b9c7d;e030d61c-b3f1-4b78-8a01-11d8937a32fa,0001045810-19-000144;0001045810-20-000147,PASS,DERIVED_METRICS_ENGINE_V1,PASS
NVDA,quarterly,2021-01-31,2021,Q3,3,operating_margin,0.295810410495133305,2020-11-18,quarterly_operating_income / quarterly_revenue,2021-01-31:Q3,e030d61c-b3f1-4b78-8a01-11d8937a32fa,0001045810-20-000189,PASS,DERIVED_METRICS_ENGINE_V1,PASS
NVDA,quarterly,2021-01-31,2021,Q3,3,revenue_yoy_growth,0.568015925680159257,2020-11-18,current_fq_revenue / same_fq_prior_fy_revenue - 1,2020-01-26:Q3;2021-01-31:Q3,22c174be-d095-48da-8d68-8388805b9c7d;e030d61c-b3f1-4b78-8a01-11d8937a32fa,0001045810-19-000170;0001045810-20-000189,PASS,DERIVED_METRICS_ENGINE_V1,PASS
NVDA,quarterly,2021-01-31,2021,Q4,4,operating_margin,0.301219268438936638,2021-02-26,quarterly_operating_income / quarterly_revenue,2021-01-31:Q4,e030d61c-b3f1-4b78-8a01-11d8937a32fa,0001045810-21-000010,PASS,DERIVED_METRICS_ENGINE_V1,PASS
NVDA,quarterly,2021-01-31,2021,Q4,4,revenue_yoy_growth,0.611272141706924316,2021-02-26,current_fq_revenue / same_fq_prior_fy_revenue - 1,2020-01-26:Q4;2021-01-31:Q4,22c174be-d095-48da-8d68-8388805b9c7d;e030d61c-b3f1-4b78-8a01-11d8937a32fa,0001045810-20-000010;0001045810-21-000010,PASS,DERIVED_METRICS_ENGINE_V1,PASS
NVDA,quarterly,2022-01-30,2022,Q1,1,operating_margin,0.345521992580816110,2021-05-26,quarterly_operating_income / quarterly_revenue,2022-01-30:Q1,97f64ee3-f1a5-490e-9201-d38525fa8d0d,0001045810-21-000064,PASS,DERIVED_METRICS_ENGINE_V1,PASS
NVDA,quarterly,2022-01-30,2022,Q1,1,revenue_yoy_growth,0.837987012987012987,2021-05-26,current_fq_revenue / same_fq_prior_fy_revenue - 1,2021-01-31:Q1;2022-01-30:Q1,e030d61c-b3f1-4b78-8a01-11d8937a32fa;97f64ee3-f1a5-490e-9201-d38525fa8d0d,0001045810-20-000065;0001045810-21-000064,PASS,DERIVED_METRICS_ENGINE_V1,PASS
NVDA,quarterly,2022-01-30,2022,Q2,2,operating_margin,0.375595512524973106,2021-08-20,quarterly_operating_income / quarterly_revenue,2022-01-30:Q2,97f64ee3-f1a5-490e-9201-d38525fa8d0d,0001045810-21-000131,PASS,DERIVED_METRICS_ENGINE_V1,PASS
NVDA,quarterly,2022-01-30,2022,Q2,2,revenue_yoy_growth,0.683135023279875841,2021-08-20,current_fq_revenue / same_fq_prior_fy_revenue - 1,2021-01-31:Q2;2022-01-30:Q2,e030d61c-b3f1-4b78-8a01-11d8937a32fa;97f64ee3-f1a5-490e-9201-d38525fa8d0d,0001045810-20-000147;0001045810-21-000131,PASS,DERIVED_METRICS_ENGINE_V1,PASS
NVDA,quarterly,2022-01-30,2022,Q3,3,operating_margin,0.376038293678727298,2021-11-22,quarterly_operating_income / quarterly_revenue,2022-01-30:Q3,97f64ee3-f1a5-490e-9201-d38525fa8d0d,0001045810-21-000163,PASS,DERIVED_METRICS_ENGINE_V1,PASS
NVDA,quarterly,2022-01-30,2022,Q3,3,revenue_yoy_growth,0.502962336013542107,2021-11-22,current_fq_revenue / same_fq_prior_fy_revenue - 1,2021-01-31:Q3;2022-01-30:Q3,e030d61c-b3f1-4b78-8a01-11d8937a32fa;97f64ee3-f1a5-490e-9201-d38525fa8d0d,0001045810-20-000189;0001045810-21-000163,PASS,DERIVED_METRICS_ENGINE_V1,PASS
NVDA,quarterly,2022-01-30,2022,Q4,4,operating_margin,0.388590867460421301,2022-03-18,quarterly_operating_income / quarterly_revenue,2022-01-30:Q4,97f64ee3-f1a5-490e-9201-d38525fa8d0d,0001045810-22-000036,PASS,DERIVED_METRICS_ENGINE_V1,PASS
NVDA,quarterly,2022-01-30,2022,Q4,4,revenue_yoy_growth,0.527683389966020388,2022-03-18,current_fq_revenue / same_fq_prior_fy_revenue - 1,2021-01-31:Q4;2022-01-30:Q4,e030d61c-b3f1-4b78-8a01-11d8937a32fa;97f64ee3-f1a5-490e-9201-d38525fa8d0d,0001045810-21-000010;0001045810-22-000036,PASS,DERIVED_METRICS_ENGINE_V1,PASS
NVDA,quarterly,2023-01-29,2023,Q1,1,operating_margin,0.225386100386100386,2022-05-27,quarterly_operating_income / quarterly_revenue,2023-01-29:Q1,0788c8bd-d7db-46e0-abb3-9a46335d0d95,0001045810-22-000079,PASS,DERIVED_METRICS_ENGINE_V1,PASS
NVDA,quarterly,2023-01-29,2023,Q1,1,revenue_yoy_growth,0.464052287581699346,2022-05-27,current_fq_revenue / same_fq_prior_fy_revenue - 1,2022-01-30:Q1;2023-01-29:Q1,97f64ee3-f1a5-490e-9201-d38525fa8d0d;0788c8bd-d7db-46e0-abb3-9a46335d0d95,0001045810-21-000064;0001045810-22-000079,PASS,DERIVED_METRICS_ENGINE_V1,PASS
NVDA,quarterly,2023-01-29,2023,Q2,2,operating_margin,0.074433174224343675,2022-08-31,quarterly_operating_income / quarterly_revenue,2023-01-29:Q2,0788c8bd-d7db-46e0-abb3-9a46335d0d95,0001045810-22-000147,PASS,DERIVED_METRICS_ENGINE_V1,PASS
NVDA,quarterly,2023-01-29,2023,Q2,2,revenue_yoy_growth,0.030275088366374673,2022-08-31,current_fq_revenue / same_fq_prior_fy_revenue - 1,2022-01-30:Q2;2023-01-29:Q2,97f64ee3-f1a5-490e-9201-d38525fa8d0d;0788c8bd-d7db-46e0-abb3-9a46335d0d95,0001045810-21-000131;0001045810-22-000147,PASS,DERIVED_METRICS_ENGINE_V1,PASS
NVDA,quarterly,2023-01-29,2023,Q3,3,operating_margin,0.101331984488281909,2022-11-18,quarterly_operating_income / quarterly_revenue,2023-01-29:Q3,0788c8bd-d7db-46e0-abb3-9a46335d0d95,0001045810-22-000166,PASS,DERIVED_METRICS_ENGINE_V1,PASS
NVDA,quarterly,2023-01-29,2023,Q3,3,revenue_yoy_growth,-0.165000703927917781,2022-11-18,current_fq_revenue / same_fq_prior_fy_revenue - 1,2022-01-30:Q3;2023-01-29:Q3,97f64ee3-f1a5-490e-9201-d38525fa8d0d;0788c8bd-d7db-46e0-abb3-9a46335d0d95,0001045810-21-000163;0001045810-22-000166,PASS,DERIVED_METRICS_ENGINE_V1,PASS
NVDA,quarterly,2023-01-29,2023,Q4,4,operating_margin,0.207568996860023137,2023-02-24,quarterly_operating_income / quarterly_revenue,2023-01-29:Q4,0788c8bd-d7db-46e0-abb3-9a46335d0d95,0001045810-23-000017,PASS,DERIVED_METRICS_ENGINE_V1,PASS
NVDA,quarterly,2023-01-29,2023,Q4,4,revenue_yoy_growth,-0.208295172052858825,2023-02-24,current_fq_revenue / same_fq_prior_fy_revenue - 1,2022-01-30:Q4;2023-01-29:Q4,97f64ee3-f1a5-490e-9201-d38525fa8d0d;0788c8bd-d7db-46e0-abb3-9a46335d0d95,0001045810-22-000036;0001045810-23-000017,PASS,DERIVED_METRICS_ENGINE_V1,PASS
NVDA,quarterly,2024-01-28,2024,Q1,1,operating_margin,0.297552836484983315,2023-05-26,quarterly_operating_income / quarterly_revenue,2024-01-28:Q1,002d6d52-450a-46ea-97d1-6f5fc39a67d2,0001045810-23-000093,PASS,DERIVED_METRICS_ENGINE_V1,PASS
NVDA,quarterly,2024-01-28,2024,Q1,1,revenue_yoy_growth,-0.132239382239382239,2023-05-26,current_fq_revenue / same_fq_prior_fy_revenue - 1,2023-01-29:Q1;2024-01-28:Q1,0788c8bd-d7db-46e0-abb3-9a46335d0d95;002d6d52-450a-46ea-97d1-6f5fc39a67d2,0001045810-22-000079;0001045810-23-000093,PASS,DERIVED_METRICS_ENGINE_V1,PASS
NVDA,quarterly,2024-01-28,2024,Q2,2,operating_margin,0.503442659361812394,2023-08-28,quarterly_operating_income / quarterly_revenue,2024-01-28:Q2,002d6d52-450a-46ea-97d1-6f5fc39a67d2,0001045810-23-000175,PASS,DERIVED_METRICS_ENGINE_V1,PASS
NVDA,quarterly,2024-01-28,2024,Q2,2,revenue_yoy_growth,1.014767303102625298,2023-08-28,current_fq_revenue / same_fq_prior_fy_revenue - 1,2023-01-29:Q2;2024-01-28:Q2,0788c8bd-d7db-46e0-abb3-9a46335d0d95;002d6d52-450a-46ea-97d1-6f5fc39a67d2,0001045810-22-000147;0001045810-23-000175,PASS,DERIVED_METRICS_ENGINE_V1,PASS
NVDA,quarterly,2024-01-28,2024,Q3,3,operating_margin,0.574889624724061810,2023-11-21,quarterly_operating_income / quarterly_revenue,2024-01-28:Q3,002d6d52-450a-46ea-97d1-6f5fc39a67d2,0001045810-23-000227,PASS,DERIVED_METRICS_ENGINE_V1,PASS
NVDA,quarterly,2024-01-28,2024,Q3,3,revenue_yoy_growth,2.055134041476985331,2023-11-21,current_fq_revenue / same_fq_prior_fy_revenue - 1,2023-01-29:Q3;2024-01-28:Q3,0788c8bd-d7db-46e0-abb3-9a46335d0d95;002d6d52-450a-46ea-97d1-6f5fc39a67d2,0001045810-22-000166;0001045810-23-000227,PASS,DERIVED_METRICS_ENGINE_V1,PASS
NVDA,quarterly,2024-01-28,2024,Q4,4,operating_margin,0.615934488530968647,2024-02-21,quarterly_operating_income / quarterly_revenue,2024-01-28:Q4,002d6d52-450a-46ea-97d1-6f5fc39a67d2,0001045810-24-000029,PASS,DERIVED_METRICS_ENGINE_V1,PASS
NVDA,quarterly,2024-01-28,2024,Q4,4,revenue_yoy_growth,2.652784663691951744,2024-02-21,current_fq_revenue / same_fq_prior_fy_revenue - 1,2023-01-29:Q4;2024-01-28:Q4,0788c8bd-d7db-46e0-abb3-9a46335d0d95;002d6d52-450a-46ea-97d1-6f5fc39a67d2,0001045810-23-000017;0001045810-24-000029,PASS,DERIVED_METRICS_ENGINE_V1,PASS
ORCL,annual,2020-05-31,2020,,0,operating_margin,0.355687519197297021,2020-06-22,operating_income / revenue,2020-05-31,0001564590-20-030125::v14 (scripts/60_xbrl_metric_engine.py),0001564590-20-030125,PASS,DERIVED_METRICS_ENGINE_V1,PASS
ORCL,annual,2021-05-31,2021,,0,operating_margin,0.375824501593418810,2021-06-21,operating_income / revenue,2021-05-31,0001564590-21-033616::v14 (scripts/60_xbrl_metric_engine.py),0001564590-21-033616,PASS,DERIVED_METRICS_ENGINE_V1,PASS
ORCL,annual,2021-05-31,2021,,0,revenue_yoy_growth,0.036116514794716904,2021-06-21,current_fy_revenue / prior_fy_revenue - 1,2020-05-31;2021-05-31,0001564590-20-030125::v14 (scripts/60_xbrl_metric_engine.py);0001564590-21-033616::v14 (scripts/60_xbrl_metric_engine.py),0001564590-20-030125;0001564590-21-033616,PASS,DERIVED_METRICS_ENGINE_V1,PASS
ORCL,annual,2022-05-31,2022,,0,operating_margin,0.257445805843543827,2022-06-21,operating_income / revenue,2022-05-31,0001564590-22-023675::v14 (scripts/60_xbrl_metric_engine.py),0001564590-22-023675,PASS,DERIVED_METRICS_ENGINE_V1,PASS
ORCL,annual,2022-05-31,2022,,0,revenue_yoy_growth,0.048444872650016058,2022-06-21,current_fy_revenue / prior_fy_revenue - 1,2021-05-31;2022-05-31,0001564590-21-033616::v14 (scripts/60_xbrl_metric_engine.py);0001564590-22-023675::v14 (scripts/60_xbrl_metric_engine.py),0001564590-21-033616;0001564590-22-023675,PASS,DERIVED_METRICS_ENGINE_V1,PASS
ORCL,annual,2023-05-31,2023,,0,operating_margin,0.262101133042399007,2023-06-20,operating_income / revenue,2023-05-31,0000950170-23-028914::v14 (scripts/60_xbrl_metric_engine.py),0000950170-23-028914,PASS,DERIVED_METRICS_ENGINE_V1,PASS
ORCL,annual,2023-05-31,2023,,0,revenue_yoy_growth,0.177049952874646560,2023-06-20,current_fy_revenue / prior_fy_revenue - 1,2022-05-31;2023-05-31,0001564590-22-023675::v14 (scripts/60_xbrl_metric_engine.py);0000950170-23-028914::v14 (scripts/60_xbrl_metric_engine.py),0001564590-22-023675;0000950170-23-028914,PASS,DERIVED_METRICS_ENGINE_V1,PASS
ORCL,annual,2024-05-31,2024,,0,operating_margin,0.289892562451615340,2024-06-20,operating_income / revenue,2024-05-31,0000950170-24-075605::v14 (scripts/60_xbrl_metric_engine.py),0000950170-24-075605,PASS,DERIVED_METRICS_ENGINE_V1,PASS
ORCL,annual,2024-05-31,2024,,0,revenue_yoy_growth,0.060195379749369420,2024-06-20,current_fy_revenue / prior_fy_revenue - 1,2023-05-31;2024-05-31,0000950170-23-028914::v14 (scripts/60_xbrl_metric_engine.py);0000950170-24-075605::v14 (scripts/60_xbrl_metric_engine.py),0000950170-23-028914;0000950170-24-075605,PASS,DERIVED_METRICS_ENGINE_V1,PASS
ORCL,quarterly,2020-05-31,2020,Q1,1,operating_margin,0.312106747667606856,2019-09-13,quarterly_operating_income / quarterly_revenue,2020-05-31:Q1,99db7a81-6a3b-45b0-9a14-6e841ee7e3cc,0001564590-19-034717,PASS,DERIVED_METRICS_ENGINE_V1,PASS
ORCL,quarterly,2020-05-31,2020,Q2,2,operating_margin,0.331079675473268151,2019-12-13,quarterly_operating_income / quarterly_revenue,2020-05-31:Q2,99db7a81-6a3b-45b0-9a14-6e841ee7e3cc,0001564590-19-045966,PASS,DERIVED_METRICS_ENGINE_V1,PASS
ORCL,quarterly,2020-05-31,2020,Q3,3,operating_margin,0.360146998775010208,2020-03-13,quarterly_operating_income / quarterly_revenue,2020-05-31:Q3,99db7a81-6a3b-45b0-9a14-6e841ee7e3cc,0001564590-20-010833,PASS,DERIVED_METRICS_ENGINE_V1,PASS
ORCL,quarterly,2020-05-31,2020,Q4,4,operating_margin,0.412683207203755149,2020-06-22,quarterly_operating_income / quarterly_revenue,2020-05-31:Q4,99db7a81-6a3b-45b0-9a14-6e841ee7e3cc,0001564590-20-030125,PASS,DERIVED_METRICS_ENGINE_V1,PASS
ORCL,quarterly,2021-05-31,2021,Q1,1,operating_margin,0.342799188640973631,2020-09-15,quarterly_operating_income / quarterly_revenue,2021-05-31:Q1,ff180ecb-af69-4c64-b88e-45b8b5f2c3ef,0001564590-20-043448,PASS,DERIVED_METRICS_ENGINE_V1,PASS
ORCL,quarterly,2021-05-31,2021,Q1,1,revenue_yoy_growth,0.016164026903883706,2020-09-15,current_fq_revenue / same_fq_prior_fy_revenue - 1,2020-05-31:Q1;2021-05-31:Q1,99db7a81-6a3b-45b0-9a14-6e841ee7e3cc;ff180ecb-af69-4c64-b88e-45b8b5f2c3ef,0001564590-19-034717;0001564590-20-043448,PASS,DERIVED_METRICS_ENGINE_V1,PASS
ORCL,quarterly,2021-05-31,2021,Q2,2,operating_margin,0.365612244897959184,2020-12-11,quarterly_operating_income / quarterly_revenue,2021-05-31:Q2,ff180ecb-af69-4c64-b88e-45b8b5f2c3ef,0001564590-20-056896,PASS,DERIVED_METRICS_ENGINE_V1,PASS
ORCL,quarterly,2021-05-31,2021,Q2,2,revenue_yoy_growth,0.019346785937174953,2020-12-11,current_fq_revenue / same_fq_prior_fy_revenue - 1,2020-05-31:Q2;2021-05-31:Q2,99db7a81-6a3b-45b0-9a14-6e841ee7e3cc;ff180ecb-af69-4c64-b88e-45b8b5f2c3ef,0001564590-19-045966;0001564590-20-056896,PASS,DERIVED_METRICS_ENGINE_V1,PASS
ORCL,quarterly,2021-05-31,2021,Q3,3,operating_margin,0.384531482399603371,2021-03-11,quarterly_operating_income / quarterly_revenue,2021-05-31:Q3,ff180ecb-af69-4c64-b88e-45b8b5f2c3ef,0001564590-21-012539,PASS,DERIVED_METRICS_ENGINE_V1,PASS
ORCL,quarterly,2021-05-31,2021,Q3,3,revenue_yoy_growth,0.029501837484687628,2021-03-11,current_fq_revenue / same_fq_prior_fy_revenue - 1,2020-05-31:Q3;2021-05-31:Q3,99db7a81-6a3b-45b0-9a14-6e841ee7e3cc;ff180ecb-af69-4c64-b88e-45b8b5f2c3ef,0001564590-20-010833;0001564590-21-012539,PASS,DERIVED_METRICS_ENGINE_V1,PASS
ORCL,quarterly,2021-05-31,2021,Q4,4,operating_margin,0.404471363676850450,2021-06-21,quarterly_operating_income / quarterly_revenue,2021-05-31:Q4,ff180ecb-af69-4c64-b88e-45b8b5f2c3ef,0001564590-21-033616,PASS,DERIVED_METRICS_ENGINE_V1,PASS
ORCL,quarterly,2021-05-31,2021,Q4,4,revenue_yoy_growth,0.075486157677938500,2021-06-21,current_fq_revenue / same_fq_prior_fy_revenue - 1,2020-05-31:Q4;2021-05-31:Q4,99db7a81-6a3b-45b0-9a14-6e841ee7e3cc;ff180ecb-af69-4c64-b88e-45b8b5f2c3ef,0001564590-20-030125;0001564590-21-033616,PASS,DERIVED_METRICS_ENGINE_V1,PASS
ORCL,quarterly,2022-05-31,2022,Q1,1,operating_margin,0.352282072368421053,2021-09-13,quarterly_operating_income / quarterly_revenue,2022-05-31:Q1,908c6a1d-847a-473f-b0f4-29af2e348a1b,0001564590-21-047772,PASS,DERIVED_METRICS_ENGINE_V1,PASS
ORCL,quarterly,2022-05-31,2022,Q1,1,revenue_yoy_growth,0.038539553752535497,2021-09-13,current_fq_revenue / same_fq_prior_fy_revenue - 1,2021-05-31:Q1;2022-05-31:Q1,ff180ecb-af69-4c64-b88e-45b8b5f2c3ef;908c6a1d-847a-473f-b0f4-29af2e348a1b,0001564590-20-043448;0001564590-21-047772,PASS,DERIVED_METRICS_ENGINE_V1,PASS
ORCL,quarterly,2022-05-31,2022,Q2,2,operating_margin,-0.079536679536679537,2021-12-10,quarterly_operating_income / quarterly_revenue,2022-05-31:Q2,908c6a1d-847a-473f-b0f4-29af2e348a1b,0001564590-21-060022,PASS,DERIVED_METRICS_ENGINE_V1,PASS
ORCL,quarterly,2022-05-31,2022,Q2,2,revenue_yoy_growth,0.057142857142857143,2021-12-10,current_fq_revenue / same_fq_prior_fy_revenue - 1,2021-05-31:Q2;2022-05-31:Q2,ff180ecb-af69-4c64-b88e-45b8b5f2c3ef;908c6a1d-847a-473f-b0f4-29af2e348a1b,0001564590-20-056896;0001564590-21-060022,PASS,DERIVED_METRICS_ENGINE_V1,PASS
ORCL,quarterly,2022-05-31,2022,Q3,3,operating_margin,0.363549890611623704,2022-03-11,quarterly_operating_income / quarterly_revenue,2022-05-31:Q3,908c6a1d-847a-473f-b0f4-29af2e348a1b,0001564590-22-009859,PASS,DERIVED_METRICS_ENGINE_V1,PASS
ORCL,quarterly,2022-05-31,2022,Q3,3,revenue_yoy_growth,0.042439266236985622,2022-03-11,current_fq_revenue / same_fq_prior_fy_revenue - 1,2021-05-31:Q3;2022-05-31:Q3,ff180ecb-af69-4c64-b88e-45b8b5f2c3ef;908c6a1d-847a-473f-b0f4-29af2e348a1b,0001564590-21-012539;0001564590-22-009859,PASS,DERIVED_METRICS_ENGINE_V1,PASS
ORCL,quarterly,2022-05-31,2022,Q4,4,operating_margin,0.380236486486486486,2022-06-21,quarterly_operating_income / quarterly_revenue,2022-05-31:Q4,908c6a1d-847a-473f-b0f4-29af2e348a1b,0001564590-22-023675,PASS,DERIVED_METRICS_ENGINE_V1,PASS
ORCL,quarterly,2022-05-31,2022,Q4,4,revenue_yoy_growth,0.054600516611739556,2022-06-21,current_fq_revenue / same_fq_prior_fy_revenue - 1,2021-05-31:Q4;2022-05-31:Q4,ff180ecb-af69-4c64-b88e-45b8b5f2c3ef;908c6a1d-847a-473f-b0f4-29af2e348a1b,0001564590-21-033616;0001564590-22-023675,PASS,DERIVED_METRICS_ENGINE_V1,PASS
ORCL,quarterly,2023-05-31,2023,Q1,1,operating_margin,0.229183049366535605,2022-09-13,quarterly_operating_income / quarterly_revenue,2023-05-31:Q1,5e8eec45-4efa-4149-bb45-78c6315492e1,0001564590-22-031545,PASS,DERIVED_METRICS_ENGINE_V1,PASS
ORCL,quarterly,2023-05-31,2023,Q1,1,revenue_yoy_growth,0.176500822368421053,2022-09-13,current_fq_revenue / same_fq_prior_fy_revenue - 1,2022-05-31:Q1;2023-05-31:Q1,908c6a1d-847a-473f-b0f4-29af2e348a1b;5e8eec45-4efa-4149-bb45-78c6315492e1,0001564590-21-047772;0001564590-22-031545,PASS,DERIVED_METRICS_ENGINE_V1,PASS
ORCL,quarterly,2023-05-31,2023,Q2,2,operating_margin,0.250183299389002037,2022-12-13,quarterly_operating_income / quarterly_revenue,2023-05-31:Q2,5e8eec45-4efa-4149-bb45-78c6315492e1,0001564590-22-039278,PASS,DERIVED_METRICS_ENGINE_V1,PASS
ORCL,quarterly,2023-05-31,2023,Q2,2,revenue_yoy_growth,0.184845559845559846,2022-12-13,current_fq_revenue / same_fq_prior_fy_revenue - 1,2022-05-31:Q2;2023-05-31:Q2,908c6a1d-847a-473f-b0f4-29af2e348a1b;5e8eec45-4efa-4149-bb45-78c6315492e1,0001564590-21-060022;0001564590-22-039278,PASS,DERIVED_METRICS_ENGINE_V1,PASS
ORCL,quarterly,2023-05-31,2023,Q3,3,operating_margin,0.262945636392966608,2023-03-10,quarterly_operating_income / quarterly_revenue,2023-05-31:Q3,5e8eec45-4efa-4149-bb45-78c6315492e1,0001564590-23-003413,PASS,DERIVED_METRICS_ENGINE_V1,PASS
ORCL,quarterly,2023-05-31,2023,Q3,3,revenue_yoy_growth,0.179301816798249786,2023-03-10,current_fq_revenue / same_fq_prior_fy_revenue - 1,2022-05-31:Q3;2023-05-31:Q3,908c6a1d-847a-473f-b0f4-29af2e348a1b;5e8eec45-4efa-4149-bb45-78c6315492e1,0001564590-22-009859;0001564590-23-003413,PASS,DERIVED_METRICS_ENGINE_V1,PASS
ORCL,quarterly,2023-05-31,2023,Q4,4,operating_margin,0.299219427580225499,2023-06-20,quarterly_operating_income / quarterly_revenue,2023-05-31:Q4,5e8eec45-4efa-4149-bb45-78c6315492e1,0000950170-23-028914,PASS,DERIVED_METRICS_ENGINE_V1,PASS
ORCL,quarterly,2023-05-31,2023,Q4,4,revenue_yoy_growth,0.168581081081081081,2023-06-20,current_fq_revenue / same_fq_prior_fy_revenue - 1,2022-05-31:Q4;2023-05-31:Q4,908c6a1d-847a-473f-b0f4-29af2e348a1b;5e8eec45-4efa-4149-bb45-78c6315492e1,0001564590-22-023675;0000950170-23-028914,PASS,DERIVED_METRICS_ENGINE_V1,PASS
ORCL,quarterly,2024-05-31,2024,Q1,1,operating_margin,0.264675178671805991,2023-09-12,quarterly_operating_income / quarterly_revenue,2024-05-31:Q1,56e4d43e-9ee3-4e82-8537-92d5b835632b,0000950170-23-047713,PASS,DERIVED_METRICS_ENGINE_V1,PASS
ORCL,quarterly,2024-05-31,2024,Q1,1,revenue_yoy_growth,0.088073394495412844,2023-09-12,current_fq_revenue / same_fq_prior_fy_revenue - 1,2023-05-31:Q1;2024-05-31:Q1,5e8eec45-4efa-4149-bb45-78c6315492e1;56e4d43e-9ee3-4e82-8537-92d5b835632b,0001564590-22-031545;0000950170-23-047713,PASS,DERIVED_METRICS_ENGINE_V1,PASS
ORCL,quarterly,2024-05-31,2024,Q2,2,operating_margin,0.279885634804110965,2023-12-12,quarterly_operating_income / quarterly_revenue,2024-05-31:Q2,56e4d43e-9ee3-4e82-8537-92d5b835632b,0000950170-23-069682,PASS,DERIVED_METRICS_ENGINE_V1,PASS
ORCL,quarterly,2024-05-31,2024,Q2,2,revenue_yoy_growth,0.054256619144602851,2023-12-12,current_fq_revenue / same_fq_prior_fy_revenue - 1,2023-05-31:Q2;2024-05-31:Q2,5e8eec45-4efa-4149-bb45-78c6315492e1;56e4d43e-9ee3-4e82-8537-92d5b835632b,0001564590-22-039278;0000950170-23-069682,PASS,DERIVED_METRICS_ENGINE_V1,PASS
ORCL,quarterly,2024-05-31,2024,Q3,3,operating_margin,0.282379518072289157,2024-03-12,quarterly_operating_income / quarterly_revenue,2024-05-31:Q3,56e4d43e-9ee3-4e82-8537-92d5b835632b,0000950170-24-029904,PASS,DERIVED_METRICS_ENGINE_V1,PASS
ORCL,quarterly,2024-05-31,2024,Q3,3,revenue_yoy_growth,0.071140506533311824,2024-03-12,current_fq_revenue / same_fq_prior_fy_revenue - 1,2023-05-31:Q3;2024-05-31:Q3,5e8eec45-4efa-4149-bb45-78c6315492e1;56e4d43e-9ee3-4e82-8537-92d5b835632b,0001564590-23-003413;0000950170-24-029904,PASS,DERIVED_METRICS_ENGINE_V1,PASS
ORCL,quarterly,2024-05-31,2024,Q4,4,operating_margin,0.327990480856722895,2024-06-20,quarterly_operating_income / quarterly_revenue,2024-05-31:Q4,56e4d43e-9ee3-4e82-8537-92d5b835632b,0000950170-24-075605,PASS,DERIVED_METRICS_ENGINE_V1,PASS
ORCL,quarterly,2024-05-31,2024,Q4,4,revenue_yoy_growth,0.032596126047990749,2024-06-20,current_fq_revenue / same_fq_prior_fy_revenue - 1,2023-05-31:Q4;2024-05-31:Q4,5e8eec45-4efa-4149-bb45-78c6315492e1;56e4d43e-9ee3-4e82-8537-92d5b835632b,0000950170-23-028914;0000950170-24-075605,PASS,DERIVED_METRICS_ENGINE_V1,PASS
PANW,annual,2021-07-31,2021,,0,operating_margin,-0.071450388853645356,2021-09-03,operating_income / revenue,2021-07-31,0001327567-21-000029::v15 (scripts/69_xbrl_metric_engine.py),0001327567-21-000029,PASS,DERIVED_METRICS_ENGINE_V1,PASS
PANW,annual,2022-07-31,2022,,0,operating_margin,-0.034317913296373716,2022-09-06,operating_income / revenue,2022-07-31,0001327567-22-000028::v15 (scripts/69_xbrl_metric_engine.py),0001327567-22-000028,PASS,DERIVED_METRICS_ENGINE_V1,PASS
PANW,annual,2022-07-31,2022,,0,revenue_yoy_growth,0.292615305091515707,2022-09-06,current_fy_revenue / prior_fy_revenue - 1,2021-07-31;2022-07-31,0001327567-21-000029::v15 (scripts/69_xbrl_metric_engine.py);0001327567-22-000028::v15 (scripts/69_xbrl_metric_engine.py),0001327567-21-000029;0001327567-22-000028,PASS,DERIVED_METRICS_ENGINE_V1,PASS
PANW,annual,2023-07-31,2023,,0,operating_margin,0.056189882049124436,2023-09-01,operating_income / revenue,2023-07-31,0001327567-23-000024::v14 (scripts/60_xbrl_metric_engine.py),0001327567-23-000024,PASS,DERIVED_METRICS_ENGINE_V1,PASS
PANW,annual,2023-07-31,2023,,0,revenue_yoy_growth,0.252876488230482596,2023-09-01,current_fy_revenue / prior_fy_revenue - 1,2022-07-31;2023-07-31,0001327567-22-000028::v15 (scripts/69_xbrl_metric_engine.py);0001327567-23-000024::v14 (scripts/60_xbrl_metric_engine.py),0001327567-22-000028;0001327567-23-000024,PASS,DERIVED_METRICS_ENGINE_V1,PASS
PANW,annual,2024-07-31,2024,,0,operating_margin,0.085194643413266895,2024-09-06,operating_income / revenue,2024-07-31,0001327567-24-000029::v14 (scripts/60_xbrl_metric_engine.py),0001327567-24-000029,PASS,DERIVED_METRICS_ENGINE_V1,PASS
PANW,annual,2024-07-31,2024,,0,revenue_yoy_growth,0.164637950295239891,2024-09-06,current_fy_revenue / prior_fy_revenue - 1,2023-07-31;2024-07-31,0001327567-23-000024::v14 (scripts/60_xbrl_metric_engine.py);0001327567-24-000029::v14 (scripts/60_xbrl_metric_engine.py),0001327567-23-000024;0001327567-24-000029,PASS,DERIVED_METRICS_ENGINE_V1,PASS
PANW,annual,2025-07-31,2025,,0,operating_margin,0.134782844439624790,2025-08-29,operating_income / revenue,2025-07-31,0001327567-25-000027::v14 (scripts/60_xbrl_metric_engine.py),0001327567-25-000027,PASS,DERIVED_METRICS_ENGINE_V1,PASS
PANW,annual,2025-07-31,2025,,0,revenue_yoy_growth,0.148738710682030520,2025-08-29,current_fy_revenue / prior_fy_revenue - 1,2024-07-31;2025-07-31,0001327567-24-000029::v14 (scripts/60_xbrl_metric_engine.py);0001327567-25-000027::v14 (scripts/60_xbrl_metric_engine.py),0001327567-24-000029;0001327567-25-000027,PASS,DERIVED_METRICS_ENGINE_V1,PASS
PANW,quarterly,2021-07-31,2021,Q1,1,operating_margin,-0.047040169133192389,2020-11-19,quarterly_operating_income / quarterly_revenue,2021-07-31:Q1,ab9b7e8e-bec0-484a-8638-7ec9249b0a74,0001327567-20-000041,PASS,DERIVED_METRICS_ENGINE_V1,PASS
PANW,quarterly,2021-07-31,2021,Q2,2,operating_margin,-0.087324220670665749,2021-02-23,quarterly_operating_income / quarterly_revenue,2021-07-31:Q2,ab9b7e8e-bec0-484a-8638-7ec9249b0a74,0001327567-21-000004,PASS,DERIVED_METRICS_ENGINE_V1,PASS
PANW,quarterly,2021-07-31,2021,Q3,3,operating_margin,-0.102802868051028960,2021-05-21,quarterly_operating_income / quarterly_revenue,2021-07-31:Q3,ab9b7e8e-bec0-484a-8638-7ec9249b0a74,0001327567-21-000014,PASS,DERIVED_METRICS_ENGINE_V1,PASS
PANW,quarterly,2021-07-31,2021,Q4,4,operating_margin,-0.049536619371770688,2021-09-03,quarterly_operating_income / quarterly_revenue,2021-07-31:Q4,ab9b7e8e-bec0-484a-8638-7ec9249b0a74,0001327567-21-000029,PASS,DERIVED_METRICS_ENGINE_V1,PASS
PANW,quarterly,2022-07-31,2022,Q1,1,operating_margin,-0.066297899631232965,2021-11-19,quarterly_operating_income / quarterly_revenue,2022-07-31:Q1,967a14db-4a5b-427f-9a23-8887c7f65d8c,0001327567-21-000040,PASS,DERIVED_METRICS_ENGINE_V1,PASS
PANW,quarterly,2022-07-31,2022,Q1,1,revenue_yoy_growth,0.318604651162790698,2021-11-19,current_fq_revenue / same_fq_prior_fy_revenue - 1,2021-07-31:Q1;2022-07-31:Q1,ab9b7e8e-bec0-484a-8638-7ec9249b0a74;967a14db-4a5b-427f-9a23-8887c7f65d8c,0001327567-20-000041;0001327567-21-000040,PASS,DERIVED_METRICS_ENGINE_V1,PASS
PANW,quarterly,2022-07-31,2022,Q2,2,operating_margin,-0.056116637557901131,2022-02-23,quarterly_operating_income / quarterly_revenue,2022-07-31:Q2,967a14db-4a5b-427f-9a23-8887c7f65d8c,0001327567-22-000008,PASS,DERIVED_METRICS_ENGINE_V1,PASS
PANW,quarterly,2022-07-31,2022,Q2,2,revenue_yoy_growth,0.295014259022519422,2022-02-23,current_fq_revenue / same_fq_prior_fy_revenue - 1,2021-07-31:Q2;2022-07-31:Q2,ab9b7e8e-bec0-484a-8638-7ec9249b0a74;967a14db-4a5b-427f-9a23-8887c7f65d8c,0001327567-21-000004;0001327567-22-000008,PASS,DERIVED_METRICS_ENGINE_V1,PASS
PANW,quarterly,2022-07-31,2022,Q3,3,operating_margin,-0.034326097930338213,2022-05-20,quarterly_operating_income / quarterly_revenue,2022-07-31:Q3,967a14db-4a5b-427f-9a23-8887c7f65d8c,0001327567-22-000016,PASS,DERIVED_METRICS_ENGINE_V1,PASS
PANW,quarterly,2022-07-31,2022,Q3,3,revenue_yoy_growth,0.291274792811248720,2022-05-20,current_fq_revenue / same_fq_prior_fy_revenue - 1,2021-07-31:Q3;2022-07-31:Q3,ab9b7e8e-bec0-484a-8638-7ec9249b0a74;967a14db-4a5b-427f-9a23-8887c7f65d8c,0001327567-21-000014;0001327567-22-000016,PASS,DERIVED_METRICS_ENGINE_V1,PASS
PANW,quarterly,2022-07-31,2022,Q4,4,operating_margin,0.009932279909706546,2022-09-06,quarterly_operating_income / quarterly_revenue,2022-07-31:Q4,967a14db-4a5b-427f-9a23-8887c7f65d8c,0001327567-22-000028,PASS,DERIVED_METRICS_ENGINE_V1,PASS
PANW,quarterly,2022-07-31,2022,Q4,4,revenue_yoy_growth,0.271631263839908144,2022-09-06,current_fq_revenue / same_fq_prior_fy_revenue - 1,2021-07-31:Q4;2022-07-31:Q4,ab9b7e8e-bec0-484a-8638-7ec9249b0a74;967a14db-4a5b-427f-9a23-8887c7f65d8c,0001327567-21-000029;0001327567-22-000028,PASS,DERIVED_METRICS_ENGINE_V1,PASS
PANW,quarterly,2023-07-31,2023,Q1,1,operating_margin,0.009722399897658948,2022-11-18,quarterly_operating_income / quarterly_revenue,2023-07-31:Q1,48605eff-bf39-4abd-b5ed-0dffea13d13f,0001327567-22-000038,PASS,DERIVED_METRICS_ENGINE_V1,PASS
PANW,quarterly,2023-07-31,2023,Q1,1,revenue_yoy_growth,0.253326919993586660,2022-11-18,current_fq_revenue / same_fq_prior_fy_revenue - 1,2022-07-31:Q1;2023-07-31:Q1,967a14db-4a5b-427f-9a23-8887c7f65d8c;48605eff-bf39-4abd-b5ed-0dffea13d13f,0001327567-21-000040;0001327567-22-000038,PASS,DERIVED_METRICS_ENGINE_V1,PASS
PANW,quarterly,2023-07-31,2023,Q2,2,operating_margin,0.024107304694580388,2023-02-22,quarterly_operating_income / quarterly_revenue,2023-07-31:Q2,48605eff-bf39-4abd-b5ed-0dffea13d13f,0001327567-23-000006,PASS,DERIVED_METRICS_ENGINE_V1,PASS
PANW,quarterly,2023-07-31,2023,Q2,2,revenue_yoy_growth,0.256815247930746450,2023-02-22,current_fq_revenue / same_fq_prior_fy_revenue - 1,2022-07-31:Q2;2023-07-31:Q2,967a14db-4a5b-427f-9a23-8887c7f65d8c;48605eff-bf39-4abd-b5ed-0dffea13d13f,0001327567-22-000008;0001327567-23-000006,PASS,DERIVED_METRICS_ENGINE_V1,PASS
PANW,quarterly,2023-07-31,2023,Q3,3,operating_margin,0.045731884479051659,2023-05-24,quarterly_operating_income / quarterly_revenue,2023-07-31:Q3,48605eff-bf39-4abd-b5ed-0dffea13d13f,0001327567-23-000014,PASS,DERIVED_METRICS_ENGINE_V1,PASS
PANW,quarterly,2023-07-31,2023,Q3,3,revenue_yoy_growth,0.241003822023509050,2023-05-24,current_fq_revenue / same_fq_prior_fy_revenue - 1,2022-07-31:Q3;2023-07-31:Q3,967a14db-4a5b-427f-9a23-8887c7f65d8c;48605eff-bf39-4abd-b5ed-0dffea13d13f,0001327567-22-000016;0001327567-23-000014,PASS,DERIVED_METRICS_ENGINE_V1,PASS
PANW,quarterly,2023-07-31,2023,Q4,4,operating_margin,0.129780371678697589,2023-09-01,quarterly_operating_income / quarterly_revenue,2023-07-31:Q4,48605eff-bf39-4abd-b5ed-0dffea13d13f,0001327567-23-000024,PASS,DERIVED_METRICS_ENGINE_V1,PASS
PANW,quarterly,2023-07-31,2023,Q4,4,revenue_yoy_growth,0.259787165430506288,2023-09-01,current_fq_revenue / same_fq_prior_fy_revenue - 1,2022-07-31:Q4;2023-07-31:Q4,967a14db-4a5b-427f-9a23-8887c7f65d8c;48605eff-bf39-4abd-b5ed-0dffea13d13f,0001327567-22-000028;0001327567-23-000024,PASS,DERIVED_METRICS_ENGINE_V1,PASS
PANW,quarterly,2024-07-31,2024,Q1,1,operating_margin,0.114583887971886481,2023-11-17,quarterly_operating_income / quarterly_revenue,2024-07-31:Q1,e86f80cf-271f-4d10-83c4-ce830f2ea7ba,0001327567-23-000032,PASS,DERIVED_METRICS_ENGINE_V1,PASS
PANW,quarterly,2024-07-31,2024,Q1,1,revenue_yoy_growth,0.201292055775873097,2023-11-17,current_fq_revenue / same_fq_prior_fy_revenue - 1,2023-07-31:Q1;2024-07-31:Q1,48605eff-bf39-4abd-b5ed-0dffea13d13f;e86f80cf-271f-4d10-83c4-ce830f2ea7ba,0001327567-22-000038;0001327567-23-000032,PASS,DERIVED_METRICS_ENGINE_V1,PASS
PANW,quarterly,2024-07-31,2024,Q2,2,operating_margin,0.027137866437142423,2024-02-21,quarterly_operating_income / quarterly_revenue,2024-07-31:Q2,e86f80cf-271f-4d10-83c4-ce830f2ea7ba,0001327567-24-000005,PASS,DERIVED_METRICS_ENGINE_V1,PASS
PANW,quarterly,2024-07-31,2024,Q2,2,revenue_yoy_growth,0.193341792036734940,2024-02-21,current_fq_revenue / same_fq_prior_fy_revenue - 1,2023-07-31:Q2;2024-07-31:Q2,48605eff-bf39-4abd-b5ed-0dffea13d13f;e86f80cf-271f-4d10-83c4-ce830f2ea7ba,0001327567-23-000006;0001327567-24-000005,PASS,DERIVED_METRICS_ENGINE_V1,PASS
PANW,quarterly,2024-07-31,2024,Q3,3,operating_margin,0.089026602176541717,2024-05-21,quarterly_operating_income / quarterly_revenue,2024-07-31:Q3,e86f80cf-271f-4d10-83c4-ce830f2ea7ba,0001327567-24-000017,PASS,DERIVED_METRICS_ENGINE_V1,PASS
PANW,quarterly,2024-07-31,2024,Q3,3,revenue_yoy_growth,0.153349991283630658,2024-05-21,current_fq_revenue / same_fq_prior_fy_revenue - 1,2023-07-31:Q3;2024-07-31:Q3,48605eff-bf39-4abd-b5ed-0dffea13d13f;e86f80cf-271f-4d10-83c4-ce830f2ea7ba,0001327567-23-000014;0001327567-24-000017,PASS,DERIVED_METRICS_ENGINE_V1,PASS
PANW,quarterly,2024-07-31,2024,Q4,4,operating_margin,0.108883306691025348,2024-09-06,quarterly_operating_income / quarterly_revenue,2024-07-31:Q4,e86f80cf-271f-4d10-83c4-ce830f2ea7ba,0001327567-24-000029,PASS,DERIVED_METRICS_ENGINE_V1,PASS
PANW,quarterly,2024-07-31,2024,Q4,4,revenue_yoy_growth,0.120923565248553730,2024-09-06,current_fq_revenue / same_fq_prior_fy_revenue - 1,2023-07-31:Q4;2024-07-31:Q4,48605eff-bf39-4abd-b5ed-0dffea13d13f;e86f80cf-271f-4d10-83c4-ce830f2ea7ba,0001327567-23-000024;0001327567-24-000029,PASS,DERIVED_METRICS_ENGINE_V1,PASS
PANW,quarterly,2025-07-31,2025,Q1,1,operating_margin,0.133953618851692538,2024-11-21,quarterly_operating_income / quarterly_revenue,2025-07-31:Q1,a1a83c46-7bc9-4ad2-8c14-0b580d0c3b59,0001327567-24-000040,PASS,DERIVED_METRICS_ENGINE_V1,PASS
PANW,quarterly,2025-07-31,2025,Q1,1,revenue_yoy_growth,0.138810499973377349,2024-11-21,current_fq_revenue / same_fq_prior_fy_revenue - 1,2024-07-31:Q1;2025-07-31:Q1,e86f80cf-271f-4d10-83c4-ce830f2ea7ba;a1a83c46-7bc9-4ad2-8c14-0b580d0c3b59,0001327567-23-000032;0001327567-24-000040,PASS,DERIVED_METRICS_ENGINE_V1,PASS
PANW,quarterly,2025-07-31,2025,Q2,2,operating_margin,0.106494196863648445,2025-02-14,quarterly_operating_income / quarterly_revenue,2025-07-31:Q2,a1a83c46-7bc9-4ad2-8c14-0b580d0c3b59,0001327567-25-000010,PASS,DERIVED_METRICS_ENGINE_V1,PASS
PANW,quarterly,2025-07-31,2025,Q2,2,revenue_yoy_growth,0.142929471925472128,2025-02-14,current_fq_revenue / same_fq_prior_fy_revenue - 1,2024-07-31:Q2;2025-07-31:Q2,e86f80cf-271f-4d10-83c4-ce830f2ea7ba;a1a83c46-7bc9-4ad2-8c14-0b580d0c3b59,0001327567-24-000005;0001327567-25-000010,PASS,DERIVED_METRICS_ENGINE_V1,PASS
PANW,quarterly,2025-07-31,2025,Q3,3,operating_margin,0.095587592835299257,2025-05-21,quarterly_operating_income / quarterly_revenue,2025-07-31:Q3,a1a83c46-7bc9-4ad2-8c14-0b580d0c3b59,0001327567-25-000017,PASS,DERIVED_METRICS_ENGINE_V1,PASS
PANW,quarterly,2025-07-31,2025,Q3,3,revenue_yoy_growth,0.153264812575574365,2025-05-21,current_fq_revenue / same_fq_prior_fy_revenue - 1,2024-07-31:Q3;2025-07-31:Q3,e86f80cf-271f-4d10-83c4-ce830f2ea7ba;a1a83c46-7bc9-4ad2-8c14-0b580d0c3b59,0001327567-24-000017;0001327567-25-000017,PASS,DERIVED_METRICS_ENGINE_V1,PASS
PANW,quarterly,2025-07-31,2025,Q4,4,operating_margin,0.196033592240665536,2025-08-29,quarterly_operating_income / quarterly_revenue,2025-07-31:Q4,a1a83c46-7bc9-4ad2-8c14-0b580d0c3b59,0001327567-25-000027,PASS,DERIVED_METRICS_ENGINE_V1,PASS
PANW,quarterly,2025-07-31,2025,Q4,4,revenue_yoy_growth,0.158392327015300297,2025-08-29,current_fq_revenue / same_fq_prior_fy_revenue - 1,2024-07-31:Q4;2025-07-31:Q4,e86f80cf-271f-4d10-83c4-ce830f2ea7ba;a1a83c46-7bc9-4ad2-8c14-0b580d0c3b59,0001327567-24-000029;0001327567-25-000027,PASS,DERIVED_METRICS_ENGINE_V1,PASS
