ticker,company_name,cik,form,report_date,fiscal_year,prior_report_date,filing_date,accession_number,source_document,engine_version,metric_name,is_primary_metric,status,value,unit,context_id,period_start,period_end,source_concept,label,statement_role_definition,selection_tier,is_derived_metric,formula,validation_reason
ORCL,ORACLE CORP,1341439,10-K,2020-05-31,2020,2019-05-31,2020-06-22,0001564590-20-030125,orcl-10k_20200531.htm,v14 (scripts/60_xbrl_metric_engine.py),capex,True,PASS,1564000000.0,iso4217:USD,C_0001341439_20190601_20200531,2019-06-01,2020-05-31,us-gaap:PaymentsToAcquirePropertyPlantAndEquipment,Capital expenditures,100070 - Statement - CONSOLIDATED STATEMENTS OF CASH FLOWS,plain,False,,
ORCL,ORACLE CORP,1341439,10-K,2020-05-31,2020,2019-05-31,2020-06-22,0001564590-20-030125,orcl-10k_20200531.htm,v14 (scripts/60_xbrl_metric_engine.py),cash_and_equivalents,True,PASS,37239000000.0,iso4217:USD,C_0001341439_20200531,2020-05-31,2020-05-31,us-gaap:CashAndCashEquivalentsAtCarryingValue,Cash and cash equivalents,100010 - Statement - CONSOLIDATED BALANCE SHEETS,plain,False,,
ORCL,ORACLE CORP,1341439,10-K,2020-05-31,2020,2019-05-31,2020-06-22,0001564590-20-030125,orcl-10k_20200531.htm,v14 (scripts/60_xbrl_metric_engine.py),current_debt,True,PASS,2371000000.0,iso4217:USD,C_0001341439_20200531,2020-05-31,2020-05-31,us-gaap:NotesPayableCurrent,"Notes payable, current",100010 - Statement - CONSOLIDATED BALANCE SHEETS,sum_of_sibling_components,False,,
ORCL,ORACLE CORP,1341439,10-K,2020-05-31,2020,2019-05-31,2020-06-22,0001564590-20-030125,orcl-10k_20200531.htm,v14 (scripts/60_xbrl_metric_engine.py),income_tax_expense,True,PASS,1928000000.0,iso4217:USD,C_0001341439_20190601_20200531,2019-06-01,2020-05-31,us-gaap:IncomeTaxExpenseBenefit,Provision for income taxes,100030 - Statement - CONSOLIDATED STATEMENTS OF OPERATIONS,plain,False,,
ORCL,ORACLE CORP,1341439,10-K,2020-05-31,2020,2019-05-31,2020-06-22,0001564590-20-030125,orcl-10k_20200531.htm,v14 (scripts/60_xbrl_metric_engine.py),long_term_debt,True,PASS,69226000000.0,iso4217:USD,C_0001341439_20200531,2020-05-31,2020-05-31,us-gaap:LongTermNotesAndLoans,"Notes payable and other borrowings, non-current",100010 - Statement - CONSOLIDATED BALANCE SHEETS,plain,False,,
ORCL,ORACLE CORP,1341439,10-K,2020-05-31,2020,2019-05-31,2020-06-22,0001564590-20-030125,orcl-10k_20200531.htm,v14 (scripts/60_xbrl_metric_engine.py),net_income,True,PASS,10135000000.0,iso4217:USD,C_0001341439_20190601_20200531,2019-06-01,2020-05-31,us-gaap:NetIncomeLoss,Net income,100030 - Statement - CONSOLIDATED STATEMENTS OF OPERATIONS,plain,False,,
ORCL,ORACLE CORP,1341439,10-K,2020-05-31,2020,2019-05-31,2020-06-22,0001564590-20-030125,orcl-10k_20200531.htm,v14 (scripts/60_xbrl_metric_engine.py),operating_cash_flow,True,PASS,13139000000.0,iso4217:USD,C_0001341439_20190601_20200531,2019-06-01,2020-05-31,us-gaap:NetCashProvidedByUsedInOperatingActivities,Net cash provided by operating activities,100070 - Statement - CONSOLIDATED STATEMENTS OF CASH FLOWS,plain,False,,
ORCL,ORACLE CORP,1341439,10-K,2020-05-31,2020,2019-05-31,2020-06-22,0001564590-20-030125,orcl-10k_20200531.htm,v14 (scripts/60_xbrl_metric_engine.py),operating_income,True,PASS,13896000000.0,iso4217:USD,C_0001341439_20190601_20200531,2019-06-01,2020-05-31,us-gaap:OperatingIncomeLoss,Operating income,100030 - Statement - CONSOLIDATED STATEMENTS OF OPERATIONS,plain,False,,
ORCL,ORACLE CORP,1341439,10-K,2020-05-31,2020,2019-05-31,2020-06-22,0001564590-20-030125,orcl-10k_20200531.htm,v14 (scripts/60_xbrl_metric_engine.py),pretax_income,True,PASS,12063000000.0,iso4217:USD,C_0001341439_20190601_20200531,2019-06-01,2020-05-31,orcl:IncomeLossFromContinuingOperationsIncludingNoncontrollingInterestBeforeIncomeTaxesExtraordinaryItems,Income before provision for income taxes,100030 - Statement - CONSOLIDATED STATEMENTS OF OPERATIONS,plain,False,,
ORCL,ORACLE CORP,1341439,10-K,2020-05-31,2020,2019-05-31,2020-06-22,0001564590-20-030125,orcl-10k_20200531.htm,v14 (scripts/60_xbrl_metric_engine.py),revenue,True,PASS,39068000000.0,iso4217:USD,C_0001341439_20190601_20200531,2019-06-01,2020-05-31,us-gaap:RevenueFromContractWithCustomerExcludingAssessedTax,Total revenues,100030 - Statement - CONSOLIDATED STATEMENTS OF OPERATIONS,plain,False,,
ORCL,ORACLE CORP,1341439,10-K,2020-05-31,2020,2019-05-31,2020-06-22,0001564590-20-030125,orcl-10k_20200531.htm,v14 (scripts/60_xbrl_metric_engine.py),short_term_investments,True,PASS,5818000000.0,iso4217:USD,C_0001341439_20200531,2020-05-31,2020-05-31,us-gaap:AvailableForSaleSecuritiesDebtSecuritiesCurrent,Marketable securities,100010 - Statement - CONSOLIDATED BALANCE SHEETS,plain,False,,
ORCL,ORACLE CORP,1341439,10-K,2020-05-31,2020,2019-05-31,2020-06-22,0001564590-20-030125,orcl-10k_20200531.htm,v14 (scripts/60_xbrl_metric_engine.py),stockholders_equity,True,PASS,12717000000.0,iso4217:USD,C_0001341439_20200531,2020-05-31,2020-05-31,us-gaap:StockholdersEquityIncludingPortionAttributableToNoncontrollingInterest,Total equity,100010 - Statement - CONSOLIDATED BALANCE SHEETS,plain,False,,
ORCL,ORACLE CORP,1341439,10-K,2020-05-31,2020,2019-05-31,2020-06-22,0001564590-20-030125,orcl-10k_20200531.htm,v14 (scripts/60_xbrl_metric_engine.py),total_debt_explicit,False,REVIEW_REQUIRED,,,,,,,,,,False,,לא נמצאה אף שורת 'total_debt_explicit' בתוך Statement role ראשי התואם לכללי ה-Role של המדד.
ORCL,ORACLE CORP,1341439,10-K,2020-05-31,2020,2019-05-31,2020-06-22,0001564590-20-030125,orcl-10k_20200531.htm,v14 (scripts/60_xbrl_metric_engine.py),cash_and_equivalents_prior,False,PASS,20514000000.0,iso4217:USD,C_0001341439_20190531,2019-05-31,2019-05-31,us-gaap:CashAndCashEquivalentsAtCarryingValue,Cash and cash equivalents,100010 - Statement - CONSOLIDATED BALANCE SHEETS,plain,False,,
ORCL,ORACLE CORP,1341439,10-K,2020-05-31,2020,2019-05-31,2020-06-22,0001564590-20-030125,orcl-10k_20200531.htm,v14 (scripts/60_xbrl_metric_engine.py),current_debt_prior,False,PASS,4494000000.0,iso4217:USD,C_0001341439_20190531,2019-05-31,2019-05-31,us-gaap:NotesPayableCurrent,"Notes payable, current",100010 - Statement - CONSOLIDATED BALANCE SHEETS,sum_of_sibling_components,False,,
ORCL,ORACLE CORP,1341439,10-K,2020-05-31,2020,2019-05-31,2020-06-22,0001564590-20-030125,orcl-10k_20200531.htm,v14 (scripts/60_xbrl_metric_engine.py),long_term_debt_prior,False,PASS,51673000000.0,iso4217:USD,C_0001341439_20190531,2019-05-31,2019-05-31,us-gaap:LongTermNotesAndLoans,"Notes payable and other borrowings, non-current",100010 - Statement - CONSOLIDATED BALANCE SHEETS,plain,False,,
ORCL,ORACLE CORP,1341439,10-K,2020-05-31,2020,2019-05-31,2020-06-22,0001564590-20-030125,orcl-10k_20200531.htm,v14 (scripts/60_xbrl_metric_engine.py),short_term_investments_prior,False,PASS,17313000000.0,iso4217:USD,C_0001341439_20190531,2019-05-31,2019-05-31,us-gaap:AvailableForSaleSecuritiesDebtSecuritiesCurrent,Marketable securities,100010 - Statement - CONSOLIDATED BALANCE SHEETS,plain,False,,
ORCL,ORACLE CORP,1341439,10-K,2020-05-31,2020,2019-05-31,2020-06-22,0001564590-20-030125,orcl-10k_20200531.htm,v14 (scripts/60_xbrl_metric_engine.py),stockholders_equity_prior,False,PASS,22363000000.0,iso4217:USD,C_0001341439_20190531,2019-05-31,2019-05-31,us-gaap:StockholdersEquityIncludingPortionAttributableToNoncontrollingInterest,Total equity,100010 - Statement - CONSOLIDATED BALANCE SHEETS,plain,False,,
ORCL,ORACLE CORP,1341439,10-K,2020-05-31,2020,2019-05-31,2020-06-22,0001564590-20-030125,orcl-10k_20200531.htm,v14 (scripts/60_xbrl_metric_engine.py),total_debt_explicit_prior,False,REVIEW_REQUIRED,,,,,,,,,,False,,לא נמצאה אף שורת 'total_debt_explicit' בתוך Statement role ראשי התואם לכללי ה-Role של המדד.
ORCL,ORACLE CORP,1341439,10-K,2020-05-31,2020,2019-05-31,2020-06-22,0001564590-20-030125,orcl-10k_20200531.htm,v14 (scripts/60_xbrl_metric_engine.py),effective_tax_rate,True,PASS,0.15982757191411756,ratio,,2019-06-01,2020-05-31,,,,,True,income_tax_expense / pretax_income,
ORCL,ORACLE CORP,1341439,10-K,2020-05-31,2020,2019-05-31,2020-06-22,0001564590-20-030125,orcl-10k_20200531.htm,v14 (scripts/60_xbrl_metric_engine.py),total_debt,True,PASS,71597000000.0,iso4217:USD,,2020-05-31,2020-05-31,,,,,True,current_debt + long_term_debt (no unambiguous direct aggregate Total Debt row found — explicit-row status: REVIEW_REQUIRED),
ORCL,ORACLE CORP,1341439,10-K,2020-05-31,2020,2019-05-31,2020-06-22,0001564590-20-030125,orcl-10k_20200531.htm,v14 (scripts/60_xbrl_metric_engine.py),total_debt_prior,False,PASS,56167000000.0,iso4217:USD,,2019-05-31,2019-05-31,,,,,True,current_debt_prior + long_term_debt_prior (no unambiguous direct aggregate Total Debt row found — explicit-row status: REVIEW_REQUIRED),
ORCL,ORACLE CORP,1341439,10-K,2020-05-31,2020,2019-05-31,2020-06-22,0001564590-20-030125,orcl-10k_20200531.htm,v14 (scripts/60_xbrl_metric_engine.py),adjusted_net_debt,True,PASS,28540000000.0,iso4217:USD,,2020-05-31,2020-05-31,,,,,True,total_debt - cash_and_equivalents - short_term_investments,
ORCL,ORACLE CORP,1341439,10-K,2020-05-31,2020,2019-05-31,2020-06-22,0001564590-20-030125,orcl-10k_20200531.htm,v14 (scripts/60_xbrl_metric_engine.py),free_cash_flow,True,PASS,11575000000.0,iso4217:USD,,2019-06-01,2020-05-31,,,,,True,operating_cash_flow - capex,
ORCL,ORACLE CORP,1341439,10-K,2020-05-31,2020,2019-05-31,2020-06-22,0001564590-20-030125,orcl-10k_20200531.htm,v14 (scripts/60_xbrl_metric_engine.py),invested_capital,True,PASS,41257000000.0,iso4217:USD,,2020-05-31,2020-05-31,,,,,True,total_debt + stockholders_equity - cash_and_equivalents - short_term_investments,
ORCL,ORACLE CORP,1341439,10-K,2020-05-31,2020,2019-05-31,2020-06-22,0001564590-20-030125,orcl-10k_20200531.htm,v14 (scripts/60_xbrl_metric_engine.py),invested_capital_prior,False,PASS,40703000000.0,iso4217:USD,,2019-05-31,2019-05-31,,,,,True,total_debt_prior + stockholders_equity_prior - cash_and_equivalents_prior - short_term_investments_prior,
ORCL,ORACLE CORP,1341439,10-K,2020-05-31,2020,2019-05-31,2020-06-22,0001564590-20-030125,orcl-10k_20200531.htm,v14 (scripts/60_xbrl_metric_engine.py),nopat,True,PASS,11675036060.681423,iso4217:USD,,2019-06-01,2020-05-31,,,,,True,operating_income * (1 - effective_tax_rate),
ORCL,ORACLE CORP,1341439,10-K,2020-05-31,2020,2019-05-31,2020-06-22,0001564590-20-030125,orcl-10k_20200531.htm,v14 (scripts/60_xbrl_metric_engine.py),average_invested_capital,True,PASS,40980000000.0,iso4217:USD,,2019-05-31,2020-05-31,,,,,True,(invested_capital + invested_capital_prior) / 2,
ORCL,ORACLE CORP,1341439,10-K,2020-05-31,2020,2019-05-31,2020-06-22,0001564590-20-030125,orcl-10k_20200531.htm,v14 (scripts/60_xbrl_metric_engine.py),roic,True,PASS,0.28489595072429047,ratio,,2019-05-31,2020-05-31,,,,,True,nopat / average_invested_capital,
ORCL,ORACLE CORP,1341439,10-K,2021-05-31,2021,2020-05-31,2021-06-21,0001564590-21-033616,orcl-10k_20210531.htm,v14 (scripts/60_xbrl_metric_engine.py),capex,True,PASS,2135000000.0,iso4217:USD,C_0001341439_20200601_20210531,2020-06-01,2021-05-31,us-gaap:PaymentsToAcquirePropertyPlantAndEquipment,Capital expenditures,100070 - Statement - CONSOLIDATED STATEMENTS OF CASH FLOWS,plain,False,,
ORCL,ORACLE CORP,1341439,10-K,2021-05-31,2021,2020-05-31,2021-06-21,0001564590-21-033616,orcl-10k_20210531.htm,v14 (scripts/60_xbrl_metric_engine.py),cash_and_equivalents,True,PASS,30098000000.0,iso4217:USD,C_0001341439_20210531,2021-05-31,2021-05-31,us-gaap:CashAndCashEquivalentsAtCarryingValue,Cash and cash equivalents,100010 - Statement - CONSOLIDATED BALANCE SHEETS,plain,False,,
ORCL,ORACLE CORP,1341439,10-K,2021-05-31,2021,2020-05-31,2021-06-21,0001564590-21-033616,orcl-10k_20210531.htm,v14 (scripts/60_xbrl_metric_engine.py),current_debt,True,PASS,8250000000.0,iso4217:USD,C_0001341439_20210531,2021-05-31,2021-05-31,us-gaap:NotesPayableCurrent,"Notes payable, current",100010 - Statement - CONSOLIDATED BALANCE SHEETS,sum_of_sibling_components,False,,
ORCL,ORACLE CORP,1341439,10-K,2021-05-31,2021,2020-05-31,2021-06-21,0001564590-21-033616,orcl-10k_20210531.htm,v14 (scripts/60_xbrl_metric_engine.py),income_tax_expense,True,PASS,-747000000.0,iso4217:USD,C_0001341439_20200601_20210531,2020-06-01,2021-05-31,us-gaap:IncomeTaxExpenseBenefit,Benefit from (provision for) income taxes,100030 - Statement - CONSOLIDATED STATEMENTS OF OPERATIONS,plain,False,,
ORCL,ORACLE CORP,1341439,10-K,2021-05-31,2021,2020-05-31,2021-06-21,0001564590-21-033616,orcl-10k_20210531.htm,v14 (scripts/60_xbrl_metric_engine.py),long_term_debt,True,PASS,75995000000.0,iso4217:USD,C_0001341439_20210531,2021-05-31,2021-05-31,us-gaap:LongTermNotesAndLoans,"Notes payable and other borrowings, non-current",100010 - Statement - CONSOLIDATED BALANCE SHEETS,plain,False,,
ORCL,ORACLE CORP,1341439,10-K,2021-05-31,2021,2020-05-31,2021-06-21,0001564590-21-033616,orcl-10k_20210531.htm,v14 (scripts/60_xbrl_metric_engine.py),net_income,True,PASS,13746000000.0,iso4217:USD,C_0001341439_20200601_20210531,2020-06-01,2021-05-31,us-gaap:NetIncomeLoss,Net income,100030 - Statement - CONSOLIDATED STATEMENTS OF OPERATIONS,plain,False,,
ORCL,ORACLE CORP,1341439,10-K,2021-05-31,2021,2020-05-31,2021-06-21,0001564590-21-033616,orcl-10k_20210531.htm,v14 (scripts/60_xbrl_metric_engine.py),operating_cash_flow,True,PASS,15887000000.0,iso4217:USD,C_0001341439_20200601_20210531,2020-06-01,2021-05-31,us-gaap:NetCashProvidedByUsedInOperatingActivities,Net cash provided by operating activities,100070 - Statement - CONSOLIDATED STATEMENTS OF CASH FLOWS,plain,False,,
ORCL,ORACLE CORP,1341439,10-K,2021-05-31,2021,2020-05-31,2021-06-21,0001564590-21-033616,orcl-10k_20210531.htm,v14 (scripts/60_xbrl_metric_engine.py),operating_income,True,PASS,15213000000.0,iso4217:USD,C_0001341439_20200601_20210531,2020-06-01,2021-05-31,us-gaap:OperatingIncomeLoss,Operating income,100030 - Statement - CONSOLIDATED STATEMENTS OF OPERATIONS,plain,False,,
ORCL,ORACLE CORP,1341439,10-K,2021-05-31,2021,2020-05-31,2021-06-21,0001564590-21-033616,orcl-10k_20210531.htm,v14 (scripts/60_xbrl_metric_engine.py),pretax_income,True,PASS,12999000000.0,iso4217:USD,C_0001341439_20200601_20210531,2020-06-01,2021-05-31,orcl:IncomeLossFromContinuingOperationsIncludingNoncontrollingInterestBeforeIncomeTaxesExtraordinaryItems,Income before benefit from (provision for) income taxes,100030 - Statement - CONSOLIDATED STATEMENTS OF OPERATIONS,plain,False,,
ORCL,ORACLE CORP,1341439,10-K,2021-05-31,2021,2020-05-31,2021-06-21,0001564590-21-033616,orcl-10k_20210531.htm,v14 (scripts/60_xbrl_metric_engine.py),revenue,True,PASS,40479000000.0,iso4217:USD,C_0001341439_20200601_20210531,2020-06-01,2021-05-31,us-gaap:RevenueFromContractWithCustomerExcludingAssessedTax,Total revenues,100030 - Statement - CONSOLIDATED STATEMENTS OF OPERATIONS,plain,False,,
ORCL,ORACLE CORP,1341439,10-K,2021-05-31,2021,2020-05-31,2021-06-21,0001564590-21-033616,orcl-10k_20210531.htm,v14 (scripts/60_xbrl_metric_engine.py),short_term_investments,True,PASS,16456000000.0,iso4217:USD,C_0001341439_20210531,2021-05-31,2021-05-31,us-gaap:AvailableForSaleSecuritiesDebtSecuritiesCurrent,Marketable securities,100010 - Statement - CONSOLIDATED BALANCE SHEETS,plain,False,,
ORCL,ORACLE CORP,1341439,10-K,2021-05-31,2021,2020-05-31,2021-06-21,0001564590-21-033616,orcl-10k_20210531.htm,v14 (scripts/60_xbrl_metric_engine.py),stockholders_equity,True,PASS,5952000000.0,iso4217:USD,C_0001341439_20210531,2021-05-31,2021-05-31,us-gaap:StockholdersEquityIncludingPortionAttributableToNoncontrollingInterest,Total equity,100010 - Statement - CONSOLIDATED BALANCE SHEETS,plain,False,,
ORCL,ORACLE CORP,1341439,10-K,2021-05-31,2021,2020-05-31,2021-06-21,0001564590-21-033616,orcl-10k_20210531.htm,v14 (scripts/60_xbrl_metric_engine.py),total_debt_explicit,False,REVIEW_REQUIRED,,,,,,,,,,False,,לא נמצאה אף שורת 'total_debt_explicit' בתוך Statement role ראשי התואם לכללי ה-Role של המדד.
ORCL,ORACLE CORP,1341439,10-K,2021-05-31,2021,2020-05-31,2021-06-21,0001564590-21-033616,orcl-10k_20210531.htm,v14 (scripts/60_xbrl_metric_engine.py),cash_and_equivalents_prior,False,PASS,37239000000.0,iso4217:USD,C_0001341439_20200531,2020-05-31,2020-05-31,us-gaap:CashAndCashEquivalentsAtCarryingValue,Cash and cash equivalents,100010 - Statement - CONSOLIDATED BALANCE SHEETS,plain,False,,
ORCL,ORACLE CORP,1341439,10-K,2021-05-31,2021,2020-05-31,2021-06-21,0001564590-21-033616,orcl-10k_20210531.htm,v14 (scripts/60_xbrl_metric_engine.py),current_debt_prior,False,PASS,2371000000.0,iso4217:USD,C_0001341439_20200531,2020-05-31,2020-05-31,us-gaap:NotesPayableCurrent,"Notes payable, current",100010 - Statement - CONSOLIDATED BALANCE SHEETS,sum_of_sibling_components,False,,
ORCL,ORACLE CORP,1341439,10-K,2021-05-31,2021,2020-05-31,2021-06-21,0001564590-21-033616,orcl-10k_20210531.htm,v14 (scripts/60_xbrl_metric_engine.py),long_term_debt_prior,False,PASS,69226000000.0,iso4217:USD,C_0001341439_20200531,2020-05-31,2020-05-31,us-gaap:LongTermNotesAndLoans,"Notes payable and other borrowings, non-current",100010 - Statement - CONSOLIDATED BALANCE SHEETS,plain,False,,
ORCL,ORACLE CORP,1341439,10-K,2021-05-31,2021,2020-05-31,2021-06-21,0001564590-21-033616,orcl-10k_20210531.htm,v14 (scripts/60_xbrl_metric_engine.py),short_term_investments_prior,False,PASS,5818000000.0,iso4217:USD,C_0001341439_20200531,2020-05-31,2020-05-31,us-gaap:AvailableForSaleSecuritiesDebtSecuritiesCurrent,Marketable securities,100010 - Statement - CONSOLIDATED BALANCE SHEETS,plain,False,,
ORCL,ORACLE CORP,1341439,10-K,2021-05-31,2021,2020-05-31,2021-06-21,0001564590-21-033616,orcl-10k_20210531.htm,v14 (scripts/60_xbrl_metric_engine.py),stockholders_equity_prior,False,PASS,12717000000.0,iso4217:USD,C_0001341439_20200531,2020-05-31,2020-05-31,us-gaap:StockholdersEquityIncludingPortionAttributableToNoncontrollingInterest,Total equity,100010 - Statement - CONSOLIDATED BALANCE SHEETS,plain,False,,
ORCL,ORACLE CORP,1341439,10-K,2021-05-31,2021,2020-05-31,2021-06-21,0001564590-21-033616,orcl-10k_20210531.htm,v14 (scripts/60_xbrl_metric_engine.py),total_debt_explicit_prior,False,REVIEW_REQUIRED,,,,,,,,,,False,,לא נמצאה אף שורת 'total_debt_explicit' בתוך Statement role ראשי התואם לכללי ה-Role של המדד.
ORCL,ORACLE CORP,1341439,10-K,2021-05-31,2021,2020-05-31,2021-06-21,0001564590-21-033616,orcl-10k_20210531.htm,v14 (scripts/60_xbrl_metric_engine.py),effective_tax_rate,True,REVIEW_REQUIRED,-0.05746595891991692,,,,,,,,,True,income_tax_expense / pretax_income,"שיעור המס האפקטיבי המדווח (-0.05746595891991692) מחוץ לטווח הסביר [0, 1]."
ORCL,ORACLE CORP,1341439,10-K,2021-05-31,2021,2020-05-31,2021-06-21,0001564590-21-033616,orcl-10k_20210531.htm,v14 (scripts/60_xbrl_metric_engine.py),total_debt,True,PASS,84245000000.0,iso4217:USD,,2021-05-31,2021-05-31,,,,,True,current_debt + long_term_debt (no unambiguous direct aggregate Total Debt row found — explicit-row status: REVIEW_REQUIRED),
ORCL,ORACLE CORP,1341439,10-K,2021-05-31,2021,2020-05-31,2021-06-21,0001564590-21-033616,orcl-10k_20210531.htm,v14 (scripts/60_xbrl_metric_engine.py),total_debt_prior,False,PASS,71597000000.0,iso4217:USD,,2020-05-31,2020-05-31,,,,,True,current_debt_prior + long_term_debt_prior (no unambiguous direct aggregate Total Debt row found — explicit-row status: REVIEW_REQUIRED),
ORCL,ORACLE CORP,1341439,10-K,2021-05-31,2021,2020-05-31,2021-06-21,0001564590-21-033616,orcl-10k_20210531.htm,v14 (scripts/60_xbrl_metric_engine.py),adjusted_net_debt,True,PASS,37691000000.0,iso4217:USD,,2021-05-31,2021-05-31,,,,,True,total_debt - cash_and_equivalents - short_term_investments,
ORCL,ORACLE CORP,1341439,10-K,2021-05-31,2021,2020-05-31,2021-06-21,0001564590-21-033616,orcl-10k_20210531.htm,v14 (scripts/60_xbrl_metric_engine.py),free_cash_flow,True,PASS,13752000000.0,iso4217:USD,,2020-06-01,2021-05-31,,,,,True,operating_cash_flow - capex,
ORCL,ORACLE CORP,1341439,10-K,2021-05-31,2021,2020-05-31,2021-06-21,0001564590-21-033616,orcl-10k_20210531.htm,v14 (scripts/60_xbrl_metric_engine.py),invested_capital,True,PASS,43643000000.0,iso4217:USD,,2021-05-31,2021-05-31,,,,,True,total_debt + stockholders_equity - cash_and_equivalents - short_term_investments,
ORCL,ORACLE CORP,1341439,10-K,2021-05-31,2021,2020-05-31,2021-06-21,0001564590-21-033616,orcl-10k_20210531.htm,v14 (scripts/60_xbrl_metric_engine.py),invested_capital_prior,False,PASS,41257000000.0,iso4217:USD,,2020-05-31,2020-05-31,,,,,True,total_debt_prior + stockholders_equity_prior - cash_and_equivalents_prior - short_term_investments_prior,
ORCL,ORACLE CORP,1341439,10-K,2021-05-31,2021,2020-05-31,2021-06-21,0001564590-21-033616,orcl-10k_20210531.htm,v14 (scripts/60_xbrl_metric_engine.py),nopat,True,REVIEW_REQUIRED,,,,,,,,,,True,operating_income * (1 - effective_tax_rate),"לא ניתן לחשב מדד נגזר כי לא כל הרכיבים עברו PASS: {'operating_income': 'PASS', 'effective_tax_rate': 'REVIEW_REQUIRED'}"
ORCL,ORACLE CORP,1341439,10-K,2021-05-31,2021,2020-05-31,2021-06-21,0001564590-21-033616,orcl-10k_20210531.htm,v14 (scripts/60_xbrl_metric_engine.py),average_invested_capital,True,PASS,42450000000.0,iso4217:USD,,2020-05-31,2021-05-31,,,,,True,(invested_capital + invested_capital_prior) / 2,
ORCL,ORACLE CORP,1341439,10-K,2021-05-31,2021,2020-05-31,2021-06-21,0001564590-21-033616,orcl-10k_20210531.htm,v14 (scripts/60_xbrl_metric_engine.py),roic,True,REVIEW_REQUIRED,,,,,,,,,,True,nopat / average_invested_capital,"לא ניתן לחשב מדד נגזר כי לא כל הרכיבים עברו PASS: {'nopat': 'REVIEW_REQUIRED', 'average_invested_capital': 'PASS'}"
ORCL,ORACLE CORP,1341439,10-K,2022-05-31,2022,2021-05-31,2022-06-21,0001564590-22-023675,orcl-10k_20220531.htm,v14 (scripts/60_xbrl_metric_engine.py),capex,True,PASS,4511000000.0,iso4217:USD,C_0001341439_20210601_20220531,2021-06-01,2022-05-31,us-gaap:PaymentsToAcquirePropertyPlantAndEquipment,Capital expenditures,100070 - Statement - CONSOLIDATED STATEMENTS OF CASH FLOWS,plain,False,,
ORCL,ORACLE CORP,1341439,10-K,2022-05-31,2022,2021-05-31,2022-06-21,0001564590-22-023675,orcl-10k_20220531.htm,v14 (scripts/60_xbrl_metric_engine.py),cash_and_equivalents,True,PASS,21383000000.0,iso4217:USD,C_0001341439_20220531,2022-05-31,2022-05-31,us-gaap:CashAndCashEquivalentsAtCarryingValue,Cash and cash equivalents,100010 - Statement - CONSOLIDATED BALANCE SHEETS,plain,False,,
ORCL,ORACLE CORP,1341439,10-K,2022-05-31,2022,2021-05-31,2022-06-21,0001564590-22-023675,orcl-10k_20220531.htm,v14 (scripts/60_xbrl_metric_engine.py),current_debt,True,PASS,3749000000.0,iso4217:USD,C_0001341439_20220531,2022-05-31,2022-05-31,us-gaap:NotesPayableCurrent,"Notes payable, current",100010 - Statement - CONSOLIDATED BALANCE SHEETS,sum_of_sibling_components,False,,
ORCL,ORACLE CORP,1341439,10-K,2022-05-31,2022,2021-05-31,2022-06-21,0001564590-22-023675,orcl-10k_20220531.htm,v14 (scripts/60_xbrl_metric_engine.py),income_tax_expense,True,PASS,932000000.0,iso4217:USD,C_0001341439_20210601_20220531,2021-06-01,2022-05-31,us-gaap:IncomeTaxExpenseBenefit,(Provision for) benefit from income taxes,100030 - Statement - CONSOLIDATED STATEMENTS OF OPERATIONS,plain,False,,
ORCL,ORACLE CORP,1341439,10-K,2022-05-31,2022,2021-05-31,2022-06-21,0001564590-22-023675,orcl-10k_20220531.htm,v14 (scripts/60_xbrl_metric_engine.py),long_term_debt,True,PASS,72110000000.0,iso4217:USD,C_0001341439_20220531,2022-05-31,2022-05-31,us-gaap:LongTermNotesAndLoans,"Notes payable and other borrowings, non-current",100010 - Statement - CONSOLIDATED BALANCE SHEETS,plain,False,,
ORCL,ORACLE CORP,1341439,10-K,2022-05-31,2022,2021-05-31,2022-06-21,0001564590-22-023675,orcl-10k_20220531.htm,v14 (scripts/60_xbrl_metric_engine.py),net_income,True,PASS,6717000000.0,iso4217:USD,C_0001341439_20210601_20220531,2021-06-01,2022-05-31,us-gaap:NetIncomeLoss,Net income,100030 - Statement - CONSOLIDATED STATEMENTS OF OPERATIONS,plain,False,,
ORCL,ORACLE CORP,1341439,10-K,2022-05-31,2022,2021-05-31,2022-06-21,0001564590-22-023675,orcl-10k_20220531.htm,v14 (scripts/60_xbrl_metric_engine.py),operating_cash_flow,True,PASS,9539000000.0,iso4217:USD,C_0001341439_20210601_20220531,2021-06-01,2022-05-31,us-gaap:NetCashProvidedByUsedInOperatingActivities,Net cash provided by operating activities,100070 - Statement - CONSOLIDATED STATEMENTS OF CASH FLOWS,plain,False,,
ORCL,ORACLE CORP,1341439,10-K,2022-05-31,2022,2021-05-31,2022-06-21,0001564590-22-023675,orcl-10k_20220531.htm,v14 (scripts/60_xbrl_metric_engine.py),operating_income,True,PASS,10926000000.0,iso4217:USD,C_0001341439_20210601_20220531,2021-06-01,2022-05-31,us-gaap:OperatingIncomeLoss,Operating income,100030 - Statement - CONSOLIDATED STATEMENTS OF OPERATIONS,plain,False,,
ORCL,ORACLE CORP,1341439,10-K,2022-05-31,2022,2021-05-31,2022-06-21,0001564590-22-023675,orcl-10k_20220531.htm,v14 (scripts/60_xbrl_metric_engine.py),pretax_income,True,PASS,7649000000.0,iso4217:USD,C_0001341439_20210601_20220531,2021-06-01,2022-05-31,orcl:IncomeLossFromContinuingOperationsIncludingNoncontrollingInterestBeforeIncomeTaxesExtraordinaryItems,Income before income taxes,100030 - Statement - CONSOLIDATED STATEMENTS OF OPERATIONS,plain,False,,
ORCL,ORACLE CORP,1341439,10-K,2022-05-31,2022,2021-05-31,2022-06-21,0001564590-22-023675,orcl-10k_20220531.htm,v14 (scripts/60_xbrl_metric_engine.py),revenue,True,PASS,42440000000.0,iso4217:USD,C_0001341439_20210601_20220531,2021-06-01,2022-05-31,us-gaap:RevenueFromContractWithCustomerExcludingAssessedTax,Total revenues,100030 - Statement - CONSOLIDATED STATEMENTS OF OPERATIONS,plain,False,,
ORCL,ORACLE CORP,1341439,10-K,2022-05-31,2022,2021-05-31,2022-06-21,0001564590-22-023675,orcl-10k_20220531.htm,v14 (scripts/60_xbrl_metric_engine.py),short_term_investments,True,PASS,519000000.0,iso4217:USD,C_0001341439_20220531,2022-05-31,2022-05-31,us-gaap:AvailableForSaleSecuritiesDebtSecuritiesCurrent,Marketable securities,100010 - Statement - CONSOLIDATED BALANCE SHEETS,plain,False,,
ORCL,ORACLE CORP,1341439,10-K,2022-05-31,2022,2021-05-31,2022-06-21,0001564590-22-023675,orcl-10k_20220531.htm,v14 (scripts/60_xbrl_metric_engine.py),stockholders_equity,True,PASS,-5768000000.0,iso4217:USD,C_0001341439_20220531,2022-05-31,2022-05-31,us-gaap:StockholdersEquityIncludingPortionAttributableToNoncontrollingInterest,Total stockholders' (deficit) equity,100010 - Statement - CONSOLIDATED BALANCE SHEETS,plain,False,,
ORCL,ORACLE CORP,1341439,10-K,2022-05-31,2022,2021-05-31,2022-06-21,0001564590-22-023675,orcl-10k_20220531.htm,v14 (scripts/60_xbrl_metric_engine.py),total_debt_explicit,False,REVIEW_REQUIRED,,,,,,,,,,False,,לא נמצאה אף שורת 'total_debt_explicit' בתוך Statement role ראשי התואם לכללי ה-Role של המדד.
ORCL,ORACLE CORP,1341439,10-K,2022-05-31,2022,2021-05-31,2022-06-21,0001564590-22-023675,orcl-10k_20220531.htm,v14 (scripts/60_xbrl_metric_engine.py),cash_and_equivalents_prior,False,PASS,30098000000.0,iso4217:USD,C_0001341439_20210531,2021-05-31,2021-05-31,us-gaap:CashAndCashEquivalentsAtCarryingValue,Cash and cash equivalents,100010 - Statement - CONSOLIDATED BALANCE SHEETS,plain,False,,
ORCL,ORACLE CORP,1341439,10-K,2022-05-31,2022,2021-05-31,2022-06-21,0001564590-22-023675,orcl-10k_20220531.htm,v14 (scripts/60_xbrl_metric_engine.py),current_debt_prior,False,PASS,8250000000.0,iso4217:USD,C_0001341439_20210531,2021-05-31,2021-05-31,us-gaap:NotesPayableCurrent,"Notes payable, current",100010 - Statement - CONSOLIDATED BALANCE SHEETS,sum_of_sibling_components,False,,
ORCL,ORACLE CORP,1341439,10-K,2022-05-31,2022,2021-05-31,2022-06-21,0001564590-22-023675,orcl-10k_20220531.htm,v14 (scripts/60_xbrl_metric_engine.py),long_term_debt_prior,False,PASS,75995000000.0,iso4217:USD,C_0001341439_20210531,2021-05-31,2021-05-31,us-gaap:LongTermNotesAndLoans,"Notes payable and other borrowings, non-current",100010 - Statement - CONSOLIDATED BALANCE SHEETS,plain,False,,
ORCL,ORACLE CORP,1341439,10-K,2022-05-31,2022,2021-05-31,2022-06-21,0001564590-22-023675,orcl-10k_20220531.htm,v14 (scripts/60_xbrl_metric_engine.py),short_term_investments_prior,False,PASS,16456000000.0,iso4217:USD,C_0001341439_20210531,2021-05-31,2021-05-31,us-gaap:AvailableForSaleSecuritiesDebtSecuritiesCurrent,Marketable securities,100010 - Statement - CONSOLIDATED BALANCE SHEETS,plain,False,,
ORCL,ORACLE CORP,1341439,10-K,2022-05-31,2022,2021-05-31,2022-06-21,0001564590-22-023675,orcl-10k_20220531.htm,v14 (scripts/60_xbrl_metric_engine.py),stockholders_equity_prior,False,PASS,5952000000.0,iso4217:USD,C_0001341439_20210531,2021-05-31,2021-05-31,us-gaap:StockholdersEquityIncludingPortionAttributableToNoncontrollingInterest,Total stockholders' (deficit) equity,100010 - Statement - CONSOLIDATED BALANCE SHEETS,plain,False,,
ORCL,ORACLE CORP,1341439,10-K,2022-05-31,2022,2021-05-31,2022-06-21,0001564590-22-023675,orcl-10k_20220531.htm,v14 (scripts/60_xbrl_metric_engine.py),total_debt_explicit_prior,False,REVIEW_REQUIRED,,,,,,,,,,False,,לא נמצאה אף שורת 'total_debt_explicit' בתוך Statement role ראשי התואם לכללי ה-Role של המדד.
ORCL,ORACLE CORP,1341439,10-K,2022-05-31,2022,2021-05-31,2022-06-21,0001564590-22-023675,orcl-10k_20220531.htm,v14 (scripts/60_xbrl_metric_engine.py),effective_tax_rate,True,PASS,0.12184599294025363,ratio,,2021-06-01,2022-05-31,,,,,True,income_tax_expense / pretax_income,
ORCL,ORACLE CORP,1341439,10-K,2022-05-31,2022,2021-05-31,2022-06-21,0001564590-22-023675,orcl-10k_20220531.htm,v14 (scripts/60_xbrl_metric_engine.py),total_debt,True,PASS,75859000000.0,iso4217:USD,,2022-05-31,2022-05-31,,,,,True,current_debt + long_term_debt (no unambiguous direct aggregate Total Debt row found — explicit-row status: REVIEW_REQUIRED),
ORCL,ORACLE CORP,1341439,10-K,2022-05-31,2022,2021-05-31,2022-06-21,0001564590-22-023675,orcl-10k_20220531.htm,v14 (scripts/60_xbrl_metric_engine.py),total_debt_prior,False,PASS,84245000000.0,iso4217:USD,,2021-05-31,2021-05-31,,,,,True,current_debt_prior + long_term_debt_prior (no unambiguous direct aggregate Total Debt row found — explicit-row status: REVIEW_REQUIRED),
ORCL,ORACLE CORP,1341439,10-K,2022-05-31,2022,2021-05-31,2022-06-21,0001564590-22-023675,orcl-10k_20220531.htm,v14 (scripts/60_xbrl_metric_engine.py),adjusted_net_debt,True,PASS,53957000000.0,iso4217:USD,,2022-05-31,2022-05-31,,,,,True,total_debt - cash_and_equivalents - short_term_investments,
ORCL,ORACLE CORP,1341439,10-K,2022-05-31,2022,2021-05-31,2022-06-21,0001564590-22-023675,orcl-10k_20220531.htm,v14 (scripts/60_xbrl_metric_engine.py),free_cash_flow,True,PASS,5028000000.0,iso4217:USD,,2021-06-01,2022-05-31,,,,,True,operating_cash_flow - capex,
ORCL,ORACLE CORP,1341439,10-K,2022-05-31,2022,2021-05-31,2022-06-21,0001564590-22-023675,orcl-10k_20220531.htm,v14 (scripts/60_xbrl_metric_engine.py),invested_capital,True,PASS,48189000000.0,iso4217:USD,,2022-05-31,2022-05-31,,,,,True,total_debt + stockholders_equity - cash_and_equivalents - short_term_investments,
ORCL,ORACLE CORP,1341439,10-K,2022-05-31,2022,2021-05-31,2022-06-21,0001564590-22-023675,orcl-10k_20220531.htm,v14 (scripts/60_xbrl_metric_engine.py),invested_capital_prior,False,PASS,43643000000.0,iso4217:USD,,2021-05-31,2021-05-31,,,,,True,total_debt_prior + stockholders_equity_prior - cash_and_equivalents_prior - short_term_investments_prior,
ORCL,ORACLE CORP,1341439,10-K,2022-05-31,2022,2021-05-31,2022-06-21,0001564590-22-023675,orcl-10k_20220531.htm,v14 (scripts/60_xbrl_metric_engine.py),nopat,True,PASS,9594710681.134789,iso4217:USD,,2021-06-01,2022-05-31,,,,,True,operating_income * (1 - effective_tax_rate),
ORCL,ORACLE CORP,1341439,10-K,2022-05-31,2022,2021-05-31,2022-06-21,0001564590-22-023675,orcl-10k_20220531.htm,v14 (scripts/60_xbrl_metric_engine.py),average_invested_capital,True,PASS,45916000000.0,iso4217:USD,,2021-05-31,2022-05-31,,,,,True,(invested_capital + invested_capital_prior) / 2,
ORCL,ORACLE CORP,1341439,10-K,2022-05-31,2022,2021-05-31,2022-06-21,0001564590-22-023675,orcl-10k_20220531.htm,v14 (scripts/60_xbrl_metric_engine.py),roic,True,PASS,0.20896225022072454,ratio,,2021-05-31,2022-05-31,,,,,True,nopat / average_invested_capital,
ORCL,ORACLE CORP,1341439,10-K,2023-05-31,2023,2022-05-31,2023-06-20,0000950170-23-028914,orcl-20230531.htm,v14 (scripts/60_xbrl_metric_engine.py),capex,True,PASS,8695000000.0,iso4217:USD,C_c621f99d-407f-4251-b31f-e58bcdda6fa8,2022-06-01,2023-05-31,us-gaap:PaymentsToAcquirePropertyPlantAndEquipment,Capital expenditures,100070 - Statement - CONSOLIDATED STATEMENTS OF CASH FLOWS,plain,False,,
ORCL,ORACLE CORP,1341439,10-K,2023-05-31,2023,2022-05-31,2023-06-20,0000950170-23-028914,orcl-20230531.htm,v14 (scripts/60_xbrl_metric_engine.py),cash_and_equivalents,True,PASS,9765000000.0,iso4217:USD,C_8dc19c16-0a90-49bb-9768-74f9aa8bba7f,2023-05-31,2023-05-31,us-gaap:CashAndCashEquivalentsAtCarryingValue,Cash and cash equivalents,100010 - Statement - CONSOLIDATED BALANCE SHEETS,plain,False,,
ORCL,ORACLE CORP,1341439,10-K,2023-05-31,2023,2022-05-31,2023-06-20,0000950170-23-028914,orcl-20230531.htm,v14 (scripts/60_xbrl_metric_engine.py),current_debt,True,PASS,4061000000.0,iso4217:USD,C_8dc19c16-0a90-49bb-9768-74f9aa8bba7f,2023-05-31,2023-05-31,us-gaap:NotesPayableCurrent,"Notes payable and other borrowings, current",100010 - Statement - CONSOLIDATED BALANCE SHEETS,sum_of_sibling_components,False,,
ORCL,ORACLE CORP,1341439,10-K,2023-05-31,2023,2022-05-31,2023-06-20,0000950170-23-028914,orcl-20230531.htm,v14 (scripts/60_xbrl_metric_engine.py),income_tax_expense,True,PASS,623000000.0,iso4217:USD,C_c621f99d-407f-4251-b31f-e58bcdda6fa8,2022-06-01,2023-05-31,us-gaap:IncomeTaxExpenseBenefit,(Provision for) benefit from income taxes,100030 - Statement - CONSOLIDATED STATEMENTS OF OPERATIONS,plain,False,,
ORCL,ORACLE CORP,1341439,10-K,2023-05-31,2023,2022-05-31,2023-06-20,0000950170-23-028914,orcl-20230531.htm,v14 (scripts/60_xbrl_metric_engine.py),long_term_debt,True,PASS,86420000000.0,iso4217:USD,C_8dc19c16-0a90-49bb-9768-74f9aa8bba7f,2023-05-31,2023-05-31,us-gaap:LongTermNotesAndLoans,"Notes payable and other borrowings, non-current",100010 - Statement - CONSOLIDATED BALANCE SHEETS,plain,False,,
ORCL,ORACLE CORP,1341439,10-K,2023-05-31,2023,2022-05-31,2023-06-20,0000950170-23-028914,orcl-20230531.htm,v14 (scripts/60_xbrl_metric_engine.py),net_income,True,PASS,8503000000.0,iso4217:USD,C_c621f99d-407f-4251-b31f-e58bcdda6fa8,2022-06-01,2023-05-31,us-gaap:NetIncomeLoss,Net income,100030 - Statement - CONSOLIDATED STATEMENTS OF OPERATIONS,plain,False,,
ORCL,ORACLE CORP,1341439,10-K,2023-05-31,2023,2022-05-31,2023-06-20,0000950170-23-028914,orcl-20230531.htm,v14 (scripts/60_xbrl_metric_engine.py),operating_cash_flow,True,PASS,17165000000.0,iso4217:USD,C_c621f99d-407f-4251-b31f-e58bcdda6fa8,2022-06-01,2023-05-31,us-gaap:NetCashProvidedByUsedInOperatingActivities,Net cash provided by operating activities,100070 - Statement - CONSOLIDATED STATEMENTS OF CASH FLOWS,plain,False,,
ORCL,ORACLE CORP,1341439,10-K,2023-05-31,2023,2022-05-31,2023-06-20,0000950170-23-028914,orcl-20230531.htm,v14 (scripts/60_xbrl_metric_engine.py),operating_income,True,PASS,13093000000.0,iso4217:USD,C_c621f99d-407f-4251-b31f-e58bcdda6fa8,2022-06-01,2023-05-31,us-gaap:OperatingIncomeLoss,Operating income,100030 - Statement - CONSOLIDATED STATEMENTS OF OPERATIONS,plain,False,,
ORCL,ORACLE CORP,1341439,10-K,2023-05-31,2023,2022-05-31,2023-06-20,0000950170-23-028914,orcl-20230531.htm,v14 (scripts/60_xbrl_metric_engine.py),pretax_income,True,PASS,9126000000.0,iso4217:USD,C_c621f99d-407f-4251-b31f-e58bcdda6fa8,2022-06-01,2023-05-31,orcl:IncomeLossFromContinuingOperationsIncludingNoncontrollingInterestBeforeIncomeTaxesExtraordinaryItems,Income before income taxes,100030 - Statement - CONSOLIDATED STATEMENTS OF OPERATIONS,plain,False,,
ORCL,ORACLE CORP,1341439,10-K,2023-05-31,2023,2022-05-31,2023-06-20,0000950170-23-028914,orcl-20230531.htm,v14 (scripts/60_xbrl_metric_engine.py),revenue,True,PASS,49954000000.0,iso4217:USD,C_c621f99d-407f-4251-b31f-e58bcdda6fa8,2022-06-01,2023-05-31,us-gaap:RevenueFromContractWithCustomerExcludingAssessedTax,Total revenues,100030 - Statement - CONSOLIDATED STATEMENTS OF OPERATIONS,plain,False,,
ORCL,ORACLE CORP,1341439,10-K,2023-05-31,2023,2022-05-31,2023-06-20,0000950170-23-028914,orcl-20230531.htm,v14 (scripts/60_xbrl_metric_engine.py),short_term_investments,True,PASS,422000000.0,iso4217:USD,C_8dc19c16-0a90-49bb-9768-74f9aa8bba7f,2023-05-31,2023-05-31,us-gaap:AvailableForSaleSecuritiesDebtSecuritiesCurrent,Marketable securities,100010 - Statement - CONSOLIDATED BALANCE SHEETS,plain,False,,
ORCL,ORACLE CORP,1341439,10-K,2023-05-31,2023,2022-05-31,2023-06-20,0000950170-23-028914,orcl-20230531.htm,v14 (scripts/60_xbrl_metric_engine.py),stockholders_equity,True,PASS,1556000000.0,iso4217:USD,C_8dc19c16-0a90-49bb-9768-74f9aa8bba7f,2023-05-31,2023-05-31,us-gaap:StockholdersEquityIncludingPortionAttributableToNoncontrollingInterest,Total stockholders' equity (deficit),100010 - Statement - CONSOLIDATED BALANCE SHEETS,plain,False,,
ORCL,ORACLE CORP,1341439,10-K,2023-05-31,2023,2022-05-31,2023-06-20,0000950170-23-028914,orcl-20230531.htm,v14 (scripts/60_xbrl_metric_engine.py),total_debt_explicit,False,REVIEW_REQUIRED,,,,,,,,,,False,,לא נמצאה אף שורת 'total_debt_explicit' בתוך Statement role ראשי התואם לכללי ה-Role של המדד.
ORCL,ORACLE CORP,1341439,10-K,2023-05-31,2023,2022-05-31,2023-06-20,0000950170-23-028914,orcl-20230531.htm,v14 (scripts/60_xbrl_metric_engine.py),cash_and_equivalents_prior,False,PASS,21383000000.0,iso4217:USD,C_adc59fab-04b2-4dc7-85a5-444a63193d6d,2022-05-31,2022-05-31,us-gaap:CashAndCashEquivalentsAtCarryingValue,Cash and cash equivalents,100010 - Statement - CONSOLIDATED BALANCE SHEETS,plain,False,,
ORCL,ORACLE CORP,1341439,10-K,2023-05-31,2023,2022-05-31,2023-06-20,0000950170-23-028914,orcl-20230531.htm,v14 (scripts/60_xbrl_metric_engine.py),current_debt_prior,False,PASS,3749000000.0,iso4217:USD,C_adc59fab-04b2-4dc7-85a5-444a63193d6d,2022-05-31,2022-05-31,us-gaap:NotesPayableCurrent,"Notes payable and other borrowings, current",100010 - Statement - CONSOLIDATED BALANCE SHEETS,sum_of_sibling_components,False,,
ORCL,ORACLE CORP,1341439,10-K,2023-05-31,2023,2022-05-31,2023-06-20,0000950170-23-028914,orcl-20230531.htm,v14 (scripts/60_xbrl_metric_engine.py),long_term_debt_prior,False,PASS,72110000000.0,iso4217:USD,C_adc59fab-04b2-4dc7-85a5-444a63193d6d,2022-05-31,2022-05-31,us-gaap:LongTermNotesAndLoans,"Notes payable and other borrowings, non-current",100010 - Statement - CONSOLIDATED BALANCE SHEETS,plain,False,,
ORCL,ORACLE CORP,1341439,10-K,2023-05-31,2023,2022-05-31,2023-06-20,0000950170-23-028914,orcl-20230531.htm,v14 (scripts/60_xbrl_metric_engine.py),short_term_investments_prior,False,PASS,519000000.0,iso4217:USD,C_adc59fab-04b2-4dc7-85a5-444a63193d6d,2022-05-31,2022-05-31,us-gaap:AvailableForSaleSecuritiesDebtSecuritiesCurrent,Marketable securities,100010 - Statement - CONSOLIDATED BALANCE SHEETS,plain,False,,
ORCL,ORACLE CORP,1341439,10-K,2023-05-31,2023,2022-05-31,2023-06-20,0000950170-23-028914,orcl-20230531.htm,v14 (scripts/60_xbrl_metric_engine.py),stockholders_equity_prior,False,PASS,-5768000000.0,iso4217:USD,C_adc59fab-04b2-4dc7-85a5-444a63193d6d,2022-05-31,2022-05-31,us-gaap:StockholdersEquityIncludingPortionAttributableToNoncontrollingInterest,Total stockholders' equity (deficit),100010 - Statement - CONSOLIDATED BALANCE SHEETS,plain,False,,
ORCL,ORACLE CORP,1341439,10-K,2023-05-31,2023,2022-05-31,2023-06-20,0000950170-23-028914,orcl-20230531.htm,v14 (scripts/60_xbrl_metric_engine.py),total_debt_explicit_prior,False,REVIEW_REQUIRED,,,,,,,,,,False,,לא נמצאה אף שורת 'total_debt_explicit' בתוך Statement role ראשי התואם לכללי ה-Role של המדד.
ORCL,ORACLE CORP,1341439,10-K,2023-05-31,2023,2022-05-31,2023-06-20,0000950170-23-028914,orcl-20230531.htm,v14 (scripts/60_xbrl_metric_engine.py),effective_tax_rate,True,PASS,0.06826649134341442,ratio,,2022-06-01,2023-05-31,,,,,True,income_tax_expense / pretax_income,
ORCL,ORACLE CORP,1341439,10-K,2023-05-31,2023,2022-05-31,2023-06-20,0000950170-23-028914,orcl-20230531.htm,v14 (scripts/60_xbrl_metric_engine.py),total_debt,True,PASS,90481000000.0,iso4217:USD,,2023-05-31,2023-05-31,,,,,True,current_debt + long_term_debt (no unambiguous direct aggregate Total Debt row found — explicit-row status: REVIEW_REQUIRED),
ORCL,ORACLE CORP,1341439,10-K,2023-05-31,2023,2022-05-31,2023-06-20,0000950170-23-028914,orcl-20230531.htm,v14 (scripts/60_xbrl_metric_engine.py),total_debt_prior,False,PASS,75859000000.0,iso4217:USD,,2022-05-31,2022-05-31,,,,,True,current_debt_prior + long_term_debt_prior (no unambiguous direct aggregate Total Debt row found — explicit-row status: REVIEW_REQUIRED),
ORCL,ORACLE CORP,1341439,10-K,2023-05-31,2023,2022-05-31,2023-06-20,0000950170-23-028914,orcl-20230531.htm,v14 (scripts/60_xbrl_metric_engine.py),adjusted_net_debt,True,PASS,80294000000.0,iso4217:USD,,2023-05-31,2023-05-31,,,,,True,total_debt - cash_and_equivalents - short_term_investments,
ORCL,ORACLE CORP,1341439,10-K,2023-05-31,2023,2022-05-31,2023-06-20,0000950170-23-028914,orcl-20230531.htm,v14 (scripts/60_xbrl_metric_engine.py),free_cash_flow,True,PASS,8470000000.0,iso4217:USD,,2022-06-01,2023-05-31,,,,,True,operating_cash_flow - capex,
ORCL,ORACLE CORP,1341439,10-K,2023-05-31,2023,2022-05-31,2023-06-20,0000950170-23-028914,orcl-20230531.htm,v14 (scripts/60_xbrl_metric_engine.py),invested_capital,True,PASS,81850000000.0,iso4217:USD,,2023-05-31,2023-05-31,,,,,True,total_debt + stockholders_equity - cash_and_equivalents - short_term_investments,
ORCL,ORACLE CORP,1341439,10-K,2023-05-31,2023,2022-05-31,2023-06-20,0000950170-23-028914,orcl-20230531.htm,v14 (scripts/60_xbrl_metric_engine.py),invested_capital_prior,False,PASS,48189000000.0,iso4217:USD,,2022-05-31,2022-05-31,,,,,True,total_debt_prior + stockholders_equity_prior - cash_and_equivalents_prior - short_term_investments_prior,
ORCL,ORACLE CORP,1341439,10-K,2023-05-31,2023,2022-05-31,2023-06-20,0000950170-23-028914,orcl-20230531.htm,v14 (scripts/60_xbrl_metric_engine.py),nopat,True,PASS,12199186828.840675,iso4217:USD,,2022-06-01,2023-05-31,,,,,True,operating_income * (1 - effective_tax_rate),
ORCL,ORACLE CORP,1341439,10-K,2023-05-31,2023,2022-05-31,2023-06-20,0000950170-23-028914,orcl-20230531.htm,v14 (scripts/60_xbrl_metric_engine.py),average_invested_capital,True,PASS,65019500000.0,iso4217:USD,,2022-05-31,2023-05-31,,,,,True,(invested_capital + invested_capital_prior) / 2,
ORCL,ORACLE CORP,1341439,10-K,2023-05-31,2023,2022-05-31,2023-06-20,0000950170-23-028914,orcl-20230531.htm,v14 (scripts/60_xbrl_metric_engine.py),roic,True,PASS,0.18762351031368552,ratio,,2022-05-31,2023-05-31,,,,,True,nopat / average_invested_capital,
ORCL,ORACLE CORP,1341439,10-K,2024-05-31,2024,2023-05-31,2024-06-20,0000950170-24-075605,orcl-20240531.htm,v14 (scripts/60_xbrl_metric_engine.py),capex,True,PASS,6866000000.0,iso4217:USD,C_6b80b0ed-ad46-419f-9d80-36739c35988b,2023-06-01,2024-05-31,us-gaap:PaymentsToAcquirePropertyPlantAndEquipment,Capital expenditures,100070 - Statement - CONSOLIDATED STATEMENTS OF CASH FLOWS,plain,False,,
ORCL,ORACLE CORP,1341439,10-K,2024-05-31,2024,2023-05-31,2024-06-20,0000950170-24-075605,orcl-20240531.htm,v14 (scripts/60_xbrl_metric_engine.py),cash_and_equivalents,True,PASS,10454000000.0,iso4217:USD,C_8b38d07e-7182-4ebc-9787-e25717cdb910,2024-05-31,2024-05-31,us-gaap:CashAndCashEquivalentsAtCarryingValue,Cash and cash equivalents,100010 - Statement - CONSOLIDATED BALANCE SHEETS,plain,False,,
ORCL,ORACLE CORP,1341439,10-K,2024-05-31,2024,2023-05-31,2024-06-20,0000950170-24-075605,orcl-20240531.htm,v14 (scripts/60_xbrl_metric_engine.py),current_debt,True,PASS,10605000000.0,iso4217:USD,C_8b38d07e-7182-4ebc-9787-e25717cdb910,2024-05-31,2024-05-31,us-gaap:NotesPayableCurrent,"Notes payable and other borrowings, current",100010 - Statement - CONSOLIDATED BALANCE SHEETS,sum_of_sibling_components,False,,
ORCL,ORACLE CORP,1341439,10-K,2024-05-31,2024,2023-05-31,2024-06-20,0000950170-24-075605,orcl-20240531.htm,v14 (scripts/60_xbrl_metric_engine.py),income_tax_expense,True,PASS,1274000000.0,iso4217:USD,C_6b80b0ed-ad46-419f-9d80-36739c35988b,2023-06-01,2024-05-31,us-gaap:IncomeTaxExpenseBenefit,Provision for income taxes,100030 - Statement - CONSOLIDATED STATEMENTS OF OPERATIONS,plain,False,,
ORCL,ORACLE CORP,1341439,10-K,2024-05-31,2024,2023-05-31,2024-06-20,0000950170-24-075605,orcl-20240531.htm,v14 (scripts/60_xbrl_metric_engine.py),long_term_debt,True,PASS,76264000000.0,iso4217:USD,C_8b38d07e-7182-4ebc-9787-e25717cdb910,2024-05-31,2024-05-31,us-gaap:LongTermNotesAndLoans,"Notes payable and other borrowings, non-current",100010 - Statement - CONSOLIDATED BALANCE SHEETS,plain,False,,
ORCL,ORACLE CORP,1341439,10-K,2024-05-31,2024,2023-05-31,2024-06-20,0000950170-24-075605,orcl-20240531.htm,v14 (scripts/60_xbrl_metric_engine.py),net_income,True,PASS,10467000000.0,iso4217:USD,C_6b80b0ed-ad46-419f-9d80-36739c35988b,2023-06-01,2024-05-31,us-gaap:NetIncomeLoss,Net income,100030 - Statement - CONSOLIDATED STATEMENTS OF OPERATIONS,plain,False,,
ORCL,ORACLE CORP,1341439,10-K,2024-05-31,2024,2023-05-31,2024-06-20,0000950170-24-075605,orcl-20240531.htm,v14 (scripts/60_xbrl_metric_engine.py),operating_cash_flow,True,PASS,18673000000.0,iso4217:USD,C_6b80b0ed-ad46-419f-9d80-36739c35988b,2023-06-01,2024-05-31,us-gaap:NetCashProvidedByUsedInOperatingActivities,Net cash provided by operating activities,100070 - Statement - CONSOLIDATED STATEMENTS OF CASH FLOWS,plain,False,,
ORCL,ORACLE CORP,1341439,10-K,2024-05-31,2024,2023-05-31,2024-06-20,0000950170-24-075605,orcl-20240531.htm,v14 (scripts/60_xbrl_metric_engine.py),operating_income,True,PASS,15353000000.0,iso4217:USD,C_6b80b0ed-ad46-419f-9d80-36739c35988b,2023-06-01,2024-05-31,us-gaap:OperatingIncomeLoss,Operating income,100030 - Statement - CONSOLIDATED STATEMENTS OF OPERATIONS,plain,False,,
ORCL,ORACLE CORP,1341439,10-K,2024-05-31,2024,2023-05-31,2024-06-20,0000950170-24-075605,orcl-20240531.htm,v14 (scripts/60_xbrl_metric_engine.py),pretax_income,True,PASS,11741000000.0,iso4217:USD,C_6b80b0ed-ad46-419f-9d80-36739c35988b,2023-06-01,2024-05-31,orcl:IncomeLossFromContinuingOperationsIncludingNoncontrollingInterestBeforeIncomeTaxesExtraordinaryItems,Income before income taxes,100030 - Statement - CONSOLIDATED STATEMENTS OF OPERATIONS,plain,False,,
ORCL,ORACLE CORP,1341439,10-K,2024-05-31,2024,2023-05-31,2024-06-20,0000950170-24-075605,orcl-20240531.htm,v14 (scripts/60_xbrl_metric_engine.py),revenue,True,PASS,52961000000.0,iso4217:USD,C_6b80b0ed-ad46-419f-9d80-36739c35988b,2023-06-01,2024-05-31,us-gaap:RevenueFromContractWithCustomerExcludingAssessedTax,Total revenues,100030 - Statement - CONSOLIDATED STATEMENTS OF OPERATIONS,plain,False,,
ORCL,ORACLE CORP,1341439,10-K,2024-05-31,2024,2023-05-31,2024-06-20,0000950170-24-075605,orcl-20240531.htm,v14 (scripts/60_xbrl_metric_engine.py),short_term_investments,True,PASS,207000000.0,iso4217:USD,C_8b38d07e-7182-4ebc-9787-e25717cdb910,2024-05-31,2024-05-31,us-gaap:AvailableForSaleSecuritiesDebtSecuritiesCurrent,Marketable securities,100010 - Statement - CONSOLIDATED BALANCE SHEETS,plain,False,,
ORCL,ORACLE CORP,1341439,10-K,2024-05-31,2024,2023-05-31,2024-06-20,0000950170-24-075605,orcl-20240531.htm,v14 (scripts/60_xbrl_metric_engine.py),stockholders_equity,True,PASS,9239000000.0,iso4217:USD,C_8b38d07e-7182-4ebc-9787-e25717cdb910,2024-05-31,2024-05-31,us-gaap:StockholdersEquityIncludingPortionAttributableToNoncontrollingInterest,Total stockholders' equity,100010 - Statement - CONSOLIDATED BALANCE SHEETS,plain,False,,
ORCL,ORACLE CORP,1341439,10-K,2024-05-31,2024,2023-05-31,2024-06-20,0000950170-24-075605,orcl-20240531.htm,v14 (scripts/60_xbrl_metric_engine.py),total_debt_explicit,False,REVIEW_REQUIRED,,,,,,,,,,False,,לא נמצאה אף שורת 'total_debt_explicit' בתוך Statement role ראשי התואם לכללי ה-Role של המדד.
ORCL,ORACLE CORP,1341439,10-K,2024-05-31,2024,2023-05-31,2024-06-20,0000950170-24-075605,orcl-20240531.htm,v14 (scripts/60_xbrl_metric_engine.py),cash_and_equivalents_prior,False,PASS,9765000000.0,iso4217:USD,C_1b9c57ad-91ce-4760-91bd-8062cb0cdda7,2023-05-31,2023-05-31,us-gaap:CashAndCashEquivalentsAtCarryingValue,Cash and cash equivalents,100010 - Statement - CONSOLIDATED BALANCE SHEETS,plain,False,,
ORCL,ORACLE CORP,1341439,10-K,2024-05-31,2024,2023-05-31,2024-06-20,0000950170-24-075605,orcl-20240531.htm,v14 (scripts/60_xbrl_metric_engine.py),current_debt_prior,False,PASS,4061000000.0,iso4217:USD,C_1b9c57ad-91ce-4760-91bd-8062cb0cdda7,2023-05-31,2023-05-31,us-gaap:NotesPayableCurrent,"Notes payable and other borrowings, current",100010 - Statement - CONSOLIDATED BALANCE SHEETS,sum_of_sibling_components,False,,
ORCL,ORACLE CORP,1341439,10-K,2024-05-31,2024,2023-05-31,2024-06-20,0000950170-24-075605,orcl-20240531.htm,v14 (scripts/60_xbrl_metric_engine.py),long_term_debt_prior,False,PASS,86420000000.0,iso4217:USD,C_1b9c57ad-91ce-4760-91bd-8062cb0cdda7,2023-05-31,2023-05-31,us-gaap:LongTermNotesAndLoans,"Notes payable and other borrowings, non-current",100010 - Statement - CONSOLIDATED BALANCE SHEETS,plain,False,,
ORCL,ORACLE CORP,1341439,10-K,2024-05-31,2024,2023-05-31,2024-06-20,0000950170-24-075605,orcl-20240531.htm,v14 (scripts/60_xbrl_metric_engine.py),short_term_investments_prior,False,PASS,422000000.0,iso4217:USD,C_1b9c57ad-91ce-4760-91bd-8062cb0cdda7,2023-05-31,2023-05-31,us-gaap:AvailableForSaleSecuritiesDebtSecuritiesCurrent,Marketable securities,100010 - Statement - CONSOLIDATED BALANCE SHEETS,plain,False,,
ORCL,ORACLE CORP,1341439,10-K,2024-05-31,2024,2023-05-31,2024-06-20,0000950170-24-075605,orcl-20240531.htm,v14 (scripts/60_xbrl_metric_engine.py),stockholders_equity_prior,False,PASS,1556000000.0,iso4217:USD,C_1b9c57ad-91ce-4760-91bd-8062cb0cdda7,2023-05-31,2023-05-31,us-gaap:StockholdersEquityIncludingPortionAttributableToNoncontrollingInterest,Total stockholders' equity,100010 - Statement - CONSOLIDATED BALANCE SHEETS,plain,False,,
ORCL,ORACLE CORP,1341439,10-K,2024-05-31,2024,2023-05-31,2024-06-20,0000950170-24-075605,orcl-20240531.htm,v14 (scripts/60_xbrl_metric_engine.py),total_debt_explicit_prior,False,REVIEW_REQUIRED,,,,,,,,,,False,,לא נמצאה אף שורת 'total_debt_explicit' בתוך Statement role ראשי התואם לכללי ה-Role של המדד.
ORCL,ORACLE CORP,1341439,10-K,2024-05-31,2024,2023-05-31,2024-06-20,0000950170-24-075605,orcl-20240531.htm,v14 (scripts/60_xbrl_metric_engine.py),effective_tax_rate,True,PASS,0.10850864491951281,ratio,,2023-06-01,2024-05-31,,,,,True,income_tax_expense / pretax_income,
ORCL,ORACLE CORP,1341439,10-K,2024-05-31,2024,2023-05-31,2024-06-20,0000950170-24-075605,orcl-20240531.htm,v14 (scripts/60_xbrl_metric_engine.py),total_debt,True,PASS,86869000000.0,iso4217:USD,,2024-05-31,2024-05-31,,,,,True,current_debt + long_term_debt (no unambiguous direct aggregate Total Debt row found — explicit-row status: REVIEW_REQUIRED),
ORCL,ORACLE CORP,1341439,10-K,2024-05-31,2024,2023-05-31,2024-06-20,0000950170-24-075605,orcl-20240531.htm,v14 (scripts/60_xbrl_metric_engine.py),total_debt_prior,False,PASS,90481000000.0,iso4217:USD,,2023-05-31,2023-05-31,,,,,True,current_debt_prior + long_term_debt_prior (no unambiguous direct aggregate Total Debt row found — explicit-row status: REVIEW_REQUIRED),
ORCL,ORACLE CORP,1341439,10-K,2024-05-31,2024,2023-05-31,2024-06-20,0000950170-24-075605,orcl-20240531.htm,v14 (scripts/60_xbrl_metric_engine.py),adjusted_net_debt,True,PASS,76208000000.0,iso4217:USD,,2024-05-31,2024-05-31,,,,,True,total_debt - cash_and_equivalents - short_term_investments,
ORCL,ORACLE CORP,1341439,10-K,2024-05-31,2024,2023-05-31,2024-06-20,0000950170-24-075605,orcl-20240531.htm,v14 (scripts/60_xbrl_metric_engine.py),free_cash_flow,True,PASS,11807000000.0,iso4217:USD,,2023-06-01,2024-05-31,,,,,True,operating_cash_flow - capex,
ORCL,ORACLE CORP,1341439,10-K,2024-05-31,2024,2023-05-31,2024-06-20,0000950170-24-075605,orcl-20240531.htm,v14 (scripts/60_xbrl_metric_engine.py),invested_capital,True,PASS,85447000000.0,iso4217:USD,,2024-05-31,2024-05-31,,,,,True,total_debt + stockholders_equity - cash_and_equivalents - short_term_investments,
ORCL,ORACLE CORP,1341439,10-K,2024-05-31,2024,2023-05-31,2024-06-20,0000950170-24-075605,orcl-20240531.htm,v14 (scripts/60_xbrl_metric_engine.py),invested_capital_prior,False,PASS,81850000000.0,iso4217:USD,,2023-05-31,2023-05-31,,,,,True,total_debt_prior + stockholders_equity_prior - cash_and_equivalents_prior - short_term_investments_prior,
ORCL,ORACLE CORP,1341439,10-K,2024-05-31,2024,2023-05-31,2024-06-20,0000950170-24-075605,orcl-20240531.htm,v14 (scripts/60_xbrl_metric_engine.py),nopat,True,PASS,13687066774.55072,iso4217:USD,,2023-06-01,2024-05-31,,,,,True,operating_income * (1 - effective_tax_rate),
ORCL,ORACLE CORP,1341439,10-K,2024-05-31,2024,2023-05-31,2024-06-20,0000950170-24-075605,orcl-20240531.htm,v14 (scripts/60_xbrl_metric_engine.py),average_invested_capital,True,PASS,83648500000.0,iso4217:USD,,2023-05-31,2024-05-31,,,,,True,(invested_capital + invested_capital_prior) / 2,
ORCL,ORACLE CORP,1341439,10-K,2024-05-31,2024,2023-05-31,2024-06-20,0000950170-24-075605,orcl-20240531.htm,v14 (scripts/60_xbrl_metric_engine.py),roic,True,PASS,0.16362596788407108,ratio,,2023-05-31,2024-05-31,,,,,True,nopat / average_invested_capital,
MSFT,MICROSOFT CORP,789019,10-K,2020-06-30,2020,2019-06-30,2020-07-30,0001564590-20-034944,msft-10k_20200630.htm,v14 (scripts/60_xbrl_metric_engine.py),capex,True,PASS,15441000000.0,iso4217:USD,C_0000789019_20190701_20200630,2019-07-01,2020-06-30,us-gaap:PaymentsToAcquirePropertyPlantAndEquipment,Additions to property and equipment,100050 - Statement - CASH FLOWS STATEMENTS,plain,False,,
MSFT,MICROSOFT CORP,789019,10-K,2020-06-30,2020,2019-06-30,2020-07-30,0001564590-20-034944,msft-10k_20200630.htm,v14 (scripts/60_xbrl_metric_engine.py),cash_and_equivalents,True,PASS,13576000000.0,iso4217:USD,C_0000789019_20200630,2020-06-30,2020-06-30,us-gaap:CashAndCashEquivalentsAtCarryingValue,Cash and cash equivalents,100030 - Statement - BALANCE SHEETS,plain,False,,
MSFT,MICROSOFT CORP,789019,10-K,2020-06-30,2020,2019-06-30,2020-07-30,0001564590-20-034944,msft-10k_20200630.htm,v14 (scripts/60_xbrl_metric_engine.py),current_debt,True,PASS,3749000000.0,iso4217:USD,C_0000789019_20200630,2020-06-30,2020-06-30,us-gaap:LongTermDebtCurrent,Current portion of long-term debt,100030 - Statement - BALANCE SHEETS,sum_of_sibling_components,False,,
MSFT,MICROSOFT CORP,789019,10-K,2020-06-30,2020,2019-06-30,2020-07-30,0001564590-20-034944,msft-10k_20200630.htm,v14 (scripts/60_xbrl_metric_engine.py),income_tax_expense,True,PASS,8755000000.0,iso4217:USD,C_0000789019_20190701_20200630,2019-07-01,2020-06-30,us-gaap:IncomeTaxExpenseBenefit,Provision for income taxes,100010 - Statement - INCOME STATEMENTS,plain,False,,
MSFT,MICROSOFT CORP,789019,10-K,2020-06-30,2020,2019-06-30,2020-07-30,0001564590-20-034944,msft-10k_20200630.htm,v14 (scripts/60_xbrl_metric_engine.py),long_term_debt,True,PASS,59578000000.0,iso4217:USD,C_0000789019_20200630,2020-06-30,2020-06-30,us-gaap:LongTermDebtNoncurrent,Long-term debt,100030 - Statement - BALANCE SHEETS,plain,False,,
MSFT,MICROSOFT CORP,789019,10-K,2020-06-30,2020,2019-06-30,2020-07-30,0001564590-20-034944,msft-10k_20200630.htm,v14 (scripts/60_xbrl_metric_engine.py),net_income,True,PASS,44281000000.0,iso4217:USD,C_0000789019_20190701_20200630,2019-07-01,2020-06-30,us-gaap:NetIncomeLoss,Net income,100010 - Statement - INCOME STATEMENTS,plain,False,,
MSFT,MICROSOFT CORP,789019,10-K,2020-06-30,2020,2019-06-30,2020-07-30,0001564590-20-034944,msft-10k_20200630.htm,v14 (scripts/60_xbrl_metric_engine.py),operating_cash_flow,True,PASS,60675000000.0,iso4217:USD,C_0000789019_20190701_20200630,2019-07-01,2020-06-30,us-gaap:NetCashProvidedByUsedInOperatingActivities,Net cash from operations,100050 - Statement - CASH FLOWS STATEMENTS,plain,False,,
MSFT,MICROSOFT CORP,789019,10-K,2020-06-30,2020,2019-06-30,2020-07-30,0001564590-20-034944,msft-10k_20200630.htm,v14 (scripts/60_xbrl_metric_engine.py),operating_income,True,PASS,52959000000.0,iso4217:USD,C_0000789019_20190701_20200630,2019-07-01,2020-06-30,us-gaap:OperatingIncomeLoss,Operating income,100010 - Statement - INCOME STATEMENTS,plain,False,,
MSFT,MICROSOFT CORP,789019,10-K,2020-06-30,2020,2019-06-30,2020-07-30,0001564590-20-034944,msft-10k_20200630.htm,v14 (scripts/60_xbrl_metric_engine.py),pretax_income,True,PASS,53036000000.0,iso4217:USD,C_0000789019_20190701_20200630,2019-07-01,2020-06-30,us-gaap:IncomeLossFromContinuingOperationsBeforeIncomeTaxesMinorityInterestAndIncomeLossFromEquityMethodInvestments,Income before income taxes,100010 - Statement - INCOME STATEMENTS,plain,False,,
MSFT,MICROSOFT CORP,789019,10-K,2020-06-30,2020,2019-06-30,2020-07-30,0001564590-20-034944,msft-10k_20200630.htm,v14 (scripts/60_xbrl_metric_engine.py),revenue,True,PASS,143015000000.0,iso4217:USD,C_0000789019_20190701_20200630,2019-07-01,2020-06-30,us-gaap:RevenueFromContractWithCustomerExcludingAssessedTax,Revenue,100010 - Statement - INCOME STATEMENTS,plain,False,,
MSFT,MICROSOFT CORP,789019,10-K,2020-06-30,2020,2019-06-30,2020-07-30,0001564590-20-034944,msft-10k_20200630.htm,v14 (scripts/60_xbrl_metric_engine.py),short_term_investments,True,PASS,122951000000.0,iso4217:USD,C_0000789019_20200630,2020-06-30,2020-06-30,us-gaap:ShortTermInvestments,Short-term investments,100030 - Statement - BALANCE SHEETS,plain,False,,
MSFT,MICROSOFT CORP,789019,10-K,2020-06-30,2020,2019-06-30,2020-07-30,0001564590-20-034944,msft-10k_20200630.htm,v14 (scripts/60_xbrl_metric_engine.py),stockholders_equity,True,PASS,118304000000.0,iso4217:USD,C_0000789019_20200630,2020-06-30,2020-06-30,us-gaap:StockholdersEquity,Total stockholders’ equity,100030 - Statement - BALANCE SHEETS,plain,False,,
MSFT,MICROSOFT CORP,789019,10-K,2020-06-30,2020,2019-06-30,2020-07-30,0001564590-20-034944,msft-10k_20200630.htm,v14 (scripts/60_xbrl_metric_engine.py),total_debt_explicit,False,REVIEW_REQUIRED,,,,,,,,,,False,,לא נמצאה אף שורת 'total_debt_explicit' בתוך Statement role ראשי התואם לכללי ה-Role של המדד.
MSFT,MICROSOFT CORP,789019,10-K,2020-06-30,2020,2019-06-30,2020-07-30,0001564590-20-034944,msft-10k_20200630.htm,v14 (scripts/60_xbrl_metric_engine.py),cash_and_equivalents_prior,False,PASS,11356000000.0,iso4217:USD,C_0000789019_20190630,2019-06-30,2019-06-30,us-gaap:CashAndCashEquivalentsAtCarryingValue,Cash and cash equivalents,100030 - Statement - BALANCE SHEETS,plain,False,,
MSFT,MICROSOFT CORP,789019,10-K,2020-06-30,2020,2019-06-30,2020-07-30,0001564590-20-034944,msft-10k_20200630.htm,v14 (scripts/60_xbrl_metric_engine.py),current_debt_prior,False,PASS,5516000000.0,iso4217:USD,C_0000789019_20190630,2019-06-30,2019-06-30,us-gaap:LongTermDebtCurrent,Current portion of long-term debt,100030 - Statement - BALANCE SHEETS,sum_of_sibling_components,False,,
MSFT,MICROSOFT CORP,789019,10-K,2020-06-30,2020,2019-06-30,2020-07-30,0001564590-20-034944,msft-10k_20200630.htm,v14 (scripts/60_xbrl_metric_engine.py),long_term_debt_prior,False,PASS,66662000000.0,iso4217:USD,C_0000789019_20190630,2019-06-30,2019-06-30,us-gaap:LongTermDebtNoncurrent,Long-term debt,100030 - Statement - BALANCE SHEETS,plain,False,,
MSFT,MICROSOFT CORP,789019,10-K,2020-06-30,2020,2019-06-30,2020-07-30,0001564590-20-034944,msft-10k_20200630.htm,v14 (scripts/60_xbrl_metric_engine.py),short_term_investments_prior,False,PASS,122463000000.0,iso4217:USD,C_0000789019_20190630,2019-06-30,2019-06-30,us-gaap:ShortTermInvestments,Short-term investments,100030 - Statement - BALANCE SHEETS,plain,False,,
MSFT,MICROSOFT CORP,789019,10-K,2020-06-30,2020,2019-06-30,2020-07-30,0001564590-20-034944,msft-10k_20200630.htm,v14 (scripts/60_xbrl_metric_engine.py),stockholders_equity_prior,False,PASS,102330000000.0,iso4217:USD,C_0000789019_20190630,2019-06-30,2019-06-30,us-gaap:StockholdersEquity,Total stockholders’ equity,100030 - Statement - BALANCE SHEETS,plain,False,,
MSFT,MICROSOFT CORP,789019,10-K,2020-06-30,2020,2019-06-30,2020-07-30,0001564590-20-034944,msft-10k_20200630.htm,v14 (scripts/60_xbrl_metric_engine.py),total_debt_explicit_prior,False,REVIEW_REQUIRED,,,,,,,,,,False,,לא נמצאה אף שורת 'total_debt_explicit' בתוך Statement role ראשי התואם לכללי ה-Role של המדד.
MSFT,MICROSOFT CORP,789019,10-K,2020-06-30,2020,2019-06-30,2020-07-30,0001564590-20-034944,msft-10k_20200630.htm,v14 (scripts/60_xbrl_metric_engine.py),effective_tax_rate,True,PASS,0.16507655177615205,ratio,,2019-07-01,2020-06-30,,,,,True,income_tax_expense / pretax_income,
MSFT,MICROSOFT CORP,789019,10-K,2020-06-30,2020,2019-06-30,2020-07-30,0001564590-20-034944,msft-10k_20200630.htm,v14 (scripts/60_xbrl_metric_engine.py),total_debt,True,PASS,63327000000.0,iso4217:USD,,2020-06-30,2020-06-30,,,,,True,current_debt + long_term_debt (no unambiguous direct aggregate Total Debt row found — explicit-row status: REVIEW_REQUIRED),
MSFT,MICROSOFT CORP,789019,10-K,2020-06-30,2020,2019-06-30,2020-07-30,0001564590-20-034944,msft-10k_20200630.htm,v14 (scripts/60_xbrl_metric_engine.py),total_debt_prior,False,PASS,72178000000.0,iso4217:USD,,2019-06-30,2019-06-30,,,,,True,current_debt_prior + long_term_debt_prior (no unambiguous direct aggregate Total Debt row found — explicit-row status: REVIEW_REQUIRED),
MSFT,MICROSOFT CORP,789019,10-K,2020-06-30,2020,2019-06-30,2020-07-30,0001564590-20-034944,msft-10k_20200630.htm,v14 (scripts/60_xbrl_metric_engine.py),adjusted_net_debt,True,PASS,-73200000000.0,iso4217:USD,,2020-06-30,2020-06-30,,,,,True,total_debt - cash_and_equivalents - short_term_investments,
MSFT,MICROSOFT CORP,789019,10-K,2020-06-30,2020,2019-06-30,2020-07-30,0001564590-20-034944,msft-10k_20200630.htm,v14 (scripts/60_xbrl_metric_engine.py),free_cash_flow,True,PASS,45234000000.0,iso4217:USD,,2019-07-01,2020-06-30,,,,,True,operating_cash_flow - capex,
MSFT,MICROSOFT CORP,789019,10-K,2020-06-30,2020,2019-06-30,2020-07-30,0001564590-20-034944,msft-10k_20200630.htm,v14 (scripts/60_xbrl_metric_engine.py),invested_capital,True,PASS,45104000000.0,iso4217:USD,,2020-06-30,2020-06-30,,,,,True,total_debt + stockholders_equity - cash_and_equivalents - short_term_investments,
MSFT,MICROSOFT CORP,789019,10-K,2020-06-30,2020,2019-06-30,2020-07-30,0001564590-20-034944,msft-10k_20200630.htm,v14 (scripts/60_xbrl_metric_engine.py),invested_capital_prior,False,PASS,40689000000.0,iso4217:USD,,2019-06-30,2019-06-30,,,,,True,total_debt_prior + stockholders_equity_prior - cash_and_equivalents_prior - short_term_investments_prior,
MSFT,MICROSOFT CORP,789019,10-K,2020-06-30,2020,2019-06-30,2020-07-30,0001564590-20-034944,msft-10k_20200630.htm,v14 (scripts/60_xbrl_metric_engine.py),nopat,True,PASS,44216710894.48676,iso4217:USD,,2019-07-01,2020-06-30,,,,,True,operating_income * (1 - effective_tax_rate),
MSFT,MICROSOFT CORP,789019,10-K,2020-06-30,2020,2019-06-30,2020-07-30,0001564590-20-034944,msft-10k_20200630.htm,v14 (scripts/60_xbrl_metric_engine.py),average_invested_capital,True,PASS,42896500000.0,iso4217:USD,,2019-06-30,2020-06-30,,,,,True,(invested_capital + invested_capital_prior) / 2,
MSFT,MICROSOFT CORP,789019,10-K,2020-06-30,2020,2019-06-30,2020-07-30,0001564590-20-034944,msft-10k_20200630.htm,v14 (scripts/60_xbrl_metric_engine.py),roic,True,PASS,1.0307766576407578,ratio,,2019-06-30,2020-06-30,,,,,True,nopat / average_invested_capital,
MSFT,MICROSOFT CORP,789019,10-K,2021-06-30,2021,2020-06-30,2021-07-29,0001564590-21-039151,msft-10k_20210630.htm,v14 (scripts/60_xbrl_metric_engine.py),capex,True,PASS,20622000000.0,iso4217:USD,C_0000789019_20200701_20210630,2020-07-01,2021-06-30,us-gaap:PaymentsToAcquirePropertyPlantAndEquipment,Additions to property and equipment,100050 - Statement - CASH FLOWS STATEMENTS,plain,False,,
MSFT,MICROSOFT CORP,789019,10-K,2021-06-30,2021,2020-06-30,2021-07-29,0001564590-21-039151,msft-10k_20210630.htm,v14 (scripts/60_xbrl_metric_engine.py),cash_and_equivalents,True,PASS,14224000000.0,iso4217:USD,C_0000789019_20210630,2021-06-30,2021-06-30,us-gaap:CashAndCashEquivalentsAtCarryingValue,Cash and cash equivalents,100030 - Statement - BALANCE SHEETS,plain,False,,
MSFT,MICROSOFT CORP,789019,10-K,2021-06-30,2021,2020-06-30,2021-07-29,0001564590-21-039151,msft-10k_20210630.htm,v14 (scripts/60_xbrl_metric_engine.py),current_debt,True,PASS,8072000000.0,iso4217:USD,C_0000789019_20210630,2021-06-30,2021-06-30,us-gaap:LongTermDebtCurrent,Current portion of long-term debt,100030 - Statement - BALANCE SHEETS,sum_of_sibling_components,False,,
MSFT,MICROSOFT CORP,789019,10-K,2021-06-30,2021,2020-06-30,2021-07-29,0001564590-21-039151,msft-10k_20210630.htm,v14 (scripts/60_xbrl_metric_engine.py),income_tax_expense,True,PASS,9831000000.0,iso4217:USD,C_0000789019_20200701_20210630,2020-07-01,2021-06-30,us-gaap:IncomeTaxExpenseBenefit,Provision for income taxes,100010 - Statement - INCOME STATEMENTS,plain,False,,
MSFT,MICROSOFT CORP,789019,10-K,2021-06-30,2021,2020-06-30,2021-07-29,0001564590-21-039151,msft-10k_20210630.htm,v14 (scripts/60_xbrl_metric_engine.py),long_term_debt,True,PASS,50074000000.0,iso4217:USD,C_0000789019_20210630,2021-06-30,2021-06-30,us-gaap:LongTermDebtNoncurrent,Long-term debt,100030 - Statement - BALANCE SHEETS,plain,False,,
MSFT,MICROSOFT CORP,789019,10-K,2021-06-30,2021,2020-06-30,2021-07-29,0001564590-21-039151,msft-10k_20210630.htm,v14 (scripts/60_xbrl_metric_engine.py),net_income,True,PASS,61271000000.0,iso4217:USD,C_0000789019_20200701_20210630,2020-07-01,2021-06-30,us-gaap:NetIncomeLoss,Net income,100010 - Statement - INCOME STATEMENTS,plain,False,,
MSFT,MICROSOFT CORP,789019,10-K,2021-06-30,2021,2020-06-30,2021-07-29,0001564590-21-039151,msft-10k_20210630.htm,v14 (scripts/60_xbrl_metric_engine.py),operating_cash_flow,True,PASS,76740000000.0,iso4217:USD,C_0000789019_20200701_20210630,2020-07-01,2021-06-30,us-gaap:NetCashProvidedByUsedInOperatingActivities,Net cash from operations,100050 - Statement - CASH FLOWS STATEMENTS,plain,False,,
MSFT,MICROSOFT CORP,789019,10-K,2021-06-30,2021,2020-06-30,2021-07-29,0001564590-21-039151,msft-10k_20210630.htm,v14 (scripts/60_xbrl_metric_engine.py),operating_income,True,PASS,69916000000.0,iso4217:USD,C_0000789019_20200701_20210630,2020-07-01,2021-06-30,us-gaap:OperatingIncomeLoss,Operating income,100010 - Statement - INCOME STATEMENTS,plain,False,,
MSFT,MICROSOFT CORP,789019,10-K,2021-06-30,2021,2020-06-30,2021-07-29,0001564590-21-039151,msft-10k_20210630.htm,v14 (scripts/60_xbrl_metric_engine.py),pretax_income,True,PASS,71102000000.0,iso4217:USD,C_0000789019_20200701_20210630,2020-07-01,2021-06-30,us-gaap:IncomeLossFromContinuingOperationsBeforeIncomeTaxesMinorityInterestAndIncomeLossFromEquityMethodInvestments,Income before income taxes,100010 - Statement - INCOME STATEMENTS,plain,False,,
MSFT,MICROSOFT CORP,789019,10-K,2021-06-30,2021,2020-06-30,2021-07-29,0001564590-21-039151,msft-10k_20210630.htm,v14 (scripts/60_xbrl_metric_engine.py),revenue,True,PASS,168088000000.0,iso4217:USD,C_0000789019_20200701_20210630,2020-07-01,2021-06-30,us-gaap:RevenueFromContractWithCustomerExcludingAssessedTax,Revenue,100010 - Statement - INCOME STATEMENTS,plain,False,,
MSFT,MICROSOFT CORP,789019,10-K,2021-06-30,2021,2020-06-30,2021-07-29,0001564590-21-039151,msft-10k_20210630.htm,v14 (scripts/60_xbrl_metric_engine.py),short_term_investments,True,PASS,116110000000.0,iso4217:USD,C_0000789019_20210630,2021-06-30,2021-06-30,us-gaap:ShortTermInvestments,Short-term investments,100030 - Statement - BALANCE SHEETS,plain,False,,
MSFT,MICROSOFT CORP,789019,10-K,2021-06-30,2021,2020-06-30,2021-07-29,0001564590-21-039151,msft-10k_20210630.htm,v14 (scripts/60_xbrl_metric_engine.py),stockholders_equity,True,PASS,141988000000.0,iso4217:USD,C_0000789019_20210630,2021-06-30,2021-06-30,us-gaap:StockholdersEquity,Total stockholders’ equity,100030 - Statement - BALANCE SHEETS,plain,False,,
MSFT,MICROSOFT CORP,789019,10-K,2021-06-30,2021,2020-06-30,2021-07-29,0001564590-21-039151,msft-10k_20210630.htm,v14 (scripts/60_xbrl_metric_engine.py),total_debt_explicit,False,REVIEW_REQUIRED,,,,,,,,,,False,,לא נמצאה אף שורת 'total_debt_explicit' בתוך Statement role ראשי התואם לכללי ה-Role של המדד.
MSFT,MICROSOFT CORP,789019,10-K,2021-06-30,2021,2020-06-30,2021-07-29,0001564590-21-039151,msft-10k_20210630.htm,v14 (scripts/60_xbrl_metric_engine.py),cash_and_equivalents_prior,False,PASS,13576000000.0,iso4217:USD,C_0000789019_20200630,2020-06-30,2020-06-30,us-gaap:CashAndCashEquivalentsAtCarryingValue,Cash and cash equivalents,100030 - Statement - BALANCE SHEETS,plain,False,,
MSFT,MICROSOFT CORP,789019,10-K,2021-06-30,2021,2020-06-30,2021-07-29,0001564590-21-039151,msft-10k_20210630.htm,v14 (scripts/60_xbrl_metric_engine.py),current_debt_prior,False,PASS,3749000000.0,iso4217:USD,C_0000789019_20200630,2020-06-30,2020-06-30,us-gaap:LongTermDebtCurrent,Current portion of long-term debt,100030 - Statement - BALANCE SHEETS,sum_of_sibling_components,False,,
MSFT,MICROSOFT CORP,789019,10-K,2021-06-30,2021,2020-06-30,2021-07-29,0001564590-21-039151,msft-10k_20210630.htm,v14 (scripts/60_xbrl_metric_engine.py),long_term_debt_prior,False,PASS,59578000000.0,iso4217:USD,C_0000789019_20200630,2020-06-30,2020-06-30,us-gaap:LongTermDebtNoncurrent,Long-term debt,100030 - Statement - BALANCE SHEETS,plain,False,,
MSFT,MICROSOFT CORP,789019,10-K,2021-06-30,2021,2020-06-30,2021-07-29,0001564590-21-039151,msft-10k_20210630.htm,v14 (scripts/60_xbrl_metric_engine.py),short_term_investments_prior,False,PASS,122951000000.0,iso4217:USD,C_0000789019_20200630,2020-06-30,2020-06-30,us-gaap:ShortTermInvestments,Short-term investments,100030 - Statement - BALANCE SHEETS,plain,False,,
MSFT,MICROSOFT CORP,789019,10-K,2021-06-30,2021,2020-06-30,2021-07-29,0001564590-21-039151,msft-10k_20210630.htm,v14 (scripts/60_xbrl_metric_engine.py),stockholders_equity_prior,False,PASS,118304000000.0,iso4217:USD,C_0000789019_20200630,2020-06-30,2020-06-30,us-gaap:StockholdersEquity,Total stockholders’ equity,100030 - Statement - BALANCE SHEETS,plain,False,,
MSFT,MICROSOFT CORP,789019,10-K,2021-06-30,2021,2020-06-30,2021-07-29,0001564590-21-039151,msft-10k_20210630.htm,v14 (scripts/60_xbrl_metric_engine.py),total_debt_explicit_prior,False,REVIEW_REQUIRED,,,,,,,,,,False,,לא נמצאה אף שורת 'total_debt_explicit' בתוך Statement role ראשי התואם לכללי ה-Role של המדד.
MSFT,MICROSOFT CORP,789019,10-K,2021-06-30,2021,2020-06-30,2021-07-29,0001564590-21-039151,msft-10k_20210630.htm,v14 (scripts/60_xbrl_metric_engine.py),effective_tax_rate,True,PASS,0.13826615285083402,ratio,,2020-07-01,2021-06-30,,,,,True,income_tax_expense / pretax_income,
MSFT,MICROSOFT CORP,789019,10-K,2021-06-30,2021,2020-06-30,2021-07-29,0001564590-21-039151,msft-10k_20210630.htm,v14 (scripts/60_xbrl_metric_engine.py),total_debt,True,PASS,58146000000.0,iso4217:USD,,2021-06-30,2021-06-30,,,,,True,current_debt + long_term_debt (no unambiguous direct aggregate Total Debt row found — explicit-row status: REVIEW_REQUIRED),
MSFT,MICROSOFT CORP,789019,10-K,2021-06-30,2021,2020-06-30,2021-07-29,0001564590-21-039151,msft-10k_20210630.htm,v14 (scripts/60_xbrl_metric_engine.py),total_debt_prior,False,PASS,63327000000.0,iso4217:USD,,2020-06-30,2020-06-30,,,,,True,current_debt_prior + long_term_debt_prior (no unambiguous direct aggregate Total Debt row found — explicit-row status: REVIEW_REQUIRED),
MSFT,MICROSOFT CORP,789019,10-K,2021-06-30,2021,2020-06-30,2021-07-29,0001564590-21-039151,msft-10k_20210630.htm,v14 (scripts/60_xbrl_metric_engine.py),adjusted_net_debt,True,PASS,-72188000000.0,iso4217:USD,,2021-06-30,2021-06-30,,,,,True,total_debt - cash_and_equivalents - short_term_investments,
MSFT,MICROSOFT CORP,789019,10-K,2021-06-30,2021,2020-06-30,2021-07-29,0001564590-21-039151,msft-10k_20210630.htm,v14 (scripts/60_xbrl_metric_engine.py),free_cash_flow,True,PASS,56118000000.0,iso4217:USD,,2020-07-01,2021-06-30,,,,,True,operating_cash_flow - capex,
MSFT,MICROSOFT CORP,789019,10-K,2021-06-30,2021,2020-06-30,2021-07-29,0001564590-21-039151,msft-10k_20210630.htm,v14 (scripts/60_xbrl_metric_engine.py),invested_capital,True,PASS,69800000000.0,iso4217:USD,,2021-06-30,2021-06-30,,,,,True,total_debt + stockholders_equity - cash_and_equivalents - short_term_investments,
MSFT,MICROSOFT CORP,789019,10-K,2021-06-30,2021,2020-06-30,2021-07-29,0001564590-21-039151,msft-10k_20210630.htm,v14 (scripts/60_xbrl_metric_engine.py),invested_capital_prior,False,PASS,45104000000.0,iso4217:USD,,2020-06-30,2020-06-30,,,,,True,total_debt_prior + stockholders_equity_prior - cash_and_equivalents_prior - short_term_investments_prior,
MSFT,MICROSOFT CORP,789019,10-K,2021-06-30,2021,2020-06-30,2021-07-29,0001564590-21-039151,msft-10k_20210630.htm,v14 (scripts/60_xbrl_metric_engine.py),nopat,True,PASS,60248983657.28109,iso4217:USD,,2020-07-01,2021-06-30,,,,,True,operating_income * (1 - effective_tax_rate),
MSFT,MICROSOFT CORP,789019,10-K,2021-06-30,2021,2020-06-30,2021-07-29,0001564590-21-039151,msft-10k_20210630.htm,v14 (scripts/60_xbrl_metric_engine.py),average_invested_capital,True,PASS,57452000000.0,iso4217:USD,,2020-06-30,2021-06-30,,,,,True,(invested_capital + invested_capital_prior) / 2,
MSFT,MICROSOFT CORP,789019,10-K,2021-06-30,2021,2020-06-30,2021-07-29,0001564590-21-039151,msft-10k_20210630.htm,v14 (scripts/60_xbrl_metric_engine.py),roic,True,PASS,1.0486838344580012,ratio,,2020-06-30,2021-06-30,,,,,True,nopat / average_invested_capital,
MSFT,MICROSOFT CORP,789019,10-K,2022-06-30,2022,2021-06-30,2022-07-28,0001564590-22-026876,msft-10k_20220630.htm,v14 (scripts/60_xbrl_metric_engine.py),capex,True,PASS,23886000000.0,iso4217:USD,C_0000789019_20210701_20220630,2021-07-01,2022-06-30,us-gaap:PaymentsToAcquirePropertyPlantAndEquipment,Additions to property and equipment,100050 - Statement - CASH FLOWS STATEMENTS,plain,False,,
MSFT,MICROSOFT CORP,789019,10-K,2022-06-30,2022,2021-06-30,2022-07-28,0001564590-22-026876,msft-10k_20220630.htm,v14 (scripts/60_xbrl_metric_engine.py),cash_and_equivalents,True,PASS,13931000000.0,iso4217:USD,C_0000789019_20220630,2022-06-30,2022-06-30,us-gaap:CashAndCashEquivalentsAtCarryingValue,Cash and cash equivalents,100030 - Statement - BALANCE SHEETS,plain,False,,
MSFT,MICROSOFT CORP,789019,10-K,2022-06-30,2022,2021-06-30,2022-07-28,0001564590-22-026876,msft-10k_20220630.htm,v14 (scripts/60_xbrl_metric_engine.py),current_debt,True,PASS,2749000000.0,iso4217:USD,C_0000789019_20220630,2022-06-30,2022-06-30,us-gaap:LongTermDebtCurrent,Current portion of long-term debt,100030 - Statement - BALANCE SHEETS,sum_of_sibling_components,False,,
MSFT,MICROSOFT CORP,789019,10-K,2022-06-30,2022,2021-06-30,2022-07-28,0001564590-22-026876,msft-10k_20220630.htm,v14 (scripts/60_xbrl_metric_engine.py),income_tax_expense,True,PASS,10978000000.0,iso4217:USD,C_0000789019_20210701_20220630,2021-07-01,2022-06-30,us-gaap:IncomeTaxExpenseBenefit,Provision for income taxes,100010 - Statement - INCOME STATEMENTS,plain,False,,
MSFT,MICROSOFT CORP,789019,10-K,2022-06-30,2022,2021-06-30,2022-07-28,0001564590-22-026876,msft-10k_20220630.htm,v14 (scripts/60_xbrl_metric_engine.py),long_term_debt,True,PASS,47032000000.0,iso4217:USD,C_0000789019_20220630,2022-06-30,2022-06-30,us-gaap:LongTermDebtNoncurrent,Long-term debt,100030 - Statement - BALANCE SHEETS,plain,False,,
MSFT,MICROSOFT CORP,789019,10-K,2022-06-30,2022,2021-06-30,2022-07-28,0001564590-22-026876,msft-10k_20220630.htm,v14 (scripts/60_xbrl_metric_engine.py),net_income,True,PASS,72738000000.0,iso4217:USD,C_0000789019_20210701_20220630,2021-07-01,2022-06-30,us-gaap:NetIncomeLoss,Net income,100010 - Statement - INCOME STATEMENTS,plain,False,,
MSFT,MICROSOFT CORP,789019,10-K,2022-06-30,2022,2021-06-30,2022-07-28,0001564590-22-026876,msft-10k_20220630.htm,v14 (scripts/60_xbrl_metric_engine.py),operating_cash_flow,True,PASS,89035000000.0,iso4217:USD,C_0000789019_20210701_20220630,2021-07-01,2022-06-30,us-gaap:NetCashProvidedByUsedInOperatingActivities,Net cash from operations,100050 - Statement - CASH FLOWS STATEMENTS,plain,False,,
MSFT,MICROSOFT CORP,789019,10-K,2022-06-30,2022,2021-06-30,2022-07-28,0001564590-22-026876,msft-10k_20220630.htm,v14 (scripts/60_xbrl_metric_engine.py),operating_income,True,PASS,83383000000.0,iso4217:USD,C_0000789019_20210701_20220630,2021-07-01,2022-06-30,us-gaap:OperatingIncomeLoss,Operating income,100010 - Statement - INCOME STATEMENTS,plain,False,,
MSFT,MICROSOFT CORP,789019,10-K,2022-06-30,2022,2021-06-30,2022-07-28,0001564590-22-026876,msft-10k_20220630.htm,v14 (scripts/60_xbrl_metric_engine.py),pretax_income,True,PASS,83716000000.0,iso4217:USD,C_0000789019_20210701_20220630,2021-07-01,2022-06-30,us-gaap:IncomeLossFromContinuingOperationsBeforeIncomeTaxesExtraordinaryItemsNoncontrollingInterest,Income before income taxes,100010 - Statement - INCOME STATEMENTS,plain,False,,
MSFT,MICROSOFT CORP,789019,10-K,2022-06-30,2022,2021-06-30,2022-07-28,0001564590-22-026876,msft-10k_20220630.htm,v14 (scripts/60_xbrl_metric_engine.py),revenue,True,PASS,198270000000.0,iso4217:USD,C_0000789019_20210701_20220630,2021-07-01,2022-06-30,us-gaap:RevenueFromContractWithCustomerExcludingAssessedTax,Revenue,100010 - Statement - INCOME STATEMENTS,plain,False,,
MSFT,MICROSOFT CORP,789019,10-K,2022-06-30,2022,2021-06-30,2022-07-28,0001564590-22-026876,msft-10k_20220630.htm,v14 (scripts/60_xbrl_metric_engine.py),short_term_investments,True,PASS,90826000000.0,iso4217:USD,C_0000789019_20220630,2022-06-30,2022-06-30,us-gaap:ShortTermInvestments,Short-term investments,100030 - Statement - BALANCE SHEETS,plain,False,,
MSFT,MICROSOFT CORP,789019,10-K,2022-06-30,2022,2021-06-30,2022-07-28,0001564590-22-026876,msft-10k_20220630.htm,v14 (scripts/60_xbrl_metric_engine.py),stockholders_equity,True,PASS,166542000000.0,iso4217:USD,C_0000789019_20220630,2022-06-30,2022-06-30,us-gaap:StockholdersEquity,Total stockholders’ equity,100030 - Statement - BALANCE SHEETS,plain,False,,
MSFT,MICROSOFT CORP,789019,10-K,2022-06-30,2022,2021-06-30,2022-07-28,0001564590-22-026876,msft-10k_20220630.htm,v14 (scripts/60_xbrl_metric_engine.py),total_debt_explicit,False,REVIEW_REQUIRED,,,,,,,,,,False,,לא נמצאה אף שורת 'total_debt_explicit' בתוך Statement role ראשי התואם לכללי ה-Role של המדד.
MSFT,MICROSOFT CORP,789019,10-K,2022-06-30,2022,2021-06-30,2022-07-28,0001564590-22-026876,msft-10k_20220630.htm,v14 (scripts/60_xbrl_metric_engine.py),cash_and_equivalents_prior,False,PASS,14224000000.0,iso4217:USD,C_0000789019_20210630,2021-06-30,2021-06-30,us-gaap:CashAndCashEquivalentsAtCarryingValue,Cash and cash equivalents,100030 - Statement - BALANCE SHEETS,plain,False,,
MSFT,MICROSOFT CORP,789019,10-K,2022-06-30,2022,2021-06-30,2022-07-28,0001564590-22-026876,msft-10k_20220630.htm,v14 (scripts/60_xbrl_metric_engine.py),current_debt_prior,False,PASS,8072000000.0,iso4217:USD,C_0000789019_20210630,2021-06-30,2021-06-30,us-gaap:LongTermDebtCurrent,Current portion of long-term debt,100030 - Statement - BALANCE SHEETS,sum_of_sibling_components,False,,
MSFT,MICROSOFT CORP,789019,10-K,2022-06-30,2022,2021-06-30,2022-07-28,0001564590-22-026876,msft-10k_20220630.htm,v14 (scripts/60_xbrl_metric_engine.py),long_term_debt_prior,False,PASS,50074000000.0,iso4217:USD,C_0000789019_20210630,2021-06-30,2021-06-30,us-gaap:LongTermDebtNoncurrent,Long-term debt,100030 - Statement - BALANCE SHEETS,plain,False,,
MSFT,MICROSOFT CORP,789019,10-K,2022-06-30,2022,2021-06-30,2022-07-28,0001564590-22-026876,msft-10k_20220630.htm,v14 (scripts/60_xbrl_metric_engine.py),short_term_investments_prior,False,PASS,116110000000.0,iso4217:USD,C_0000789019_20210630,2021-06-30,2021-06-30,us-gaap:ShortTermInvestments,Short-term investments,100030 - Statement - BALANCE SHEETS,plain,False,,
MSFT,MICROSOFT CORP,789019,10-K,2022-06-30,2022,2021-06-30,2022-07-28,0001564590-22-026876,msft-10k_20220630.htm,v14 (scripts/60_xbrl_metric_engine.py),stockholders_equity_prior,False,PASS,141988000000.0,iso4217:USD,C_0000789019_20210630,2021-06-30,2021-06-30,us-gaap:StockholdersEquity,Total stockholders’ equity,100030 - Statement - BALANCE SHEETS,plain,False,,
MSFT,MICROSOFT CORP,789019,10-K,2022-06-30,2022,2021-06-30,2022-07-28,0001564590-22-026876,msft-10k_20220630.htm,v14 (scripts/60_xbrl_metric_engine.py),total_debt_explicit_prior,False,REVIEW_REQUIRED,,,,,,,,,,False,,לא נמצאה אף שורת 'total_debt_explicit' בתוך Statement role ראשי התואם לכללי ה-Role של המדד.
MSFT,MICROSOFT CORP,789019,10-K,2022-06-30,2022,2021-06-30,2022-07-28,0001564590-22-026876,msft-10k_20220630.htm,v14 (scripts/60_xbrl_metric_engine.py),effective_tax_rate,True,PASS,0.13113383343685794,ratio,,2021-07-01,2022-06-30,,,,,True,income_tax_expense / pretax_income,
MSFT,MICROSOFT CORP,789019,10-K,2022-06-30,2022,2021-06-30,2022-07-28,0001564590-22-026876,msft-10k_20220630.htm,v14 (scripts/60_xbrl_metric_engine.py),total_debt,True,PASS,49781000000.0,iso4217:USD,,2022-06-30,2022-06-30,,,,,True,current_debt + long_term_debt (no unambiguous direct aggregate Total Debt row found — explicit-row status: REVIEW_REQUIRED),
MSFT,MICROSOFT CORP,789019,10-K,2022-06-30,2022,2021-06-30,2022-07-28,0001564590-22-026876,msft-10k_20220630.htm,v14 (scripts/60_xbrl_metric_engine.py),total_debt_prior,False,PASS,58146000000.0,iso4217:USD,,2021-06-30,2021-06-30,,,,,True,current_debt_prior + long_term_debt_prior (no unambiguous direct aggregate Total Debt row found — explicit-row status: REVIEW_REQUIRED),
MSFT,MICROSOFT CORP,789019,10-K,2022-06-30,2022,2021-06-30,2022-07-28,0001564590-22-026876,msft-10k_20220630.htm,v14 (scripts/60_xbrl_metric_engine.py),adjusted_net_debt,True,PASS,-54976000000.0,iso4217:USD,,2022-06-30,2022-06-30,,,,,True,total_debt - cash_and_equivalents - short_term_investments,
MSFT,MICROSOFT CORP,789019,10-K,2022-06-30,2022,2021-06-30,2022-07-28,0001564590-22-026876,msft-10k_20220630.htm,v14 (scripts/60_xbrl_metric_engine.py),free_cash_flow,True,PASS,65149000000.0,iso4217:USD,,2021-07-01,2022-06-30,,,,,True,operating_cash_flow - capex,
MSFT,MICROSOFT CORP,789019,10-K,2022-06-30,2022,2021-06-30,2022-07-28,0001564590-22-026876,msft-10k_20220630.htm,v14 (scripts/60_xbrl_metric_engine.py),invested_capital,True,PASS,111566000000.0,iso4217:USD,,2022-06-30,2022-06-30,,,,,True,total_debt + stockholders_equity - cash_and_equivalents - short_term_investments,
MSFT,MICROSOFT CORP,789019,10-K,2022-06-30,2022,2021-06-30,2022-07-28,0001564590-22-026876,msft-10k_20220630.htm,v14 (scripts/60_xbrl_metric_engine.py),invested_capital_prior,False,PASS,69800000000.0,iso4217:USD,,2021-06-30,2021-06-30,,,,,True,total_debt_prior + stockholders_equity_prior - cash_and_equivalents_prior - short_term_investments_prior,
MSFT,MICROSOFT CORP,789019,10-K,2022-06-30,2022,2021-06-30,2022-07-28,0001564590-22-026876,msft-10k_20220630.htm,v14 (scripts/60_xbrl_metric_engine.py),nopat,True,PASS,72448667566.53447,iso4217:USD,,2021-07-01,2022-06-30,,,,,True,operating_income * (1 - effective_tax_rate),
MSFT,MICROSOFT CORP,789019,10-K,2022-06-30,2022,2021-06-30,2022-07-28,0001564590-22-026876,msft-10k_20220630.htm,v14 (scripts/60_xbrl_metric_engine.py),average_invested_capital,True,PASS,90683000000.0,iso4217:USD,,2021-06-30,2022-06-30,,,,,True,(invested_capital + invested_capital_prior) / 2,
MSFT,MICROSOFT CORP,789019,10-K,2022-06-30,2022,2021-06-30,2022-07-28,0001564590-22-026876,msft-10k_20220630.htm,v14 (scripts/60_xbrl_metric_engine.py),roic,True,PASS,0.7989222628997108,ratio,,2021-06-30,2022-06-30,,,,,True,nopat / average_invested_capital,
MSFT,MICROSOFT CORP,789019,10-K,2023-06-30,2023,2022-06-30,2023-07-27,0000950170-23-035122,msft-20230630.htm,v14 (scripts/60_xbrl_metric_engine.py),capex,True,PASS,28107000000.0,iso4217:USD,C_da7a1266-ce2b-41b7-83ff-bb6e03dc1fa5,2022-07-01,2023-06-30,us-gaap:PaymentsToAcquirePropertyPlantAndEquipment,Additions to property and equipment,100050 - Statement - CASH FLOWS STATEMENTS,plain,False,,
MSFT,MICROSOFT CORP,789019,10-K,2023-06-30,2023,2022-06-30,2023-07-27,0000950170-23-035122,msft-20230630.htm,v14 (scripts/60_xbrl_metric_engine.py),cash_and_equivalents,True,PASS,34704000000.0,iso4217:USD,C_d4129f7a-27bd-4daf-8d40-6ace4c3b7548,2023-06-30,2023-06-30,us-gaap:CashAndCashEquivalentsAtCarryingValue,Cash and cash equivalents,100030 - Statement - BALANCE SHEETS,plain,False,,
MSFT,MICROSOFT CORP,789019,10-K,2023-06-30,2023,2022-06-30,2023-07-27,0000950170-23-035122,msft-20230630.htm,v14 (scripts/60_xbrl_metric_engine.py),current_debt,True,PASS,5247000000.0,iso4217:USD,C_d4129f7a-27bd-4daf-8d40-6ace4c3b7548,2023-06-30,2023-06-30,us-gaap:LongTermDebtCurrent,Current portion of long-term debt,100030 - Statement - BALANCE SHEETS,sum_of_sibling_components,False,,
MSFT,MICROSOFT CORP,789019,10-K,2023-06-30,2023,2022-06-30,2023-07-27,0000950170-23-035122,msft-20230630.htm,v14 (scripts/60_xbrl_metric_engine.py),income_tax_expense,True,PASS,16950000000.0,iso4217:USD,C_da7a1266-ce2b-41b7-83ff-bb6e03dc1fa5,2022-07-01,2023-06-30,us-gaap:IncomeTaxExpenseBenefit,Provision for income taxes,100010 - Statement - INCOME STATEMENTS,plain,False,,
MSFT,MICROSOFT CORP,789019,10-K,2023-06-30,2023,2022-06-30,2023-07-27,0000950170-23-035122,msft-20230630.htm,v14 (scripts/60_xbrl_metric_engine.py),long_term_debt,True,PASS,41990000000.0,iso4217:USD,C_d4129f7a-27bd-4daf-8d40-6ace4c3b7548,2023-06-30,2023-06-30,us-gaap:LongTermDebtNoncurrent,Long-term debt,100030 - Statement - BALANCE SHEETS,plain,False,,
MSFT,MICROSOFT CORP,789019,10-K,2023-06-30,2023,2022-06-30,2023-07-27,0000950170-23-035122,msft-20230630.htm,v14 (scripts/60_xbrl_metric_engine.py),net_income,True,PASS,72361000000.0,iso4217:USD,C_da7a1266-ce2b-41b7-83ff-bb6e03dc1fa5,2022-07-01,2023-06-30,us-gaap:NetIncomeLoss,Net income,100010 - Statement - INCOME STATEMENTS,plain,False,,
MSFT,MICROSOFT CORP,789019,10-K,2023-06-30,2023,2022-06-30,2023-07-27,0000950170-23-035122,msft-20230630.htm,v14 (scripts/60_xbrl_metric_engine.py),operating_cash_flow,True,PASS,87582000000.0,iso4217:USD,C_da7a1266-ce2b-41b7-83ff-bb6e03dc1fa5,2022-07-01,2023-06-30,us-gaap:NetCashProvidedByUsedInOperatingActivities,Net cash from operations,100050 - Statement - CASH FLOWS STATEMENTS,plain,False,,
MSFT,MICROSOFT CORP,789019,10-K,2023-06-30,2023,2022-06-30,2023-07-27,0000950170-23-035122,msft-20230630.htm,v14 (scripts/60_xbrl_metric_engine.py),operating_income,True,PASS,88523000000.0,iso4217:USD,C_da7a1266-ce2b-41b7-83ff-bb6e03dc1fa5,2022-07-01,2023-06-30,us-gaap:OperatingIncomeLoss,Operating income,100010 - Statement - INCOME STATEMENTS,plain,False,,
MSFT,MICROSOFT CORP,789019,10-K,2023-06-30,2023,2022-06-30,2023-07-27,0000950170-23-035122,msft-20230630.htm,v14 (scripts/60_xbrl_metric_engine.py),pretax_income,True,PASS,89311000000.0,iso4217:USD,C_da7a1266-ce2b-41b7-83ff-bb6e03dc1fa5,2022-07-01,2023-06-30,us-gaap:IncomeLossFromContinuingOperationsBeforeIncomeTaxesExtraordinaryItemsNoncontrollingInterest,Income before income taxes,100010 - Statement - INCOME STATEMENTS,plain,False,,
MSFT,MICROSOFT CORP,789019,10-K,2023-06-30,2023,2022-06-30,2023-07-27,0000950170-23-035122,msft-20230630.htm,v14 (scripts/60_xbrl_metric_engine.py),revenue,True,PASS,211915000000.0,iso4217:USD,C_da7a1266-ce2b-41b7-83ff-bb6e03dc1fa5,2022-07-01,2023-06-30,us-gaap:RevenueFromContractWithCustomerExcludingAssessedTax,Revenue,100010 - Statement - INCOME STATEMENTS,plain,False,,
MSFT,MICROSOFT CORP,789019,10-K,2023-06-30,2023,2022-06-30,2023-07-27,0000950170-23-035122,msft-20230630.htm,v14 (scripts/60_xbrl_metric_engine.py),short_term_investments,True,PASS,76558000000.0,iso4217:USD,C_d4129f7a-27bd-4daf-8d40-6ace4c3b7548,2023-06-30,2023-06-30,us-gaap:ShortTermInvestments,Short-term investments,100030 - Statement - BALANCE SHEETS,plain,False,,
MSFT,MICROSOFT CORP,789019,10-K,2023-06-30,2023,2022-06-30,2023-07-27,0000950170-23-035122,msft-20230630.htm,v14 (scripts/60_xbrl_metric_engine.py),stockholders_equity,True,PASS,206223000000.0,iso4217:USD,C_d4129f7a-27bd-4daf-8d40-6ace4c3b7548,2023-06-30,2023-06-30,us-gaap:StockholdersEquity,Total stockholders’ equity,100030 - Statement - BALANCE SHEETS,plain,False,,
MSFT,MICROSOFT CORP,789019,10-K,2023-06-30,2023,2022-06-30,2023-07-27,0000950170-23-035122,msft-20230630.htm,v14 (scripts/60_xbrl_metric_engine.py),total_debt_explicit,False,REVIEW_REQUIRED,,,,,,,,,,False,,לא נמצאה אף שורת 'total_debt_explicit' בתוך Statement role ראשי התואם לכללי ה-Role של המדד.
MSFT,MICROSOFT CORP,789019,10-K,2023-06-30,2023,2022-06-30,2023-07-27,0000950170-23-035122,msft-20230630.htm,v14 (scripts/60_xbrl_metric_engine.py),cash_and_equivalents_prior,False,PASS,13931000000.0,iso4217:USD,C_c0e12f72-c285-4bcf-b8be-db117bbc796a,2022-06-30,2022-06-30,us-gaap:CashAndCashEquivalentsAtCarryingValue,Cash and cash equivalents,100030 - Statement - BALANCE SHEETS,plain,False,,
MSFT,MICROSOFT CORP,789019,10-K,2023-06-30,2023,2022-06-30,2023-07-27,0000950170-23-035122,msft-20230630.htm,v14 (scripts/60_xbrl_metric_engine.py),current_debt_prior,False,PASS,2749000000.0,iso4217:USD,C_c0e12f72-c285-4bcf-b8be-db117bbc796a,2022-06-30,2022-06-30,us-gaap:LongTermDebtCurrent,Current portion of long-term debt,100030 - Statement - BALANCE SHEETS,sum_of_sibling_components,False,,
MSFT,MICROSOFT CORP,789019,10-K,2023-06-30,2023,2022-06-30,2023-07-27,0000950170-23-035122,msft-20230630.htm,v14 (scripts/60_xbrl_metric_engine.py),long_term_debt_prior,False,PASS,47032000000.0,iso4217:USD,C_c0e12f72-c285-4bcf-b8be-db117bbc796a,2022-06-30,2022-06-30,us-gaap:LongTermDebtNoncurrent,Long-term debt,100030 - Statement - BALANCE SHEETS,plain,False,,
MSFT,MICROSOFT CORP,789019,10-K,2023-06-30,2023,2022-06-30,2023-07-27,0000950170-23-035122,msft-20230630.htm,v14 (scripts/60_xbrl_metric_engine.py),short_term_investments_prior,False,PASS,90826000000.0,iso4217:USD,C_c0e12f72-c285-4bcf-b8be-db117bbc796a,2022-06-30,2022-06-30,us-gaap:ShortTermInvestments,Short-term investments,100030 - Statement - BALANCE SHEETS,plain,False,,
MSFT,MICROSOFT CORP,789019,10-K,2023-06-30,2023,2022-06-30,2023-07-27,0000950170-23-035122,msft-20230630.htm,v14 (scripts/60_xbrl_metric_engine.py),stockholders_equity_prior,False,PASS,166542000000.0,iso4217:USD,C_c0e12f72-c285-4bcf-b8be-db117bbc796a,2022-06-30,2022-06-30,us-gaap:StockholdersEquity,Total stockholders’ equity,100030 - Statement - BALANCE SHEETS,plain,False,,
MSFT,MICROSOFT CORP,789019,10-K,2023-06-30,2023,2022-06-30,2023-07-27,0000950170-23-035122,msft-20230630.htm,v14 (scripts/60_xbrl_metric_engine.py),total_debt_explicit_prior,False,REVIEW_REQUIRED,,,,,,,,,,False,,לא נמצאה אף שורת 'total_debt_explicit' בתוך Statement role ראשי התואם לכללי ה-Role של המדד.
MSFT,MICROSOFT CORP,789019,10-K,2023-06-30,2023,2022-06-30,2023-07-27,0000950170-23-035122,msft-20230630.htm,v14 (scripts/60_xbrl_metric_engine.py),effective_tax_rate,True,PASS,0.18978625253328257,ratio,,2022-07-01,2023-06-30,,,,,True,income_tax_expense / pretax_income,
MSFT,MICROSOFT CORP,789019,10-K,2023-06-30,2023,2022-06-30,2023-07-27,0000950170-23-035122,msft-20230630.htm,v14 (scripts/60_xbrl_metric_engine.py),total_debt,True,PASS,47237000000.0,iso4217:USD,,2023-06-30,2023-06-30,,,,,True,current_debt + long_term_debt (no unambiguous direct aggregate Total Debt row found — explicit-row status: REVIEW_REQUIRED),
MSFT,MICROSOFT CORP,789019,10-K,2023-06-30,2023,2022-06-30,2023-07-27,0000950170-23-035122,msft-20230630.htm,v14 (scripts/60_xbrl_metric_engine.py),total_debt_prior,False,PASS,49781000000.0,iso4217:USD,,2022-06-30,2022-06-30,,,,,True,current_debt_prior + long_term_debt_prior (no unambiguous direct aggregate Total Debt row found — explicit-row status: REVIEW_REQUIRED),
MSFT,MICROSOFT CORP,789019,10-K,2023-06-30,2023,2022-06-30,2023-07-27,0000950170-23-035122,msft-20230630.htm,v14 (scripts/60_xbrl_metric_engine.py),adjusted_net_debt,True,PASS,-64025000000.0,iso4217:USD,,2023-06-30,2023-06-30,,,,,True,total_debt - cash_and_equivalents - short_term_investments,
MSFT,MICROSOFT CORP,789019,10-K,2023-06-30,2023,2022-06-30,2023-07-27,0000950170-23-035122,msft-20230630.htm,v14 (scripts/60_xbrl_metric_engine.py),free_cash_flow,True,PASS,59475000000.0,iso4217:USD,,2022-07-01,2023-06-30,,,,,True,operating_cash_flow - capex,
MSFT,MICROSOFT CORP,789019,10-K,2023-06-30,2023,2022-06-30,2023-07-27,0000950170-23-035122,msft-20230630.htm,v14 (scripts/60_xbrl_metric_engine.py),invested_capital,True,PASS,142198000000.0,iso4217:USD,,2023-06-30,2023-06-30,,,,,True,total_debt + stockholders_equity - cash_and_equivalents - short_term_investments,
MSFT,MICROSOFT CORP,789019,10-K,2023-06-30,2023,2022-06-30,2023-07-27,0000950170-23-035122,msft-20230630.htm,v14 (scripts/60_xbrl_metric_engine.py),invested_capital_prior,False,PASS,111566000000.0,iso4217:USD,,2022-06-30,2022-06-30,,,,,True,total_debt_prior + stockholders_equity_prior - cash_and_equivalents_prior - short_term_investments_prior,
MSFT,MICROSOFT CORP,789019,10-K,2023-06-30,2023,2022-06-30,2023-07-27,0000950170-23-035122,msft-20230630.htm,v14 (scripts/60_xbrl_metric_engine.py),nopat,True,PASS,71722551566.99623,iso4217:USD,,2022-07-01,2023-06-30,,,,,True,operating_income * (1 - effective_tax_rate),
MSFT,MICROSOFT CORP,789019,10-K,2023-06-30,2023,2022-06-30,2023-07-27,0000950170-23-035122,msft-20230630.htm,v14 (scripts/60_xbrl_metric_engine.py),average_invested_capital,True,PASS,126882000000.0,iso4217:USD,,2022-06-30,2023-06-30,,,,,True,(invested_capital + invested_capital_prior) / 2,
MSFT,MICROSOFT CORP,789019,10-K,2023-06-30,2023,2022-06-30,2023-07-27,0000950170-23-035122,msft-20230630.htm,v14 (scripts/60_xbrl_metric_engine.py),roic,True,PASS,0.5652697117557749,ratio,,2022-06-30,2023-06-30,,,,,True,nopat / average_invested_capital,
MSFT,MICROSOFT CORP,789019,10-K,2024-06-30,2024,2023-06-30,2024-07-30,0000950170-24-087843,msft-20240630.htm,v14 (scripts/60_xbrl_metric_engine.py),capex,True,PASS,44477000000.0,iso4217:USD,C_6dbdb3a2-9baf-41b4-922d-f59879124337,2023-07-01,2024-06-30,us-gaap:PaymentsToAcquirePropertyPlantAndEquipment,Additions to property and equipment,100050 - Statement - CASH FLOWS STATEMENTS,plain,False,,
MSFT,MICROSOFT CORP,789019,10-K,2024-06-30,2024,2023-06-30,2024-07-30,0000950170-24-087843,msft-20240630.htm,v14 (scripts/60_xbrl_metric_engine.py),cash_and_equivalents,True,PASS,18315000000.0,iso4217:USD,C_910b395a-5d62-4894-aa42-1da4086261cc,2024-06-30,2024-06-30,us-gaap:CashAndCashEquivalentsAtCarryingValue,Cash and cash equivalents,100030 - Statement - BALANCE SHEETS,plain,False,,
MSFT,MICROSOFT CORP,789019,10-K,2024-06-30,2024,2023-06-30,2024-07-30,0000950170-24-087843,msft-20240630.htm,v14 (scripts/60_xbrl_metric_engine.py),current_debt,True,PASS,8942000000.0,iso4217:USD,C_910b395a-5d62-4894-aa42-1da4086261cc; C_910b395a-5d62-4894-aa42-1da4086261cc,2024-06-30,2024-06-30,us-gaap:CommercialPaper + us-gaap:LongTermDebtCurrent,Short-term debt + Current portion of long-term debt,100030 - Statement - BALANCE SHEETS,sum_of_sibling_components,False,,
MSFT,MICROSOFT CORP,789019,10-K,2024-06-30,2024,2023-06-30,2024-07-30,0000950170-24-087843,msft-20240630.htm,v14 (scripts/60_xbrl_metric_engine.py),income_tax_expense,True,PASS,19651000000.0,iso4217:USD,C_6dbdb3a2-9baf-41b4-922d-f59879124337,2023-07-01,2024-06-30,us-gaap:IncomeTaxExpenseBenefit,Provision for income taxes,100010 - Statement - INCOME STATEMENTS,plain,False,,
MSFT,MICROSOFT CORP,789019,10-K,2024-06-30,2024,2023-06-30,2024-07-30,0000950170-24-087843,msft-20240630.htm,v14 (scripts/60_xbrl_metric_engine.py),long_term_debt,True,PASS,42688000000.0,iso4217:USD,C_910b395a-5d62-4894-aa42-1da4086261cc,2024-06-30,2024-06-30,us-gaap:LongTermDebtNoncurrent,Long-term debt,100030 - Statement - BALANCE SHEETS,plain,False,,
MSFT,MICROSOFT CORP,789019,10-K,2024-06-30,2024,2023-06-30,2024-07-30,0000950170-24-087843,msft-20240630.htm,v14 (scripts/60_xbrl_metric_engine.py),net_income,True,PASS,88136000000.0,iso4217:USD,C_6dbdb3a2-9baf-41b4-922d-f59879124337,2023-07-01,2024-06-30,us-gaap:NetIncomeLoss,Net income,100010 - Statement - INCOME STATEMENTS,plain,False,,
MSFT,MICROSOFT CORP,789019,10-K,2024-06-30,2024,2023-06-30,2024-07-30,0000950170-24-087843,msft-20240630.htm,v14 (scripts/60_xbrl_metric_engine.py),operating_cash_flow,True,PASS,118548000000.0,iso4217:USD,C_6dbdb3a2-9baf-41b4-922d-f59879124337,2023-07-01,2024-06-30,us-gaap:NetCashProvidedByUsedInOperatingActivities,Net cash from operations,100050 - Statement - CASH FLOWS STATEMENTS,plain,False,,
MSFT,MICROSOFT CORP,789019,10-K,2024-06-30,2024,2023-06-30,2024-07-30,0000950170-24-087843,msft-20240630.htm,v14 (scripts/60_xbrl_metric_engine.py),operating_income,True,PASS,109433000000.0,iso4217:USD,C_6dbdb3a2-9baf-41b4-922d-f59879124337,2023-07-01,2024-06-30,us-gaap:OperatingIncomeLoss,Operating income,100010 - Statement - INCOME STATEMENTS,plain,False,,
MSFT,MICROSOFT CORP,789019,10-K,2024-06-30,2024,2023-06-30,2024-07-30,0000950170-24-087843,msft-20240630.htm,v14 (scripts/60_xbrl_metric_engine.py),pretax_income,True,PASS,107787000000.0,iso4217:USD,C_6dbdb3a2-9baf-41b4-922d-f59879124337,2023-07-01,2024-06-30,us-gaap:IncomeLossFromContinuingOperationsBeforeIncomeTaxesExtraordinaryItemsNoncontrollingInterest,Income before income taxes,100010 - Statement - INCOME STATEMENTS,plain,False,,
MSFT,MICROSOFT CORP,789019,10-K,2024-06-30,2024,2023-06-30,2024-07-30,0000950170-24-087843,msft-20240630.htm,v14 (scripts/60_xbrl_metric_engine.py),revenue,True,PASS,245122000000.0,iso4217:USD,C_6dbdb3a2-9baf-41b4-922d-f59879124337,2023-07-01,2024-06-30,us-gaap:RevenueFromContractWithCustomerExcludingAssessedTax,Revenue,100010 - Statement - INCOME STATEMENTS,plain,False,,
MSFT,MICROSOFT CORP,789019,10-K,2024-06-30,2024,2023-06-30,2024-07-30,0000950170-24-087843,msft-20240630.htm,v14 (scripts/60_xbrl_metric_engine.py),short_term_investments,True,PASS,57228000000.0,iso4217:USD,C_910b395a-5d62-4894-aa42-1da4086261cc,2024-06-30,2024-06-30,us-gaap:ShortTermInvestments,Short-term investments,100030 - Statement - BALANCE SHEETS,plain,False,,
MSFT,MICROSOFT CORP,789019,10-K,2024-06-30,2024,2023-06-30,2024-07-30,0000950170-24-087843,msft-20240630.htm,v14 (scripts/60_xbrl_metric_engine.py),stockholders_equity,True,PASS,268477000000.0,iso4217:USD,C_910b395a-5d62-4894-aa42-1da4086261cc,2024-06-30,2024-06-30,us-gaap:StockholdersEquity,Total stockholders’ equity,100030 - Statement - BALANCE SHEETS,plain,False,,
MSFT,MICROSOFT CORP,789019,10-K,2024-06-30,2024,2023-06-30,2024-07-30,0000950170-24-087843,msft-20240630.htm,v14 (scripts/60_xbrl_metric_engine.py),total_debt_explicit,False,REVIEW_REQUIRED,,,,,,,,,,False,,לא נמצאה אף שורת 'total_debt_explicit' בתוך Statement role ראשי התואם לכללי ה-Role של המדד.
MSFT,MICROSOFT CORP,789019,10-K,2024-06-30,2024,2023-06-30,2024-07-30,0000950170-24-087843,msft-20240630.htm,v14 (scripts/60_xbrl_metric_engine.py),cash_and_equivalents_prior,False,PASS,34704000000.0,iso4217:USD,C_005805a9-264e-4b1d-93ea-497c67cc9a68,2023-06-30,2023-06-30,us-gaap:CashAndCashEquivalentsAtCarryingValue,Cash and cash equivalents,100030 - Statement - BALANCE SHEETS,plain,False,,
MSFT,MICROSOFT CORP,789019,10-K,2024-06-30,2024,2023-06-30,2024-07-30,0000950170-24-087843,msft-20240630.htm,v14 (scripts/60_xbrl_metric_engine.py),current_debt_prior,False,PASS,5247000000.0,iso4217:USD,C_005805a9-264e-4b1d-93ea-497c67cc9a68; C_005805a9-264e-4b1d-93ea-497c67cc9a68,2023-06-30,2023-06-30,us-gaap:CommercialPaper + us-gaap:LongTermDebtCurrent,Short-term debt + Current portion of long-term debt,100030 - Statement - BALANCE SHEETS,sum_of_sibling_components,False,,
MSFT,MICROSOFT CORP,789019,10-K,2024-06-30,2024,2023-06-30,2024-07-30,0000950170-24-087843,msft-20240630.htm,v14 (scripts/60_xbrl_metric_engine.py),long_term_debt_prior,False,PASS,41990000000.0,iso4217:USD,C_005805a9-264e-4b1d-93ea-497c67cc9a68,2023-06-30,2023-06-30,us-gaap:LongTermDebtNoncurrent,Long-term debt,100030 - Statement - BALANCE SHEETS,plain,False,,
MSFT,MICROSOFT CORP,789019,10-K,2024-06-30,2024,2023-06-30,2024-07-30,0000950170-24-087843,msft-20240630.htm,v14 (scripts/60_xbrl_metric_engine.py),short_term_investments_prior,False,PASS,76558000000.0,iso4217:USD,C_005805a9-264e-4b1d-93ea-497c67cc9a68,2023-06-30,2023-06-30,us-gaap:ShortTermInvestments,Short-term investments,100030 - Statement - BALANCE SHEETS,plain,False,,
MSFT,MICROSOFT CORP,789019,10-K,2024-06-30,2024,2023-06-30,2024-07-30,0000950170-24-087843,msft-20240630.htm,v14 (scripts/60_xbrl_metric_engine.py),stockholders_equity_prior,False,PASS,206223000000.0,iso4217:USD,C_005805a9-264e-4b1d-93ea-497c67cc9a68,2023-06-30,2023-06-30,us-gaap:StockholdersEquity,Total stockholders’ equity,100030 - Statement - BALANCE SHEETS,plain,False,,
MSFT,MICROSOFT CORP,789019,10-K,2024-06-30,2024,2023-06-30,2024-07-30,0000950170-24-087843,msft-20240630.htm,v14 (scripts/60_xbrl_metric_engine.py),total_debt_explicit_prior,False,REVIEW_REQUIRED,,,,,,,,,,False,,לא נמצאה אף שורת 'total_debt_explicit' בתוך Statement role ראשי התואם לכללי ה-Role של המדד.
MSFT,MICROSOFT CORP,789019,10-K,2024-06-30,2024,2023-06-30,2024-07-30,0000950170-24-087843,msft-20240630.htm,v14 (scripts/60_xbrl_metric_engine.py),effective_tax_rate,True,PASS,0.18231326597827197,ratio,,2023-07-01,2024-06-30,,,,,True,income_tax_expense / pretax_income,
MSFT,MICROSOFT CORP,789019,10-K,2024-06-30,2024,2023-06-30,2024-07-30,0000950170-24-087843,msft-20240630.htm,v14 (scripts/60_xbrl_metric_engine.py),total_debt,True,PASS,51630000000.0,iso4217:USD,,2024-06-30,2024-06-30,,,,,True,current_debt + long_term_debt (no unambiguous direct aggregate Total Debt row found — explicit-row status: REVIEW_REQUIRED),
MSFT,MICROSOFT CORP,789019,10-K,2024-06-30,2024,2023-06-30,2024-07-30,0000950170-24-087843,msft-20240630.htm,v14 (scripts/60_xbrl_metric_engine.py),total_debt_prior,False,PASS,47237000000.0,iso4217:USD,,2023-06-30,2023-06-30,,,,,True,current_debt_prior + long_term_debt_prior (no unambiguous direct aggregate Total Debt row found — explicit-row status: REVIEW_REQUIRED),
MSFT,MICROSOFT CORP,789019,10-K,2024-06-30,2024,2023-06-30,2024-07-30,0000950170-24-087843,msft-20240630.htm,v14 (scripts/60_xbrl_metric_engine.py),adjusted_net_debt,True,PASS,-23913000000.0,iso4217:USD,,2024-06-30,2024-06-30,,,,,True,total_debt - cash_and_equivalents - short_term_investments,
MSFT,MICROSOFT CORP,789019,10-K,2024-06-30,2024,2023-06-30,2024-07-30,0000950170-24-087843,msft-20240630.htm,v14 (scripts/60_xbrl_metric_engine.py),free_cash_flow,True,PASS,74071000000.0,iso4217:USD,,2023-07-01,2024-06-30,,,,,True,operating_cash_flow - capex,
MSFT,MICROSOFT CORP,789019,10-K,2024-06-30,2024,2023-06-30,2024-07-30,0000950170-24-087843,msft-20240630.htm,v14 (scripts/60_xbrl_metric_engine.py),invested_capital,True,PASS,244564000000.0,iso4217:USD,,2024-06-30,2024-06-30,,,,,True,total_debt + stockholders_equity - cash_and_equivalents - short_term_investments,
MSFT,MICROSOFT CORP,789019,10-K,2024-06-30,2024,2023-06-30,2024-07-30,0000950170-24-087843,msft-20240630.htm,v14 (scripts/60_xbrl_metric_engine.py),invested_capital_prior,False,PASS,142198000000.0,iso4217:USD,,2023-06-30,2023-06-30,,,,,True,total_debt_prior + stockholders_equity_prior - cash_and_equivalents_prior - short_term_investments_prior,
MSFT,MICROSOFT CORP,789019,10-K,2024-06-30,2024,2023-06-30,2024-07-30,0000950170-24-087843,msft-20240630.htm,v14 (scripts/60_xbrl_metric_engine.py),nopat,True,PASS,89481912364.19975,iso4217:USD,,2023-07-01,2024-06-30,,,,,True,operating_income * (1 - effective_tax_rate),
MSFT,MICROSOFT CORP,789019,10-K,2024-06-30,2024,2023-06-30,2024-07-30,0000950170-24-087843,msft-20240630.htm,v14 (scripts/60_xbrl_metric_engine.py),average_invested_capital,True,PASS,193381000000.0,iso4217:USD,,2023-06-30,2024-06-30,,,,,True,(invested_capital + invested_capital_prior) / 2,
MSFT,MICROSOFT CORP,789019,10-K,2024-06-30,2024,2023-06-30,2024-07-30,0000950170-24-087843,msft-20240630.htm,v14 (scripts/60_xbrl_metric_engine.py),roic,True,PASS,0.46272339249564204,ratio,,2023-06-30,2024-06-30,,,,,True,nopat / average_invested_capital,
META,"Meta Platforms, Inc.",1326801,10-K,2020-12-31,2020,2019-12-31,2021-01-28,0001326801-21-000014,fb-20201231.htm,v14 (scripts/60_xbrl_metric_engine.py),capex,True,PASS,15115000000.0,iso4217:USD,ia430c26f2c43408bb9b46d03e798cb25_D20200101-20201231,2020-01-01,2020-12-31,us-gaap:PaymentsToAcquirePropertyPlantAndEquipment,Purchases of property and equipment,1006007 - Statement - CONSOLIDATED STATEMENTS OF CASH FLOWS,plain,False,,
META,"Meta Platforms, Inc.",1326801,10-K,2020-12-31,2020,2019-12-31,2021-01-28,0001326801-21-000014,fb-20201231.htm,v14 (scripts/60_xbrl_metric_engine.py),cash_and_equivalents,True,PASS,17576000000.0,iso4217:USD,i08f0f74cf1e34f25ba54d3a7f51db5ca_I20201231,2020-12-31,2020-12-31,us-gaap:CashAndCashEquivalentsAtCarryingValue,Cash and cash equivalents,1001002 - Statement - CONSOLIDATED BALANCE SHEETS,plain,False,,
META,"Meta Platforms, Inc.",1326801,10-K,2020-12-31,2020,2019-12-31,2021-01-28,0001326801-21-000014,fb-20201231.htm,v14 (scripts/60_xbrl_metric_engine.py),current_debt,True,REVIEW_REQUIRED,,,,,,,,,,False,,current_debt = 0 לא הוסק (תנאי 2 לא הוכח): לא נמצא באופן חד-משמעי ביאור לוח פירעונות חוב (Debt Maturity Schedule) — לא ניתן לאשר תנאי 2.
META,"Meta Platforms, Inc.",1326801,10-K,2020-12-31,2020,2019-12-31,2021-01-28,0001326801-21-000014,fb-20201231.htm,v14 (scripts/60_xbrl_metric_engine.py),income_tax_expense,True,PASS,4034000000.0,iso4217:USD,ia430c26f2c43408bb9b46d03e798cb25_D20200101-20201231,2020-01-01,2020-12-31,us-gaap:IncomeTaxExpenseBenefit,Provision for income taxes,1003004 - Statement - CONSOLIDATED STATEMENTS OF INCOME,plain,False,,
META,"Meta Platforms, Inc.",1326801,10-K,2020-12-31,2020,2019-12-31,2021-01-28,0001326801-21-000014,fb-20201231.htm,v14 (scripts/60_xbrl_metric_engine.py),long_term_debt,True,REVIEW_REQUIRED,,,,,,,,,,False,,"לא נמצאה אף שורת 'long_term_debt' בתוך Statement role ראשי התואם לכללי ה-Role של המדד, וגם לא נמצאה שורת חוב לא-שוטף מועמדת לפי שרשרת ה-Ancestor (מדיניות D-019)."
META,"Meta Platforms, Inc.",1326801,10-K,2020-12-31,2020,2019-12-31,2021-01-28,0001326801-21-000014,fb-20201231.htm,v14 (scripts/60_xbrl_metric_engine.py),net_income,True,PASS,29146000000.0,iso4217:USD,ia430c26f2c43408bb9b46d03e798cb25_D20200101-20201231,2020-01-01,2020-12-31,us-gaap:NetIncomeLossAvailableToCommonStockholdersBasic,Net income attributable to Class A and Class B common stockholders,1003004 - Statement - CONSOLIDATED STATEMENTS OF INCOME,attributable_to_shareholders,False,,
META,"Meta Platforms, Inc.",1326801,10-K,2020-12-31,2020,2019-12-31,2021-01-28,0001326801-21-000014,fb-20201231.htm,v14 (scripts/60_xbrl_metric_engine.py),operating_cash_flow,True,PASS,38747000000.0,iso4217:USD,ia430c26f2c43408bb9b46d03e798cb25_D20200101-20201231,2020-01-01,2020-12-31,us-gaap:NetCashProvidedByUsedInOperatingActivities,Net cash provided by operating activities,1006007 - Statement - CONSOLIDATED STATEMENTS OF CASH FLOWS,plain,False,,
META,"Meta Platforms, Inc.",1326801,10-K,2020-12-31,2020,2019-12-31,2021-01-28,0001326801-21-000014,fb-20201231.htm,v14 (scripts/60_xbrl_metric_engine.py),operating_income,True,PASS,32671000000.0,iso4217:USD,ia430c26f2c43408bb9b46d03e798cb25_D20200101-20201231,2020-01-01,2020-12-31,us-gaap:OperatingIncomeLoss,Income from operations,1003004 - Statement - CONSOLIDATED STATEMENTS OF INCOME,plain,False,,
META,"Meta Platforms, Inc.",1326801,10-K,2020-12-31,2020,2019-12-31,2021-01-28,0001326801-21-000014,fb-20201231.htm,v14 (scripts/60_xbrl_metric_engine.py),pretax_income,True,PASS,33180000000.0,iso4217:USD,ia430c26f2c43408bb9b46d03e798cb25_D20200101-20201231,2020-01-01,2020-12-31,us-gaap:IncomeLossFromContinuingOperationsBeforeIncomeTaxesExtraordinaryItemsNoncontrollingInterest,Income before provision for income taxes,1003004 - Statement - CONSOLIDATED STATEMENTS OF INCOME,plain,False,,
META,"Meta Platforms, Inc.",1326801,10-K,2020-12-31,2020,2019-12-31,2021-01-28,0001326801-21-000014,fb-20201231.htm,v14 (scripts/60_xbrl_metric_engine.py),revenue,True,PASS,85965000000.0,iso4217:USD,ia430c26f2c43408bb9b46d03e798cb25_D20200101-20201231,2020-01-01,2020-12-31,us-gaap:RevenueFromContractWithCustomerExcludingAssessedTax,Revenue,1003004 - Statement - CONSOLIDATED STATEMENTS OF INCOME,plain,False,,
META,"Meta Platforms, Inc.",1326801,10-K,2020-12-31,2020,2019-12-31,2021-01-28,0001326801-21-000014,fb-20201231.htm,v14 (scripts/60_xbrl_metric_engine.py),short_term_investments,True,PASS,44378000000.0,iso4217:USD,i08f0f74cf1e34f25ba54d3a7f51db5ca_I20201231,2020-12-31,2020-12-31,us-gaap:AvailableForSaleSecuritiesDebtSecuritiesCurrent,Marketable securities,1001002 - Statement - CONSOLIDATED BALANCE SHEETS,plain,False,,
META,"Meta Platforms, Inc.",1326801,10-K,2020-12-31,2020,2019-12-31,2021-01-28,0001326801-21-000014,fb-20201231.htm,v14 (scripts/60_xbrl_metric_engine.py),stockholders_equity,True,PASS,128290000000.0,iso4217:USD,i08f0f74cf1e34f25ba54d3a7f51db5ca_I20201231,2020-12-31,2020-12-31,us-gaap:StockholdersEquity,Total stockholders' equity,1001002 - Statement - CONSOLIDATED BALANCE SHEETS,plain,False,,
META,"Meta Platforms, Inc.",1326801,10-K,2020-12-31,2020,2019-12-31,2021-01-28,0001326801-21-000014,fb-20201231.htm,v14 (scripts/60_xbrl_metric_engine.py),total_debt_explicit,False,REVIEW_REQUIRED,,,,,,,,,,False,,לא נמצאה אף שורת 'total_debt_explicit' בתוך Statement role ראשי התואם לכללי ה-Role של המדד.
META,"Meta Platforms, Inc.",1326801,10-K,2020-12-31,2020,2019-12-31,2021-01-28,0001326801-21-000014,fb-20201231.htm,v14 (scripts/60_xbrl_metric_engine.py),cash_and_equivalents_prior,False,PASS,19079000000.0,iso4217:USD,i1b9e9ff0f8264355ae03d3eb31782ca6_I20191231,2019-12-31,2019-12-31,us-gaap:CashAndCashEquivalentsAtCarryingValue,Cash and cash equivalents,1001002 - Statement - CONSOLIDATED BALANCE SHEETS,plain,False,,
META,"Meta Platforms, Inc.",1326801,10-K,2020-12-31,2020,2019-12-31,2021-01-28,0001326801-21-000014,fb-20201231.htm,v14 (scripts/60_xbrl_metric_engine.py),current_debt_prior,False,REVIEW_REQUIRED,,,,,,,,,,False,,current_debt = 0 לא הוסק (תנאי 2 לא הוכח): לא נמצא באופן חד-משמעי ביאור לוח פירעונות חוב (Debt Maturity Schedule) — לא ניתן לאשר תנאי 2.
META,"Meta Platforms, Inc.",1326801,10-K,2020-12-31,2020,2019-12-31,2021-01-28,0001326801-21-000014,fb-20201231.htm,v14 (scripts/60_xbrl_metric_engine.py),long_term_debt_prior,False,REVIEW_REQUIRED,,,,,,,,,,False,,"לא נמצאה אף שורת 'long_term_debt' בתוך Statement role ראשי התואם לכללי ה-Role של המדד, וגם לא נמצאה שורת חוב לא-שוטף מועמדת לפי שרשרת ה-Ancestor (מדיניות D-019)."
META,"Meta Platforms, Inc.",1326801,10-K,2020-12-31,2020,2019-12-31,2021-01-28,0001326801-21-000014,fb-20201231.htm,v14 (scripts/60_xbrl_metric_engine.py),short_term_investments_prior,False,PASS,35776000000.0,iso4217:USD,i1b9e9ff0f8264355ae03d3eb31782ca6_I20191231,2019-12-31,2019-12-31,us-gaap:AvailableForSaleSecuritiesDebtSecuritiesCurrent,Marketable securities,1001002 - Statement - CONSOLIDATED BALANCE SHEETS,plain,False,,
META,"Meta Platforms, Inc.",1326801,10-K,2020-12-31,2020,2019-12-31,2021-01-28,0001326801-21-000014,fb-20201231.htm,v14 (scripts/60_xbrl_metric_engine.py),stockholders_equity_prior,False,PASS,101054000000.0,iso4217:USD,i1b9e9ff0f8264355ae03d3eb31782ca6_I20191231,2019-12-31,2019-12-31,us-gaap:StockholdersEquity,Total stockholders' equity,1001002 - Statement - CONSOLIDATED BALANCE SHEETS,plain,False,,
META,"Meta Platforms, Inc.",1326801,10-K,2020-12-31,2020,2019-12-31,2021-01-28,0001326801-21-000014,fb-20201231.htm,v14 (scripts/60_xbrl_metric_engine.py),total_debt_explicit_prior,False,REVIEW_REQUIRED,,,,,,,,,,False,,לא נמצאה אף שורת 'total_debt_explicit' בתוך Statement role ראשי התואם לכללי ה-Role של המדד.
META,"Meta Platforms, Inc.",1326801,10-K,2020-12-31,2020,2019-12-31,2021-01-28,0001326801-21-000014,fb-20201231.htm,v14 (scripts/60_xbrl_metric_engine.py),effective_tax_rate,True,PASS,0.12157926461723931,ratio,,2020-01-01,2020-12-31,,,,,True,income_tax_expense / pretax_income,
META,"Meta Platforms, Inc.",1326801,10-K,2020-12-31,2020,2019-12-31,2021-01-28,0001326801-21-000014,fb-20201231.htm,v14 (scripts/60_xbrl_metric_engine.py),total_debt,True,REVIEW_REQUIRED,,,,,,,,,,True,current_debt + long_term_debt (no unambiguous direct aggregate Total Debt row found — explicit-row status: REVIEW_REQUIRED),"לא ניתן לחשב מדד נגזר כי לא כל הרכיבים עברו PASS: {'current_debt': 'REVIEW_REQUIRED', 'long_term_debt': 'REVIEW_REQUIRED'}"
META,"Meta Platforms, Inc.",1326801,10-K,2020-12-31,2020,2019-12-31,2021-01-28,0001326801-21-000014,fb-20201231.htm,v14 (scripts/60_xbrl_metric_engine.py),total_debt_prior,False,REVIEW_REQUIRED,,,,,,,,,,True,current_debt_prior + long_term_debt_prior (no unambiguous direct aggregate Total Debt row found — explicit-row status: REVIEW_REQUIRED),"לא ניתן לחשב מדד נגזר כי לא כל הרכיבים עברו PASS: {'current_debt_prior': 'REVIEW_REQUIRED', 'long_term_debt_prior': 'REVIEW_REQUIRED'}"
META,"Meta Platforms, Inc.",1326801,10-K,2020-12-31,2020,2019-12-31,2021-01-28,0001326801-21-000014,fb-20201231.htm,v14 (scripts/60_xbrl_metric_engine.py),adjusted_net_debt,True,REVIEW_REQUIRED,,,,,,,,,,True,total_debt - cash_and_equivalents - short_term_investments,"לא ניתן לחשב מדד נגזר כי לא כל הרכיבים עברו PASS: {'total_debt': 'REVIEW_REQUIRED', 'cash_and_equivalents': 'PASS', 'short_term_investments': 'PASS'}"
META,"Meta Platforms, Inc.",1326801,10-K,2020-12-31,2020,2019-12-31,2021-01-28,0001326801-21-000014,fb-20201231.htm,v14 (scripts/60_xbrl_metric_engine.py),free_cash_flow,True,PASS,23632000000.0,iso4217:USD,,2020-01-01,2020-12-31,,,,,True,operating_cash_flow - capex,
META,"Meta Platforms, Inc.",1326801,10-K,2020-12-31,2020,2019-12-31,2021-01-28,0001326801-21-000014,fb-20201231.htm,v14 (scripts/60_xbrl_metric_engine.py),invested_capital,True,REVIEW_REQUIRED,,,,,,,,,,True,total_debt + stockholders_equity - cash_and_equivalents - short_term_investments,"לא ניתן לחשב מדד נגזר כי לא כל הרכיבים עברו PASS: {'total_debt': 'REVIEW_REQUIRED', 'stockholders_equity': 'PASS', 'cash_and_equivalents': 'PASS', 'short_term_investments': 'PASS'}"
META,"Meta Platforms, Inc.",1326801,10-K,2020-12-31,2020,2019-12-31,2021-01-28,0001326801-21-000014,fb-20201231.htm,v14 (scripts/60_xbrl_metric_engine.py),invested_capital_prior,False,REVIEW_REQUIRED,,,,,,,,,,True,total_debt_prior + stockholders_equity_prior - cash_and_equivalents_prior - short_term_investments_prior,"לא ניתן לחשב מדד נגזר כי לא כל הרכיבים עברו PASS: {'total_debt_prior': 'REVIEW_REQUIRED', 'stockholders_equity_prior': 'PASS', 'cash_and_equivalents_prior': 'PASS', 'short_term_investments_prior': 'PASS'}"
META,"Meta Platforms, Inc.",1326801,10-K,2020-12-31,2020,2019-12-31,2021-01-28,0001326801-21-000014,fb-20201231.htm,v14 (scripts/60_xbrl_metric_engine.py),nopat,True,PASS,28698883845.690174,iso4217:USD,,2020-01-01,2020-12-31,,,,,True,operating_income * (1 - effective_tax_rate),
META,"Meta Platforms, Inc.",1326801,10-K,2020-12-31,2020,2019-12-31,2021-01-28,0001326801-21-000014,fb-20201231.htm,v14 (scripts/60_xbrl_metric_engine.py),average_invested_capital,True,REVIEW_REQUIRED,,,,,,,,,,True,(invested_capital + invested_capital_prior) / 2,"לא ניתן לחשב מדד נגזר כי לא כל הרכיבים עברו PASS: {'invested_capital': 'REVIEW_REQUIRED', 'invested_capital_prior': 'REVIEW_REQUIRED'}"
META,"Meta Platforms, Inc.",1326801,10-K,2020-12-31,2020,2019-12-31,2021-01-28,0001326801-21-000014,fb-20201231.htm,v14 (scripts/60_xbrl_metric_engine.py),roic,True,REVIEW_REQUIRED,,,,,,,,,,True,nopat / average_invested_capital,"לא ניתן לחשב מדד נגזר כי לא כל הרכיבים עברו PASS: {'nopat': 'PASS', 'average_invested_capital': 'REVIEW_REQUIRED'}"
META,"Meta Platforms, Inc.",1326801,10-K,2021-12-31,2021,2020-12-31,2022-02-03,0001326801-22-000018,fb-20211231.htm,v14 (scripts/60_xbrl_metric_engine.py),capex,True,PASS,18567000000.0,iso4217:USD,ifeed312171954f2193c9ea49e6e70fec_D20210101-20211231,2021-01-01,2021-12-31,us-gaap:PaymentsToAcquirePropertyPlantAndEquipment,Purchases of property and equipment,1006008 - Statement - CONSOLIDATED STATEMENTS OF CASH FLOWS,plain,False,,
META,"Meta Platforms, Inc.",1326801,10-K,2021-12-31,2021,2020-12-31,2022-02-03,0001326801-22-000018,fb-20211231.htm,v14 (scripts/60_xbrl_metric_engine.py),cash_and_equivalents,True,PASS,16601000000.0,iso4217:USD,i85c72a7f7a044d1980b1562e5d2a8f79_I20211231,2021-12-31,2021-12-31,us-gaap:CashAndCashEquivalentsAtCarryingValue,Cash and cash equivalents,1001003 - Statement - CONSOLIDATED BALANCE SHEETS,plain,False,,
META,"Meta Platforms, Inc.",1326801,10-K,2021-12-31,2021,2020-12-31,2022-02-03,0001326801-22-000018,fb-20211231.htm,v14 (scripts/60_xbrl_metric_engine.py),current_debt,True,REVIEW_REQUIRED,,,,,,,,,,False,,current_debt = 0 לא הוסק (תנאי 2 לא הוכח): לא נמצא באופן חד-משמעי ביאור לוח פירעונות חוב (Debt Maturity Schedule) — לא ניתן לאשר תנאי 2.
META,"Meta Platforms, Inc.",1326801,10-K,2021-12-31,2021,2020-12-31,2022-02-03,0001326801-22-000018,fb-20211231.htm,v14 (scripts/60_xbrl_metric_engine.py),income_tax_expense,True,PASS,7914000000.0,iso4217:USD,ifeed312171954f2193c9ea49e6e70fec_D20210101-20211231,2021-01-01,2021-12-31,us-gaap:IncomeTaxExpenseBenefit,Provision for income taxes,1003005 - Statement - CONSOLIDATED STATEMENTS OF INCOME,plain,False,,
META,"Meta Platforms, Inc.",1326801,10-K,2021-12-31,2021,2020-12-31,2022-02-03,0001326801-22-000018,fb-20211231.htm,v14 (scripts/60_xbrl_metric_engine.py),long_term_debt,True,REVIEW_REQUIRED,,,,,,,,,,False,,"לא נמצאה אף שורת 'long_term_debt' בתוך Statement role ראשי התואם לכללי ה-Role של המדד, וגם לא נמצאה שורת חוב לא-שוטף מועמדת לפי שרשרת ה-Ancestor (מדיניות D-019)."
META,"Meta Platforms, Inc.",1326801,10-K,2021-12-31,2021,2020-12-31,2022-02-03,0001326801-22-000018,fb-20211231.htm,v14 (scripts/60_xbrl_metric_engine.py),net_income,True,PASS,39370000000.0,iso4217:USD,ifeed312171954f2193c9ea49e6e70fec_D20210101-20211231,2021-01-01,2021-12-31,us-gaap:NetIncomeLoss,Net income,1003005 - Statement - CONSOLIDATED STATEMENTS OF INCOME,plain,False,,
META,"Meta Platforms, Inc.",1326801,10-K,2021-12-31,2021,2020-12-31,2022-02-03,0001326801-22-000018,fb-20211231.htm,v14 (scripts/60_xbrl_metric_engine.py),operating_cash_flow,True,PASS,57683000000.0,iso4217:USD,ifeed312171954f2193c9ea49e6e70fec_D20210101-20211231,2021-01-01,2021-12-31,us-gaap:NetCashProvidedByUsedInOperatingActivities,Net cash provided by operating activities,1006008 - Statement - CONSOLIDATED STATEMENTS OF CASH FLOWS,plain,False,,
META,"Meta Platforms, Inc.",1326801,10-K,2021-12-31,2021,2020-12-31,2022-02-03,0001326801-22-000018,fb-20211231.htm,v14 (scripts/60_xbrl_metric_engine.py),operating_income,True,PASS,46753000000.0,iso4217:USD,ifeed312171954f2193c9ea49e6e70fec_D20210101-20211231,2021-01-01,2021-12-31,us-gaap:OperatingIncomeLoss,Income from operations,1003005 - Statement - CONSOLIDATED STATEMENTS OF INCOME,plain,False,,
META,"Meta Platforms, Inc.",1326801,10-K,2021-12-31,2021,2020-12-31,2022-02-03,0001326801-22-000018,fb-20211231.htm,v14 (scripts/60_xbrl_metric_engine.py),pretax_income,True,PASS,47284000000.0,iso4217:USD,ifeed312171954f2193c9ea49e6e70fec_D20210101-20211231,2021-01-01,2021-12-31,us-gaap:IncomeLossFromContinuingOperationsBeforeIncomeTaxesExtraordinaryItemsNoncontrollingInterest,Income before provision for income taxes,1003005 - Statement - CONSOLIDATED STATEMENTS OF INCOME,plain,False,,
META,"Meta Platforms, Inc.",1326801,10-K,2021-12-31,2021,2020-12-31,2022-02-03,0001326801-22-000018,fb-20211231.htm,v14 (scripts/60_xbrl_metric_engine.py),revenue,True,PASS,117929000000.0,iso4217:USD,ifeed312171954f2193c9ea49e6e70fec_D20210101-20211231,2021-01-01,2021-12-31,us-gaap:RevenueFromContractWithCustomerExcludingAssessedTax,Revenue,1003005 - Statement - CONSOLIDATED STATEMENTS OF INCOME,plain,False,,
META,"Meta Platforms, Inc.",1326801,10-K,2021-12-31,2021,2020-12-31,2022-02-03,0001326801-22-000018,fb-20211231.htm,v14 (scripts/60_xbrl_metric_engine.py),short_term_investments,True,PASS,31397000000.0,iso4217:USD,i85c72a7f7a044d1980b1562e5d2a8f79_I20211231,2021-12-31,2021-12-31,us-gaap:AvailableForSaleSecuritiesDebtSecuritiesCurrent,Marketable securities,1001003 - Statement - CONSOLIDATED BALANCE SHEETS,plain,False,,
META,"Meta Platforms, Inc.",1326801,10-K,2021-12-31,2021,2020-12-31,2022-02-03,0001326801-22-000018,fb-20211231.htm,v14 (scripts/60_xbrl_metric_engine.py),stockholders_equity,True,PASS,124879000000.0,iso4217:USD,i85c72a7f7a044d1980b1562e5d2a8f79_I20211231,2021-12-31,2021-12-31,us-gaap:StockholdersEquity,Total stockholders' equity,1001003 - Statement - CONSOLIDATED BALANCE SHEETS,plain,False,,
META,"Meta Platforms, Inc.",1326801,10-K,2021-12-31,2021,2020-12-31,2022-02-03,0001326801-22-000018,fb-20211231.htm,v14 (scripts/60_xbrl_metric_engine.py),total_debt_explicit,False,REVIEW_REQUIRED,,,,,,,,,,False,,לא נמצאה אף שורת 'total_debt_explicit' בתוך Statement role ראשי התואם לכללי ה-Role של המדד.
META,"Meta Platforms, Inc.",1326801,10-K,2021-12-31,2021,2020-12-31,2022-02-03,0001326801-22-000018,fb-20211231.htm,v14 (scripts/60_xbrl_metric_engine.py),cash_and_equivalents_prior,False,PASS,17576000000.0,iso4217:USD,ifcbe154e902f4fa79ce212eaa9ff5340_I20201231,2020-12-31,2020-12-31,us-gaap:CashAndCashEquivalentsAtCarryingValue,Cash and cash equivalents,1001003 - Statement - CONSOLIDATED BALANCE SHEETS,plain,False,,
META,"Meta Platforms, Inc.",1326801,10-K,2021-12-31,2021,2020-12-31,2022-02-03,0001326801-22-000018,fb-20211231.htm,v14 (scripts/60_xbrl_metric_engine.py),current_debt_prior,False,REVIEW_REQUIRED,,,,,,,,,,False,,current_debt = 0 לא הוסק (תנאי 2 לא הוכח): לא נמצא באופן חד-משמעי ביאור לוח פירעונות חוב (Debt Maturity Schedule) — לא ניתן לאשר תנאי 2.
META,"Meta Platforms, Inc.",1326801,10-K,2021-12-31,2021,2020-12-31,2022-02-03,0001326801-22-000018,fb-20211231.htm,v14 (scripts/60_xbrl_metric_engine.py),long_term_debt_prior,False,REVIEW_REQUIRED,,,,,,,,,,False,,"לא נמצאה אף שורת 'long_term_debt' בתוך Statement role ראשי התואם לכללי ה-Role של המדד, וגם לא נמצאה שורת חוב לא-שוטף מועמדת לפי שרשרת ה-Ancestor (מדיניות D-019)."
META,"Meta Platforms, Inc.",1326801,10-K,2021-12-31,2021,2020-12-31,2022-02-03,0001326801-22-000018,fb-20211231.htm,v14 (scripts/60_xbrl_metric_engine.py),short_term_investments_prior,False,PASS,44378000000.0,iso4217:USD,ifcbe154e902f4fa79ce212eaa9ff5340_I20201231,2020-12-31,2020-12-31,us-gaap:AvailableForSaleSecuritiesDebtSecuritiesCurrent,Marketable securities,1001003 - Statement - CONSOLIDATED BALANCE SHEETS,plain,False,,
META,"Meta Platforms, Inc.",1326801,10-K,2021-12-31,2021,2020-12-31,2022-02-03,0001326801-22-000018,fb-20211231.htm,v14 (scripts/60_xbrl_metric_engine.py),stockholders_equity_prior,False,PASS,128290000000.0,iso4217:USD,ifcbe154e902f4fa79ce212eaa9ff5340_I20201231,2020-12-31,2020-12-31,us-gaap:StockholdersEquity,Total stockholders' equity,1001003 - Statement - CONSOLIDATED BALANCE SHEETS,plain,False,,
META,"Meta Platforms, Inc.",1326801,10-K,2021-12-31,2021,2020-12-31,2022-02-03,0001326801-22-000018,fb-20211231.htm,v14 (scripts/60_xbrl_metric_engine.py),total_debt_explicit_prior,False,REVIEW_REQUIRED,,,,,,,,,,False,,לא נמצאה אף שורת 'total_debt_explicit' בתוך Statement role ראשי התואם לכללי ה-Role של המדד.
META,"Meta Platforms, Inc.",1326801,10-K,2021-12-31,2021,2020-12-31,2022-02-03,0001326801-22-000018,fb-20211231.htm,v14 (scripts/60_xbrl_metric_engine.py),effective_tax_rate,True,PASS,0.16737162676592504,ratio,,2021-01-01,2021-12-31,,,,,True,income_tax_expense / pretax_income,
META,"Meta Platforms, Inc.",1326801,10-K,2021-12-31,2021,2020-12-31,2022-02-03,0001326801-22-000018,fb-20211231.htm,v14 (scripts/60_xbrl_metric_engine.py),total_debt,True,REVIEW_REQUIRED,,,,,,,,,,True,current_debt + long_term_debt (no unambiguous direct aggregate Total Debt row found — explicit-row status: REVIEW_REQUIRED),"לא ניתן לחשב מדד נגזר כי לא כל הרכיבים עברו PASS: {'current_debt': 'REVIEW_REQUIRED', 'long_term_debt': 'REVIEW_REQUIRED'}"
META,"Meta Platforms, Inc.",1326801,10-K,2021-12-31,2021,2020-12-31,2022-02-03,0001326801-22-000018,fb-20211231.htm,v14 (scripts/60_xbrl_metric_engine.py),total_debt_prior,False,REVIEW_REQUIRED,,,,,,,,,,True,current_debt_prior + long_term_debt_prior (no unambiguous direct aggregate Total Debt row found — explicit-row status: REVIEW_REQUIRED),"לא ניתן לחשב מדד נגזר כי לא כל הרכיבים עברו PASS: {'current_debt_prior': 'REVIEW_REQUIRED', 'long_term_debt_prior': 'REVIEW_REQUIRED'}"
META,"Meta Platforms, Inc.",1326801,10-K,2021-12-31,2021,2020-12-31,2022-02-03,0001326801-22-000018,fb-20211231.htm,v14 (scripts/60_xbrl_metric_engine.py),adjusted_net_debt,True,REVIEW_REQUIRED,,,,,,,,,,True,total_debt - cash_and_equivalents - short_term_investments,"לא ניתן לחשב מדד נגזר כי לא כל הרכיבים עברו PASS: {'total_debt': 'REVIEW_REQUIRED', 'cash_and_equivalents': 'PASS', 'short_term_investments': 'PASS'}"
META,"Meta Platforms, Inc.",1326801,10-K,2021-12-31,2021,2020-12-31,2022-02-03,0001326801-22-000018,fb-20211231.htm,v14 (scripts/60_xbrl_metric_engine.py),free_cash_flow,True,PASS,39116000000.0,iso4217:USD,,2021-01-01,2021-12-31,,,,,True,operating_cash_flow - capex,
META,"Meta Platforms, Inc.",1326801,10-K,2021-12-31,2021,2020-12-31,2022-02-03,0001326801-22-000018,fb-20211231.htm,v14 (scripts/60_xbrl_metric_engine.py),invested_capital,True,REVIEW_REQUIRED,,,,,,,,,,True,total_debt + stockholders_equity - cash_and_equivalents - short_term_investments,"לא ניתן לחשב מדד נגזר כי לא כל הרכיבים עברו PASS: {'total_debt': 'REVIEW_REQUIRED', 'stockholders_equity': 'PASS', 'cash_and_equivalents': 'PASS', 'short_term_investments': 'PASS'}"
META,"Meta Platforms, Inc.",1326801,10-K,2021-12-31,2021,2020-12-31,2022-02-03,0001326801-22-000018,fb-20211231.htm,v14 (scripts/60_xbrl_metric_engine.py),invested_capital_prior,False,REVIEW_REQUIRED,,,,,,,,,,True,total_debt_prior + stockholders_equity_prior - cash_and_equivalents_prior - short_term_investments_prior,"לא ניתן לחשב מדד נגזר כי לא כל הרכיבים עברו PASS: {'total_debt_prior': 'REVIEW_REQUIRED', 'stockholders_equity_prior': 'PASS', 'cash_and_equivalents_prior': 'PASS', 'short_term_investments_prior': 'PASS'}"
META,"Meta Platforms, Inc.",1326801,10-K,2021-12-31,2021,2020-12-31,2022-02-03,0001326801-22-000018,fb-20211231.htm,v14 (scripts/60_xbrl_metric_engine.py),nopat,True,PASS,38927874333.812706,iso4217:USD,,2021-01-01,2021-12-31,,,,,True,operating_income * (1 - effective_tax_rate),
META,"Meta Platforms, Inc.",1326801,10-K,2021-12-31,2021,2020-12-31,2022-02-03,0001326801-22-000018,fb-20211231.htm,v14 (scripts/60_xbrl_metric_engine.py),average_invested_capital,True,REVIEW_REQUIRED,,,,,,,,,,True,(invested_capital + invested_capital_prior) / 2,"לא ניתן לחשב מדד נגזר כי לא כל הרכיבים עברו PASS: {'invested_capital': 'REVIEW_REQUIRED', 'invested_capital_prior': 'REVIEW_REQUIRED'}"
META,"Meta Platforms, Inc.",1326801,10-K,2021-12-31,2021,2020-12-31,2022-02-03,0001326801-22-000018,fb-20211231.htm,v14 (scripts/60_xbrl_metric_engine.py),roic,True,REVIEW_REQUIRED,,,,,,,,,,True,nopat / average_invested_capital,"לא ניתן לחשב מדד נגזר כי לא כל הרכיבים עברו PASS: {'nopat': 'PASS', 'average_invested_capital': 'REVIEW_REQUIRED'}"
META,"Meta Platforms, Inc.",1326801,10-K,2022-12-31,2022,2021-12-31,2023-02-02,0001326801-23-000013,meta-20221231.htm,v14 (scripts/60_xbrl_metric_engine.py),capex,True,PASS,31431000000.0,iso4217:USD,ibd1882f348764f108a3caaa3a66c21ea_D20220101-20221231,2022-01-01,2022-12-31,us-gaap:PaymentsToAcquirePropertyPlantAndEquipment,Purchases of property and equipment,0000008 - Statement - CONSOLIDATED STATEMENTS OF CASH FLOWS,plain,False,,
META,"Meta Platforms, Inc.",1326801,10-K,2022-12-31,2022,2021-12-31,2023-02-02,0001326801-23-000013,meta-20221231.htm,v14 (scripts/60_xbrl_metric_engine.py),cash_and_equivalents,True,PASS,14681000000.0,iso4217:USD,i06727f1e850f48839f9fbb5214dcd53a_I20221231,2022-12-31,2022-12-31,us-gaap:CashAndCashEquivalentsAtCarryingValue,Cash and cash equivalents,0000003 - Statement - CONSOLIDATED BALANCE SHEETS,plain,False,,
META,"Meta Platforms, Inc.",1326801,10-K,2022-12-31,2022,2021-12-31,2023-02-02,0001326801-23-000013,meta-20221231.htm,v14 (scripts/60_xbrl_metric_engine.py),current_debt,True,REVIEW_REQUIRED,,,,,,,,,,False,,"current_debt = 0 לא הוסק (תנאי 3 לא הוכח): סה""כ לוח הפירעונות (10000000000.0) אינו מתיישב עם long_term_debt מהמאזן (9923000000.0) — תנאי 3 לא הוכח."
META,"Meta Platforms, Inc.",1326801,10-K,2022-12-31,2022,2021-12-31,2023-02-02,0001326801-23-000013,meta-20221231.htm,v14 (scripts/60_xbrl_metric_engine.py),income_tax_expense,True,PASS,5619000000.0,iso4217:USD,ibd1882f348764f108a3caaa3a66c21ea_D20220101-20221231,2022-01-01,2022-12-31,us-gaap:IncomeTaxExpenseBenefit,Provision for income taxes,0000005 - Statement - CONSOLIDATED STATEMENTS OF INCOME,plain,False,,
META,"Meta Platforms, Inc.",1326801,10-K,2022-12-31,2022,2021-12-31,2023-02-02,0001326801-23-000013,meta-20221231.htm,v14 (scripts/60_xbrl_metric_engine.py),long_term_debt,True,PASS,9923000000.0,iso4217:USD,i06727f1e850f48839f9fbb5214dcd53a_I20221231,2022-12-31,2022-12-31,us-gaap:LongTermDebtNoncurrent,Long-term debt,0000003 - Statement - CONSOLIDATED BALANCE SHEETS,plain,False,,
META,"Meta Platforms, Inc.",1326801,10-K,2022-12-31,2022,2021-12-31,2023-02-02,0001326801-23-000013,meta-20221231.htm,v14 (scripts/60_xbrl_metric_engine.py),net_income,True,PASS,23200000000.0,iso4217:USD,ibd1882f348764f108a3caaa3a66c21ea_D20220101-20221231,2022-01-01,2022-12-31,us-gaap:NetIncomeLoss,Net income,0000005 - Statement - CONSOLIDATED STATEMENTS OF INCOME,plain,False,,
META,"Meta Platforms, Inc.",1326801,10-K,2022-12-31,2022,2021-12-31,2023-02-02,0001326801-23-000013,meta-20221231.htm,v14 (scripts/60_xbrl_metric_engine.py),operating_cash_flow,True,PASS,50475000000.0,iso4217:USD,ibd1882f348764f108a3caaa3a66c21ea_D20220101-20221231,2022-01-01,2022-12-31,us-gaap:NetCashProvidedByUsedInOperatingActivities,Net cash provided by operating activities,0000008 - Statement - CONSOLIDATED STATEMENTS OF CASH FLOWS,plain,False,,
META,"Meta Platforms, Inc.",1326801,10-K,2022-12-31,2022,2021-12-31,2023-02-02,0001326801-23-000013,meta-20221231.htm,v14 (scripts/60_xbrl_metric_engine.py),operating_income,True,PASS,28944000000.0,iso4217:USD,ibd1882f348764f108a3caaa3a66c21ea_D20220101-20221231,2022-01-01,2022-12-31,us-gaap:OperatingIncomeLoss,Income from operations,0000005 - Statement - CONSOLIDATED STATEMENTS OF INCOME,plain,False,,
META,"Meta Platforms, Inc.",1326801,10-K,2022-12-31,2022,2021-12-31,2023-02-02,0001326801-23-000013,meta-20221231.htm,v14 (scripts/60_xbrl_metric_engine.py),pretax_income,True,PASS,28819000000.0,iso4217:USD,ibd1882f348764f108a3caaa3a66c21ea_D20220101-20221231,2022-01-01,2022-12-31,us-gaap:IncomeLossFromContinuingOperationsBeforeIncomeTaxesExtraordinaryItemsNoncontrollingInterest,Income before provision for income taxes,0000005 - Statement - CONSOLIDATED STATEMENTS OF INCOME,plain,False,,
META,"Meta Platforms, Inc.",1326801,10-K,2022-12-31,2022,2021-12-31,2023-02-02,0001326801-23-000013,meta-20221231.htm,v14 (scripts/60_xbrl_metric_engine.py),revenue,True,PASS,116609000000.0,iso4217:USD,ibd1882f348764f108a3caaa3a66c21ea_D20220101-20221231,2022-01-01,2022-12-31,us-gaap:RevenueFromContractWithCustomerExcludingAssessedTax,Revenue,0000005 - Statement - CONSOLIDATED STATEMENTS OF INCOME,plain,False,,
META,"Meta Platforms, Inc.",1326801,10-K,2022-12-31,2022,2021-12-31,2023-02-02,0001326801-23-000013,meta-20221231.htm,v14 (scripts/60_xbrl_metric_engine.py),short_term_investments,True,PASS,26057000000.0,iso4217:USD,i06727f1e850f48839f9fbb5214dcd53a_I20221231,2022-12-31,2022-12-31,us-gaap:MarketableSecuritiesCurrent,Marketable securities,0000003 - Statement - CONSOLIDATED BALANCE SHEETS,plain,False,,
META,"Meta Platforms, Inc.",1326801,10-K,2022-12-31,2022,2021-12-31,2023-02-02,0001326801-23-000013,meta-20221231.htm,v14 (scripts/60_xbrl_metric_engine.py),stockholders_equity,True,PASS,125713000000.0,iso4217:USD,i06727f1e850f48839f9fbb5214dcd53a_I20221231,2022-12-31,2022-12-31,us-gaap:StockholdersEquity,Total stockholders' equity,0000003 - Statement - CONSOLIDATED BALANCE SHEETS,plain,False,,
META,"Meta Platforms, Inc.",1326801,10-K,2022-12-31,2022,2021-12-31,2023-02-02,0001326801-23-000013,meta-20221231.htm,v14 (scripts/60_xbrl_metric_engine.py),total_debt_explicit,False,REVIEW_REQUIRED,,,,,,,,,,False,,לא נמצאה אף שורת 'total_debt_explicit' בתוך Statement role ראשי התואם לכללי ה-Role של המדד.
META,"Meta Platforms, Inc.",1326801,10-K,2022-12-31,2022,2021-12-31,2023-02-02,0001326801-23-000013,meta-20221231.htm,v14 (scripts/60_xbrl_metric_engine.py),cash_and_equivalents_prior,False,PASS,16601000000.0,iso4217:USD,i3f3338fa63ff4b9dbad011578a19788e_I20211231,2021-12-31,2021-12-31,us-gaap:CashAndCashEquivalentsAtCarryingValue,Cash and cash equivalents,0000003 - Statement - CONSOLIDATED BALANCE SHEETS,plain,False,,
META,"Meta Platforms, Inc.",1326801,10-K,2022-12-31,2022,2021-12-31,2023-02-02,0001326801-23-000013,meta-20221231.htm,v14 (scripts/60_xbrl_metric_engine.py),current_debt_prior,False,REVIEW_REQUIRED,,,,,,,,,,False,,current_debt = 0 לא הוסק (תנאי 2 לא הוכח): לא ניתן לחלץ ערך מהימן ויחיד עבור השורה המוקדמת ביותר בלוח הפירעונות ('2023 through 2026') — תנאי 2 לא הוכח.
META,"Meta Platforms, Inc.",1326801,10-K,2022-12-31,2022,2021-12-31,2023-02-02,0001326801-23-000013,meta-20221231.htm,v14 (scripts/60_xbrl_metric_engine.py),long_term_debt_prior,False,PASS,0.0,iso4217:USD,i3f3338fa63ff4b9dbad011578a19788e_I20211231,2021-12-31,2021-12-31,us-gaap:LongTermDebtNoncurrent,Long-term debt,0000003 - Statement - CONSOLIDATED BALANCE SHEETS,plain,False,,
META,"Meta Platforms, Inc.",1326801,10-K,2022-12-31,2022,2021-12-31,2023-02-02,0001326801-23-000013,meta-20221231.htm,v14 (scripts/60_xbrl_metric_engine.py),short_term_investments_prior,False,PASS,31397000000.0,iso4217:USD,i3f3338fa63ff4b9dbad011578a19788e_I20211231,2021-12-31,2021-12-31,us-gaap:MarketableSecuritiesCurrent,Marketable securities,0000003 - Statement - CONSOLIDATED BALANCE SHEETS,plain,False,,
META,"Meta Platforms, Inc.",1326801,10-K,2022-12-31,2022,2021-12-31,2023-02-02,0001326801-23-000013,meta-20221231.htm,v14 (scripts/60_xbrl_metric_engine.py),stockholders_equity_prior,False,PASS,124879000000.0,iso4217:USD,i3f3338fa63ff4b9dbad011578a19788e_I20211231,2021-12-31,2021-12-31,us-gaap:StockholdersEquity,Total stockholders' equity,0000003 - Statement - CONSOLIDATED BALANCE SHEETS,plain,False,,
META,"Meta Platforms, Inc.",1326801,10-K,2022-12-31,2022,2021-12-31,2023-02-02,0001326801-23-000013,meta-20221231.htm,v14 (scripts/60_xbrl_metric_engine.py),total_debt_explicit_prior,False,REVIEW_REQUIRED,,,,,,,,,,False,,לא נמצאה אף שורת 'total_debt_explicit' בתוך Statement role ראשי התואם לכללי ה-Role של המדד.
META,"Meta Platforms, Inc.",1326801,10-K,2022-12-31,2022,2021-12-31,2023-02-02,0001326801-23-000013,meta-20221231.htm,v14 (scripts/60_xbrl_metric_engine.py),effective_tax_rate,True,PASS,0.19497553697213643,ratio,,2022-01-01,2022-12-31,,,,,True,income_tax_expense / pretax_income,
META,"Meta Platforms, Inc.",1326801,10-K,2022-12-31,2022,2021-12-31,2023-02-02,0001326801-23-000013,meta-20221231.htm,v14 (scripts/60_xbrl_metric_engine.py),total_debt,True,REVIEW_REQUIRED,,,,,,,,,,True,current_debt + long_term_debt (no unambiguous direct aggregate Total Debt row found — explicit-row status: REVIEW_REQUIRED),"לא ניתן לחשב מדד נגזר כי לא כל הרכיבים עברו PASS: {'current_debt': 'REVIEW_REQUIRED', 'long_term_debt': 'PASS'}"
META,"Meta Platforms, Inc.",1326801,10-K,2022-12-31,2022,2021-12-31,2023-02-02,0001326801-23-000013,meta-20221231.htm,v14 (scripts/60_xbrl_metric_engine.py),total_debt_prior,False,REVIEW_REQUIRED,,,,,,,,,,True,current_debt_prior + long_term_debt_prior (no unambiguous direct aggregate Total Debt row found — explicit-row status: REVIEW_REQUIRED),"לא ניתן לחשב מדד נגזר כי לא כל הרכיבים עברו PASS: {'current_debt_prior': 'REVIEW_REQUIRED', 'long_term_debt_prior': 'PASS'}"
META,"Meta Platforms, Inc.",1326801,10-K,2022-12-31,2022,2021-12-31,2023-02-02,0001326801-23-000013,meta-20221231.htm,v14 (scripts/60_xbrl_metric_engine.py),adjusted_net_debt,True,REVIEW_REQUIRED,,,,,,,,,,True,total_debt - cash_and_equivalents - short_term_investments,"לא ניתן לחשב מדד נגזר כי לא כל הרכיבים עברו PASS: {'total_debt': 'REVIEW_REQUIRED', 'cash_and_equivalents': 'PASS', 'short_term_investments': 'PASS'}"
META,"Meta Platforms, Inc.",1326801,10-K,2022-12-31,2022,2021-12-31,2023-02-02,0001326801-23-000013,meta-20221231.htm,v14 (scripts/60_xbrl_metric_engine.py),free_cash_flow,True,PASS,19044000000.0,iso4217:USD,,2022-01-01,2022-12-31,,,,,True,operating_cash_flow - capex,
META,"Meta Platforms, Inc.",1326801,10-K,2022-12-31,2022,2021-12-31,2023-02-02,0001326801-23-000013,meta-20221231.htm,v14 (scripts/60_xbrl_metric_engine.py),invested_capital,True,REVIEW_REQUIRED,,,,,,,,,,True,total_debt + stockholders_equity - cash_and_equivalents - short_term_investments,"לא ניתן לחשב מדד נגזר כי לא כל הרכיבים עברו PASS: {'total_debt': 'REVIEW_REQUIRED', 'stockholders_equity': 'PASS', 'cash_and_equivalents': 'PASS', 'short_term_investments': 'PASS'}"
META,"Meta Platforms, Inc.",1326801,10-K,2022-12-31,2022,2021-12-31,2023-02-02,0001326801-23-000013,meta-20221231.htm,v14 (scripts/60_xbrl_metric_engine.py),invested_capital_prior,False,REVIEW_REQUIRED,,,,,,,,,,True,total_debt_prior + stockholders_equity_prior - cash_and_equivalents_prior - short_term_investments_prior,"לא ניתן לחשב מדד נגזר כי לא כל הרכיבים עברו PASS: {'total_debt_prior': 'REVIEW_REQUIRED', 'stockholders_equity_prior': 'PASS', 'cash_and_equivalents_prior': 'PASS', 'short_term_investments_prior': 'PASS'}"
META,"Meta Platforms, Inc.",1326801,10-K,2022-12-31,2022,2021-12-31,2023-02-02,0001326801-23-000013,meta-20221231.htm,v14 (scripts/60_xbrl_metric_engine.py),nopat,True,PASS,23300628057.878483,iso4217:USD,,2022-01-01,2022-12-31,,,,,True,operating_income * (1 - effective_tax_rate),
META,"Meta Platforms, Inc.",1326801,10-K,2022-12-31,2022,2021-12-31,2023-02-02,0001326801-23-000013,meta-20221231.htm,v14 (scripts/60_xbrl_metric_engine.py),average_invested_capital,True,REVIEW_REQUIRED,,,,,,,,,,True,(invested_capital + invested_capital_prior) / 2,"לא ניתן לחשב מדד נגזר כי לא כל הרכיבים עברו PASS: {'invested_capital': 'REVIEW_REQUIRED', 'invested_capital_prior': 'REVIEW_REQUIRED'}"
META,"Meta Platforms, Inc.",1326801,10-K,2022-12-31,2022,2021-12-31,2023-02-02,0001326801-23-000013,meta-20221231.htm,v14 (scripts/60_xbrl_metric_engine.py),roic,True,REVIEW_REQUIRED,,,,,,,,,,True,nopat / average_invested_capital,"לא ניתן לחשב מדד נגזר כי לא כל הרכיבים עברו PASS: {'nopat': 'PASS', 'average_invested_capital': 'REVIEW_REQUIRED'}"
META,"Meta Platforms, Inc.",1326801,10-K,2023-12-31,2023,2022-12-31,2024-02-02,0001326801-24-000012,meta-20231231.htm,v14 (scripts/60_xbrl_metric_engine.py),capex,True,PASS,27266000000.0,iso4217:USD,c-1,2023-01-01,2023-12-31,us-gaap:PaymentsToAcquirePropertyPlantAndEquipment,Purchases of property and equipment,0000008 - Statement - CONSOLIDATED STATEMENTS OF CASH FLOWS,plain,False,,
META,"Meta Platforms, Inc.",1326801,10-K,2023-12-31,2023,2022-12-31,2024-02-02,0001326801-24-000012,meta-20231231.htm,v14 (scripts/60_xbrl_metric_engine.py),cash_and_equivalents,True,PASS,41862000000.0,iso4217:USD,c-5,2023-12-31,2023-12-31,us-gaap:CashAndCashEquivalentsAtCarryingValue,Cash and cash equivalents,0000003 - Statement - CONSOLIDATED BALANCE SHEETS,plain,False,,
META,"Meta Platforms, Inc.",1326801,10-K,2023-12-31,2023,2022-12-31,2024-02-02,0001326801-24-000012,meta-20231231.htm,v14 (scripts/60_xbrl_metric_engine.py),current_debt,True,REVIEW_REQUIRED,,,,,,,,,,False,,"current_debt = 0 לא הוסק (תנאי 3 לא הוכח): סה""כ לוח הפירעונות (18500000000.0) אינו מתיישב עם long_term_debt מהמאזן (18385000000.0) — תנאי 3 לא הוכח."
META,"Meta Platforms, Inc.",1326801,10-K,2023-12-31,2023,2022-12-31,2024-02-02,0001326801-24-000012,meta-20231231.htm,v14 (scripts/60_xbrl_metric_engine.py),income_tax_expense,True,PASS,8330000000.0,iso4217:USD,c-1,2023-01-01,2023-12-31,us-gaap:IncomeTaxExpenseBenefit,Provision for income taxes,0000005 - Statement - CONSOLIDATED STATEMENTS OF INCOME,plain,False,,
META,"Meta Platforms, Inc.",1326801,10-K,2023-12-31,2023,2022-12-31,2024-02-02,0001326801-24-000012,meta-20231231.htm,v14 (scripts/60_xbrl_metric_engine.py),long_term_debt,True,PASS,18385000000.0,iso4217:USD,c-5,2023-12-31,2023-12-31,us-gaap:LongTermDebtNoncurrent,Long-term debt,0000003 - Statement - CONSOLIDATED BALANCE SHEETS,plain,False,,
META,"Meta Platforms, Inc.",1326801,10-K,2023-12-31,2023,2022-12-31,2024-02-02,0001326801-24-000012,meta-20231231.htm,v14 (scripts/60_xbrl_metric_engine.py),net_income,True,PASS,39098000000.0,iso4217:USD,c-1,2023-01-01,2023-12-31,us-gaap:NetIncomeLoss,Net income,0000005 - Statement - CONSOLIDATED STATEMENTS OF INCOME,plain,False,,
META,"Meta Platforms, Inc.",1326801,10-K,2023-12-31,2023,2022-12-31,2024-02-02,0001326801-24-000012,meta-20231231.htm,v14 (scripts/60_xbrl_metric_engine.py),operating_cash_flow,True,PASS,71113000000.0,iso4217:USD,c-1,2023-01-01,2023-12-31,us-gaap:NetCashProvidedByUsedInOperatingActivities,Net cash provided by operating activities,0000008 - Statement - CONSOLIDATED STATEMENTS OF CASH FLOWS,plain,False,,
META,"Meta Platforms, Inc.",1326801,10-K,2023-12-31,2023,2022-12-31,2024-02-02,0001326801-24-000012,meta-20231231.htm,v14 (scripts/60_xbrl_metric_engine.py),operating_income,True,PASS,46751000000.0,iso4217:USD,c-1,2023-01-01,2023-12-31,us-gaap:OperatingIncomeLoss,Income from operations,0000005 - Statement - CONSOLIDATED STATEMENTS OF INCOME,plain,False,,
META,"Meta Platforms, Inc.",1326801,10-K,2023-12-31,2023,2022-12-31,2024-02-02,0001326801-24-000012,meta-20231231.htm,v14 (scripts/60_xbrl_metric_engine.py),pretax_income,True,PASS,47428000000.0,iso4217:USD,c-1,2023-01-01,2023-12-31,us-gaap:IncomeLossFromContinuingOperationsBeforeIncomeTaxesExtraordinaryItemsNoncontrollingInterest,Income before provision for income taxes,0000005 - Statement - CONSOLIDATED STATEMENTS OF INCOME,plain,False,,
META,"Meta Platforms, Inc.",1326801,10-K,2023-12-31,2023,2022-12-31,2024-02-02,0001326801-24-000012,meta-20231231.htm,v14 (scripts/60_xbrl_metric_engine.py),revenue,True,PASS,134902000000.0,iso4217:USD,c-1,2023-01-01,2023-12-31,us-gaap:RevenueFromContractWithCustomerExcludingAssessedTax,Revenue,0000005 - Statement - CONSOLIDATED STATEMENTS OF INCOME,plain,False,,
META,"Meta Platforms, Inc.",1326801,10-K,2023-12-31,2023,2022-12-31,2024-02-02,0001326801-24-000012,meta-20231231.htm,v14 (scripts/60_xbrl_metric_engine.py),short_term_investments,True,PASS,23541000000.0,iso4217:USD,c-5,2023-12-31,2023-12-31,us-gaap:MarketableSecuritiesCurrent,Marketable securities,0000003 - Statement - CONSOLIDATED BALANCE SHEETS,plain,False,,
META,"Meta Platforms, Inc.",1326801,10-K,2023-12-31,2023,2022-12-31,2024-02-02,0001326801-24-000012,meta-20231231.htm,v14 (scripts/60_xbrl_metric_engine.py),stockholders_equity,True,PASS,153168000000.0,iso4217:USD,c-5,2023-12-31,2023-12-31,us-gaap:StockholdersEquity,Total stockholders' equity,0000003 - Statement - CONSOLIDATED BALANCE SHEETS,plain,False,,
META,"Meta Platforms, Inc.",1326801,10-K,2023-12-31,2023,2022-12-31,2024-02-02,0001326801-24-000012,meta-20231231.htm,v14 (scripts/60_xbrl_metric_engine.py),total_debt_explicit,False,REVIEW_REQUIRED,,,,,,,,,,False,,לא נמצאה אף שורת 'total_debt_explicit' בתוך Statement role ראשי התואם לכללי ה-Role של המדד.
META,"Meta Platforms, Inc.",1326801,10-K,2023-12-31,2023,2022-12-31,2024-02-02,0001326801-24-000012,meta-20231231.htm,v14 (scripts/60_xbrl_metric_engine.py),cash_and_equivalents_prior,False,PASS,14681000000.0,iso4217:USD,c-6,2022-12-31,2022-12-31,us-gaap:CashAndCashEquivalentsAtCarryingValue,Cash and cash equivalents,0000003 - Statement - CONSOLIDATED BALANCE SHEETS,plain,False,,
META,"Meta Platforms, Inc.",1326801,10-K,2023-12-31,2023,2022-12-31,2024-02-02,0001326801-24-000012,meta-20231231.htm,v14 (scripts/60_xbrl_metric_engine.py),current_debt_prior,False,REVIEW_REQUIRED,,,,,,,,,,False,,current_debt = 0 לא הוסק (תנאי 2 לא הוכח): לא ניתן לחלץ ערך מהימן ויחיד עבור השורה המוקדמת ביותר בלוח הפירעונות ('2024 through 2026') — תנאי 2 לא הוכח.
META,"Meta Platforms, Inc.",1326801,10-K,2023-12-31,2023,2022-12-31,2024-02-02,0001326801-24-000012,meta-20231231.htm,v14 (scripts/60_xbrl_metric_engine.py),long_term_debt_prior,False,PASS,9923000000.0,iso4217:USD,c-6,2022-12-31,2022-12-31,us-gaap:LongTermDebtNoncurrent,Long-term debt,0000003 - Statement - CONSOLIDATED BALANCE SHEETS,plain,False,,
META,"Meta Platforms, Inc.",1326801,10-K,2023-12-31,2023,2022-12-31,2024-02-02,0001326801-24-000012,meta-20231231.htm,v14 (scripts/60_xbrl_metric_engine.py),short_term_investments_prior,False,PASS,26057000000.0,iso4217:USD,c-6,2022-12-31,2022-12-31,us-gaap:MarketableSecuritiesCurrent,Marketable securities,0000003 - Statement - CONSOLIDATED BALANCE SHEETS,plain,False,,
META,"Meta Platforms, Inc.",1326801,10-K,2023-12-31,2023,2022-12-31,2024-02-02,0001326801-24-000012,meta-20231231.htm,v14 (scripts/60_xbrl_metric_engine.py),stockholders_equity_prior,False,PASS,125713000000.0,iso4217:USD,c-6,2022-12-31,2022-12-31,us-gaap:StockholdersEquity,Total stockholders' equity,0000003 - Statement - CONSOLIDATED BALANCE SHEETS,plain,False,,
META,"Meta Platforms, Inc.",1326801,10-K,2023-12-31,2023,2022-12-31,2024-02-02,0001326801-24-000012,meta-20231231.htm,v14 (scripts/60_xbrl_metric_engine.py),total_debt_explicit_prior,False,REVIEW_REQUIRED,,,,,,,,,,False,,לא נמצאה אף שורת 'total_debt_explicit' בתוך Statement role ראשי התואם לכללי ה-Role של המדד.
META,"Meta Platforms, Inc.",1326801,10-K,2023-12-31,2023,2022-12-31,2024-02-02,0001326801-24-000012,meta-20231231.htm,v14 (scripts/60_xbrl_metric_engine.py),effective_tax_rate,True,PASS,0.17563464620055663,ratio,,2023-01-01,2023-12-31,,,,,True,income_tax_expense / pretax_income,
META,"Meta Platforms, Inc.",1326801,10-K,2023-12-31,2023,2022-12-31,2024-02-02,0001326801-24-000012,meta-20231231.htm,v14 (scripts/60_xbrl_metric_engine.py),total_debt,True,REVIEW_REQUIRED,,,,,,,,,,True,current_debt + long_term_debt (no unambiguous direct aggregate Total Debt row found — explicit-row status: REVIEW_REQUIRED),"לא ניתן לחשב מדד נגזר כי לא כל הרכיבים עברו PASS: {'current_debt': 'REVIEW_REQUIRED', 'long_term_debt': 'PASS'}"
META,"Meta Platforms, Inc.",1326801,10-K,2023-12-31,2023,2022-12-31,2024-02-02,0001326801-24-000012,meta-20231231.htm,v14 (scripts/60_xbrl_metric_engine.py),total_debt_prior,False,REVIEW_REQUIRED,,,,,,,,,,True,current_debt_prior + long_term_debt_prior (no unambiguous direct aggregate Total Debt row found — explicit-row status: REVIEW_REQUIRED),"לא ניתן לחשב מדד נגזר כי לא כל הרכיבים עברו PASS: {'current_debt_prior': 'REVIEW_REQUIRED', 'long_term_debt_prior': 'PASS'}"
META,"Meta Platforms, Inc.",1326801,10-K,2023-12-31,2023,2022-12-31,2024-02-02,0001326801-24-000012,meta-20231231.htm,v14 (scripts/60_xbrl_metric_engine.py),adjusted_net_debt,True,REVIEW_REQUIRED,,,,,,,,,,True,total_debt - cash_and_equivalents - short_term_investments,"לא ניתן לחשב מדד נגזר כי לא כל הרכיבים עברו PASS: {'total_debt': 'REVIEW_REQUIRED', 'cash_and_equivalents': 'PASS', 'short_term_investments': 'PASS'}"
META,"Meta Platforms, Inc.",1326801,10-K,2023-12-31,2023,2022-12-31,2024-02-02,0001326801-24-000012,meta-20231231.htm,v14 (scripts/60_xbrl_metric_engine.py),free_cash_flow,True,PASS,43847000000.0,iso4217:USD,,2023-01-01,2023-12-31,,,,,True,operating_cash_flow - capex,
META,"Meta Platforms, Inc.",1326801,10-K,2023-12-31,2023,2022-12-31,2024-02-02,0001326801-24-000012,meta-20231231.htm,v14 (scripts/60_xbrl_metric_engine.py),invested_capital,True,REVIEW_REQUIRED,,,,,,,,,,True,total_debt + stockholders_equity - cash_and_equivalents - short_term_investments,"לא ניתן לחשב מדד נגזר כי לא כל הרכיבים עברו PASS: {'total_debt': 'REVIEW_REQUIRED', 'stockholders_equity': 'PASS', 'cash_and_equivalents': 'PASS', 'short_term_investments': 'PASS'}"
META,"Meta Platforms, Inc.",1326801,10-K,2023-12-31,2023,2022-12-31,2024-02-02,0001326801-24-000012,meta-20231231.htm,v14 (scripts/60_xbrl_metric_engine.py),invested_capital_prior,False,REVIEW_REQUIRED,,,,,,,,,,True,total_debt_prior + stockholders_equity_prior - cash_and_equivalents_prior - short_term_investments_prior,"לא ניתן לחשב מדד נגזר כי לא כל הרכיבים עברו PASS: {'total_debt_prior': 'REVIEW_REQUIRED', 'stockholders_equity_prior': 'PASS', 'cash_and_equivalents_prior': 'PASS', 'short_term_investments_prior': 'PASS'}"
META,"Meta Platforms, Inc.",1326801,10-K,2023-12-31,2023,2022-12-31,2024-02-02,0001326801-24-000012,meta-20231231.htm,v14 (scripts/60_xbrl_metric_engine.py),nopat,True,PASS,38539904655.477776,iso4217:USD,,2023-01-01,2023-12-31,,,,,True,operating_income * (1 - effective_tax_rate),
META,"Meta Platforms, Inc.",1326801,10-K,2023-12-31,2023,2022-12-31,2024-02-02,0001326801-24-000012,meta-20231231.htm,v14 (scripts/60_xbrl_metric_engine.py),average_invested_capital,True,REVIEW_REQUIRED,,,,,,,,,,True,(invested_capital + invested_capital_prior) / 2,"לא ניתן לחשב מדד נגזר כי לא כל הרכיבים עברו PASS: {'invested_capital': 'REVIEW_REQUIRED', 'invested_capital_prior': 'REVIEW_REQUIRED'}"
META,"Meta Platforms, Inc.",1326801,10-K,2023-12-31,2023,2022-12-31,2024-02-02,0001326801-24-000012,meta-20231231.htm,v14 (scripts/60_xbrl_metric_engine.py),roic,True,REVIEW_REQUIRED,,,,,,,,,,True,nopat / average_invested_capital,"לא ניתן לחשב מדד נגזר כי לא כל הרכיבים עברו PASS: {'nopat': 'PASS', 'average_invested_capital': 'REVIEW_REQUIRED'}"
META,"Meta Platforms, Inc.",1326801,10-K,2024-12-31,2024,2023-12-31,2025-01-30,0001326801-25-000017,meta-20241231.htm,v14 (scripts/60_xbrl_metric_engine.py),capex,True,PASS,37256000000.0,iso4217:USD,c-1,2024-01-01,2024-12-31,us-gaap:PaymentsToAcquirePropertyPlantAndEquipment,Purchases of property and equipment,9952157 - Statement - CONSOLIDATED STATEMENTS OF CASH FLOWS,plain,False,,
META,"Meta Platforms, Inc.",1326801,10-K,2024-12-31,2024,2023-12-31,2025-01-30,0001326801-25-000017,meta-20241231.htm,v14 (scripts/60_xbrl_metric_engine.py),cash_and_equivalents,True,PASS,43889000000.0,iso4217:USD,c-5,2024-12-31,2024-12-31,us-gaap:CashAndCashEquivalentsAtCarryingValue,Cash and cash equivalents,9952151 - Statement - CONSOLIDATED BALANCE SHEETS,plain,False,,
META,"Meta Platforms, Inc.",1326801,10-K,2024-12-31,2024,2023-12-31,2025-01-30,0001326801-25-000017,meta-20241231.htm,v14 (scripts/60_xbrl_metric_engine.py),current_debt,True,REVIEW_REQUIRED,,,,,,,,,,False,,"current_debt = 0 לא הוסק (תנאי 3 לא הוכח): סה""כ לוח הפירעונות (29000000000.0) אינו מתיישב עם long_term_debt מהמאזן (28826000000.0) — תנאי 3 לא הוכח."
META,"Meta Platforms, Inc.",1326801,10-K,2024-12-31,2024,2023-12-31,2025-01-30,0001326801-25-000017,meta-20241231.htm,v14 (scripts/60_xbrl_metric_engine.py),income_tax_expense,True,PASS,8303000000.0,iso4217:USD,c-1,2024-01-01,2024-12-31,us-gaap:IncomeTaxExpenseBenefit,Provision for income taxes,9952153 - Statement - CONSOLIDATED STATEMENTS OF INCOME,plain,False,,
META,"Meta Platforms, Inc.",1326801,10-K,2024-12-31,2024,2023-12-31,2025-01-30,0001326801-25-000017,meta-20241231.htm,v14 (scripts/60_xbrl_metric_engine.py),long_term_debt,True,PASS,28826000000.0,iso4217:USD,c-5,2024-12-31,2024-12-31,us-gaap:LongTermDebtNoncurrent,Long-term debt,9952151 - Statement - CONSOLIDATED BALANCE SHEETS,plain,False,,
META,"Meta Platforms, Inc.",1326801,10-K,2024-12-31,2024,2023-12-31,2025-01-30,0001326801-25-000017,meta-20241231.htm,v14 (scripts/60_xbrl_metric_engine.py),net_income,True,PASS,62360000000.0,iso4217:USD,c-1,2024-01-01,2024-12-31,us-gaap:NetIncomeLoss,Net income,9952153 - Statement - CONSOLIDATED STATEMENTS OF INCOME,plain,False,,
META,"Meta Platforms, Inc.",1326801,10-K,2024-12-31,2024,2023-12-31,2025-01-30,0001326801-25-000017,meta-20241231.htm,v14 (scripts/60_xbrl_metric_engine.py),operating_cash_flow,True,PASS,91328000000.0,iso4217:USD,c-1,2024-01-01,2024-12-31,us-gaap:NetCashProvidedByUsedInOperatingActivities,Net cash provided by operating activities,9952157 - Statement - CONSOLIDATED STATEMENTS OF CASH FLOWS,plain,False,,
META,"Meta Platforms, Inc.",1326801,10-K,2024-12-31,2024,2023-12-31,2025-01-30,0001326801-25-000017,meta-20241231.htm,v14 (scripts/60_xbrl_metric_engine.py),operating_income,True,PASS,69380000000.0,iso4217:USD,c-1,2024-01-01,2024-12-31,us-gaap:OperatingIncomeLoss,Income (loss) from operations,9952153 - Statement - CONSOLIDATED STATEMENTS OF INCOME,plain,False,,
META,"Meta Platforms, Inc.",1326801,10-K,2024-12-31,2024,2023-12-31,2025-01-30,0001326801-25-000017,meta-20241231.htm,v14 (scripts/60_xbrl_metric_engine.py),pretax_income,True,PASS,70663000000.0,iso4217:USD,c-1,2024-01-01,2024-12-31,us-gaap:IncomeLossFromContinuingOperationsBeforeIncomeTaxesExtraordinaryItemsNoncontrollingInterest,Income before provision for income taxes,9952153 - Statement - CONSOLIDATED STATEMENTS OF INCOME,plain,False,,
META,"Meta Platforms, Inc.",1326801,10-K,2024-12-31,2024,2023-12-31,2025-01-30,0001326801-25-000017,meta-20241231.htm,v14 (scripts/60_xbrl_metric_engine.py),revenue,True,PASS,164501000000.0,iso4217:USD,c-1,2024-01-01,2024-12-31,us-gaap:RevenueFromContractWithCustomerExcludingAssessedTax,Revenue,9952153 - Statement - CONSOLIDATED STATEMENTS OF INCOME,plain,False,,
META,"Meta Platforms, Inc.",1326801,10-K,2024-12-31,2024,2023-12-31,2025-01-30,0001326801-25-000017,meta-20241231.htm,v14 (scripts/60_xbrl_metric_engine.py),short_term_investments,True,PASS,33926000000.0,iso4217:USD,c-5,2024-12-31,2024-12-31,us-gaap:MarketableSecuritiesCurrent,Marketable securities,9952151 - Statement - CONSOLIDATED BALANCE SHEETS,plain,False,,
META,"Meta Platforms, Inc.",1326801,10-K,2024-12-31,2024,2023-12-31,2025-01-30,0001326801-25-000017,meta-20241231.htm,v14 (scripts/60_xbrl_metric_engine.py),stockholders_equity,True,PASS,182637000000.0,iso4217:USD,c-5,2024-12-31,2024-12-31,us-gaap:StockholdersEquity,Total stockholders' equity,9952151 - Statement - CONSOLIDATED BALANCE SHEETS,plain,False,,
META,"Meta Platforms, Inc.",1326801,10-K,2024-12-31,2024,2023-12-31,2025-01-30,0001326801-25-000017,meta-20241231.htm,v14 (scripts/60_xbrl_metric_engine.py),total_debt_explicit,False,REVIEW_REQUIRED,,,,,,,,,,False,,לא נמצאה אף שורת 'total_debt_explicit' בתוך Statement role ראשי התואם לכללי ה-Role של המדד.
META,"Meta Platforms, Inc.",1326801,10-K,2024-12-31,2024,2023-12-31,2025-01-30,0001326801-25-000017,meta-20241231.htm,v14 (scripts/60_xbrl_metric_engine.py),cash_and_equivalents_prior,False,PASS,41862000000.0,iso4217:USD,c-6,2023-12-31,2023-12-31,us-gaap:CashAndCashEquivalentsAtCarryingValue,Cash and cash equivalents,9952151 - Statement - CONSOLIDATED BALANCE SHEETS,plain,False,,
META,"Meta Platforms, Inc.",1326801,10-K,2024-12-31,2024,2023-12-31,2025-01-30,0001326801-25-000017,meta-20241231.htm,v14 (scripts/60_xbrl_metric_engine.py),current_debt_prior,False,REVIEW_REQUIRED,,,,,,,,,,False,,current_debt = 0 לא הוסק (תנאי 2 לא הוכח): לא ניתן לחלץ ערך מהימן ויחיד עבור השורה המוקדמת ביותר בלוח הפירעונות ('2025 through 2026') — תנאי 2 לא הוכח.
META,"Meta Platforms, Inc.",1326801,10-K,2024-12-31,2024,2023-12-31,2025-01-30,0001326801-25-000017,meta-20241231.htm,v14 (scripts/60_xbrl_metric_engine.py),long_term_debt_prior,False,PASS,18385000000.0,iso4217:USD,c-6,2023-12-31,2023-12-31,us-gaap:LongTermDebtNoncurrent,Long-term debt,9952151 - Statement - CONSOLIDATED BALANCE SHEETS,plain,False,,
META,"Meta Platforms, Inc.",1326801,10-K,2024-12-31,2024,2023-12-31,2025-01-30,0001326801-25-000017,meta-20241231.htm,v14 (scripts/60_xbrl_metric_engine.py),short_term_investments_prior,False,PASS,23541000000.0,iso4217:USD,c-6,2023-12-31,2023-12-31,us-gaap:MarketableSecuritiesCurrent,Marketable securities,9952151 - Statement - CONSOLIDATED BALANCE SHEETS,plain,False,,
META,"Meta Platforms, Inc.",1326801,10-K,2024-12-31,2024,2023-12-31,2025-01-30,0001326801-25-000017,meta-20241231.htm,v14 (scripts/60_xbrl_metric_engine.py),stockholders_equity_prior,False,PASS,153168000000.0,iso4217:USD,c-6,2023-12-31,2023-12-31,us-gaap:StockholdersEquity,Total stockholders' equity,9952151 - Statement - CONSOLIDATED BALANCE SHEETS,plain,False,,
META,"Meta Platforms, Inc.",1326801,10-K,2024-12-31,2024,2023-12-31,2025-01-30,0001326801-25-000017,meta-20241231.htm,v14 (scripts/60_xbrl_metric_engine.py),total_debt_explicit_prior,False,REVIEW_REQUIRED,,,,,,,,,,False,,לא נמצאה אף שורת 'total_debt_explicit' בתוך Statement role ראשי התואם לכללי ה-Role של המדד.
META,"Meta Platforms, Inc.",1326801,10-K,2024-12-31,2024,2023-12-31,2025-01-30,0001326801-25-000017,meta-20241231.htm,v14 (scripts/60_xbrl_metric_engine.py),effective_tax_rate,True,PASS,0.11750137978857393,ratio,,2024-01-01,2024-12-31,,,,,True,income_tax_expense / pretax_income,
META,"Meta Platforms, Inc.",1326801,10-K,2024-12-31,2024,2023-12-31,2025-01-30,0001326801-25-000017,meta-20241231.htm,v14 (scripts/60_xbrl_metric_engine.py),total_debt,True,REVIEW_REQUIRED,,,,,,,,,,True,current_debt + long_term_debt (no unambiguous direct aggregate Total Debt row found — explicit-row status: REVIEW_REQUIRED),"לא ניתן לחשב מדד נגזר כי לא כל הרכיבים עברו PASS: {'current_debt': 'REVIEW_REQUIRED', 'long_term_debt': 'PASS'}"
META,"Meta Platforms, Inc.",1326801,10-K,2024-12-31,2024,2023-12-31,2025-01-30,0001326801-25-000017,meta-20241231.htm,v14 (scripts/60_xbrl_metric_engine.py),total_debt_prior,False,REVIEW_REQUIRED,,,,,,,,,,True,current_debt_prior + long_term_debt_prior (no unambiguous direct aggregate Total Debt row found — explicit-row status: REVIEW_REQUIRED),"לא ניתן לחשב מדד נגזר כי לא כל הרכיבים עברו PASS: {'current_debt_prior': 'REVIEW_REQUIRED', 'long_term_debt_prior': 'PASS'}"
META,"Meta Platforms, Inc.",1326801,10-K,2024-12-31,2024,2023-12-31,2025-01-30,0001326801-25-000017,meta-20241231.htm,v14 (scripts/60_xbrl_metric_engine.py),adjusted_net_debt,True,REVIEW_REQUIRED,,,,,,,,,,True,total_debt - cash_and_equivalents - short_term_investments,"לא ניתן לחשב מדד נגזר כי לא כל הרכיבים עברו PASS: {'total_debt': 'REVIEW_REQUIRED', 'cash_and_equivalents': 'PASS', 'short_term_investments': 'PASS'}"
META,"Meta Platforms, Inc.",1326801,10-K,2024-12-31,2024,2023-12-31,2025-01-30,0001326801-25-000017,meta-20241231.htm,v14 (scripts/60_xbrl_metric_engine.py),free_cash_flow,True,PASS,54072000000.0,iso4217:USD,,2024-01-01,2024-12-31,,,,,True,operating_cash_flow - capex,
META,"Meta Platforms, Inc.",1326801,10-K,2024-12-31,2024,2023-12-31,2025-01-30,0001326801-25-000017,meta-20241231.htm,v14 (scripts/60_xbrl_metric_engine.py),invested_capital,True,REVIEW_REQUIRED,,,,,,,,,,True,total_debt + stockholders_equity - cash_and_equivalents - short_term_investments,"לא ניתן לחשב מדד נגזר כי לא כל הרכיבים עברו PASS: {'total_debt': 'REVIEW_REQUIRED', 'stockholders_equity': 'PASS', 'cash_and_equivalents': 'PASS', 'short_term_investments': 'PASS'}"
META,"Meta Platforms, Inc.",1326801,10-K,2024-12-31,2024,2023-12-31,2025-01-30,0001326801-25-000017,meta-20241231.htm,v14 (scripts/60_xbrl_metric_engine.py),invested_capital_prior,False,REVIEW_REQUIRED,,,,,,,,,,True,total_debt_prior + stockholders_equity_prior - cash_and_equivalents_prior - short_term_investments_prior,"לא ניתן לחשב מדד נגזר כי לא כל הרכיבים עברו PASS: {'total_debt_prior': 'REVIEW_REQUIRED', 'stockholders_equity_prior': 'PASS', 'cash_and_equivalents_prior': 'PASS', 'short_term_investments_prior': 'PASS'}"
META,"Meta Platforms, Inc.",1326801,10-K,2024-12-31,2024,2023-12-31,2025-01-30,0001326801-25-000017,meta-20241231.htm,v14 (scripts/60_xbrl_metric_engine.py),nopat,True,PASS,61227754270.268745,iso4217:USD,,2024-01-01,2024-12-31,,,,,True,operating_income * (1 - effective_tax_rate),
META,"Meta Platforms, Inc.",1326801,10-K,2024-12-31,2024,2023-12-31,2025-01-30,0001326801-25-000017,meta-20241231.htm,v14 (scripts/60_xbrl_metric_engine.py),average_invested_capital,True,REVIEW_REQUIRED,,,,,,,,,,True,(invested_capital + invested_capital_prior) / 2,"לא ניתן לחשב מדד נגזר כי לא כל הרכיבים עברו PASS: {'invested_capital': 'REVIEW_REQUIRED', 'invested_capital_prior': 'REVIEW_REQUIRED'}"
META,"Meta Platforms, Inc.",1326801,10-K,2024-12-31,2024,2023-12-31,2025-01-30,0001326801-25-000017,meta-20241231.htm,v14 (scripts/60_xbrl_metric_engine.py),roic,True,REVIEW_REQUIRED,,,,,,,,,,True,nopat / average_invested_capital,"לא ניתן לחשב מדד נגזר כי לא כל הרכיבים עברו PASS: {'nopat': 'PASS', 'average_invested_capital': 'REVIEW_REQUIRED'}"
NVDA,NVIDIA CORP,1045810,10-K,2020-01-26,2020,2019-01-26,2020-02-20,0001045810-20-000010,nvda-2020x10k.htm,v14 (scripts/60_xbrl_metric_engine.py),capex,True,PASS,489000000.0,iso4217:USD,FD2020Q4YTD,2019-01-28,2020-01-26,nvda:PurchasesOfPropertyAndEquipmentAndIntangibleAssets,Purchases of property and equipment and intangible assets,1008000 - Statement - CONSOLIDATED STATEMENTS OF CASH FLOWS,plain,False,,
NVDA,NVIDIA CORP,1045810,10-K,2020-01-26,2020,2019-01-26,2020-02-20,0001045810-20-000010,nvda-2020x10k.htm,v14 (scripts/60_xbrl_metric_engine.py),cash_and_equivalents,True,PASS,10896000000.0,iso4217:USD,FI2020Q4,2020-01-26,2020-01-26,us-gaap:CashAndCashEquivalentsAtCarryingValue,Cash and cash equivalents,1004000 - Statement - CONSOLIDATED BALANCE SHEETS,plain,False,,
NVDA,NVIDIA CORP,1045810,10-K,2020-01-26,2020,2019-01-26,2020-02-20,0001045810-20-000010,nvda-2020x10k.htm,v14 (scripts/60_xbrl_metric_engine.py),current_debt,True,REVIEW_REQUIRED,,,,,,,,,,False,,current_debt = 0 לא הוסק (תנאי 2 לא הוכח): לא נמצא באופן חד-משמעי ביאור לוח פירעונות חוב (Debt Maturity Schedule) — לא ניתן לאשר תנאי 2.
NVDA,NVIDIA CORP,1045810,10-K,2020-01-26,2020,2019-01-26,2020-02-20,0001045810-20-000010,nvda-2020x10k.htm,v14 (scripts/60_xbrl_metric_engine.py),income_tax_expense,True,PASS,174000000.0,iso4217:USD,FD2020Q4YTD,2019-01-28,2020-01-26,us-gaap:IncomeTaxExpenseBenefit,Income tax expense (benefit),1001000 - Statement - CONSOLIDATED STATEMENTS OF INCOME,plain,False,,
NVDA,NVIDIA CORP,1045810,10-K,2020-01-26,2020,2019-01-26,2020-02-20,0001045810-20-000010,nvda-2020x10k.htm,v14 (scripts/60_xbrl_metric_engine.py),long_term_debt,True,PASS,1991000000.0,iso4217:USD,FI2020Q4,2020-01-26,2020-01-26,us-gaap:LongTermDebt,Long-term debt,1004000 - Statement - CONSOLIDATED BALANCE SHEETS,plain,False,,
NVDA,NVIDIA CORP,1045810,10-K,2020-01-26,2020,2019-01-26,2020-02-20,0001045810-20-000010,nvda-2020x10k.htm,v14 (scripts/60_xbrl_metric_engine.py),net_income,True,PASS,2796000000.0,iso4217:USD,FD2020Q4YTD,2019-01-28,2020-01-26,us-gaap:NetIncomeLoss,Net income,1001000 - Statement - CONSOLIDATED STATEMENTS OF INCOME,plain,False,,
NVDA,NVIDIA CORP,1045810,10-K,2020-01-26,2020,2019-01-26,2020-02-20,0001045810-20-000010,nvda-2020x10k.htm,v14 (scripts/60_xbrl_metric_engine.py),operating_cash_flow,True,PASS,4761000000.0,iso4217:USD,FD2020Q4YTD,2019-01-28,2020-01-26,us-gaap:NetCashProvidedByUsedInOperatingActivities,Net cash provided by operating activities,1008000 - Statement - CONSOLIDATED STATEMENTS OF CASH FLOWS,plain,False,,
NVDA,NVIDIA CORP,1045810,10-K,2020-01-26,2020,2019-01-26,2020-02-20,0001045810-20-000010,nvda-2020x10k.htm,v14 (scripts/60_xbrl_metric_engine.py),operating_income,True,PASS,2846000000.0,iso4217:USD,FD2020Q4YTD,2019-01-28,2020-01-26,us-gaap:OperatingIncomeLoss,Income from operations,1001000 - Statement - CONSOLIDATED STATEMENTS OF INCOME,plain,False,,
NVDA,NVIDIA CORP,1045810,10-K,2020-01-26,2020,2019-01-26,2020-02-20,0001045810-20-000010,nvda-2020x10k.htm,v14 (scripts/60_xbrl_metric_engine.py),pretax_income,True,PASS,2970000000.0,iso4217:USD,FD2020Q4YTD,2019-01-28,2020-01-26,us-gaap:IncomeLossFromContinuingOperationsBeforeIncomeTaxesMinorityInterestAndIncomeLossFromEquityMethodInvestments,Income before income tax,1001000 - Statement - CONSOLIDATED STATEMENTS OF INCOME,plain,False,,
NVDA,NVIDIA CORP,1045810,10-K,2020-01-26,2020,2019-01-26,2020-02-20,0001045810-20-000010,nvda-2020x10k.htm,v14 (scripts/60_xbrl_metric_engine.py),revenue,True,PASS,10918000000.0,iso4217:USD,FD2020Q4YTD,2019-01-28,2020-01-26,us-gaap:RevenueFromContractWithCustomerExcludingAssessedTax,Revenue,1001000 - Statement - CONSOLIDATED STATEMENTS OF INCOME,plain,False,,
NVDA,NVIDIA CORP,1045810,10-K,2020-01-26,2020,2019-01-26,2020-02-20,0001045810-20-000010,nvda-2020x10k.htm,v14 (scripts/60_xbrl_metric_engine.py),short_term_investments,True,PASS,1000000.0,iso4217:USD,FI2020Q4,2020-01-26,2020-01-26,us-gaap:MarketableSecuritiesCurrent,Marketable securities,1004000 - Statement - CONSOLIDATED BALANCE SHEETS,plain,False,,
NVDA,NVIDIA CORP,1045810,10-K,2020-01-26,2020,2019-01-26,2020-02-20,0001045810-20-000010,nvda-2020x10k.htm,v14 (scripts/60_xbrl_metric_engine.py),stockholders_equity,True,PASS,12204000000.0,iso4217:USD,FI2020Q4,2020-01-26,2020-01-26,us-gaap:StockholdersEquity,Total shareholders' equity,1004000 - Statement - CONSOLIDATED BALANCE SHEETS,plain,False,,
NVDA,NVIDIA CORP,1045810,10-K,2020-01-26,2020,2019-01-26,2020-02-20,0001045810-20-000010,nvda-2020x10k.htm,v14 (scripts/60_xbrl_metric_engine.py),total_debt_explicit,False,REVIEW_REQUIRED,,,,,,,,,,False,,לא נמצאה אף שורת 'total_debt_explicit' בתוך Statement role ראשי התואם לכללי ה-Role של המדד.
NVDA,NVIDIA CORP,1045810,10-K,2020-01-26,2020,2019-01-26,2020-02-20,0001045810-20-000010,nvda-2020x10k.htm,v14 (scripts/60_xbrl_metric_engine.py),cash_and_equivalents_prior,False,PASS,782000000.0,iso4217:USD,FI2019Q4,2019-01-27,2019-01-27,us-gaap:CashAndCashEquivalentsAtCarryingValue,Cash and cash equivalents,1004000 - Statement - CONSOLIDATED BALANCE SHEETS,plain,False,,
NVDA,NVIDIA CORP,1045810,10-K,2020-01-26,2020,2019-01-26,2020-02-20,0001045810-20-000010,nvda-2020x10k.htm,v14 (scripts/60_xbrl_metric_engine.py),current_debt_prior,False,REVIEW_REQUIRED,,,,,,,,,,False,,current_debt = 0 לא הוסק (תנאי 2 לא הוכח): לא נמצא באופן חד-משמעי ביאור לוח פירעונות חוב (Debt Maturity Schedule) — לא ניתן לאשר תנאי 2.
NVDA,NVIDIA CORP,1045810,10-K,2020-01-26,2020,2019-01-26,2020-02-20,0001045810-20-000010,nvda-2020x10k.htm,v14 (scripts/60_xbrl_metric_engine.py),long_term_debt_prior,False,PASS,1988000000.0,iso4217:USD,FI2019Q4,2019-01-27,2019-01-27,us-gaap:LongTermDebt,Long-term debt,1004000 - Statement - CONSOLIDATED BALANCE SHEETS,plain,False,,
NVDA,NVIDIA CORP,1045810,10-K,2020-01-26,2020,2019-01-26,2020-02-20,0001045810-20-000010,nvda-2020x10k.htm,v14 (scripts/60_xbrl_metric_engine.py),short_term_investments_prior,False,PASS,6640000000.0,iso4217:USD,FI2019Q4,2019-01-27,2019-01-27,us-gaap:MarketableSecuritiesCurrent,Marketable securities,1004000 - Statement - CONSOLIDATED BALANCE SHEETS,plain,False,,
NVDA,NVIDIA CORP,1045810,10-K,2020-01-26,2020,2019-01-26,2020-02-20,0001045810-20-000010,nvda-2020x10k.htm,v14 (scripts/60_xbrl_metric_engine.py),stockholders_equity_prior,False,PASS,9342000000.0,iso4217:USD,FI2019Q4,2019-01-27,2019-01-27,us-gaap:StockholdersEquity,Total shareholders' equity,1004000 - Statement - CONSOLIDATED BALANCE SHEETS,plain,False,,
NVDA,NVIDIA CORP,1045810,10-K,2020-01-26,2020,2019-01-26,2020-02-20,0001045810-20-000010,nvda-2020x10k.htm,v14 (scripts/60_xbrl_metric_engine.py),total_debt_explicit_prior,False,REVIEW_REQUIRED,,,,,,,,,,False,,לא נמצאה אף שורת 'total_debt_explicit' בתוך Statement role ראשי התואם לכללי ה-Role של המדד.
NVDA,NVIDIA CORP,1045810,10-K,2020-01-26,2020,2019-01-26,2020-02-20,0001045810-20-000010,nvda-2020x10k.htm,v14 (scripts/60_xbrl_metric_engine.py),effective_tax_rate,True,PASS,0.05858585858585859,ratio,,2019-01-28,2020-01-26,,,,,True,income_tax_expense / pretax_income,
NVDA,NVIDIA CORP,1045810,10-K,2020-01-26,2020,2019-01-26,2020-02-20,0001045810-20-000010,nvda-2020x10k.htm,v14 (scripts/60_xbrl_metric_engine.py),total_debt,True,REVIEW_REQUIRED,,,,,,,,,,True,current_debt + long_term_debt (no unambiguous direct aggregate Total Debt row found — explicit-row status: REVIEW_REQUIRED),"לא ניתן לחשב מדד נגזר כי לא כל הרכיבים עברו PASS: {'current_debt': 'REVIEW_REQUIRED', 'long_term_debt': 'PASS'}"
NVDA,NVIDIA CORP,1045810,10-K,2020-01-26,2020,2019-01-26,2020-02-20,0001045810-20-000010,nvda-2020x10k.htm,v14 (scripts/60_xbrl_metric_engine.py),total_debt_prior,False,REVIEW_REQUIRED,,,,,,,,,,True,current_debt_prior + long_term_debt_prior (no unambiguous direct aggregate Total Debt row found — explicit-row status: REVIEW_REQUIRED),"לא ניתן לחשב מדד נגזר כי לא כל הרכיבים עברו PASS: {'current_debt_prior': 'REVIEW_REQUIRED', 'long_term_debt_prior': 'PASS'}"
NVDA,NVIDIA CORP,1045810,10-K,2020-01-26,2020,2019-01-26,2020-02-20,0001045810-20-000010,nvda-2020x10k.htm,v14 (scripts/60_xbrl_metric_engine.py),adjusted_net_debt,True,REVIEW_REQUIRED,,,,,,,,,,True,total_debt - cash_and_equivalents - short_term_investments,"לא ניתן לחשב מדד נגזר כי לא כל הרכיבים עברו PASS: {'total_debt': 'REVIEW_REQUIRED', 'cash_and_equivalents': 'PASS', 'short_term_investments': 'PASS'}"
NVDA,NVIDIA CORP,1045810,10-K,2020-01-26,2020,2019-01-26,2020-02-20,0001045810-20-000010,nvda-2020x10k.htm,v14 (scripts/60_xbrl_metric_engine.py),free_cash_flow,True,PASS,4272000000.0,iso4217:USD,,2019-01-28,2020-01-26,,,,,True,operating_cash_flow - capex,
NVDA,NVIDIA CORP,1045810,10-K,2020-01-26,2020,2019-01-26,2020-02-20,0001045810-20-000010,nvda-2020x10k.htm,v14 (scripts/60_xbrl_metric_engine.py),invested_capital,True,REVIEW_REQUIRED,,,,,,,,,,True,total_debt + stockholders_equity - cash_and_equivalents - short_term_investments,"לא ניתן לחשב מדד נגזר כי לא כל הרכיבים עברו PASS: {'total_debt': 'REVIEW_REQUIRED', 'stockholders_equity': 'PASS', 'cash_and_equivalents': 'PASS', 'short_term_investments': 'PASS'}"
NVDA,NVIDIA CORP,1045810,10-K,2020-01-26,2020,2019-01-26,2020-02-20,0001045810-20-000010,nvda-2020x10k.htm,v14 (scripts/60_xbrl_metric_engine.py),invested_capital_prior,False,REVIEW_REQUIRED,,,,,,,,,,True,total_debt_prior + stockholders_equity_prior - cash_and_equivalents_prior - short_term_investments_prior,"לא ניתן לחשב מדד נגזר כי לא כל הרכיבים עברו PASS: {'total_debt_prior': 'REVIEW_REQUIRED', 'stockholders_equity_prior': 'PASS', 'cash_and_equivalents_prior': 'PASS', 'short_term_investments_prior': 'PASS'}"
NVDA,NVIDIA CORP,1045810,10-K,2020-01-26,2020,2019-01-26,2020-02-20,0001045810-20-000010,nvda-2020x10k.htm,v14 (scripts/60_xbrl_metric_engine.py),nopat,True,PASS,2679264646.4646463,iso4217:USD,,2019-01-28,2020-01-26,,,,,True,operating_income * (1 - effective_tax_rate),
NVDA,NVIDIA CORP,1045810,10-K,2020-01-26,2020,2019-01-26,2020-02-20,0001045810-20-000010,nvda-2020x10k.htm,v14 (scripts/60_xbrl_metric_engine.py),average_invested_capital,True,REVIEW_REQUIRED,,,,,,,,,,True,(invested_capital + invested_capital_prior) / 2,"לא ניתן לחשב מדד נגזר כי לא כל הרכיבים עברו PASS: {'invested_capital': 'REVIEW_REQUIRED', 'invested_capital_prior': 'REVIEW_REQUIRED'}"
NVDA,NVIDIA CORP,1045810,10-K,2020-01-26,2020,2019-01-26,2020-02-20,0001045810-20-000010,nvda-2020x10k.htm,v14 (scripts/60_xbrl_metric_engine.py),roic,True,REVIEW_REQUIRED,,,,,,,,,,True,nopat / average_invested_capital,"לא ניתן לחשב מדד נגזר כי לא כל הרכיבים עברו PASS: {'nopat': 'PASS', 'average_invested_capital': 'REVIEW_REQUIRED'}"
NVDA,NVIDIA CORP,1045810,10-K,2021-01-31,2021,2020-01-31,2021-02-26,0001045810-21-000010,nvda-20210131.htm,v14 (scripts/60_xbrl_metric_engine.py),capex,True,PASS,1128000000.0,iso4217:USD,i333bb1209df1462d83f7cab2751d7569_D20200127-20210131,2020-01-27,2021-01-31,nvda:PurchasesOfPropertyAndEquipmentAndIntangibleAssets,Purchases related to property and equipment and intangible assets,1007008 - Statement - CONSOLIDATED STATEMENTS OF CASH FLOWS,plain,False,,
NVDA,NVIDIA CORP,1045810,10-K,2021-01-31,2021,2020-01-31,2021-02-26,0001045810-21-000010,nvda-20210131.htm,v14 (scripts/60_xbrl_metric_engine.py),cash_and_equivalents,True,PASS,847000000.0,iso4217:USD,iaff0398a11df4b4a82b519219f39d8a3_I20210131,2021-01-31,2021-01-31,us-gaap:CashAndCashEquivalentsAtCarryingValue,Cash and cash equivalents,1003004 - Statement - CONSOLIDATED BALANCE SHEETS,plain,False,,
NVDA,NVIDIA CORP,1045810,10-K,2021-01-31,2021,2020-01-31,2021-02-26,0001045810-21-000010,nvda-20210131.htm,v14 (scripts/60_xbrl_metric_engine.py),current_debt,True,PASS,999000000.0,iso4217:USD,iaff0398a11df4b4a82b519219f39d8a3_I20210131,2021-01-31,2021-01-31,us-gaap:DebtCurrent,Short-term debt,1003004 - Statement - CONSOLIDATED BALANCE SHEETS,sum_of_sibling_components,False,,
NVDA,NVIDIA CORP,1045810,10-K,2021-01-31,2021,2020-01-31,2021-02-26,0001045810-21-000010,nvda-20210131.htm,v14 (scripts/60_xbrl_metric_engine.py),income_tax_expense,True,PASS,77000000.0,iso4217:USD,i333bb1209df1462d83f7cab2751d7569_D20200127-20210131,2020-01-27,2021-01-31,us-gaap:IncomeTaxExpenseBenefit,Income tax expense (benefit),1001002 - Statement - CONSOLIDATED STATEMENTS OF INCOME,plain,False,,
NVDA,NVIDIA CORP,1045810,10-K,2021-01-31,2021,2020-01-31,2021-02-26,0001045810-21-000010,nvda-20210131.htm,v14 (scripts/60_xbrl_metric_engine.py),long_term_debt,True,PASS,5964000000.0,iso4217:USD,iaff0398a11df4b4a82b519219f39d8a3_I20210131,2021-01-31,2021-01-31,us-gaap:LongTermDebtNoncurrent,Long-term debt,1003004 - Statement - CONSOLIDATED BALANCE SHEETS,plain,False,,
NVDA,NVIDIA CORP,1045810,10-K,2021-01-31,2021,2020-01-31,2021-02-26,0001045810-21-000010,nvda-20210131.htm,v14 (scripts/60_xbrl_metric_engine.py),net_income,True,PASS,4332000000.0,iso4217:USD,i333bb1209df1462d83f7cab2751d7569_D20200127-20210131,2020-01-27,2021-01-31,us-gaap:NetIncomeLoss,Net income,1001002 - Statement - CONSOLIDATED STATEMENTS OF INCOME,plain,False,,
NVDA,NVIDIA CORP,1045810,10-K,2021-01-31,2021,2020-01-31,2021-02-26,0001045810-21-000010,nvda-20210131.htm,v14 (scripts/60_xbrl_metric_engine.py),operating_cash_flow,True,PASS,5822000000.0,iso4217:USD,i333bb1209df1462d83f7cab2751d7569_D20200127-20210131,2020-01-27,2021-01-31,us-gaap:NetCashProvidedByUsedInOperatingActivities,Net cash provided by operating activities,1007008 - Statement - CONSOLIDATED STATEMENTS OF CASH FLOWS,plain,False,,
NVDA,NVIDIA CORP,1045810,10-K,2021-01-31,2021,2020-01-31,2021-02-26,0001045810-21-000010,nvda-20210131.htm,v14 (scripts/60_xbrl_metric_engine.py),operating_income,True,PASS,4532000000.0,iso4217:USD,i333bb1209df1462d83f7cab2751d7569_D20200127-20210131,2020-01-27,2021-01-31,us-gaap:OperatingIncomeLoss,Income from operations,1001002 - Statement - CONSOLIDATED STATEMENTS OF INCOME,plain,False,,
NVDA,NVIDIA CORP,1045810,10-K,2021-01-31,2021,2020-01-31,2021-02-26,0001045810-21-000010,nvda-20210131.htm,v14 (scripts/60_xbrl_metric_engine.py),pretax_income,True,PASS,4409000000.0,iso4217:USD,i333bb1209df1462d83f7cab2751d7569_D20200127-20210131,2020-01-27,2021-01-31,us-gaap:IncomeLossFromContinuingOperationsBeforeIncomeTaxesMinorityInterestAndIncomeLossFromEquityMethodInvestments,Income before income tax,1001002 - Statement - CONSOLIDATED STATEMENTS OF INCOME,plain,False,,
NVDA,NVIDIA CORP,1045810,10-K,2021-01-31,2021,2020-01-31,2021-02-26,0001045810-21-000010,nvda-20210131.htm,v14 (scripts/60_xbrl_metric_engine.py),revenue,True,PASS,16675000000.0,iso4217:USD,i333bb1209df1462d83f7cab2751d7569_D20200127-20210131,2020-01-27,2021-01-31,us-gaap:RevenueFromContractWithCustomerExcludingAssessedTax,Revenue,1001002 - Statement - CONSOLIDATED STATEMENTS OF INCOME,plain,False,,
NVDA,NVIDIA CORP,1045810,10-K,2021-01-31,2021,2020-01-31,2021-02-26,0001045810-21-000010,nvda-20210131.htm,v14 (scripts/60_xbrl_metric_engine.py),short_term_investments,True,PASS,10714000000.0,iso4217:USD,iaff0398a11df4b4a82b519219f39d8a3_I20210131,2021-01-31,2021-01-31,us-gaap:MarketableSecuritiesCurrent,Marketable securities,1003004 - Statement - CONSOLIDATED BALANCE SHEETS,plain,False,,
NVDA,NVIDIA CORP,1045810,10-K,2021-01-31,2021,2020-01-31,2021-02-26,0001045810-21-000010,nvda-20210131.htm,v14 (scripts/60_xbrl_metric_engine.py),stockholders_equity,True,PASS,16893000000.0,iso4217:USD,iaff0398a11df4b4a82b519219f39d8a3_I20210131,2021-01-31,2021-01-31,us-gaap:StockholdersEquity,Total shareholders' equity,1003004 - Statement - CONSOLIDATED BALANCE SHEETS,plain,False,,
NVDA,NVIDIA CORP,1045810,10-K,2021-01-31,2021,2020-01-31,2021-02-26,0001045810-21-000010,nvda-20210131.htm,v14 (scripts/60_xbrl_metric_engine.py),total_debt_explicit,False,REVIEW_REQUIRED,,,,,,,,,,False,,לא נמצאה אף שורת 'total_debt_explicit' בתוך Statement role ראשי התואם לכללי ה-Role של המדד.
NVDA,NVIDIA CORP,1045810,10-K,2021-01-31,2021,2020-01-31,2021-02-26,0001045810-21-000010,nvda-20210131.htm,v14 (scripts/60_xbrl_metric_engine.py),cash_and_equivalents_prior,False,PASS,10896000000.0,iso4217:USD,i3fbc9d35f5c64adbb6ddfbf47e6f2508_I20200126,2020-01-26,2020-01-26,us-gaap:CashAndCashEquivalentsAtCarryingValue,Cash and cash equivalents,1003004 - Statement - CONSOLIDATED BALANCE SHEETS,plain,False,,
NVDA,NVIDIA CORP,1045810,10-K,2021-01-31,2021,2020-01-31,2021-02-26,0001045810-21-000010,nvda-20210131.htm,v14 (scripts/60_xbrl_metric_engine.py),current_debt_prior,False,PASS,0.0,iso4217:USD,i3fbc9d35f5c64adbb6ddfbf47e6f2508_I20200126,2020-01-26,2020-01-26,us-gaap:DebtCurrent,Short-term debt,1003004 - Statement - CONSOLIDATED BALANCE SHEETS,sum_of_sibling_components,False,,
NVDA,NVIDIA CORP,1045810,10-K,2021-01-31,2021,2020-01-31,2021-02-26,0001045810-21-000010,nvda-20210131.htm,v14 (scripts/60_xbrl_metric_engine.py),long_term_debt_prior,False,PASS,1991000000.0,iso4217:USD,i3fbc9d35f5c64adbb6ddfbf47e6f2508_I20200126,2020-01-26,2020-01-26,us-gaap:LongTermDebtNoncurrent,Long-term debt,1003004 - Statement - CONSOLIDATED BALANCE SHEETS,plain,False,,
NVDA,NVIDIA CORP,1045810,10-K,2021-01-31,2021,2020-01-31,2021-02-26,0001045810-21-000010,nvda-20210131.htm,v14 (scripts/60_xbrl_metric_engine.py),short_term_investments_prior,False,PASS,1000000.0,iso4217:USD,i3fbc9d35f5c64adbb6ddfbf47e6f2508_I20200126,2020-01-26,2020-01-26,us-gaap:MarketableSecuritiesCurrent,Marketable securities,1003004 - Statement - CONSOLIDATED BALANCE SHEETS,plain,False,,
NVDA,NVIDIA CORP,1045810,10-K,2021-01-31,2021,2020-01-31,2021-02-26,0001045810-21-000010,nvda-20210131.htm,v14 (scripts/60_xbrl_metric_engine.py),stockholders_equity_prior,False,PASS,12204000000.0,iso4217:USD,i3fbc9d35f5c64adbb6ddfbf47e6f2508_I20200126,2020-01-26,2020-01-26,us-gaap:StockholdersEquity,Total shareholders' equity,1003004 - Statement - CONSOLIDATED BALANCE SHEETS,plain,False,,
NVDA,NVIDIA CORP,1045810,10-K,2021-01-31,2021,2020-01-31,2021-02-26,0001045810-21-000010,nvda-20210131.htm,v14 (scripts/60_xbrl_metric_engine.py),total_debt_explicit_prior,False,REVIEW_REQUIRED,,,,,,,,,,False,,לא נמצאה אף שורת 'total_debt_explicit' בתוך Statement role ראשי התואם לכללי ה-Role של המדד.
NVDA,NVIDIA CORP,1045810,10-K,2021-01-31,2021,2020-01-31,2021-02-26,0001045810-21-000010,nvda-20210131.htm,v14 (scripts/60_xbrl_metric_engine.py),effective_tax_rate,True,PASS,0.017464277613971423,ratio,,2020-01-27,2021-01-31,,,,,True,income_tax_expense / pretax_income,
NVDA,NVIDIA CORP,1045810,10-K,2021-01-31,2021,2020-01-31,2021-02-26,0001045810-21-000010,nvda-20210131.htm,v14 (scripts/60_xbrl_metric_engine.py),total_debt,True,PASS,6963000000.0,iso4217:USD,,2021-01-31,2021-01-31,,,,,True,current_debt + long_term_debt (no unambiguous direct aggregate Total Debt row found — explicit-row status: REVIEW_REQUIRED),
NVDA,NVIDIA CORP,1045810,10-K,2021-01-31,2021,2020-01-31,2021-02-26,0001045810-21-000010,nvda-20210131.htm,v14 (scripts/60_xbrl_metric_engine.py),total_debt_prior,False,PASS,1991000000.0,iso4217:USD,,2020-01-26,2020-01-26,,,,,True,current_debt_prior + long_term_debt_prior (no unambiguous direct aggregate Total Debt row found — explicit-row status: REVIEW_REQUIRED),
NVDA,NVIDIA CORP,1045810,10-K,2021-01-31,2021,2020-01-31,2021-02-26,0001045810-21-000010,nvda-20210131.htm,v14 (scripts/60_xbrl_metric_engine.py),adjusted_net_debt,True,PASS,-4598000000.0,iso4217:USD,,2021-01-31,2021-01-31,,,,,True,total_debt - cash_and_equivalents - short_term_investments,
NVDA,NVIDIA CORP,1045810,10-K,2021-01-31,2021,2020-01-31,2021-02-26,0001045810-21-000010,nvda-20210131.htm,v14 (scripts/60_xbrl_metric_engine.py),free_cash_flow,True,PASS,4694000000.0,iso4217:USD,,2020-01-27,2021-01-31,,,,,True,operating_cash_flow - capex,
NVDA,NVIDIA CORP,1045810,10-K,2021-01-31,2021,2020-01-31,2021-02-26,0001045810-21-000010,nvda-20210131.htm,v14 (scripts/60_xbrl_metric_engine.py),invested_capital,True,PASS,12295000000.0,iso4217:USD,,2021-01-31,2021-01-31,,,,,True,total_debt + stockholders_equity - cash_and_equivalents - short_term_investments,
NVDA,NVIDIA CORP,1045810,10-K,2021-01-31,2021,2020-01-31,2021-02-26,0001045810-21-000010,nvda-20210131.htm,v14 (scripts/60_xbrl_metric_engine.py),invested_capital_prior,False,PASS,3298000000.0,iso4217:USD,,2020-01-26,2020-01-26,,,,,True,total_debt_prior + stockholders_equity_prior - cash_and_equivalents_prior - short_term_investments_prior,
NVDA,NVIDIA CORP,1045810,10-K,2021-01-31,2021,2020-01-31,2021-02-26,0001045810-21-000010,nvda-20210131.htm,v14 (scripts/60_xbrl_metric_engine.py),nopat,True,PASS,4452851893.853481,iso4217:USD,,2020-01-27,2021-01-31,,,,,True,operating_income * (1 - effective_tax_rate),
NVDA,NVIDIA CORP,1045810,10-K,2021-01-31,2021,2020-01-31,2021-02-26,0001045810-21-000010,nvda-20210131.htm,v14 (scripts/60_xbrl_metric_engine.py),average_invested_capital,True,PASS,7796500000.0,iso4217:USD,,2020-01-26,2021-01-31,,,,,True,(invested_capital + invested_capital_prior) / 2,
NVDA,NVIDIA CORP,1045810,10-K,2021-01-31,2021,2020-01-31,2021-02-26,0001045810-21-000010,nvda-20210131.htm,v14 (scripts/60_xbrl_metric_engine.py),roic,True,PASS,0.5711347263327752,ratio,,2020-01-26,2021-01-31,,,,,True,nopat / average_invested_capital,
NVDA,NVIDIA CORP,1045810,10-K,2022-01-30,2022,2021-01-30,2022-03-18,0001045810-22-000036,nvda-20220130.htm,v14 (scripts/60_xbrl_metric_engine.py),capex,True,PASS,976000000.0,iso4217:USD,i2c5e111a942340e08ad1e8d2e3b0fb71_D20210201-20220130,2021-02-01,2022-01-30,nvda:PurchasesOfPropertyAndEquipmentAndIntangibleAssets,Purchases related to property and equipment and intangible assets,1007009 - Statement - CONSOLIDATED STATEMENTS OF CASH FLOWS,plain,False,,
NVDA,NVIDIA CORP,1045810,10-K,2022-01-30,2022,2021-01-30,2022-03-18,0001045810-22-000036,nvda-20220130.htm,v14 (scripts/60_xbrl_metric_engine.py),cash_and_equivalents,True,PASS,1990000000.0,iso4217:USD,id96ab824bfb147c2acf941e9f0bf2169_I20220130,2022-01-30,2022-01-30,us-gaap:CashAndCashEquivalentsAtCarryingValue,Cash and cash equivalents,1003005 - Statement - CONSOLIDATED BALANCE SHEETS,plain,False,,
NVDA,NVIDIA CORP,1045810,10-K,2022-01-30,2022,2021-01-30,2022-03-18,0001045810-22-000036,nvda-20220130.htm,v14 (scripts/60_xbrl_metric_engine.py),current_debt,True,PASS,0.0,iso4217:USD,id96ab824bfb147c2acf941e9f0bf2169_I20220130,2022-01-30,2022-01-30,us-gaap:DebtCurrent,Short-term debt,1003005 - Statement - CONSOLIDATED BALANCE SHEETS,sum_of_sibling_components,False,,
NVDA,NVIDIA CORP,1045810,10-K,2022-01-30,2022,2021-01-30,2022-03-18,0001045810-22-000036,nvda-20220130.htm,v14 (scripts/60_xbrl_metric_engine.py),income_tax_expense,True,PASS,189000000.0,iso4217:USD,i2c5e111a942340e08ad1e8d2e3b0fb71_D20210201-20220130,2021-02-01,2022-01-30,us-gaap:IncomeTaxExpenseBenefit,Income tax expense,1001003 - Statement - CONSOLIDATED STATEMENTS OF INCOME,plain,False,,
NVDA,NVIDIA CORP,1045810,10-K,2022-01-30,2022,2021-01-30,2022-03-18,0001045810-22-000036,nvda-20220130.htm,v14 (scripts/60_xbrl_metric_engine.py),long_term_debt,True,PASS,10946000000.0,iso4217:USD,id96ab824bfb147c2acf941e9f0bf2169_I20220130,2022-01-30,2022-01-30,us-gaap:LongTermDebtNoncurrent,Long-term debt,1003005 - Statement - CONSOLIDATED BALANCE SHEETS,plain,False,,
NVDA,NVIDIA CORP,1045810,10-K,2022-01-30,2022,2021-01-30,2022-03-18,0001045810-22-000036,nvda-20220130.htm,v14 (scripts/60_xbrl_metric_engine.py),net_income,True,PASS,9752000000.0,iso4217:USD,i2c5e111a942340e08ad1e8d2e3b0fb71_D20210201-20220130,2021-02-01,2022-01-30,us-gaap:NetIncomeLoss,Net income,1001003 - Statement - CONSOLIDATED STATEMENTS OF INCOME,plain,False,,
NVDA,NVIDIA CORP,1045810,10-K,2022-01-30,2022,2021-01-30,2022-03-18,0001045810-22-000036,nvda-20220130.htm,v14 (scripts/60_xbrl_metric_engine.py),operating_cash_flow,True,PASS,9108000000.0,iso4217:USD,i2c5e111a942340e08ad1e8d2e3b0fb71_D20210201-20220130,2021-02-01,2022-01-30,us-gaap:NetCashProvidedByUsedInOperatingActivities,Net cash provided by operating activities,1007009 - Statement - CONSOLIDATED STATEMENTS OF CASH FLOWS,plain,False,,
NVDA,NVIDIA CORP,1045810,10-K,2022-01-30,2022,2021-01-30,2022-03-18,0001045810-22-000036,nvda-20220130.htm,v14 (scripts/60_xbrl_metric_engine.py),operating_income,True,PASS,10041000000.0,iso4217:USD,i2c5e111a942340e08ad1e8d2e3b0fb71_D20210201-20220130,2021-02-01,2022-01-30,us-gaap:OperatingIncomeLoss,Income from operations,1001003 - Statement - CONSOLIDATED STATEMENTS OF INCOME,plain,False,,
NVDA,NVIDIA CORP,1045810,10-K,2022-01-30,2022,2021-01-30,2022-03-18,0001045810-22-000036,nvda-20220130.htm,v14 (scripts/60_xbrl_metric_engine.py),pretax_income,True,PASS,9941000000.0,iso4217:USD,i2c5e111a942340e08ad1e8d2e3b0fb71_D20210201-20220130,2021-02-01,2022-01-30,us-gaap:IncomeLossFromContinuingOperationsBeforeIncomeTaxesExtraordinaryItemsNoncontrollingInterest,Income before income tax,1001003 - Statement - CONSOLIDATED STATEMENTS OF INCOME,plain,False,,
NVDA,NVIDIA CORP,1045810,10-K,2022-01-30,2022,2021-01-30,2022-03-18,0001045810-22-000036,nvda-20220130.htm,v14 (scripts/60_xbrl_metric_engine.py),revenue,True,PASS,26914000000.0,iso4217:USD,i2c5e111a942340e08ad1e8d2e3b0fb71_D20210201-20220130,2021-02-01,2022-01-30,us-gaap:Revenues,Revenue,1001003 - Statement - CONSOLIDATED STATEMENTS OF INCOME,plain,False,,
NVDA,NVIDIA CORP,1045810,10-K,2022-01-30,2022,2021-01-30,2022-03-18,0001045810-22-000036,nvda-20220130.htm,v14 (scripts/60_xbrl_metric_engine.py),short_term_investments,True,PASS,19218000000.0,iso4217:USD,id96ab824bfb147c2acf941e9f0bf2169_I20220130,2022-01-30,2022-01-30,us-gaap:MarketableSecuritiesCurrent,Marketable securities,1003005 - Statement - CONSOLIDATED BALANCE SHEETS,plain,False,,
NVDA,NVIDIA CORP,1045810,10-K,2022-01-30,2022,2021-01-30,2022-03-18,0001045810-22-000036,nvda-20220130.htm,v14 (scripts/60_xbrl_metric_engine.py),stockholders_equity,True,PASS,26612000000.0,iso4217:USD,id96ab824bfb147c2acf941e9f0bf2169_I20220130,2022-01-30,2022-01-30,us-gaap:StockholdersEquity,Total shareholders' equity,1003005 - Statement - CONSOLIDATED BALANCE SHEETS,plain,False,,
NVDA,NVIDIA CORP,1045810,10-K,2022-01-30,2022,2021-01-30,2022-03-18,0001045810-22-000036,nvda-20220130.htm,v14 (scripts/60_xbrl_metric_engine.py),total_debt_explicit,False,REVIEW_REQUIRED,,,,,,,,,,False,,לא נמצאה אף שורת 'total_debt_explicit' בתוך Statement role ראשי התואם לכללי ה-Role של המדד.
NVDA,NVIDIA CORP,1045810,10-K,2022-01-30,2022,2021-01-30,2022-03-18,0001045810-22-000036,nvda-20220130.htm,v14 (scripts/60_xbrl_metric_engine.py),cash_and_equivalents_prior,False,PASS,847000000.0,iso4217:USD,i9f1ea99198b744bf9e8271c570e57487_I20210131,2021-01-31,2021-01-31,us-gaap:CashAndCashEquivalentsAtCarryingValue,Cash and cash equivalents,1003005 - Statement - CONSOLIDATED BALANCE SHEETS,plain,False,,
NVDA,NVIDIA CORP,1045810,10-K,2022-01-30,2022,2021-01-30,2022-03-18,0001045810-22-000036,nvda-20220130.htm,v14 (scripts/60_xbrl_metric_engine.py),current_debt_prior,False,PASS,999000000.0,iso4217:USD,i9f1ea99198b744bf9e8271c570e57487_I20210131,2021-01-31,2021-01-31,us-gaap:DebtCurrent,Short-term debt,1003005 - Statement - CONSOLIDATED BALANCE SHEETS,sum_of_sibling_components,False,,
NVDA,NVIDIA CORP,1045810,10-K,2022-01-30,2022,2021-01-30,2022-03-18,0001045810-22-000036,nvda-20220130.htm,v14 (scripts/60_xbrl_metric_engine.py),long_term_debt_prior,False,PASS,5964000000.0,iso4217:USD,i9f1ea99198b744bf9e8271c570e57487_I20210131,2021-01-31,2021-01-31,us-gaap:LongTermDebtNoncurrent,Long-term debt,1003005 - Statement - CONSOLIDATED BALANCE SHEETS,plain,False,,
NVDA,NVIDIA CORP,1045810,10-K,2022-01-30,2022,2021-01-30,2022-03-18,0001045810-22-000036,nvda-20220130.htm,v14 (scripts/60_xbrl_metric_engine.py),short_term_investments_prior,False,PASS,10714000000.0,iso4217:USD,i9f1ea99198b744bf9e8271c570e57487_I20210131,2021-01-31,2021-01-31,us-gaap:MarketableSecuritiesCurrent,Marketable securities,1003005 - Statement - CONSOLIDATED BALANCE SHEETS,plain,False,,
NVDA,NVIDIA CORP,1045810,10-K,2022-01-30,2022,2021-01-30,2022-03-18,0001045810-22-000036,nvda-20220130.htm,v14 (scripts/60_xbrl_metric_engine.py),stockholders_equity_prior,False,PASS,16893000000.0,iso4217:USD,i9f1ea99198b744bf9e8271c570e57487_I20210131,2021-01-31,2021-01-31,us-gaap:StockholdersEquity,Total shareholders' equity,1003005 - Statement - CONSOLIDATED BALANCE SHEETS,plain,False,,
NVDA,NVIDIA CORP,1045810,10-K,2022-01-30,2022,2021-01-30,2022-03-18,0001045810-22-000036,nvda-20220130.htm,v14 (scripts/60_xbrl_metric_engine.py),total_debt_explicit_prior,False,REVIEW_REQUIRED,,,,,,,,,,False,,לא נמצאה אף שורת 'total_debt_explicit' בתוך Statement role ראשי התואם לכללי ה-Role של המדד.
NVDA,NVIDIA CORP,1045810,10-K,2022-01-30,2022,2021-01-30,2022-03-18,0001045810-22-000036,nvda-20220130.htm,v14 (scripts/60_xbrl_metric_engine.py),effective_tax_rate,True,PASS,0.019012171813700834,ratio,,2021-02-01,2022-01-30,,,,,True,income_tax_expense / pretax_income,
NVDA,NVIDIA CORP,1045810,10-K,2022-01-30,2022,2021-01-30,2022-03-18,0001045810-22-000036,nvda-20220130.htm,v14 (scripts/60_xbrl_metric_engine.py),total_debt,True,PASS,10946000000.0,iso4217:USD,,2022-01-30,2022-01-30,,,,,True,current_debt + long_term_debt (no unambiguous direct aggregate Total Debt row found — explicit-row status: REVIEW_REQUIRED),
NVDA,NVIDIA CORP,1045810,10-K,2022-01-30,2022,2021-01-30,2022-03-18,0001045810-22-000036,nvda-20220130.htm,v14 (scripts/60_xbrl_metric_engine.py),total_debt_prior,False,PASS,6963000000.0,iso4217:USD,,2021-01-31,2021-01-31,,,,,True,current_debt_prior + long_term_debt_prior (no unambiguous direct aggregate Total Debt row found — explicit-row status: REVIEW_REQUIRED),
NVDA,NVIDIA CORP,1045810,10-K,2022-01-30,2022,2021-01-30,2022-03-18,0001045810-22-000036,nvda-20220130.htm,v14 (scripts/60_xbrl_metric_engine.py),adjusted_net_debt,True,PASS,-10262000000.0,iso4217:USD,,2022-01-30,2022-01-30,,,,,True,total_debt - cash_and_equivalents - short_term_investments,
NVDA,NVIDIA CORP,1045810,10-K,2022-01-30,2022,2021-01-30,2022-03-18,0001045810-22-000036,nvda-20220130.htm,v14 (scripts/60_xbrl_metric_engine.py),free_cash_flow,True,PASS,8132000000.0,iso4217:USD,,2021-02-01,2022-01-30,,,,,True,operating_cash_flow - capex,
NVDA,NVIDIA CORP,1045810,10-K,2022-01-30,2022,2021-01-30,2022-03-18,0001045810-22-000036,nvda-20220130.htm,v14 (scripts/60_xbrl_metric_engine.py),invested_capital,True,PASS,16350000000.0,iso4217:USD,,2022-01-30,2022-01-30,,,,,True,total_debt + stockholders_equity - cash_and_equivalents - short_term_investments,
NVDA,NVIDIA CORP,1045810,10-K,2022-01-30,2022,2021-01-30,2022-03-18,0001045810-22-000036,nvda-20220130.htm,v14 (scripts/60_xbrl_metric_engine.py),invested_capital_prior,False,PASS,12295000000.0,iso4217:USD,,2021-01-31,2021-01-31,,,,,True,total_debt_prior + stockholders_equity_prior - cash_and_equivalents_prior - short_term_investments_prior,
NVDA,NVIDIA CORP,1045810,10-K,2022-01-30,2022,2021-01-30,2022-03-18,0001045810-22-000036,nvda-20220130.htm,v14 (scripts/60_xbrl_metric_engine.py),nopat,True,PASS,9850098782.81863,iso4217:USD,,2021-02-01,2022-01-30,,,,,True,operating_income * (1 - effective_tax_rate),
NVDA,NVIDIA CORP,1045810,10-K,2022-01-30,2022,2021-01-30,2022-03-18,0001045810-22-000036,nvda-20220130.htm,v14 (scripts/60_xbrl_metric_engine.py),average_invested_capital,True,PASS,14322500000.0,iso4217:USD,,2021-01-31,2022-01-30,,,,,True,(invested_capital + invested_capital_prior) / 2,
NVDA,NVIDIA CORP,1045810,10-K,2022-01-30,2022,2021-01-30,2022-03-18,0001045810-22-000036,nvda-20220130.htm,v14 (scripts/60_xbrl_metric_engine.py),roic,True,PASS,0.6877359946111803,ratio,,2021-01-31,2022-01-30,,,,,True,nopat / average_invested_capital,
NVDA,NVIDIA CORP,1045810,10-K,2023-01-29,2023,2022-01-29,2023-02-24,0001045810-23-000017,nvda-20230129.htm,v14 (scripts/60_xbrl_metric_engine.py),capex,True,PASS,1833000000.0,iso4217:USD,i793edb174e3c4f8499d46ce84a602d1b_D20220131-20230129,2022-01-31,2023-01-29,nvda:PurchasesOfPropertyAndEquipmentAndIntangibleAssets,Purchases related to property and equipment and intangible assets,0000009 - Statement - CONSOLIDATED STATEMENTS OF CASH FLOWS,plain,False,,
NVDA,NVIDIA CORP,1045810,10-K,2023-01-29,2023,2022-01-29,2023-02-24,0001045810-23-000017,nvda-20230129.htm,v14 (scripts/60_xbrl_metric_engine.py),cash_and_equivalents,True,PASS,3389000000.0,iso4217:USD,i09aa2d0339d44ae0ab29b1068c498c27_I20230129,2023-01-29,2023-01-29,us-gaap:CashAndCashEquivalentsAtCarryingValue,Cash and cash equivalents,0000005 - Statement - CONSOLIDATED BALANCE SHEETS,plain,False,,
NVDA,NVIDIA CORP,1045810,10-K,2023-01-29,2023,2022-01-29,2023-02-24,0001045810-23-000017,nvda-20230129.htm,v14 (scripts/60_xbrl_metric_engine.py),current_debt,True,PASS,1250000000.0,iso4217:USD,i09aa2d0339d44ae0ab29b1068c498c27_I20230129,2023-01-29,2023-01-29,us-gaap:DebtCurrent,Short-term debt,0000005 - Statement - CONSOLIDATED BALANCE SHEETS,sum_of_sibling_components,False,,
NVDA,NVIDIA CORP,1045810,10-K,2023-01-29,2023,2022-01-29,2023-02-24,0001045810-23-000017,nvda-20230129.htm,v14 (scripts/60_xbrl_metric_engine.py),income_tax_expense,True,PASS,-187000000.0,iso4217:USD,i793edb174e3c4f8499d46ce84a602d1b_D20220131-20230129,2022-01-31,2023-01-29,us-gaap:IncomeTaxExpenseBenefit,Income tax expense (benefit),0000003 - Statement - CONSOLIDATED STATEMENTS OF INCOME,plain,False,,
NVDA,NVIDIA CORP,1045810,10-K,2023-01-29,2023,2022-01-29,2023-02-24,0001045810-23-000017,nvda-20230129.htm,v14 (scripts/60_xbrl_metric_engine.py),long_term_debt,True,PASS,9703000000.0,iso4217:USD,i09aa2d0339d44ae0ab29b1068c498c27_I20230129,2023-01-29,2023-01-29,us-gaap:LongTermDebtNoncurrent,Long-term debt,0000005 - Statement - CONSOLIDATED BALANCE SHEETS,plain,False,,
NVDA,NVIDIA CORP,1045810,10-K,2023-01-29,2023,2022-01-29,2023-02-24,0001045810-23-000017,nvda-20230129.htm,v14 (scripts/60_xbrl_metric_engine.py),net_income,True,PASS,4368000000.0,iso4217:USD,i793edb174e3c4f8499d46ce84a602d1b_D20220131-20230129,2022-01-31,2023-01-29,us-gaap:NetIncomeLoss,Net income,0000003 - Statement - CONSOLIDATED STATEMENTS OF INCOME,plain,False,,
NVDA,NVIDIA CORP,1045810,10-K,2023-01-29,2023,2022-01-29,2023-02-24,0001045810-23-000017,nvda-20230129.htm,v14 (scripts/60_xbrl_metric_engine.py),operating_cash_flow,True,PASS,5641000000.0,iso4217:USD,i793edb174e3c4f8499d46ce84a602d1b_D20220131-20230129,2022-01-31,2023-01-29,us-gaap:NetCashProvidedByUsedInOperatingActivities,Net cash provided by operating activities,0000009 - Statement - CONSOLIDATED STATEMENTS OF CASH FLOWS,plain,False,,
NVDA,NVIDIA CORP,1045810,10-K,2023-01-29,2023,2022-01-29,2023-02-24,0001045810-23-000017,nvda-20230129.htm,v14 (scripts/60_xbrl_metric_engine.py),operating_income,True,PASS,4224000000.0,iso4217:USD,i793edb174e3c4f8499d46ce84a602d1b_D20220131-20230129,2022-01-31,2023-01-29,us-gaap:OperatingIncomeLoss,Income from operations,0000003 - Statement - CONSOLIDATED STATEMENTS OF INCOME,plain,False,,
NVDA,NVIDIA CORP,1045810,10-K,2023-01-29,2023,2022-01-29,2023-02-24,0001045810-23-000017,nvda-20230129.htm,v14 (scripts/60_xbrl_metric_engine.py),pretax_income,True,PASS,4181000000.0,iso4217:USD,i793edb174e3c4f8499d46ce84a602d1b_D20220131-20230129,2022-01-31,2023-01-29,us-gaap:IncomeLossFromContinuingOperationsBeforeIncomeTaxesExtraordinaryItemsNoncontrollingInterest,Income before income tax,0000003 - Statement - CONSOLIDATED STATEMENTS OF INCOME,plain,False,,
NVDA,NVIDIA CORP,1045810,10-K,2023-01-29,2023,2022-01-29,2023-02-24,0001045810-23-000017,nvda-20230129.htm,v14 (scripts/60_xbrl_metric_engine.py),revenue,True,PASS,26974000000.0,iso4217:USD,i793edb174e3c4f8499d46ce84a602d1b_D20220131-20230129,2022-01-31,2023-01-29,us-gaap:Revenues,Revenue,0000003 - Statement - CONSOLIDATED STATEMENTS OF INCOME,plain,False,,
NVDA,NVIDIA CORP,1045810,10-K,2023-01-29,2023,2022-01-29,2023-02-24,0001045810-23-000017,nvda-20230129.htm,v14 (scripts/60_xbrl_metric_engine.py),short_term_investments,True,PASS,9907000000.0,iso4217:USD,i09aa2d0339d44ae0ab29b1068c498c27_I20230129,2023-01-29,2023-01-29,us-gaap:MarketableSecuritiesCurrent,Marketable securities,0000005 - Statement - CONSOLIDATED BALANCE SHEETS,plain,False,,
NVDA,NVIDIA CORP,1045810,10-K,2023-01-29,2023,2022-01-29,2023-02-24,0001045810-23-000017,nvda-20230129.htm,v14 (scripts/60_xbrl_metric_engine.py),stockholders_equity,True,PASS,22101000000.0,iso4217:USD,i09aa2d0339d44ae0ab29b1068c498c27_I20230129,2023-01-29,2023-01-29,us-gaap:StockholdersEquity,Total shareholders' equity,0000005 - Statement - CONSOLIDATED BALANCE SHEETS,plain,False,,
NVDA,NVIDIA CORP,1045810,10-K,2023-01-29,2023,2022-01-29,2023-02-24,0001045810-23-000017,nvda-20230129.htm,v14 (scripts/60_xbrl_metric_engine.py),total_debt_explicit,False,REVIEW_REQUIRED,,,,,,,,,,False,,לא נמצאה אף שורת 'total_debt_explicit' בתוך Statement role ראשי התואם לכללי ה-Role של המדד.
NVDA,NVIDIA CORP,1045810,10-K,2023-01-29,2023,2022-01-29,2023-02-24,0001045810-23-000017,nvda-20230129.htm,v14 (scripts/60_xbrl_metric_engine.py),cash_and_equivalents_prior,False,PASS,1990000000.0,iso4217:USD,ic619c64b7ec144819ced619835d6138b_I20220130,2022-01-30,2022-01-30,us-gaap:CashAndCashEquivalentsAtCarryingValue,Cash and cash equivalents,0000005 - Statement - CONSOLIDATED BALANCE SHEETS,plain,False,,
NVDA,NVIDIA CORP,1045810,10-K,2023-01-29,2023,2022-01-29,2023-02-24,0001045810-23-000017,nvda-20230129.htm,v14 (scripts/60_xbrl_metric_engine.py),current_debt_prior,False,PASS,0.0,iso4217:USD,ic619c64b7ec144819ced619835d6138b_I20220130,2022-01-30,2022-01-30,us-gaap:DebtCurrent,Short-term debt,0000005 - Statement - CONSOLIDATED BALANCE SHEETS,sum_of_sibling_components,False,,
NVDA,NVIDIA CORP,1045810,10-K,2023-01-29,2023,2022-01-29,2023-02-24,0001045810-23-000017,nvda-20230129.htm,v14 (scripts/60_xbrl_metric_engine.py),long_term_debt_prior,False,PASS,10946000000.0,iso4217:USD,ic619c64b7ec144819ced619835d6138b_I20220130,2022-01-30,2022-01-30,us-gaap:LongTermDebtNoncurrent,Long-term debt,0000005 - Statement - CONSOLIDATED BALANCE SHEETS,plain,False,,
NVDA,NVIDIA CORP,1045810,10-K,2023-01-29,2023,2022-01-29,2023-02-24,0001045810-23-000017,nvda-20230129.htm,v14 (scripts/60_xbrl_metric_engine.py),short_term_investments_prior,False,PASS,19218000000.0,iso4217:USD,ic619c64b7ec144819ced619835d6138b_I20220130,2022-01-30,2022-01-30,us-gaap:MarketableSecuritiesCurrent,Marketable securities,0000005 - Statement - CONSOLIDATED BALANCE SHEETS,plain,False,,
NVDA,NVIDIA CORP,1045810,10-K,2023-01-29,2023,2022-01-29,2023-02-24,0001045810-23-000017,nvda-20230129.htm,v14 (scripts/60_xbrl_metric_engine.py),stockholders_equity_prior,False,PASS,26612000000.0,iso4217:USD,ic619c64b7ec144819ced619835d6138b_I20220130,2022-01-30,2022-01-30,us-gaap:StockholdersEquity,Total shareholders' equity,0000005 - Statement - CONSOLIDATED BALANCE SHEETS,plain,False,,
NVDA,NVIDIA CORP,1045810,10-K,2023-01-29,2023,2022-01-29,2023-02-24,0001045810-23-000017,nvda-20230129.htm,v14 (scripts/60_xbrl_metric_engine.py),total_debt_explicit_prior,False,REVIEW_REQUIRED,,,,,,,,,,False,,לא נמצאה אף שורת 'total_debt_explicit' בתוך Statement role ראשי התואם לכללי ה-Role של המדד.
NVDA,NVIDIA CORP,1045810,10-K,2023-01-29,2023,2022-01-29,2023-02-24,0001045810-23-000017,nvda-20230129.htm,v14 (scripts/60_xbrl_metric_engine.py),effective_tax_rate,True,REVIEW_REQUIRED,-0.044726142071274816,,,,,,,,,True,income_tax_expense / pretax_income,"שיעור המס האפקטיבי המדווח (-0.044726142071274816) מחוץ לטווח הסביר [0, 1]."
NVDA,NVIDIA CORP,1045810,10-K,2023-01-29,2023,2022-01-29,2023-02-24,0001045810-23-000017,nvda-20230129.htm,v14 (scripts/60_xbrl_metric_engine.py),total_debt,True,PASS,10953000000.0,iso4217:USD,,2023-01-29,2023-01-29,,,,,True,current_debt + long_term_debt (no unambiguous direct aggregate Total Debt row found — explicit-row status: REVIEW_REQUIRED),
NVDA,NVIDIA CORP,1045810,10-K,2023-01-29,2023,2022-01-29,2023-02-24,0001045810-23-000017,nvda-20230129.htm,v14 (scripts/60_xbrl_metric_engine.py),total_debt_prior,False,PASS,10946000000.0,iso4217:USD,,2022-01-30,2022-01-30,,,,,True,current_debt_prior + long_term_debt_prior (no unambiguous direct aggregate Total Debt row found — explicit-row status: REVIEW_REQUIRED),
NVDA,NVIDIA CORP,1045810,10-K,2023-01-29,2023,2022-01-29,2023-02-24,0001045810-23-000017,nvda-20230129.htm,v14 (scripts/60_xbrl_metric_engine.py),adjusted_net_debt,True,PASS,-2343000000.0,iso4217:USD,,2023-01-29,2023-01-29,,,,,True,total_debt - cash_and_equivalents - short_term_investments,
NVDA,NVIDIA CORP,1045810,10-K,2023-01-29,2023,2022-01-29,2023-02-24,0001045810-23-000017,nvda-20230129.htm,v14 (scripts/60_xbrl_metric_engine.py),free_cash_flow,True,PASS,3808000000.0,iso4217:USD,,2022-01-31,2023-01-29,,,,,True,operating_cash_flow - capex,
NVDA,NVIDIA CORP,1045810,10-K,2023-01-29,2023,2022-01-29,2023-02-24,0001045810-23-000017,nvda-20230129.htm,v14 (scripts/60_xbrl_metric_engine.py),invested_capital,True,PASS,19758000000.0,iso4217:USD,,2023-01-29,2023-01-29,,,,,True,total_debt + stockholders_equity - cash_and_equivalents - short_term_investments,
NVDA,NVIDIA CORP,1045810,10-K,2023-01-29,2023,2022-01-29,2023-02-24,0001045810-23-000017,nvda-20230129.htm,v14 (scripts/60_xbrl_metric_engine.py),invested_capital_prior,False,PASS,16350000000.0,iso4217:USD,,2022-01-30,2022-01-30,,,,,True,total_debt_prior + stockholders_equity_prior - cash_and_equivalents_prior - short_term_investments_prior,
NVDA,NVIDIA CORP,1045810,10-K,2023-01-29,2023,2022-01-29,2023-02-24,0001045810-23-000017,nvda-20230129.htm,v14 (scripts/60_xbrl_metric_engine.py),nopat,True,REVIEW_REQUIRED,,,,,,,,,,True,operating_income * (1 - effective_tax_rate),"לא ניתן לחשב מדד נגזר כי לא כל הרכיבים עברו PASS: {'operating_income': 'PASS', 'effective_tax_rate': 'REVIEW_REQUIRED'}"
NVDA,NVIDIA CORP,1045810,10-K,2023-01-29,2023,2022-01-29,2023-02-24,0001045810-23-000017,nvda-20230129.htm,v14 (scripts/60_xbrl_metric_engine.py),average_invested_capital,True,PASS,18054000000.0,iso4217:USD,,2022-01-30,2023-01-29,,,,,True,(invested_capital + invested_capital_prior) / 2,
NVDA,NVIDIA CORP,1045810,10-K,2023-01-29,2023,2022-01-29,2023-02-24,0001045810-23-000017,nvda-20230129.htm,v14 (scripts/60_xbrl_metric_engine.py),roic,True,REVIEW_REQUIRED,,,,,,,,,,True,nopat / average_invested_capital,"לא ניתן לחשב מדד נגזר כי לא כל הרכיבים עברו PASS: {'nopat': 'REVIEW_REQUIRED', 'average_invested_capital': 'PASS'}"
NVDA,NVIDIA CORP,1045810,10-K,2024-01-28,2024,2023-01-28,2024-02-21,0001045810-24-000029,nvda-20240128.htm,v14 (scripts/60_xbrl_metric_engine.py),capex,True,PASS,1069000000.0,iso4217:USD,c-1,2023-01-30,2024-01-28,us-gaap:PaymentsToAcquireProductiveAssets,Purchases related to property and equipment and intangible assets,0000009 - Statement - Consolidated Statements of Cash Flows,plain,False,,
NVDA,NVIDIA CORP,1045810,10-K,2024-01-28,2024,2023-01-28,2024-02-21,0001045810-24-000029,nvda-20240128.htm,v14 (scripts/60_xbrl_metric_engine.py),cash_and_equivalents,True,PASS,7280000000.0,iso4217:USD,c-9,2024-01-28,2024-01-28,us-gaap:CashAndCashEquivalentsAtCarryingValue,Cash and cash equivalents,0000005 - Statement - Consolidated Balance Sheets,plain,False,,
NVDA,NVIDIA CORP,1045810,10-K,2024-01-28,2024,2023-01-28,2024-02-21,0001045810-24-000029,nvda-20240128.htm,v14 (scripts/60_xbrl_metric_engine.py),current_debt,True,PASS,1250000000.0,iso4217:USD,c-9,2024-01-28,2024-01-28,us-gaap:DebtCurrent,Short-term debt,0000005 - Statement - Consolidated Balance Sheets,sum_of_sibling_components,False,,
NVDA,NVIDIA CORP,1045810,10-K,2024-01-28,2024,2023-01-28,2024-02-21,0001045810-24-000029,nvda-20240128.htm,v14 (scripts/60_xbrl_metric_engine.py),income_tax_expense,True,PASS,4058000000.0,iso4217:USD,c-1,2023-01-30,2024-01-28,us-gaap:IncomeTaxExpenseBenefit,Income tax expense (benefit),0000003 - Statement - Consolidated Statements of Income,plain,False,,
NVDA,NVIDIA CORP,1045810,10-K,2024-01-28,2024,2023-01-28,2024-02-21,0001045810-24-000029,nvda-20240128.htm,v14 (scripts/60_xbrl_metric_engine.py),long_term_debt,True,PASS,8459000000.0,iso4217:USD,c-9,2024-01-28,2024-01-28,us-gaap:LongTermDebtNoncurrent,Long-term debt,0000005 - Statement - Consolidated Balance Sheets,plain,False,,
NVDA,NVIDIA CORP,1045810,10-K,2024-01-28,2024,2023-01-28,2024-02-21,0001045810-24-000029,nvda-20240128.htm,v14 (scripts/60_xbrl_metric_engine.py),net_income,True,PASS,29760000000.0,iso4217:USD,c-1,2023-01-30,2024-01-28,us-gaap:NetIncomeLoss,Net income,0000003 - Statement - Consolidated Statements of Income,plain,False,,
NVDA,NVIDIA CORP,1045810,10-K,2024-01-28,2024,2023-01-28,2024-02-21,0001045810-24-000029,nvda-20240128.htm,v14 (scripts/60_xbrl_metric_engine.py),operating_cash_flow,True,PASS,28090000000.0,iso4217:USD,c-1,2023-01-30,2024-01-28,us-gaap:NetCashProvidedByUsedInOperatingActivities,Net cash provided by operating activities,0000009 - Statement - Consolidated Statements of Cash Flows,plain,False,,
NVDA,NVIDIA CORP,1045810,10-K,2024-01-28,2024,2023-01-28,2024-02-21,0001045810-24-000029,nvda-20240128.htm,v14 (scripts/60_xbrl_metric_engine.py),operating_income,True,PASS,32972000000.0,iso4217:USD,c-1,2023-01-30,2024-01-28,us-gaap:OperatingIncomeLoss,Operating income,0000003 - Statement - Consolidated Statements of Income,plain,False,,
NVDA,NVIDIA CORP,1045810,10-K,2024-01-28,2024,2023-01-28,2024-02-21,0001045810-24-000029,nvda-20240128.htm,v14 (scripts/60_xbrl_metric_engine.py),pretax_income,True,PASS,33818000000.0,iso4217:USD,c-1,2023-01-30,2024-01-28,us-gaap:IncomeLossFromContinuingOperationsBeforeIncomeTaxesExtraordinaryItemsNoncontrollingInterest,Income before income tax,0000003 - Statement - Consolidated Statements of Income,plain,False,,
NVDA,NVIDIA CORP,1045810,10-K,2024-01-28,2024,2023-01-28,2024-02-21,0001045810-24-000029,nvda-20240128.htm,v14 (scripts/60_xbrl_metric_engine.py),revenue,True,PASS,60922000000.0,iso4217:USD,c-1,2023-01-30,2024-01-28,us-gaap:Revenues,Revenue,0000003 - Statement - Consolidated Statements of Income,plain,False,,
NVDA,NVIDIA CORP,1045810,10-K,2024-01-28,2024,2023-01-28,2024-02-21,0001045810-24-000029,nvda-20240128.htm,v14 (scripts/60_xbrl_metric_engine.py),short_term_investments,True,PASS,18704000000.0,iso4217:USD,c-9,2024-01-28,2024-01-28,us-gaap:MarketableSecuritiesCurrent,Marketable securities,0000005 - Statement - Consolidated Balance Sheets,plain,False,,
NVDA,NVIDIA CORP,1045810,10-K,2024-01-28,2024,2023-01-28,2024-02-21,0001045810-24-000029,nvda-20240128.htm,v14 (scripts/60_xbrl_metric_engine.py),stockholders_equity,True,PASS,42978000000.0,iso4217:USD,c-9,2024-01-28,2024-01-28,us-gaap:StockholdersEquity,Total shareholders' equity,0000005 - Statement - Consolidated Balance Sheets,plain,False,,
NVDA,NVIDIA CORP,1045810,10-K,2024-01-28,2024,2023-01-28,2024-02-21,0001045810-24-000029,nvda-20240128.htm,v14 (scripts/60_xbrl_metric_engine.py),total_debt_explicit,False,REVIEW_REQUIRED,,,,,,,,,,False,,לא נמצאה אף שורת 'total_debt_explicit' בתוך Statement role ראשי התואם לכללי ה-Role של המדד.
NVDA,NVIDIA CORP,1045810,10-K,2024-01-28,2024,2023-01-28,2024-02-21,0001045810-24-000029,nvda-20240128.htm,v14 (scripts/60_xbrl_metric_engine.py),cash_and_equivalents_prior,False,PASS,3389000000.0,iso4217:USD,c-10,2023-01-29,2023-01-29,us-gaap:CashAndCashEquivalentsAtCarryingValue,Cash and cash equivalents,0000005 - Statement - Consolidated Balance Sheets,plain,False,,
NVDA,NVIDIA CORP,1045810,10-K,2024-01-28,2024,2023-01-28,2024-02-21,0001045810-24-000029,nvda-20240128.htm,v14 (scripts/60_xbrl_metric_engine.py),current_debt_prior,False,PASS,1250000000.0,iso4217:USD,c-10,2023-01-29,2023-01-29,us-gaap:DebtCurrent,Short-term debt,0000005 - Statement - Consolidated Balance Sheets,sum_of_sibling_components,False,,
NVDA,NVIDIA CORP,1045810,10-K,2024-01-28,2024,2023-01-28,2024-02-21,0001045810-24-000029,nvda-20240128.htm,v14 (scripts/60_xbrl_metric_engine.py),long_term_debt_prior,False,PASS,9703000000.0,iso4217:USD,c-10,2023-01-29,2023-01-29,us-gaap:LongTermDebtNoncurrent,Long-term debt,0000005 - Statement - Consolidated Balance Sheets,plain,False,,
NVDA,NVIDIA CORP,1045810,10-K,2024-01-28,2024,2023-01-28,2024-02-21,0001045810-24-000029,nvda-20240128.htm,v14 (scripts/60_xbrl_metric_engine.py),short_term_investments_prior,False,PASS,9907000000.0,iso4217:USD,c-10,2023-01-29,2023-01-29,us-gaap:MarketableSecuritiesCurrent,Marketable securities,0000005 - Statement - Consolidated Balance Sheets,plain,False,,
NVDA,NVIDIA CORP,1045810,10-K,2024-01-28,2024,2023-01-28,2024-02-21,0001045810-24-000029,nvda-20240128.htm,v14 (scripts/60_xbrl_metric_engine.py),stockholders_equity_prior,False,PASS,22101000000.0,iso4217:USD,c-10,2023-01-29,2023-01-29,us-gaap:StockholdersEquity,Total shareholders' equity,0000005 - Statement - Consolidated Balance Sheets,plain,False,,
NVDA,NVIDIA CORP,1045810,10-K,2024-01-28,2024,2023-01-28,2024-02-21,0001045810-24-000029,nvda-20240128.htm,v14 (scripts/60_xbrl_metric_engine.py),total_debt_explicit_prior,False,REVIEW_REQUIRED,,,,,,,,,,False,,לא נמצאה אף שורת 'total_debt_explicit' בתוך Statement role ראשי התואם לכללי ה-Role של המדד.
NVDA,NVIDIA CORP,1045810,10-K,2024-01-28,2024,2023-01-28,2024-02-21,0001045810-24-000029,nvda-20240128.htm,v14 (scripts/60_xbrl_metric_engine.py),effective_tax_rate,True,PASS,0.1199952687917677,ratio,,2023-01-30,2024-01-28,,,,,True,income_tax_expense / pretax_income,
NVDA,NVIDIA CORP,1045810,10-K,2024-01-28,2024,2023-01-28,2024-02-21,0001045810-24-000029,nvda-20240128.htm,v14 (scripts/60_xbrl_metric_engine.py),total_debt,True,PASS,9709000000.0,iso4217:USD,,2024-01-28,2024-01-28,,,,,True,current_debt + long_term_debt (no unambiguous direct aggregate Total Debt row found — explicit-row status: REVIEW_REQUIRED),
NVDA,NVIDIA CORP,1045810,10-K,2024-01-28,2024,2023-01-28,2024-02-21,0001045810-24-000029,nvda-20240128.htm,v14 (scripts/60_xbrl_metric_engine.py),total_debt_prior,False,PASS,10953000000.0,iso4217:USD,,2023-01-29,2023-01-29,,,,,True,current_debt_prior + long_term_debt_prior (no unambiguous direct aggregate Total Debt row found — explicit-row status: REVIEW_REQUIRED),
NVDA,NVIDIA CORP,1045810,10-K,2024-01-28,2024,2023-01-28,2024-02-21,0001045810-24-000029,nvda-20240128.htm,v14 (scripts/60_xbrl_metric_engine.py),adjusted_net_debt,True,PASS,-16275000000.0,iso4217:USD,,2024-01-28,2024-01-28,,,,,True,total_debt - cash_and_equivalents - short_term_investments,
NVDA,NVIDIA CORP,1045810,10-K,2024-01-28,2024,2023-01-28,2024-02-21,0001045810-24-000029,nvda-20240128.htm,v14 (scripts/60_xbrl_metric_engine.py),free_cash_flow,True,PASS,27021000000.0,iso4217:USD,,2023-01-30,2024-01-28,,,,,True,operating_cash_flow - capex,
NVDA,NVIDIA CORP,1045810,10-K,2024-01-28,2024,2023-01-28,2024-02-21,0001045810-24-000029,nvda-20240128.htm,v14 (scripts/60_xbrl_metric_engine.py),invested_capital,True,PASS,26703000000.0,iso4217:USD,,2024-01-28,2024-01-28,,,,,True,total_debt + stockholders_equity - cash_and_equivalents - short_term_investments,
NVDA,NVIDIA CORP,1045810,10-K,2024-01-28,2024,2023-01-28,2024-02-21,0001045810-24-000029,nvda-20240128.htm,v14 (scripts/60_xbrl_metric_engine.py),invested_capital_prior,False,PASS,19758000000.0,iso4217:USD,,2023-01-29,2023-01-29,,,,,True,total_debt_prior + stockholders_equity_prior - cash_and_equivalents_prior - short_term_investments_prior,
NVDA,NVIDIA CORP,1045810,10-K,2024-01-28,2024,2023-01-28,2024-02-21,0001045810-24-000029,nvda-20240128.htm,v14 (scripts/60_xbrl_metric_engine.py),nopat,True,PASS,29015515997.397835,iso4217:USD,,2023-01-30,2024-01-28,,,,,True,operating_income * (1 - effective_tax_rate),
NVDA,NVIDIA CORP,1045810,10-K,2024-01-28,2024,2023-01-28,2024-02-21,0001045810-24-000029,nvda-20240128.htm,v14 (scripts/60_xbrl_metric_engine.py),average_invested_capital,True,PASS,23230500000.0,iso4217:USD,,2023-01-29,2024-01-28,,,,,True,(invested_capital + invested_capital_prior) / 2,
NVDA,NVIDIA CORP,1045810,10-K,2024-01-28,2024,2023-01-28,2024-02-21,0001045810-24-000029,nvda-20240128.htm,v14 (scripts/60_xbrl_metric_engine.py),roic,True,PASS,1.2490267535093018,ratio,,2023-01-29,2024-01-28,,,,,True,nopat / average_invested_capital,
GOOGL,Alphabet Inc.,1652044,10-K,2021-12-31,2021,2020-12-31,2022-02-02,0001652044-22-000019,goog-20211231.htm,v14 (scripts/60_xbrl_metric_engine.py),capex,True,PASS,24640000000.0,iso4217:USD,i573244b1e31c4d29a5dfeb863b84c57f_D20210101-20211231,2021-01-01,2021-12-31,us-gaap:PaymentsToAcquirePropertyPlantAndEquipment,Purchases of property and equipment,1007009 - Statement - CONSOLIDATED STATEMENTS OF CASH FLOWS,plain,False,,
GOOGL,Alphabet Inc.,1652044,10-K,2021-12-31,2021,2020-12-31,2022-02-02,0001652044-22-000019,goog-20211231.htm,v14 (scripts/60_xbrl_metric_engine.py),cash_and_equivalents,True,PASS,20945000000.0,iso4217:USD,i2c3b81053f864d0fa935c9021d9ddcb1_I20211231,2021-12-31,2021-12-31,us-gaap:CashAndCashEquivalentsAtCarryingValue,Cash and cash equivalents,1001003 - Statement - CONSOLIDATED BALANCE SHEETS,plain,False,,
GOOGL,Alphabet Inc.,1652044,10-K,2021-12-31,2021,2020-12-31,2022-02-02,0001652044-22-000019,goog-20211231.htm,v14 (scripts/60_xbrl_metric_engine.py),current_debt,True,REVIEW_REQUIRED,,,,,,,,,,False,,current_debt = 0 לא הוסק (תנאי 2 לא הוכח): השורה המוקדמת ביותר בלוח הפירעונות ('2022') אינה אפס (187000000.0) — לא ניתן לאשר שאין סכום לפירעון תוך 12 חודשים.
GOOGL,Alphabet Inc.,1652044,10-K,2021-12-31,2021,2020-12-31,2022-02-02,0001652044-22-000019,goog-20211231.htm,v14 (scripts/60_xbrl_metric_engine.py),income_tax_expense,True,PASS,14701000000.0,iso4217:USD,i573244b1e31c4d29a5dfeb863b84c57f_D20210101-20211231,2021-01-01,2021-12-31,us-gaap:IncomeTaxExpenseBenefit,Provision for income taxes,1003005 - Statement - CONSOLIDATED STATEMENTS OF INCOME,plain,False,,
GOOGL,Alphabet Inc.,1652044,10-K,2021-12-31,2021,2020-12-31,2022-02-02,0001652044-22-000019,goog-20211231.htm,v14 (scripts/60_xbrl_metric_engine.py),long_term_debt,True,PASS,14817000000.0,iso4217:USD,i2c3b81053f864d0fa935c9021d9ddcb1_I20211231,2021-12-31,2021-12-31,us-gaap:LongTermDebtAndCapitalLeaseObligations,Long-term debt,1001003 - Statement - CONSOLIDATED BALANCE SHEETS,plain,False,,
GOOGL,Alphabet Inc.,1652044,10-K,2021-12-31,2021,2020-12-31,2022-02-02,0001652044-22-000019,goog-20211231.htm,v14 (scripts/60_xbrl_metric_engine.py),net_income,True,PASS,76033000000.0,iso4217:USD,i573244b1e31c4d29a5dfeb863b84c57f_D20210101-20211231,2021-01-01,2021-12-31,us-gaap:NetIncomeLoss,Net income,1003005 - Statement - CONSOLIDATED STATEMENTS OF INCOME,plain,False,,
GOOGL,Alphabet Inc.,1652044,10-K,2021-12-31,2021,2020-12-31,2022-02-02,0001652044-22-000019,goog-20211231.htm,v14 (scripts/60_xbrl_metric_engine.py),operating_cash_flow,True,PASS,91652000000.0,iso4217:USD,i573244b1e31c4d29a5dfeb863b84c57f_D20210101-20211231,2021-01-01,2021-12-31,us-gaap:NetCashProvidedByUsedInOperatingActivities,Net cash provided by operating activities,1007009 - Statement - CONSOLIDATED STATEMENTS OF CASH FLOWS,plain,False,,
GOOGL,Alphabet Inc.,1652044,10-K,2021-12-31,2021,2020-12-31,2022-02-02,0001652044-22-000019,goog-20211231.htm,v14 (scripts/60_xbrl_metric_engine.py),operating_income,True,PASS,78714000000.0,iso4217:USD,i573244b1e31c4d29a5dfeb863b84c57f_D20210101-20211231,2021-01-01,2021-12-31,us-gaap:OperatingIncomeLoss,Income from operations,1003005 - Statement - CONSOLIDATED STATEMENTS OF INCOME,plain,False,,
GOOGL,Alphabet Inc.,1652044,10-K,2021-12-31,2021,2020-12-31,2022-02-02,0001652044-22-000019,goog-20211231.htm,v14 (scripts/60_xbrl_metric_engine.py),pretax_income,True,REVIEW_REQUIRED,,,,,,,,,,False,,לא נמצאה אף שורת 'pretax_income' בתוך Statement role ראשי התואם לכללי ה-Role של המדד.
GOOGL,Alphabet Inc.,1652044,10-K,2021-12-31,2021,2020-12-31,2022-02-02,0001652044-22-000019,goog-20211231.htm,v14 (scripts/60_xbrl_metric_engine.py),revenue,True,PASS,257637000000.0,iso4217:USD,i573244b1e31c4d29a5dfeb863b84c57f_D20210101-20211231,2021-01-01,2021-12-31,us-gaap:Revenues,Revenues,1003005 - Statement - CONSOLIDATED STATEMENTS OF INCOME,plain,False,,
GOOGL,Alphabet Inc.,1652044,10-K,2021-12-31,2021,2020-12-31,2022-02-02,0001652044-22-000019,goog-20211231.htm,v14 (scripts/60_xbrl_metric_engine.py),short_term_investments,True,PASS,118704000000.0,iso4217:USD,i2c3b81053f864d0fa935c9021d9ddcb1_I20211231,2021-12-31,2021-12-31,us-gaap:MarketableSecuritiesCurrent,Marketable securities,1001003 - Statement - CONSOLIDATED BALANCE SHEETS,plain,False,,
GOOGL,Alphabet Inc.,1652044,10-K,2021-12-31,2021,2020-12-31,2022-02-02,0001652044-22-000019,goog-20211231.htm,v14 (scripts/60_xbrl_metric_engine.py),stockholders_equity,True,PASS,251635000000.0,iso4217:USD,i2c3b81053f864d0fa935c9021d9ddcb1_I20211231,2021-12-31,2021-12-31,us-gaap:StockholdersEquity,Total stockholders’ equity,1001003 - Statement - CONSOLIDATED BALANCE SHEETS,plain,False,,
GOOGL,Alphabet Inc.,1652044,10-K,2021-12-31,2021,2020-12-31,2022-02-02,0001652044-22-000019,goog-20211231.htm,v14 (scripts/60_xbrl_metric_engine.py),total_debt_explicit,False,REVIEW_REQUIRED,,,,,,,,,,False,,לא נמצאה אף שורת 'total_debt_explicit' בתוך Statement role ראשי התואם לכללי ה-Role של המדד.
GOOGL,Alphabet Inc.,1652044,10-K,2021-12-31,2021,2020-12-31,2022-02-02,0001652044-22-000019,goog-20211231.htm,v14 (scripts/60_xbrl_metric_engine.py),cash_and_equivalents_prior,False,PASS,26465000000.0,iso4217:USD,i0a547abed4a44f879b1dfec35f6c3731_I20201231,2020-12-31,2020-12-31,us-gaap:CashAndCashEquivalentsAtCarryingValue,Cash and cash equivalents,1001003 - Statement - CONSOLIDATED BALANCE SHEETS,plain,False,,
GOOGL,Alphabet Inc.,1652044,10-K,2021-12-31,2021,2020-12-31,2022-02-02,0001652044-22-000019,goog-20211231.htm,v14 (scripts/60_xbrl_metric_engine.py),current_debt_prior,False,REVIEW_REQUIRED,,,,,,,,,,False,,current_debt = 0 לא הוסק (תנאי 2 לא הוכח): לא ניתן לחלץ ערך מהימן ויחיד עבור השורה המוקדמת ביותר בלוח הפירעונות ('2022') — תנאי 2 לא הוכח.
GOOGL,Alphabet Inc.,1652044,10-K,2021-12-31,2021,2020-12-31,2022-02-02,0001652044-22-000019,goog-20211231.htm,v14 (scripts/60_xbrl_metric_engine.py),long_term_debt_prior,False,PASS,13932000000.0,iso4217:USD,i0a547abed4a44f879b1dfec35f6c3731_I20201231,2020-12-31,2020-12-31,us-gaap:LongTermDebtAndCapitalLeaseObligations,Long-term debt,1001003 - Statement - CONSOLIDATED BALANCE SHEETS,plain,False,,
GOOGL,Alphabet Inc.,1652044,10-K,2021-12-31,2021,2020-12-31,2022-02-02,0001652044-22-000019,goog-20211231.htm,v14 (scripts/60_xbrl_metric_engine.py),short_term_investments_prior,False,PASS,110229000000.0,iso4217:USD,i0a547abed4a44f879b1dfec35f6c3731_I20201231,2020-12-31,2020-12-31,us-gaap:MarketableSecuritiesCurrent,Marketable securities,1001003 - Statement - CONSOLIDATED BALANCE SHEETS,plain,False,,
GOOGL,Alphabet Inc.,1652044,10-K,2021-12-31,2021,2020-12-31,2022-02-02,0001652044-22-000019,goog-20211231.htm,v14 (scripts/60_xbrl_metric_engine.py),stockholders_equity_prior,False,PASS,222544000000.0,iso4217:USD,i0a547abed4a44f879b1dfec35f6c3731_I20201231,2020-12-31,2020-12-31,us-gaap:StockholdersEquity,Total stockholders’ equity,1001003 - Statement - CONSOLIDATED BALANCE SHEETS,plain,False,,
GOOGL,Alphabet Inc.,1652044,10-K,2021-12-31,2021,2020-12-31,2022-02-02,0001652044-22-000019,goog-20211231.htm,v14 (scripts/60_xbrl_metric_engine.py),total_debt_explicit_prior,False,REVIEW_REQUIRED,,,,,,,,,,False,,לא נמצאה אף שורת 'total_debt_explicit' בתוך Statement role ראשי התואם לכללי ה-Role של המדד.
GOOGL,Alphabet Inc.,1652044,10-K,2021-12-31,2021,2020-12-31,2022-02-02,0001652044-22-000019,goog-20211231.htm,v14 (scripts/60_xbrl_metric_engine.py),effective_tax_rate,True,REVIEW_REQUIRED,,,,,,,,,,True,income_tax_expense / pretax_income,"לא ניתן לחשב Effective Tax Rate כי לא כל הרכיבים עברו PASS: {'pretax_income': 'REVIEW_REQUIRED', 'income_tax_expense': 'PASS'}"
GOOGL,Alphabet Inc.,1652044,10-K,2021-12-31,2021,2020-12-31,2022-02-02,0001652044-22-000019,goog-20211231.htm,v14 (scripts/60_xbrl_metric_engine.py),total_debt,True,REVIEW_REQUIRED,,,,,,,,,,True,current_debt + long_term_debt (no unambiguous direct aggregate Total Debt row found — explicit-row status: REVIEW_REQUIRED),"לא ניתן לחשב מדד נגזר כי לא כל הרכיבים עברו PASS: {'current_debt': 'REVIEW_REQUIRED', 'long_term_debt': 'PASS'}"
GOOGL,Alphabet Inc.,1652044,10-K,2021-12-31,2021,2020-12-31,2022-02-02,0001652044-22-000019,goog-20211231.htm,v14 (scripts/60_xbrl_metric_engine.py),total_debt_prior,False,REVIEW_REQUIRED,,,,,,,,,,True,current_debt_prior + long_term_debt_prior (no unambiguous direct aggregate Total Debt row found — explicit-row status: REVIEW_REQUIRED),"לא ניתן לחשב מדד נגזר כי לא כל הרכיבים עברו PASS: {'current_debt_prior': 'REVIEW_REQUIRED', 'long_term_debt_prior': 'PASS'}"
GOOGL,Alphabet Inc.,1652044,10-K,2021-12-31,2021,2020-12-31,2022-02-02,0001652044-22-000019,goog-20211231.htm,v14 (scripts/60_xbrl_metric_engine.py),adjusted_net_debt,True,REVIEW_REQUIRED,,,,,,,,,,True,total_debt - cash_and_equivalents - short_term_investments,"לא ניתן לחשב מדד נגזר כי לא כל הרכיבים עברו PASS: {'total_debt': 'REVIEW_REQUIRED', 'cash_and_equivalents': 'PASS', 'short_term_investments': 'PASS'}"
GOOGL,Alphabet Inc.,1652044,10-K,2021-12-31,2021,2020-12-31,2022-02-02,0001652044-22-000019,goog-20211231.htm,v14 (scripts/60_xbrl_metric_engine.py),free_cash_flow,True,PASS,67012000000.0,iso4217:USD,,2021-01-01,2021-12-31,,,,,True,operating_cash_flow - capex,
GOOGL,Alphabet Inc.,1652044,10-K,2021-12-31,2021,2020-12-31,2022-02-02,0001652044-22-000019,goog-20211231.htm,v14 (scripts/60_xbrl_metric_engine.py),invested_capital,True,REVIEW_REQUIRED,,,,,,,,,,True,total_debt + stockholders_equity - cash_and_equivalents - short_term_investments,"לא ניתן לחשב מדד נגזר כי לא כל הרכיבים עברו PASS: {'total_debt': 'REVIEW_REQUIRED', 'stockholders_equity': 'PASS', 'cash_and_equivalents': 'PASS', 'short_term_investments': 'PASS'}"
GOOGL,Alphabet Inc.,1652044,10-K,2021-12-31,2021,2020-12-31,2022-02-02,0001652044-22-000019,goog-20211231.htm,v14 (scripts/60_xbrl_metric_engine.py),invested_capital_prior,False,REVIEW_REQUIRED,,,,,,,,,,True,total_debt_prior + stockholders_equity_prior - cash_and_equivalents_prior - short_term_investments_prior,"לא ניתן לחשב מדד נגזר כי לא כל הרכיבים עברו PASS: {'total_debt_prior': 'REVIEW_REQUIRED', 'stockholders_equity_prior': 'PASS', 'cash_and_equivalents_prior': 'PASS', 'short_term_investments_prior': 'PASS'}"
GOOGL,Alphabet Inc.,1652044,10-K,2021-12-31,2021,2020-12-31,2022-02-02,0001652044-22-000019,goog-20211231.htm,v14 (scripts/60_xbrl_metric_engine.py),nopat,True,REVIEW_REQUIRED,,,,,,,,,,True,operating_income * (1 - effective_tax_rate),"לא ניתן לחשב מדד נגזר כי לא כל הרכיבים עברו PASS: {'operating_income': 'PASS', 'effective_tax_rate': 'REVIEW_REQUIRED'}"
GOOGL,Alphabet Inc.,1652044,10-K,2021-12-31,2021,2020-12-31,2022-02-02,0001652044-22-000019,goog-20211231.htm,v14 (scripts/60_xbrl_metric_engine.py),average_invested_capital,True,REVIEW_REQUIRED,,,,,,,,,,True,(invested_capital + invested_capital_prior) / 2,"לא ניתן לחשב מדד נגזר כי לא כל הרכיבים עברו PASS: {'invested_capital': 'REVIEW_REQUIRED', 'invested_capital_prior': 'REVIEW_REQUIRED'}"
GOOGL,Alphabet Inc.,1652044,10-K,2021-12-31,2021,2020-12-31,2022-02-02,0001652044-22-000019,goog-20211231.htm,v14 (scripts/60_xbrl_metric_engine.py),roic,True,REVIEW_REQUIRED,,,,,,,,,,True,nopat / average_invested_capital,"לא ניתן לחשב מדד נגזר כי לא כל הרכיבים עברו PASS: {'nopat': 'REVIEW_REQUIRED', 'average_invested_capital': 'REVIEW_REQUIRED'}"
GOOGL,Alphabet Inc.,1652044,10-K,2022-12-31,2022,2021-12-31,2023-02-03,0001652044-23-000016,goog-20221231.htm,v14 (scripts/60_xbrl_metric_engine.py),capex,True,PASS,31485000000.0,iso4217:USD,i460134f8252348bba054a6bb814c5a7a_D20220101-20221231,2022-01-01,2022-12-31,us-gaap:PaymentsToAcquirePropertyPlantAndEquipment,Purchases of property and equipment,0000009 - Statement - CONSOLIDATED STATEMENTS OF CASH FLOWS,plain,False,,
GOOGL,Alphabet Inc.,1652044,10-K,2022-12-31,2022,2021-12-31,2023-02-03,0001652044-23-000016,goog-20221231.htm,v14 (scripts/60_xbrl_metric_engine.py),cash_and_equivalents,True,PASS,21879000000.0,iso4217:USD,i5014a727e56846edabece0933ac7008d_I20221231,2022-12-31,2022-12-31,us-gaap:CashAndCashEquivalentsAtCarryingValue,Cash and cash equivalents,0000003 - Statement - CONSOLIDATED BALANCE SHEETS,plain,False,,
GOOGL,Alphabet Inc.,1652044,10-K,2022-12-31,2022,2021-12-31,2023-02-03,0001652044-23-000016,goog-20221231.htm,v14 (scripts/60_xbrl_metric_engine.py),current_debt,True,REVIEW_REQUIRED,,,,,,,,,,False,,current_debt = 0 לא הוסק (תנאי 2 לא הוכח): השורה המוקדמת ביותר בלוח הפירעונות ('2023') אינה אפס (221000000.0) — לא ניתן לאשר שאין סכום לפירעון תוך 12 חודשים.
GOOGL,Alphabet Inc.,1652044,10-K,2022-12-31,2022,2021-12-31,2023-02-03,0001652044-23-000016,goog-20221231.htm,v14 (scripts/60_xbrl_metric_engine.py),income_tax_expense,True,PASS,11356000000.0,iso4217:USD,i460134f8252348bba054a6bb814c5a7a_D20220101-20221231,2022-01-01,2022-12-31,us-gaap:IncomeTaxExpenseBenefit,Provision for income taxes,0000005 - Statement - CONSOLIDATED STATEMENTS OF INCOME,plain,False,,
GOOGL,Alphabet Inc.,1652044,10-K,2022-12-31,2022,2021-12-31,2023-02-03,0001652044-23-000016,goog-20221231.htm,v14 (scripts/60_xbrl_metric_engine.py),long_term_debt,True,PASS,14701000000.0,iso4217:USD,i5014a727e56846edabece0933ac7008d_I20221231,2022-12-31,2022-12-31,us-gaap:LongTermDebtAndCapitalLeaseObligations,Long-term debt,0000003 - Statement - CONSOLIDATED BALANCE SHEETS,plain,False,,
GOOGL,Alphabet Inc.,1652044,10-K,2022-12-31,2022,2021-12-31,2023-02-03,0001652044-23-000016,goog-20221231.htm,v14 (scripts/60_xbrl_metric_engine.py),net_income,True,PASS,59972000000.0,iso4217:USD,i460134f8252348bba054a6bb814c5a7a_D20220101-20221231,2022-01-01,2022-12-31,us-gaap:NetIncomeLoss,Net income,0000005 - Statement - CONSOLIDATED STATEMENTS OF INCOME,plain,False,,
GOOGL,Alphabet Inc.,1652044,10-K,2022-12-31,2022,2021-12-31,2023-02-03,0001652044-23-000016,goog-20221231.htm,v14 (scripts/60_xbrl_metric_engine.py),operating_cash_flow,True,PASS,91495000000.0,iso4217:USD,i460134f8252348bba054a6bb814c5a7a_D20220101-20221231,2022-01-01,2022-12-31,us-gaap:NetCashProvidedByUsedInOperatingActivities,Net cash provided by operating activities,0000009 - Statement - CONSOLIDATED STATEMENTS OF CASH FLOWS,plain,False,,
GOOGL,Alphabet Inc.,1652044,10-K,2022-12-31,2022,2021-12-31,2023-02-03,0001652044-23-000016,goog-20221231.htm,v14 (scripts/60_xbrl_metric_engine.py),operating_income,True,PASS,74842000000.0,iso4217:USD,i460134f8252348bba054a6bb814c5a7a_D20220101-20221231,2022-01-01,2022-12-31,us-gaap:OperatingIncomeLoss,Income from operations,0000005 - Statement - CONSOLIDATED STATEMENTS OF INCOME,plain,False,,
GOOGL,Alphabet Inc.,1652044,10-K,2022-12-31,2022,2021-12-31,2023-02-03,0001652044-23-000016,goog-20221231.htm,v14 (scripts/60_xbrl_metric_engine.py),pretax_income,True,REVIEW_REQUIRED,,,,,,,,,,False,,לא נמצאה אף שורת 'pretax_income' בתוך Statement role ראשי התואם לכללי ה-Role של המדד.
GOOGL,Alphabet Inc.,1652044,10-K,2022-12-31,2022,2021-12-31,2023-02-03,0001652044-23-000016,goog-20221231.htm,v14 (scripts/60_xbrl_metric_engine.py),revenue,True,PASS,282836000000.0,iso4217:USD,i460134f8252348bba054a6bb814c5a7a_D20220101-20221231,2022-01-01,2022-12-31,us-gaap:RevenueFromContractWithCustomerExcludingAssessedTax,Revenues,0000005 - Statement - CONSOLIDATED STATEMENTS OF INCOME,plain,False,,
GOOGL,Alphabet Inc.,1652044,10-K,2022-12-31,2022,2021-12-31,2023-02-03,0001652044-23-000016,goog-20221231.htm,v14 (scripts/60_xbrl_metric_engine.py),short_term_investments,True,PASS,91883000000.0,iso4217:USD,i5014a727e56846edabece0933ac7008d_I20221231,2022-12-31,2022-12-31,us-gaap:MarketableSecuritiesCurrent,Marketable securities,0000003 - Statement - CONSOLIDATED BALANCE SHEETS,plain,False,,
GOOGL,Alphabet Inc.,1652044,10-K,2022-12-31,2022,2021-12-31,2023-02-03,0001652044-23-000016,goog-20221231.htm,v14 (scripts/60_xbrl_metric_engine.py),stockholders_equity,True,PASS,256144000000.0,iso4217:USD,i5014a727e56846edabece0933ac7008d_I20221231,2022-12-31,2022-12-31,us-gaap:StockholdersEquity,Total stockholders’ equity,0000003 - Statement - CONSOLIDATED BALANCE SHEETS,plain,False,,
GOOGL,Alphabet Inc.,1652044,10-K,2022-12-31,2022,2021-12-31,2023-02-03,0001652044-23-000016,goog-20221231.htm,v14 (scripts/60_xbrl_metric_engine.py),total_debt_explicit,False,REVIEW_REQUIRED,,,,,,,,,,False,,לא נמצאה אף שורת 'total_debt_explicit' בתוך Statement role ראשי התואם לכללי ה-Role של המדד.
GOOGL,Alphabet Inc.,1652044,10-K,2022-12-31,2022,2021-12-31,2023-02-03,0001652044-23-000016,goog-20221231.htm,v14 (scripts/60_xbrl_metric_engine.py),cash_and_equivalents_prior,False,PASS,20945000000.0,iso4217:USD,icfa73d4ab12f4ee8b08c58740f2099f7_I20211231,2021-12-31,2021-12-31,us-gaap:CashAndCashEquivalentsAtCarryingValue,Cash and cash equivalents,0000003 - Statement - CONSOLIDATED BALANCE SHEETS,plain,False,,
GOOGL,Alphabet Inc.,1652044,10-K,2022-12-31,2022,2021-12-31,2023-02-03,0001652044-23-000016,goog-20221231.htm,v14 (scripts/60_xbrl_metric_engine.py),current_debt_prior,False,REVIEW_REQUIRED,,,,,,,,,,False,,current_debt = 0 לא הוסק (תנאי 2 לא הוכח): לא ניתן לחלץ ערך מהימן ויחיד עבור השורה המוקדמת ביותר בלוח הפירעונות ('2023') — תנאי 2 לא הוכח.
GOOGL,Alphabet Inc.,1652044,10-K,2022-12-31,2022,2021-12-31,2023-02-03,0001652044-23-000016,goog-20221231.htm,v14 (scripts/60_xbrl_metric_engine.py),long_term_debt_prior,False,PASS,14817000000.0,iso4217:USD,icfa73d4ab12f4ee8b08c58740f2099f7_I20211231,2021-12-31,2021-12-31,us-gaap:LongTermDebtAndCapitalLeaseObligations,Long-term debt,0000003 - Statement - CONSOLIDATED BALANCE SHEETS,plain,False,,
GOOGL,Alphabet Inc.,1652044,10-K,2022-12-31,2022,2021-12-31,2023-02-03,0001652044-23-000016,goog-20221231.htm,v14 (scripts/60_xbrl_metric_engine.py),short_term_investments_prior,False,PASS,118704000000.0,iso4217:USD,icfa73d4ab12f4ee8b08c58740f2099f7_I20211231,2021-12-31,2021-12-31,us-gaap:MarketableSecuritiesCurrent,Marketable securities,0000003 - Statement - CONSOLIDATED BALANCE SHEETS,plain,False,,
GOOGL,Alphabet Inc.,1652044,10-K,2022-12-31,2022,2021-12-31,2023-02-03,0001652044-23-000016,goog-20221231.htm,v14 (scripts/60_xbrl_metric_engine.py),stockholders_equity_prior,False,PASS,251635000000.0,iso4217:USD,icfa73d4ab12f4ee8b08c58740f2099f7_I20211231,2021-12-31,2021-12-31,us-gaap:StockholdersEquity,Total stockholders’ equity,0000003 - Statement - CONSOLIDATED BALANCE SHEETS,plain,False,,
GOOGL,Alphabet Inc.,1652044,10-K,2022-12-31,2022,2021-12-31,2023-02-03,0001652044-23-000016,goog-20221231.htm,v14 (scripts/60_xbrl_metric_engine.py),total_debt_explicit_prior,False,REVIEW_REQUIRED,,,,,,,,,,False,,לא נמצאה אף שורת 'total_debt_explicit' בתוך Statement role ראשי התואם לכללי ה-Role של המדד.
GOOGL,Alphabet Inc.,1652044,10-K,2022-12-31,2022,2021-12-31,2023-02-03,0001652044-23-000016,goog-20221231.htm,v14 (scripts/60_xbrl_metric_engine.py),effective_tax_rate,True,REVIEW_REQUIRED,,,,,,,,,,True,income_tax_expense / pretax_income,"לא ניתן לחשב Effective Tax Rate כי לא כל הרכיבים עברו PASS: {'pretax_income': 'REVIEW_REQUIRED', 'income_tax_expense': 'PASS'}"
GOOGL,Alphabet Inc.,1652044,10-K,2022-12-31,2022,2021-12-31,2023-02-03,0001652044-23-000016,goog-20221231.htm,v14 (scripts/60_xbrl_metric_engine.py),total_debt,True,REVIEW_REQUIRED,,,,,,,,,,True,current_debt + long_term_debt (no unambiguous direct aggregate Total Debt row found — explicit-row status: REVIEW_REQUIRED),"לא ניתן לחשב מדד נגזר כי לא כל הרכיבים עברו PASS: {'current_debt': 'REVIEW_REQUIRED', 'long_term_debt': 'PASS'}"
GOOGL,Alphabet Inc.,1652044,10-K,2022-12-31,2022,2021-12-31,2023-02-03,0001652044-23-000016,goog-20221231.htm,v14 (scripts/60_xbrl_metric_engine.py),total_debt_prior,False,REVIEW_REQUIRED,,,,,,,,,,True,current_debt_prior + long_term_debt_prior (no unambiguous direct aggregate Total Debt row found — explicit-row status: REVIEW_REQUIRED),"לא ניתן לחשב מדד נגזר כי לא כל הרכיבים עברו PASS: {'current_debt_prior': 'REVIEW_REQUIRED', 'long_term_debt_prior': 'PASS'}"
GOOGL,Alphabet Inc.,1652044,10-K,2022-12-31,2022,2021-12-31,2023-02-03,0001652044-23-000016,goog-20221231.htm,v14 (scripts/60_xbrl_metric_engine.py),adjusted_net_debt,True,REVIEW_REQUIRED,,,,,,,,,,True,total_debt - cash_and_equivalents - short_term_investments,"לא ניתן לחשב מדד נגזר כי לא כל הרכיבים עברו PASS: {'total_debt': 'REVIEW_REQUIRED', 'cash_and_equivalents': 'PASS', 'short_term_investments': 'PASS'}"
GOOGL,Alphabet Inc.,1652044,10-K,2022-12-31,2022,2021-12-31,2023-02-03,0001652044-23-000016,goog-20221231.htm,v14 (scripts/60_xbrl_metric_engine.py),free_cash_flow,True,PASS,60010000000.0,iso4217:USD,,2022-01-01,2022-12-31,,,,,True,operating_cash_flow - capex,
GOOGL,Alphabet Inc.,1652044,10-K,2022-12-31,2022,2021-12-31,2023-02-03,0001652044-23-000016,goog-20221231.htm,v14 (scripts/60_xbrl_metric_engine.py),invested_capital,True,REVIEW_REQUIRED,,,,,,,,,,True,total_debt + stockholders_equity - cash_and_equivalents - short_term_investments,"לא ניתן לחשב מדד נגזר כי לא כל הרכיבים עברו PASS: {'total_debt': 'REVIEW_REQUIRED', 'stockholders_equity': 'PASS', 'cash_and_equivalents': 'PASS', 'short_term_investments': 'PASS'}"
GOOGL,Alphabet Inc.,1652044,10-K,2022-12-31,2022,2021-12-31,2023-02-03,0001652044-23-000016,goog-20221231.htm,v14 (scripts/60_xbrl_metric_engine.py),invested_capital_prior,False,REVIEW_REQUIRED,,,,,,,,,,True,total_debt_prior + stockholders_equity_prior - cash_and_equivalents_prior - short_term_investments_prior,"לא ניתן לחשב מדד נגזר כי לא כל הרכיבים עברו PASS: {'total_debt_prior': 'REVIEW_REQUIRED', 'stockholders_equity_prior': 'PASS', 'cash_and_equivalents_prior': 'PASS', 'short_term_investments_prior': 'PASS'}"
GOOGL,Alphabet Inc.,1652044,10-K,2022-12-31,2022,2021-12-31,2023-02-03,0001652044-23-000016,goog-20221231.htm,v14 (scripts/60_xbrl_metric_engine.py),nopat,True,REVIEW_REQUIRED,,,,,,,,,,True,operating_income * (1 - effective_tax_rate),"לא ניתן לחשב מדד נגזר כי לא כל הרכיבים עברו PASS: {'operating_income': 'PASS', 'effective_tax_rate': 'REVIEW_REQUIRED'}"
GOOGL,Alphabet Inc.,1652044,10-K,2022-12-31,2022,2021-12-31,2023-02-03,0001652044-23-000016,goog-20221231.htm,v14 (scripts/60_xbrl_metric_engine.py),average_invested_capital,True,REVIEW_REQUIRED,,,,,,,,,,True,(invested_capital + invested_capital_prior) / 2,"לא ניתן לחשב מדד נגזר כי לא כל הרכיבים עברו PASS: {'invested_capital': 'REVIEW_REQUIRED', 'invested_capital_prior': 'REVIEW_REQUIRED'}"
GOOGL,Alphabet Inc.,1652044,10-K,2022-12-31,2022,2021-12-31,2023-02-03,0001652044-23-000016,goog-20221231.htm,v14 (scripts/60_xbrl_metric_engine.py),roic,True,REVIEW_REQUIRED,,,,,,,,,,True,nopat / average_invested_capital,"לא ניתן לחשב מדד נגזר כי לא כל הרכיבים עברו PASS: {'nopat': 'REVIEW_REQUIRED', 'average_invested_capital': 'REVIEW_REQUIRED'}"
GOOGL,Alphabet Inc.,1652044,10-K,2023-12-31,2023,2022-12-31,2024-01-31,0001652044-24-000022,goog-20231231.htm,v14 (scripts/60_xbrl_metric_engine.py),capex,True,PASS,32251000000.0,iso4217:USD,c-1,2023-01-01,2023-12-31,us-gaap:PaymentsToAcquirePropertyPlantAndEquipment,Purchases of property and equipment,0000009 - Statement - CONSOLIDATED STATEMENTS OF CASH FLOWS,plain,False,,
GOOGL,Alphabet Inc.,1652044,10-K,2023-12-31,2023,2022-12-31,2024-01-31,0001652044-24-000022,goog-20231231.htm,v14 (scripts/60_xbrl_metric_engine.py),cash_and_equivalents,True,PASS,24048000000.0,iso4217:USD,c-9,2023-12-31,2023-12-31,us-gaap:CashAndCashEquivalentsAtCarryingValue,Cash and cash equivalents,0000003 - Statement - CONSOLIDATED BALANCE SHEETS,plain,False,,
GOOGL,Alphabet Inc.,1652044,10-K,2023-12-31,2023,2022-12-31,2024-01-31,0001652044-24-000022,goog-20231231.htm,v14 (scripts/60_xbrl_metric_engine.py),current_debt,True,REVIEW_REQUIRED,,,,,,,,,,False,,current_debt = 0 לא הוסק (תנאי 2 לא הוכח): השורה המוקדמת ביותר בלוח הפירעונות ('2024') אינה אפס (1299000000.0) — לא ניתן לאשר שאין סכום לפירעון תוך 12 חודשים.
GOOGL,Alphabet Inc.,1652044,10-K,2023-12-31,2023,2022-12-31,2024-01-31,0001652044-24-000022,goog-20231231.htm,v14 (scripts/60_xbrl_metric_engine.py),income_tax_expense,True,PASS,11922000000.0,iso4217:USD,c-1,2023-01-01,2023-12-31,us-gaap:IncomeTaxExpenseBenefit,Provision for income taxes,0000005 - Statement - CONSOLIDATED STATEMENTS OF INCOME,plain,False,,
GOOGL,Alphabet Inc.,1652044,10-K,2023-12-31,2023,2022-12-31,2024-01-31,0001652044-24-000022,goog-20231231.htm,v14 (scripts/60_xbrl_metric_engine.py),long_term_debt,True,PASS,13253000000.0,iso4217:USD,c-9,2023-12-31,2023-12-31,us-gaap:LongTermDebtAndCapitalLeaseObligations,Long-term debt,0000003 - Statement - CONSOLIDATED BALANCE SHEETS,plain,False,,
GOOGL,Alphabet Inc.,1652044,10-K,2023-12-31,2023,2022-12-31,2024-01-31,0001652044-24-000022,goog-20231231.htm,v14 (scripts/60_xbrl_metric_engine.py),net_income,True,PASS,73795000000.0,iso4217:USD,c-1,2023-01-01,2023-12-31,us-gaap:NetIncomeLoss,Net income,0000005 - Statement - CONSOLIDATED STATEMENTS OF INCOME,plain,False,,
GOOGL,Alphabet Inc.,1652044,10-K,2023-12-31,2023,2022-12-31,2024-01-31,0001652044-24-000022,goog-20231231.htm,v14 (scripts/60_xbrl_metric_engine.py),operating_cash_flow,True,PASS,101746000000.0,iso4217:USD,c-1,2023-01-01,2023-12-31,us-gaap:NetCashProvidedByUsedInOperatingActivities,Net cash provided by operating activities,0000009 - Statement - CONSOLIDATED STATEMENTS OF CASH FLOWS,plain,False,,
GOOGL,Alphabet Inc.,1652044,10-K,2023-12-31,2023,2022-12-31,2024-01-31,0001652044-24-000022,goog-20231231.htm,v14 (scripts/60_xbrl_metric_engine.py),operating_income,True,PASS,84293000000.0,iso4217:USD,c-1,2023-01-01,2023-12-31,us-gaap:OperatingIncomeLoss,Income from operations,0000005 - Statement - CONSOLIDATED STATEMENTS OF INCOME,plain,False,,
GOOGL,Alphabet Inc.,1652044,10-K,2023-12-31,2023,2022-12-31,2024-01-31,0001652044-24-000022,goog-20231231.htm,v14 (scripts/60_xbrl_metric_engine.py),pretax_income,True,REVIEW_REQUIRED,,,,,,,,,,False,,לא נמצאה אף שורת 'pretax_income' בתוך Statement role ראשי התואם לכללי ה-Role של המדד.
GOOGL,Alphabet Inc.,1652044,10-K,2023-12-31,2023,2022-12-31,2024-01-31,0001652044-24-000022,goog-20231231.htm,v14 (scripts/60_xbrl_metric_engine.py),revenue,True,PASS,307394000000.0,iso4217:USD,c-1,2023-01-01,2023-12-31,us-gaap:RevenueFromContractWithCustomerExcludingAssessedTax,Revenues,0000005 - Statement - CONSOLIDATED STATEMENTS OF INCOME,plain,False,,
GOOGL,Alphabet Inc.,1652044,10-K,2023-12-31,2023,2022-12-31,2024-01-31,0001652044-24-000022,goog-20231231.htm,v14 (scripts/60_xbrl_metric_engine.py),short_term_investments,True,PASS,86868000000.0,iso4217:USD,c-9,2023-12-31,2023-12-31,us-gaap:MarketableSecuritiesCurrent,Marketable securities,0000003 - Statement - CONSOLIDATED BALANCE SHEETS,plain,False,,
GOOGL,Alphabet Inc.,1652044,10-K,2023-12-31,2023,2022-12-31,2024-01-31,0001652044-24-000022,goog-20231231.htm,v14 (scripts/60_xbrl_metric_engine.py),stockholders_equity,True,PASS,283379000000.0,iso4217:USD,c-9,2023-12-31,2023-12-31,us-gaap:StockholdersEquity,Total stockholders’ equity,0000003 - Statement - CONSOLIDATED BALANCE SHEETS,plain,False,,
GOOGL,Alphabet Inc.,1652044,10-K,2023-12-31,2023,2022-12-31,2024-01-31,0001652044-24-000022,goog-20231231.htm,v14 (scripts/60_xbrl_metric_engine.py),total_debt_explicit,False,REVIEW_REQUIRED,,,,,,,,,,False,,לא נמצאה אף שורת 'total_debt_explicit' בתוך Statement role ראשי התואם לכללי ה-Role של המדד.
GOOGL,Alphabet Inc.,1652044,10-K,2023-12-31,2023,2022-12-31,2024-01-31,0001652044-24-000022,goog-20231231.htm,v14 (scripts/60_xbrl_metric_engine.py),cash_and_equivalents_prior,False,PASS,21879000000.0,iso4217:USD,c-8,2022-12-31,2022-12-31,us-gaap:CashAndCashEquivalentsAtCarryingValue,Cash and cash equivalents,0000003 - Statement - CONSOLIDATED BALANCE SHEETS,plain,False,,
GOOGL,Alphabet Inc.,1652044,10-K,2023-12-31,2023,2022-12-31,2024-01-31,0001652044-24-000022,goog-20231231.htm,v14 (scripts/60_xbrl_metric_engine.py),current_debt_prior,False,REVIEW_REQUIRED,,,,,,,,,,False,,current_debt = 0 לא הוסק (תנאי 2 לא הוכח): לא ניתן לחלץ ערך מהימן ויחיד עבור השורה המוקדמת ביותר בלוח הפירעונות ('2024') — תנאי 2 לא הוכח.
GOOGL,Alphabet Inc.,1652044,10-K,2023-12-31,2023,2022-12-31,2024-01-31,0001652044-24-000022,goog-20231231.htm,v14 (scripts/60_xbrl_metric_engine.py),long_term_debt_prior,False,PASS,14701000000.0,iso4217:USD,c-8,2022-12-31,2022-12-31,us-gaap:LongTermDebtAndCapitalLeaseObligations,Long-term debt,0000003 - Statement - CONSOLIDATED BALANCE SHEETS,plain,False,,
GOOGL,Alphabet Inc.,1652044,10-K,2023-12-31,2023,2022-12-31,2024-01-31,0001652044-24-000022,goog-20231231.htm,v14 (scripts/60_xbrl_metric_engine.py),short_term_investments_prior,False,PASS,91883000000.0,iso4217:USD,c-8,2022-12-31,2022-12-31,us-gaap:MarketableSecuritiesCurrent,Marketable securities,0000003 - Statement - CONSOLIDATED BALANCE SHEETS,plain,False,,
GOOGL,Alphabet Inc.,1652044,10-K,2023-12-31,2023,2022-12-31,2024-01-31,0001652044-24-000022,goog-20231231.htm,v14 (scripts/60_xbrl_metric_engine.py),stockholders_equity_prior,False,PASS,256144000000.0,iso4217:USD,c-8,2022-12-31,2022-12-31,us-gaap:StockholdersEquity,Total stockholders’ equity,0000003 - Statement - CONSOLIDATED BALANCE SHEETS,plain,False,,
GOOGL,Alphabet Inc.,1652044,10-K,2023-12-31,2023,2022-12-31,2024-01-31,0001652044-24-000022,goog-20231231.htm,v14 (scripts/60_xbrl_metric_engine.py),total_debt_explicit_prior,False,REVIEW_REQUIRED,,,,,,,,,,False,,לא נמצאה אף שורת 'total_debt_explicit' בתוך Statement role ראשי התואם לכללי ה-Role של המדד.
GOOGL,Alphabet Inc.,1652044,10-K,2023-12-31,2023,2022-12-31,2024-01-31,0001652044-24-000022,goog-20231231.htm,v14 (scripts/60_xbrl_metric_engine.py),effective_tax_rate,True,REVIEW_REQUIRED,,,,,,,,,,True,income_tax_expense / pretax_income,"לא ניתן לחשב Effective Tax Rate כי לא כל הרכיבים עברו PASS: {'pretax_income': 'REVIEW_REQUIRED', 'income_tax_expense': 'PASS'}"
GOOGL,Alphabet Inc.,1652044,10-K,2023-12-31,2023,2022-12-31,2024-01-31,0001652044-24-000022,goog-20231231.htm,v14 (scripts/60_xbrl_metric_engine.py),total_debt,True,REVIEW_REQUIRED,,,,,,,,,,True,current_debt + long_term_debt (no unambiguous direct aggregate Total Debt row found — explicit-row status: REVIEW_REQUIRED),"לא ניתן לחשב מדד נגזר כי לא כל הרכיבים עברו PASS: {'current_debt': 'REVIEW_REQUIRED', 'long_term_debt': 'PASS'}"
GOOGL,Alphabet Inc.,1652044,10-K,2023-12-31,2023,2022-12-31,2024-01-31,0001652044-24-000022,goog-20231231.htm,v14 (scripts/60_xbrl_metric_engine.py),total_debt_prior,False,REVIEW_REQUIRED,,,,,,,,,,True,current_debt_prior + long_term_debt_prior (no unambiguous direct aggregate Total Debt row found — explicit-row status: REVIEW_REQUIRED),"לא ניתן לחשב מדד נגזר כי לא כל הרכיבים עברו PASS: {'current_debt_prior': 'REVIEW_REQUIRED', 'long_term_debt_prior': 'PASS'}"
GOOGL,Alphabet Inc.,1652044,10-K,2023-12-31,2023,2022-12-31,2024-01-31,0001652044-24-000022,goog-20231231.htm,v14 (scripts/60_xbrl_metric_engine.py),adjusted_net_debt,True,REVIEW_REQUIRED,,,,,,,,,,True,total_debt - cash_and_equivalents - short_term_investments,"לא ניתן לחשב מדד נגזר כי לא כל הרכיבים עברו PASS: {'total_debt': 'REVIEW_REQUIRED', 'cash_and_equivalents': 'PASS', 'short_term_investments': 'PASS'}"
GOOGL,Alphabet Inc.,1652044,10-K,2023-12-31,2023,2022-12-31,2024-01-31,0001652044-24-000022,goog-20231231.htm,v14 (scripts/60_xbrl_metric_engine.py),free_cash_flow,True,PASS,69495000000.0,iso4217:USD,,2023-01-01,2023-12-31,,,,,True,operating_cash_flow - capex,
GOOGL,Alphabet Inc.,1652044,10-K,2023-12-31,2023,2022-12-31,2024-01-31,0001652044-24-000022,goog-20231231.htm,v14 (scripts/60_xbrl_metric_engine.py),invested_capital,True,REVIEW_REQUIRED,,,,,,,,,,True,total_debt + stockholders_equity - cash_and_equivalents - short_term_investments,"לא ניתן לחשב מדד נגזר כי לא כל הרכיבים עברו PASS: {'total_debt': 'REVIEW_REQUIRED', 'stockholders_equity': 'PASS', 'cash_and_equivalents': 'PASS', 'short_term_investments': 'PASS'}"
GOOGL,Alphabet Inc.,1652044,10-K,2023-12-31,2023,2022-12-31,2024-01-31,0001652044-24-000022,goog-20231231.htm,v14 (scripts/60_xbrl_metric_engine.py),invested_capital_prior,False,REVIEW_REQUIRED,,,,,,,,,,True,total_debt_prior + stockholders_equity_prior - cash_and_equivalents_prior - short_term_investments_prior,"לא ניתן לחשב מדד נגזר כי לא כל הרכיבים עברו PASS: {'total_debt_prior': 'REVIEW_REQUIRED', 'stockholders_equity_prior': 'PASS', 'cash_and_equivalents_prior': 'PASS', 'short_term_investments_prior': 'PASS'}"
GOOGL,Alphabet Inc.,1652044,10-K,2023-12-31,2023,2022-12-31,2024-01-31,0001652044-24-000022,goog-20231231.htm,v14 (scripts/60_xbrl_metric_engine.py),nopat,True,REVIEW_REQUIRED,,,,,,,,,,True,operating_income * (1 - effective_tax_rate),"לא ניתן לחשב מדד נגזר כי לא כל הרכיבים עברו PASS: {'operating_income': 'PASS', 'effective_tax_rate': 'REVIEW_REQUIRED'}"
GOOGL,Alphabet Inc.,1652044,10-K,2023-12-31,2023,2022-12-31,2024-01-31,0001652044-24-000022,goog-20231231.htm,v14 (scripts/60_xbrl_metric_engine.py),average_invested_capital,True,REVIEW_REQUIRED,,,,,,,,,,True,(invested_capital + invested_capital_prior) / 2,"לא ניתן לחשב מדד נגזר כי לא כל הרכיבים עברו PASS: {'invested_capital': 'REVIEW_REQUIRED', 'invested_capital_prior': 'REVIEW_REQUIRED'}"
GOOGL,Alphabet Inc.,1652044,10-K,2023-12-31,2023,2022-12-31,2024-01-31,0001652044-24-000022,goog-20231231.htm,v14 (scripts/60_xbrl_metric_engine.py),roic,True,REVIEW_REQUIRED,,,,,,,,,,True,nopat / average_invested_capital,"לא ניתן לחשב מדד נגזר כי לא כל הרכיבים עברו PASS: {'nopat': 'REVIEW_REQUIRED', 'average_invested_capital': 'REVIEW_REQUIRED'}"
GOOGL,Alphabet Inc.,1652044,10-K,2024-12-31,2024,2023-12-31,2025-02-05,0001652044-25-000014,goog-20241231.htm,v14 (scripts/60_xbrl_metric_engine.py),capex,True,PASS,52535000000.0,iso4217:USD,c-1,2024-01-01,2024-12-31,us-gaap:PaymentsToAcquirePropertyPlantAndEquipment,Purchases of property and equipment,9952157 - Statement - CONSOLIDATED STATEMENTS OF CASH FLOWS,plain,False,,
GOOGL,Alphabet Inc.,1652044,10-K,2024-12-31,2024,2023-12-31,2025-02-05,0001652044-25-000014,goog-20241231.htm,v14 (scripts/60_xbrl_metric_engine.py),cash_and_equivalents,True,PASS,23466000000.0,iso4217:USD,c-9,2024-12-31,2024-12-31,us-gaap:CashAndCashEquivalentsAtCarryingValue,Cash and cash equivalents,9952151 - Statement - CONSOLIDATED BALANCE SHEETS,plain,False,,
GOOGL,Alphabet Inc.,1652044,10-K,2024-12-31,2024,2023-12-31,2025-02-05,0001652044-25-000014,goog-20241231.htm,v14 (scripts/60_xbrl_metric_engine.py),current_debt,True,REVIEW_REQUIRED,,,,,,,,,,False,,current_debt = 0 לא הוסק (תנאי 2 לא הוכח): השורה המוקדמת ביותר בלוח הפירעונות ('2025') אינה אפס (1000000000.0) — לא ניתן לאשר שאין סכום לפירעון תוך 12 חודשים.
GOOGL,Alphabet Inc.,1652044,10-K,2024-12-31,2024,2023-12-31,2025-02-05,0001652044-25-000014,goog-20241231.htm,v14 (scripts/60_xbrl_metric_engine.py),income_tax_expense,True,PASS,19697000000.0,iso4217:USD,c-1,2024-01-01,2024-12-31,us-gaap:IncomeTaxExpenseBenefit,Provision for income taxes,9952153 - Statement - CONSOLIDATED STATEMENTS OF INCOME,plain,False,,
GOOGL,Alphabet Inc.,1652044,10-K,2024-12-31,2024,2023-12-31,2025-02-05,0001652044-25-000014,goog-20241231.htm,v14 (scripts/60_xbrl_metric_engine.py),long_term_debt,True,PASS,10883000000.0,iso4217:USD,c-9,2024-12-31,2024-12-31,us-gaap:LongTermDebtAndCapitalLeaseObligations,Long-term debt,9952151 - Statement - CONSOLIDATED BALANCE SHEETS,plain,False,,
GOOGL,Alphabet Inc.,1652044,10-K,2024-12-31,2024,2023-12-31,2025-02-05,0001652044-25-000014,goog-20241231.htm,v14 (scripts/60_xbrl_metric_engine.py),net_income,True,PASS,100118000000.0,iso4217:USD,c-1,2024-01-01,2024-12-31,us-gaap:NetIncomeLoss,Net income,9952153 - Statement - CONSOLIDATED STATEMENTS OF INCOME,plain,False,,
GOOGL,Alphabet Inc.,1652044,10-K,2024-12-31,2024,2023-12-31,2025-02-05,0001652044-25-000014,goog-20241231.htm,v14 (scripts/60_xbrl_metric_engine.py),operating_cash_flow,True,PASS,125299000000.0,iso4217:USD,c-1,2024-01-01,2024-12-31,us-gaap:NetCashProvidedByUsedInOperatingActivities,Net cash provided by operating activities,9952157 - Statement - CONSOLIDATED STATEMENTS OF CASH FLOWS,plain,False,,
GOOGL,Alphabet Inc.,1652044,10-K,2024-12-31,2024,2023-12-31,2025-02-05,0001652044-25-000014,goog-20241231.htm,v14 (scripts/60_xbrl_metric_engine.py),operating_income,True,PASS,112390000000.0,iso4217:USD,c-1,2024-01-01,2024-12-31,us-gaap:OperatingIncomeLoss,Income from operations,9952153 - Statement - CONSOLIDATED STATEMENTS OF INCOME,plain,False,,
GOOGL,Alphabet Inc.,1652044,10-K,2024-12-31,2024,2023-12-31,2025-02-05,0001652044-25-000014,goog-20241231.htm,v14 (scripts/60_xbrl_metric_engine.py),pretax_income,True,PASS,119815000000.0,iso4217:USD,c-1,2024-01-01,2024-12-31,us-gaap:IncomeLossFromContinuingOperationsBeforeIncomeTaxesExtraordinaryItemsNoncontrollingInterest,Income before income taxes,9952153 - Statement - CONSOLIDATED STATEMENTS OF INCOME,plain,False,,
GOOGL,Alphabet Inc.,1652044,10-K,2024-12-31,2024,2023-12-31,2025-02-05,0001652044-25-000014,goog-20241231.htm,v14 (scripts/60_xbrl_metric_engine.py),revenue,True,PASS,350018000000.0,iso4217:USD,c-1,2024-01-01,2024-12-31,us-gaap:RevenueFromContractWithCustomerExcludingAssessedTax,Revenues,9952153 - Statement - CONSOLIDATED STATEMENTS OF INCOME,plain,False,,
GOOGL,Alphabet Inc.,1652044,10-K,2024-12-31,2024,2023-12-31,2025-02-05,0001652044-25-000014,goog-20241231.htm,v14 (scripts/60_xbrl_metric_engine.py),short_term_investments,True,PASS,72191000000.0,iso4217:USD,c-9,2024-12-31,2024-12-31,us-gaap:MarketableSecuritiesCurrent,Marketable securities,9952151 - Statement - CONSOLIDATED BALANCE SHEETS,plain,False,,
GOOGL,Alphabet Inc.,1652044,10-K,2024-12-31,2024,2023-12-31,2025-02-05,0001652044-25-000014,goog-20241231.htm,v14 (scripts/60_xbrl_metric_engine.py),stockholders_equity,True,PASS,325084000000.0,iso4217:USD,c-9,2024-12-31,2024-12-31,us-gaap:StockholdersEquity,Total stockholders’ equity,9952151 - Statement - CONSOLIDATED BALANCE SHEETS,plain,False,,
GOOGL,Alphabet Inc.,1652044,10-K,2024-12-31,2024,2023-12-31,2025-02-05,0001652044-25-000014,goog-20241231.htm,v14 (scripts/60_xbrl_metric_engine.py),total_debt_explicit,False,REVIEW_REQUIRED,,,,,,,,,,False,,לא נמצאה אף שורת 'total_debt_explicit' בתוך Statement role ראשי התואם לכללי ה-Role של המדד.
GOOGL,Alphabet Inc.,1652044,10-K,2024-12-31,2024,2023-12-31,2025-02-05,0001652044-25-000014,goog-20241231.htm,v14 (scripts/60_xbrl_metric_engine.py),cash_and_equivalents_prior,False,PASS,24048000000.0,iso4217:USD,c-8,2023-12-31,2023-12-31,us-gaap:CashAndCashEquivalentsAtCarryingValue,Cash and cash equivalents,9952151 - Statement - CONSOLIDATED BALANCE SHEETS,plain,False,,
GOOGL,Alphabet Inc.,1652044,10-K,2024-12-31,2024,2023-12-31,2025-02-05,0001652044-25-000014,goog-20241231.htm,v14 (scripts/60_xbrl_metric_engine.py),current_debt_prior,False,REVIEW_REQUIRED,,,,,,,,,,False,,current_debt = 0 לא הוסק (תנאי 2 לא הוכח): לא ניתן לחלץ ערך מהימן ויחיד עבור השורה המוקדמת ביותר בלוח הפירעונות ('2025') — תנאי 2 לא הוכח.
GOOGL,Alphabet Inc.,1652044,10-K,2024-12-31,2024,2023-12-31,2025-02-05,0001652044-25-000014,goog-20241231.htm,v14 (scripts/60_xbrl_metric_engine.py),long_term_debt_prior,False,PASS,11870000000.0,iso4217:USD,c-8,2023-12-31,2023-12-31,us-gaap:LongTermDebtAndCapitalLeaseObligations,Long-term debt,9952151 - Statement - CONSOLIDATED BALANCE SHEETS,plain,False,,
GOOGL,Alphabet Inc.,1652044,10-K,2024-12-31,2024,2023-12-31,2025-02-05,0001652044-25-000014,goog-20241231.htm,v14 (scripts/60_xbrl_metric_engine.py),short_term_investments_prior,False,PASS,86868000000.0,iso4217:USD,c-8,2023-12-31,2023-12-31,us-gaap:MarketableSecuritiesCurrent,Marketable securities,9952151 - Statement - CONSOLIDATED BALANCE SHEETS,plain,False,,
GOOGL,Alphabet Inc.,1652044,10-K,2024-12-31,2024,2023-12-31,2025-02-05,0001652044-25-000014,goog-20241231.htm,v14 (scripts/60_xbrl_metric_engine.py),stockholders_equity_prior,False,PASS,283379000000.0,iso4217:USD,c-8,2023-12-31,2023-12-31,us-gaap:StockholdersEquity,Total stockholders’ equity,9952151 - Statement - CONSOLIDATED BALANCE SHEETS,plain,False,,
GOOGL,Alphabet Inc.,1652044,10-K,2024-12-31,2024,2023-12-31,2025-02-05,0001652044-25-000014,goog-20241231.htm,v14 (scripts/60_xbrl_metric_engine.py),total_debt_explicit_prior,False,REVIEW_REQUIRED,,,,,,,,,,False,,לא נמצאה אף שורת 'total_debt_explicit' בתוך Statement role ראשי התואם לכללי ה-Role של המדד.
GOOGL,Alphabet Inc.,1652044,10-K,2024-12-31,2024,2023-12-31,2025-02-05,0001652044-25-000014,goog-20241231.htm,v14 (scripts/60_xbrl_metric_engine.py),effective_tax_rate,True,PASS,0.16439510912657013,ratio,,2024-01-01,2024-12-31,,,,,True,income_tax_expense / pretax_income,
GOOGL,Alphabet Inc.,1652044,10-K,2024-12-31,2024,2023-12-31,2025-02-05,0001652044-25-000014,goog-20241231.htm,v14 (scripts/60_xbrl_metric_engine.py),total_debt,True,REVIEW_REQUIRED,,,,,,,,,,True,current_debt + long_term_debt (no unambiguous direct aggregate Total Debt row found — explicit-row status: REVIEW_REQUIRED),"לא ניתן לחשב מדד נגזר כי לא כל הרכיבים עברו PASS: {'current_debt': 'REVIEW_REQUIRED', 'long_term_debt': 'PASS'}"
GOOGL,Alphabet Inc.,1652044,10-K,2024-12-31,2024,2023-12-31,2025-02-05,0001652044-25-000014,goog-20241231.htm,v14 (scripts/60_xbrl_metric_engine.py),total_debt_prior,False,REVIEW_REQUIRED,,,,,,,,,,True,current_debt_prior + long_term_debt_prior (no unambiguous direct aggregate Total Debt row found — explicit-row status: REVIEW_REQUIRED),"לא ניתן לחשב מדד נגזר כי לא כל הרכיבים עברו PASS: {'current_debt_prior': 'REVIEW_REQUIRED', 'long_term_debt_prior': 'PASS'}"
GOOGL,Alphabet Inc.,1652044,10-K,2024-12-31,2024,2023-12-31,2025-02-05,0001652044-25-000014,goog-20241231.htm,v14 (scripts/60_xbrl_metric_engine.py),adjusted_net_debt,True,REVIEW_REQUIRED,,,,,,,,,,True,total_debt - cash_and_equivalents - short_term_investments,"לא ניתן לחשב מדד נגזר כי לא כל הרכיבים עברו PASS: {'total_debt': 'REVIEW_REQUIRED', 'cash_and_equivalents': 'PASS', 'short_term_investments': 'PASS'}"
GOOGL,Alphabet Inc.,1652044,10-K,2024-12-31,2024,2023-12-31,2025-02-05,0001652044-25-000014,goog-20241231.htm,v14 (scripts/60_xbrl_metric_engine.py),free_cash_flow,True,PASS,72764000000.0,iso4217:USD,,2024-01-01,2024-12-31,,,,,True,operating_cash_flow - capex,
GOOGL,Alphabet Inc.,1652044,10-K,2024-12-31,2024,2023-12-31,2025-02-05,0001652044-25-000014,goog-20241231.htm,v14 (scripts/60_xbrl_metric_engine.py),invested_capital,True,REVIEW_REQUIRED,,,,,,,,,,True,total_debt + stockholders_equity - cash_and_equivalents - short_term_investments,"לא ניתן לחשב מדד נגזר כי לא כל הרכיבים עברו PASS: {'total_debt': 'REVIEW_REQUIRED', 'stockholders_equity': 'PASS', 'cash_and_equivalents': 'PASS', 'short_term_investments': 'PASS'}"
GOOGL,Alphabet Inc.,1652044,10-K,2024-12-31,2024,2023-12-31,2025-02-05,0001652044-25-000014,goog-20241231.htm,v14 (scripts/60_xbrl_metric_engine.py),invested_capital_prior,False,REVIEW_REQUIRED,,,,,,,,,,True,total_debt_prior + stockholders_equity_prior - cash_and_equivalents_prior - short_term_investments_prior,"לא ניתן לחשב מדד נגזר כי לא כל הרכיבים עברו PASS: {'total_debt_prior': 'REVIEW_REQUIRED', 'stockholders_equity_prior': 'PASS', 'cash_and_equivalents_prior': 'PASS', 'short_term_investments_prior': 'PASS'}"
GOOGL,Alphabet Inc.,1652044,10-K,2024-12-31,2024,2023-12-31,2025-02-05,0001652044-25-000014,goog-20241231.htm,v14 (scripts/60_xbrl_metric_engine.py),nopat,True,PASS,93913633685.26479,iso4217:USD,,2024-01-01,2024-12-31,,,,,True,operating_income * (1 - effective_tax_rate),
GOOGL,Alphabet Inc.,1652044,10-K,2024-12-31,2024,2023-12-31,2025-02-05,0001652044-25-000014,goog-20241231.htm,v14 (scripts/60_xbrl_metric_engine.py),average_invested_capital,True,REVIEW_REQUIRED,,,,,,,,,,True,(invested_capital + invested_capital_prior) / 2,"לא ניתן לחשב מדד נגזר כי לא כל הרכיבים עברו PASS: {'invested_capital': 'REVIEW_REQUIRED', 'invested_capital_prior': 'REVIEW_REQUIRED'}"
GOOGL,Alphabet Inc.,1652044,10-K,2024-12-31,2024,2023-12-31,2025-02-05,0001652044-25-000014,goog-20241231.htm,v14 (scripts/60_xbrl_metric_engine.py),roic,True,REVIEW_REQUIRED,,,,,,,,,,True,nopat / average_invested_capital,"לא ניתן לחשב מדד נגזר כי לא כל הרכיבים עברו PASS: {'nopat': 'PASS', 'average_invested_capital': 'REVIEW_REQUIRED'}"
GOOGL,Alphabet Inc.,1652044,10-K,2025-12-31,2025,2024-12-31,2026-02-05,0001652044-26-000018,goog-20251231.htm,v14 (scripts/60_xbrl_metric_engine.py),capex,True,PASS,91447000000.0,iso4217:USD,c-1,2025-01-01,2025-12-31,us-gaap:PaymentsToAcquirePropertyPlantAndEquipment,Purchases of property and equipment,9952158 - Statement - CONSOLIDATED STATEMENTS OF CASH FLOWS,plain,False,,
GOOGL,Alphabet Inc.,1652044,10-K,2025-12-31,2025,2024-12-31,2026-02-05,0001652044-26-000018,goog-20251231.htm,v14 (scripts/60_xbrl_metric_engine.py),cash_and_equivalents,True,PASS,30708000000.0,iso4217:USD,c-20,2025-12-31,2025-12-31,us-gaap:CashAndCashEquivalentsAtCarryingValue,Cash and cash equivalents,9952151 - Statement - CONSOLIDATED BALANCE SHEETS,plain,False,,
GOOGL,Alphabet Inc.,1652044,10-K,2025-12-31,2025,2024-12-31,2026-02-05,0001652044-26-000018,goog-20251231.htm,v14 (scripts/60_xbrl_metric_engine.py),current_debt,True,REVIEW_REQUIRED,,,,,,,,,,False,,current_debt = 0 לא הוסק (תנאי 2 לא הוכח): השורה המוקדמת ביותר בלוח הפירעונות ('2026') אינה אפס (2000000000.0) — לא ניתן לאשר שאין סכום לפירעון תוך 12 חודשים.
GOOGL,Alphabet Inc.,1652044,10-K,2025-12-31,2025,2024-12-31,2026-02-05,0001652044-26-000018,goog-20251231.htm,v14 (scripts/60_xbrl_metric_engine.py),income_tax_expense,True,PASS,26656000000.0,iso4217:USD,c-1,2025-01-01,2025-12-31,us-gaap:IncomeTaxExpenseBenefit,Provision for income taxes,9952153 - Statement - CONSOLIDATED STATEMENTS OF INCOME,plain,False,,
GOOGL,Alphabet Inc.,1652044,10-K,2025-12-31,2025,2024-12-31,2026-02-05,0001652044-26-000018,goog-20251231.htm,v14 (scripts/60_xbrl_metric_engine.py),long_term_debt,True,PASS,46547000000.0,iso4217:USD,c-20,2025-12-31,2025-12-31,us-gaap:LongTermDebtNoncurrent,Long-term debt,9952151 - Statement - CONSOLIDATED BALANCE SHEETS,plain,False,,
GOOGL,Alphabet Inc.,1652044,10-K,2025-12-31,2025,2024-12-31,2026-02-05,0001652044-26-000018,goog-20251231.htm,v14 (scripts/60_xbrl_metric_engine.py),net_income,True,PASS,132170000000.0,iso4217:USD,c-1,2025-01-01,2025-12-31,us-gaap:NetIncomeLoss,Net income,9952153 - Statement - CONSOLIDATED STATEMENTS OF INCOME,plain,False,,
GOOGL,Alphabet Inc.,1652044,10-K,2025-12-31,2025,2024-12-31,2026-02-05,0001652044-26-000018,goog-20251231.htm,v14 (scripts/60_xbrl_metric_engine.py),operating_cash_flow,True,PASS,164713000000.0,iso4217:USD,c-1,2025-01-01,2025-12-31,us-gaap:NetCashProvidedByUsedInOperatingActivities,Net cash provided by operating activities,9952158 - Statement - CONSOLIDATED STATEMENTS OF CASH FLOWS,plain,False,,
GOOGL,Alphabet Inc.,1652044,10-K,2025-12-31,2025,2024-12-31,2026-02-05,0001652044-26-000018,goog-20251231.htm,v14 (scripts/60_xbrl_metric_engine.py),operating_income,True,PASS,129039000000.0,iso4217:USD,c-1,2025-01-01,2025-12-31,us-gaap:OperatingIncomeLoss,Income from operations,9952153 - Statement - CONSOLIDATED STATEMENTS OF INCOME,plain,False,,
GOOGL,Alphabet Inc.,1652044,10-K,2025-12-31,2025,2024-12-31,2026-02-05,0001652044-26-000018,goog-20251231.htm,v14 (scripts/60_xbrl_metric_engine.py),pretax_income,True,PASS,158826000000.0,iso4217:USD,c-1,2025-01-01,2025-12-31,us-gaap:IncomeLossFromContinuingOperationsBeforeIncomeTaxesExtraordinaryItemsNoncontrollingInterest,Income before income taxes,9952153 - Statement - CONSOLIDATED STATEMENTS OF INCOME,plain,False,,
GOOGL,Alphabet Inc.,1652044,10-K,2025-12-31,2025,2024-12-31,2026-02-05,0001652044-26-000018,goog-20251231.htm,v14 (scripts/60_xbrl_metric_engine.py),revenue,True,PASS,402836000000.0,iso4217:USD,c-1,2025-01-01,2025-12-31,us-gaap:Revenues,Revenues,9952153 - Statement - CONSOLIDATED STATEMENTS OF INCOME,plain,False,,
GOOGL,Alphabet Inc.,1652044,10-K,2025-12-31,2025,2024-12-31,2026-02-05,0001652044-26-000018,goog-20251231.htm,v14 (scripts/60_xbrl_metric_engine.py),short_term_investments,True,PASS,96135000000.0,iso4217:USD,c-20,2025-12-31,2025-12-31,us-gaap:MarketableSecuritiesCurrent,Marketable securities,9952151 - Statement - CONSOLIDATED BALANCE SHEETS,plain,False,,
GOOGL,Alphabet Inc.,1652044,10-K,2025-12-31,2025,2024-12-31,2026-02-05,0001652044-26-000018,goog-20251231.htm,v14 (scripts/60_xbrl_metric_engine.py),stockholders_equity,True,PASS,415265000000.0,iso4217:USD,c-20,2025-12-31,2025-12-31,us-gaap:StockholdersEquity,Total stockholders’ equity,9952151 - Statement - CONSOLIDATED BALANCE SHEETS,plain,False,,
GOOGL,Alphabet Inc.,1652044,10-K,2025-12-31,2025,2024-12-31,2026-02-05,0001652044-26-000018,goog-20251231.htm,v14 (scripts/60_xbrl_metric_engine.py),total_debt_explicit,False,REVIEW_REQUIRED,,,,,,,,,,False,,לא נמצאה אף שורת 'total_debt_explicit' בתוך Statement role ראשי התואם לכללי ה-Role של המדד.
GOOGL,Alphabet Inc.,1652044,10-K,2025-12-31,2025,2024-12-31,2026-02-05,0001652044-26-000018,goog-20251231.htm,v14 (scripts/60_xbrl_metric_engine.py),cash_and_equivalents_prior,False,PASS,23466000000.0,iso4217:USD,c-19,2024-12-31,2024-12-31,us-gaap:CashAndCashEquivalentsAtCarryingValue,Cash and cash equivalents,9952151 - Statement - CONSOLIDATED BALANCE SHEETS,plain,False,,
GOOGL,Alphabet Inc.,1652044,10-K,2025-12-31,2025,2024-12-31,2026-02-05,0001652044-26-000018,goog-20251231.htm,v14 (scripts/60_xbrl_metric_engine.py),current_debt_prior,False,REVIEW_REQUIRED,,,,,,,,,,False,,current_debt = 0 לא הוסק (תנאי 2 לא הוכח): לא ניתן לחלץ ערך מהימן ויחיד עבור השורה המוקדמת ביותר בלוח הפירעונות ('2026') — תנאי 2 לא הוכח.
GOOGL,Alphabet Inc.,1652044,10-K,2025-12-31,2025,2024-12-31,2026-02-05,0001652044-26-000018,goog-20251231.htm,v14 (scripts/60_xbrl_metric_engine.py),long_term_debt_prior,False,PASS,10883000000.0,iso4217:USD,c-19,2024-12-31,2024-12-31,us-gaap:LongTermDebtNoncurrent,Long-term debt,9952151 - Statement - CONSOLIDATED BALANCE SHEETS,plain,False,,
GOOGL,Alphabet Inc.,1652044,10-K,2025-12-31,2025,2024-12-31,2026-02-05,0001652044-26-000018,goog-20251231.htm,v14 (scripts/60_xbrl_metric_engine.py),short_term_investments_prior,False,PASS,72191000000.0,iso4217:USD,c-19,2024-12-31,2024-12-31,us-gaap:MarketableSecuritiesCurrent,Marketable securities,9952151 - Statement - CONSOLIDATED BALANCE SHEETS,plain,False,,
GOOGL,Alphabet Inc.,1652044,10-K,2025-12-31,2025,2024-12-31,2026-02-05,0001652044-26-000018,goog-20251231.htm,v14 (scripts/60_xbrl_metric_engine.py),stockholders_equity_prior,False,PASS,325084000000.0,iso4217:USD,c-19,2024-12-31,2024-12-31,us-gaap:StockholdersEquity,Total stockholders’ equity,9952151 - Statement - CONSOLIDATED BALANCE SHEETS,plain,False,,
GOOGL,Alphabet Inc.,1652044,10-K,2025-12-31,2025,2024-12-31,2026-02-05,0001652044-26-000018,goog-20251231.htm,v14 (scripts/60_xbrl_metric_engine.py),total_debt_explicit_prior,False,REVIEW_REQUIRED,,,,,,,,,,False,,לא נמצאה אף שורת 'total_debt_explicit' בתוך Statement role ראשי התואם לכללי ה-Role של המדד.
GOOGL,Alphabet Inc.,1652044,10-K,2025-12-31,2025,2024-12-31,2026-02-05,0001652044-26-000018,goog-20251231.htm,v14 (scripts/60_xbrl_metric_engine.py),effective_tax_rate,True,PASS,0.16783146336242177,ratio,,2025-01-01,2025-12-31,,,,,True,income_tax_expense / pretax_income,
GOOGL,Alphabet Inc.,1652044,10-K,2025-12-31,2025,2024-12-31,2026-02-05,0001652044-26-000018,goog-20251231.htm,v14 (scripts/60_xbrl_metric_engine.py),total_debt,True,REVIEW_REQUIRED,,,,,,,,,,True,current_debt + long_term_debt (no unambiguous direct aggregate Total Debt row found — explicit-row status: REVIEW_REQUIRED),"לא ניתן לחשב מדד נגזר כי לא כל הרכיבים עברו PASS: {'current_debt': 'REVIEW_REQUIRED', 'long_term_debt': 'PASS'}"
GOOGL,Alphabet Inc.,1652044,10-K,2025-12-31,2025,2024-12-31,2026-02-05,0001652044-26-000018,goog-20251231.htm,v14 (scripts/60_xbrl_metric_engine.py),total_debt_prior,False,REVIEW_REQUIRED,,,,,,,,,,True,current_debt_prior + long_term_debt_prior (no unambiguous direct aggregate Total Debt row found — explicit-row status: REVIEW_REQUIRED),"לא ניתן לחשב מדד נגזר כי לא כל הרכיבים עברו PASS: {'current_debt_prior': 'REVIEW_REQUIRED', 'long_term_debt_prior': 'PASS'}"
GOOGL,Alphabet Inc.,1652044,10-K,2025-12-31,2025,2024-12-31,2026-02-05,0001652044-26-000018,goog-20251231.htm,v14 (scripts/60_xbrl_metric_engine.py),adjusted_net_debt,True,REVIEW_REQUIRED,,,,,,,,,,True,total_debt - cash_and_equivalents - short_term_investments,"לא ניתן לחשב מדד נגזר כי לא כל הרכיבים עברו PASS: {'total_debt': 'REVIEW_REQUIRED', 'cash_and_equivalents': 'PASS', 'short_term_investments': 'PASS'}"
GOOGL,Alphabet Inc.,1652044,10-K,2025-12-31,2025,2024-12-31,2026-02-05,0001652044-26-000018,goog-20251231.htm,v14 (scripts/60_xbrl_metric_engine.py),free_cash_flow,True,PASS,73266000000.0,iso4217:USD,,2025-01-01,2025-12-31,,,,,True,operating_cash_flow - capex,
GOOGL,Alphabet Inc.,1652044,10-K,2025-12-31,2025,2024-12-31,2026-02-05,0001652044-26-000018,goog-20251231.htm,v14 (scripts/60_xbrl_metric_engine.py),invested_capital,True,REVIEW_REQUIRED,,,,,,,,,,True,total_debt + stockholders_equity - cash_and_equivalents - short_term_investments,"לא ניתן לחשב מדד נגזר כי לא כל הרכיבים עברו PASS: {'total_debt': 'REVIEW_REQUIRED', 'stockholders_equity': 'PASS', 'cash_and_equivalents': 'PASS', 'short_term_investments': 'PASS'}"
GOOGL,Alphabet Inc.,1652044,10-K,2025-12-31,2025,2024-12-31,2026-02-05,0001652044-26-000018,goog-20251231.htm,v14 (scripts/60_xbrl_metric_engine.py),invested_capital_prior,False,REVIEW_REQUIRED,,,,,,,,,,True,total_debt_prior + stockholders_equity_prior - cash_and_equivalents_prior - short_term_investments_prior,"לא ניתן לחשב מדד נגזר כי לא כל הרכיבים עברו PASS: {'total_debt_prior': 'REVIEW_REQUIRED', 'stockholders_equity_prior': 'PASS', 'cash_and_equivalents_prior': 'PASS', 'short_term_investments_prior': 'PASS'}"
GOOGL,Alphabet Inc.,1652044,10-K,2025-12-31,2025,2024-12-31,2026-02-05,0001652044-26-000018,goog-20251231.htm,v14 (scripts/60_xbrl_metric_engine.py),nopat,True,PASS,107382195799.17645,iso4217:USD,,2025-01-01,2025-12-31,,,,,True,operating_income * (1 - effective_tax_rate),
GOOGL,Alphabet Inc.,1652044,10-K,2025-12-31,2025,2024-12-31,2026-02-05,0001652044-26-000018,goog-20251231.htm,v14 (scripts/60_xbrl_metric_engine.py),average_invested_capital,True,REVIEW_REQUIRED,,,,,,,,,,True,(invested_capital + invested_capital_prior) / 2,"לא ניתן לחשב מדד נגזר כי לא כל הרכיבים עברו PASS: {'invested_capital': 'REVIEW_REQUIRED', 'invested_capital_prior': 'REVIEW_REQUIRED'}"
GOOGL,Alphabet Inc.,1652044,10-K,2025-12-31,2025,2024-12-31,2026-02-05,0001652044-26-000018,goog-20251231.htm,v14 (scripts/60_xbrl_metric_engine.py),roic,True,REVIEW_REQUIRED,,,,,,,,,,True,nopat / average_invested_capital,"לא ניתן לחשב מדד נגזר כי לא כל הרכיבים עברו PASS: {'nopat': 'PASS', 'average_invested_capital': 'REVIEW_REQUIRED'}"
AMZN,AMAZON COM INC,1018724,10-K,2021-12-31,2021,2020-12-31,2022-02-04,0001018724-22-000005,amzn-20211231.htm,v14 (scripts/60_xbrl_metric_engine.py),capex,True,PASS,61053000000.0,iso4217:USD,i1c47188d91bf419ea3e135b738fc8996_D20210101-20211231,2021-01-01,2021-12-31,us-gaap:PaymentsToAcquireProductiveAssets,Purchases of property and equipment,1001003 - Statement - Consolidated Statements of Cash Flows,plain,False,,
AMZN,AMAZON COM INC,1018724,10-K,2021-12-31,2021,2020-12-31,2022-02-04,0001018724-22-000005,amzn-20211231.htm,v14 (scripts/60_xbrl_metric_engine.py),cash_and_equivalents,True,PASS,36220000000.0,iso4217:USD,i68b3d331caf6416b9bcb6a5a78c8d121_I20211231,2021-12-31,2021-12-31,us-gaap:CashAndCashEquivalentsAtCarryingValue,Cash and cash equivalents,1005007 - Statement - Consolidated Balance Sheets,plain,False,,
AMZN,AMAZON COM INC,1018724,10-K,2021-12-31,2021,2020-12-31,2022-02-04,0001018724-22-000005,amzn-20211231.htm,v14 (scripts/60_xbrl_metric_engine.py),current_debt,True,REVIEW_REQUIRED,,,,,,,,,,False,,current_debt = 0 לא הוסק (תנאי 2 לא הוכח): השורה המוקדמת ביותר בלוח הפירעונות ('2022') אינה אפס (1493000000.0) — לא ניתן לאשר שאין סכום לפירעון תוך 12 חודשים.
AMZN,AMAZON COM INC,1018724,10-K,2021-12-31,2021,2020-12-31,2022-02-04,0001018724-22-000005,amzn-20211231.htm,v14 (scripts/60_xbrl_metric_engine.py),income_tax_expense,True,PASS,4791000000.0,iso4217:USD,i1c47188d91bf419ea3e135b738fc8996_D20210101-20211231,2021-01-01,2021-12-31,us-gaap:IncomeTaxExpenseBenefit,Provision for income taxes,1002004 - Statement - Consolidated Statements Of Operations,plain,False,,
AMZN,AMAZON COM INC,1018724,10-K,2021-12-31,2021,2020-12-31,2022-02-04,0001018724-22-000005,amzn-20211231.htm,v14 (scripts/60_xbrl_metric_engine.py),long_term_debt,True,PASS,48744000000.0,iso4217:USD,i68b3d331caf6416b9bcb6a5a78c8d121_I20211231,2021-12-31,2021-12-31,us-gaap:LongTermDebtNoncurrent,Long-term debt,1005007 - Statement - Consolidated Balance Sheets,plain,False,,
AMZN,AMAZON COM INC,1018724,10-K,2021-12-31,2021,2020-12-31,2022-02-04,0001018724-22-000005,amzn-20211231.htm,v14 (scripts/60_xbrl_metric_engine.py),net_income,True,PASS,33364000000.0,iso4217:USD,i1c47188d91bf419ea3e135b738fc8996_D20210101-20211231,2021-01-01,2021-12-31,us-gaap:NetIncomeLoss,Net income,1002004 - Statement - Consolidated Statements Of Operations,plain,False,,
AMZN,AMAZON COM INC,1018724,10-K,2021-12-31,2021,2020-12-31,2022-02-04,0001018724-22-000005,amzn-20211231.htm,v14 (scripts/60_xbrl_metric_engine.py),operating_cash_flow,True,PASS,46327000000.0,iso4217:USD,i1c47188d91bf419ea3e135b738fc8996_D20210101-20211231,2021-01-01,2021-12-31,us-gaap:NetCashProvidedByUsedInOperatingActivities,Net cash provided by (used in) operating activities,1001003 - Statement - Consolidated Statements of Cash Flows,plain,False,,
AMZN,AMAZON COM INC,1018724,10-K,2021-12-31,2021,2020-12-31,2022-02-04,0001018724-22-000005,amzn-20211231.htm,v14 (scripts/60_xbrl_metric_engine.py),operating_income,True,PASS,24879000000.0,iso4217:USD,i1c47188d91bf419ea3e135b738fc8996_D20210101-20211231,2021-01-01,2021-12-31,us-gaap:OperatingIncomeLoss,Operating income,1002004 - Statement - Consolidated Statements Of Operations,plain,False,,
AMZN,AMAZON COM INC,1018724,10-K,2021-12-31,2021,2020-12-31,2022-02-04,0001018724-22-000005,amzn-20211231.htm,v14 (scripts/60_xbrl_metric_engine.py),pretax_income,True,PASS,38151000000.0,iso4217:USD,i1c47188d91bf419ea3e135b738fc8996_D20210101-20211231,2021-01-01,2021-12-31,us-gaap:IncomeLossFromContinuingOperationsBeforeIncomeTaxesMinorityInterestAndIncomeLossFromEquityMethodInvestments,Income before income taxes,1002004 - Statement - Consolidated Statements Of Operations,plain,False,,
AMZN,AMAZON COM INC,1018724,10-K,2021-12-31,2021,2020-12-31,2022-02-04,0001018724-22-000005,amzn-20211231.htm,v14 (scripts/60_xbrl_metric_engine.py),revenue,True,PASS,469822000000.0,iso4217:USD,i1c47188d91bf419ea3e135b738fc8996_D20210101-20211231,2021-01-01,2021-12-31,us-gaap:RevenueFromContractWithCustomerExcludingAssessedTax,Total net sales,1002004 - Statement - Consolidated Statements Of Operations,plain,False,,
AMZN,AMAZON COM INC,1018724,10-K,2021-12-31,2021,2020-12-31,2022-02-04,0001018724-22-000005,amzn-20211231.htm,v14 (scripts/60_xbrl_metric_engine.py),short_term_investments,True,PASS,59829000000.0,iso4217:USD,i68b3d331caf6416b9bcb6a5a78c8d121_I20211231,2021-12-31,2021-12-31,us-gaap:MarketableSecuritiesCurrent,Marketable securities,1005007 - Statement - Consolidated Balance Sheets,plain,False,,
AMZN,AMAZON COM INC,1018724,10-K,2021-12-31,2021,2020-12-31,2022-02-04,0001018724-22-000005,amzn-20211231.htm,v14 (scripts/60_xbrl_metric_engine.py),stockholders_equity,True,PASS,138245000000.0,iso4217:USD,i68b3d331caf6416b9bcb6a5a78c8d121_I20211231,2021-12-31,2021-12-31,us-gaap:StockholdersEquity,Total stockholders’ equity,1005007 - Statement - Consolidated Balance Sheets,plain,False,,
AMZN,AMAZON COM INC,1018724,10-K,2021-12-31,2021,2020-12-31,2022-02-04,0001018724-22-000005,amzn-20211231.htm,v14 (scripts/60_xbrl_metric_engine.py),total_debt_explicit,False,REVIEW_REQUIRED,,,,,,,,,,False,,לא נמצאה אף שורת 'total_debt_explicit' בתוך Statement role ראשי התואם לכללי ה-Role של המדד.
AMZN,AMAZON COM INC,1018724,10-K,2021-12-31,2021,2020-12-31,2022-02-04,0001018724-22-000005,amzn-20211231.htm,v14 (scripts/60_xbrl_metric_engine.py),cash_and_equivalents_prior,False,PASS,42122000000.0,iso4217:USD,iec320e09ef364978ae9c1b650706ec65_I20201231,2020-12-31,2020-12-31,us-gaap:CashAndCashEquivalentsAtCarryingValue,Cash and cash equivalents,1005007 - Statement - Consolidated Balance Sheets,plain,False,,
AMZN,AMAZON COM INC,1018724,10-K,2021-12-31,2021,2020-12-31,2022-02-04,0001018724-22-000005,amzn-20211231.htm,v14 (scripts/60_xbrl_metric_engine.py),current_debt_prior,False,REVIEW_REQUIRED,,,,,,,,,,False,,current_debt = 0 לא הוסק (תנאי 2 לא הוכח): לא ניתן לחלץ ערך מהימן ויחיד עבור השורה המוקדמת ביותר בלוח הפירעונות ('2022') — תנאי 2 לא הוכח.
AMZN,AMAZON COM INC,1018724,10-K,2021-12-31,2021,2020-12-31,2022-02-04,0001018724-22-000005,amzn-20211231.htm,v14 (scripts/60_xbrl_metric_engine.py),long_term_debt_prior,False,PASS,31816000000.0,iso4217:USD,iec320e09ef364978ae9c1b650706ec65_I20201231,2020-12-31,2020-12-31,us-gaap:LongTermDebtNoncurrent,Long-term debt,1005007 - Statement - Consolidated Balance Sheets,plain,False,,
AMZN,AMAZON COM INC,1018724,10-K,2021-12-31,2021,2020-12-31,2022-02-04,0001018724-22-000005,amzn-20211231.htm,v14 (scripts/60_xbrl_metric_engine.py),short_term_investments_prior,False,PASS,42274000000.0,iso4217:USD,iec320e09ef364978ae9c1b650706ec65_I20201231,2020-12-31,2020-12-31,us-gaap:MarketableSecuritiesCurrent,Marketable securities,1005007 - Statement - Consolidated Balance Sheets,plain,False,,
AMZN,AMAZON COM INC,1018724,10-K,2021-12-31,2021,2020-12-31,2022-02-04,0001018724-22-000005,amzn-20211231.htm,v14 (scripts/60_xbrl_metric_engine.py),stockholders_equity_prior,False,PASS,93404000000.0,iso4217:USD,iec320e09ef364978ae9c1b650706ec65_I20201231,2020-12-31,2020-12-31,us-gaap:StockholdersEquity,Total stockholders’ equity,1005007 - Statement - Consolidated Balance Sheets,plain,False,,
AMZN,AMAZON COM INC,1018724,10-K,2021-12-31,2021,2020-12-31,2022-02-04,0001018724-22-000005,amzn-20211231.htm,v14 (scripts/60_xbrl_metric_engine.py),total_debt_explicit_prior,False,REVIEW_REQUIRED,,,,,,,,,,False,,לא נמצאה אף שורת 'total_debt_explicit' בתוך Statement role ראשי התואם לכללי ה-Role של המדד.
AMZN,AMAZON COM INC,1018724,10-K,2021-12-31,2021,2020-12-31,2022-02-04,0001018724-22-000005,amzn-20211231.htm,v14 (scripts/60_xbrl_metric_engine.py),effective_tax_rate,True,PASS,0.12557993237398757,ratio,,2021-01-01,2021-12-31,,,,,True,income_tax_expense / pretax_income,
AMZN,AMAZON COM INC,1018724,10-K,2021-12-31,2021,2020-12-31,2022-02-04,0001018724-22-000005,amzn-20211231.htm,v14 (scripts/60_xbrl_metric_engine.py),total_debt,True,REVIEW_REQUIRED,,,,,,,,,,True,current_debt + long_term_debt (no unambiguous direct aggregate Total Debt row found — explicit-row status: REVIEW_REQUIRED),"לא ניתן לחשב מדד נגזר כי לא כל הרכיבים עברו PASS: {'current_debt': 'REVIEW_REQUIRED', 'long_term_debt': 'PASS'}"
AMZN,AMAZON COM INC,1018724,10-K,2021-12-31,2021,2020-12-31,2022-02-04,0001018724-22-000005,amzn-20211231.htm,v14 (scripts/60_xbrl_metric_engine.py),total_debt_prior,False,REVIEW_REQUIRED,,,,,,,,,,True,current_debt_prior + long_term_debt_prior (no unambiguous direct aggregate Total Debt row found — explicit-row status: REVIEW_REQUIRED),"לא ניתן לחשב מדד נגזר כי לא כל הרכיבים עברו PASS: {'current_debt_prior': 'REVIEW_REQUIRED', 'long_term_debt_prior': 'PASS'}"
AMZN,AMAZON COM INC,1018724,10-K,2021-12-31,2021,2020-12-31,2022-02-04,0001018724-22-000005,amzn-20211231.htm,v14 (scripts/60_xbrl_metric_engine.py),adjusted_net_debt,True,REVIEW_REQUIRED,,,,,,,,,,True,total_debt - cash_and_equivalents - short_term_investments,"לא ניתן לחשב מדד נגזר כי לא כל הרכיבים עברו PASS: {'total_debt': 'REVIEW_REQUIRED', 'cash_and_equivalents': 'PASS', 'short_term_investments': 'PASS'}"
AMZN,AMAZON COM INC,1018724,10-K,2021-12-31,2021,2020-12-31,2022-02-04,0001018724-22-000005,amzn-20211231.htm,v14 (scripts/60_xbrl_metric_engine.py),free_cash_flow,True,PASS,-14726000000.0,iso4217:USD,,2021-01-01,2021-12-31,,,,,True,operating_cash_flow - capex,
AMZN,AMAZON COM INC,1018724,10-K,2021-12-31,2021,2020-12-31,2022-02-04,0001018724-22-000005,amzn-20211231.htm,v14 (scripts/60_xbrl_metric_engine.py),invested_capital,True,REVIEW_REQUIRED,,,,,,,,,,True,total_debt + stockholders_equity - cash_and_equivalents - short_term_investments,"לא ניתן לחשב מדד נגזר כי לא כל הרכיבים עברו PASS: {'total_debt': 'REVIEW_REQUIRED', 'stockholders_equity': 'PASS', 'cash_and_equivalents': 'PASS', 'short_term_investments': 'PASS'}"
AMZN,AMAZON COM INC,1018724,10-K,2021-12-31,2021,2020-12-31,2022-02-04,0001018724-22-000005,amzn-20211231.htm,v14 (scripts/60_xbrl_metric_engine.py),invested_capital_prior,False,REVIEW_REQUIRED,,,,,,,,,,True,total_debt_prior + stockholders_equity_prior - cash_and_equivalents_prior - short_term_investments_prior,"לא ניתן לחשב מדד נגזר כי לא כל הרכיבים עברו PASS: {'total_debt_prior': 'REVIEW_REQUIRED', 'stockholders_equity_prior': 'PASS', 'cash_and_equivalents_prior': 'PASS', 'short_term_investments_prior': 'PASS'}"
AMZN,AMAZON COM INC,1018724,10-K,2021-12-31,2021,2020-12-31,2022-02-04,0001018724-22-000005,amzn-20211231.htm,v14 (scripts/60_xbrl_metric_engine.py),nopat,True,PASS,21754696862.467564,iso4217:USD,,2021-01-01,2021-12-31,,,,,True,operating_income * (1 - effective_tax_rate),
AMZN,AMAZON COM INC,1018724,10-K,2021-12-31,2021,2020-12-31,2022-02-04,0001018724-22-000005,amzn-20211231.htm,v14 (scripts/60_xbrl_metric_engine.py),average_invested_capital,True,REVIEW_REQUIRED,,,,,,,,,,True,(invested_capital + invested_capital_prior) / 2,"לא ניתן לחשב מדד נגזר כי לא כל הרכיבים עברו PASS: {'invested_capital': 'REVIEW_REQUIRED', 'invested_capital_prior': 'REVIEW_REQUIRED'}"
AMZN,AMAZON COM INC,1018724,10-K,2021-12-31,2021,2020-12-31,2022-02-04,0001018724-22-000005,amzn-20211231.htm,v14 (scripts/60_xbrl_metric_engine.py),roic,True,REVIEW_REQUIRED,,,,,,,,,,True,nopat / average_invested_capital,"לא ניתן לחשב מדד נגזר כי לא כל הרכיבים עברו PASS: {'nopat': 'PASS', 'average_invested_capital': 'REVIEW_REQUIRED'}"
AMZN,AMAZON COM INC,1018724,10-K,2022-12-31,2022,2021-12-31,2023-02-03,0001018724-23-000004,amzn-20221231.htm,v14 (scripts/60_xbrl_metric_engine.py),capex,True,PASS,63645000000.0,iso4217:USD,i66a08f9a87424ace8d8c03c38fb30db9_D20220101-20221231,2022-01-01,2022-12-31,us-gaap:PaymentsToAcquireProductiveAssets,Purchases of property and equipment,0000003 - Statement - Consolidated Statements of Cash Flows,plain,False,,
AMZN,AMAZON COM INC,1018724,10-K,2022-12-31,2022,2021-12-31,2023-02-03,0001018724-23-000004,amzn-20221231.htm,v14 (scripts/60_xbrl_metric_engine.py),cash_and_equivalents,True,PASS,53888000000.0,iso4217:USD,i1039ad80b903450abfc8de6517b5489c_I20221231,2022-12-31,2022-12-31,us-gaap:CashAndCashEquivalentsAtCarryingValue,Cash and cash equivalents,0000007 - Statement - Consolidated Balance Sheets,plain,False,,
AMZN,AMAZON COM INC,1018724,10-K,2022-12-31,2022,2021-12-31,2023-02-03,0001018724-23-000004,amzn-20221231.htm,v14 (scripts/60_xbrl_metric_engine.py),current_debt,True,REVIEW_REQUIRED,,,,,,,,,,False,,current_debt = 0 לא הוסק (תנאי 2 לא הוכח): השורה המוקדמת ביותר בלוח הפירעונות ('2023') אינה אפס (3000000000.0) — לא ניתן לאשר שאין סכום לפירעון תוך 12 חודשים.
AMZN,AMAZON COM INC,1018724,10-K,2022-12-31,2022,2021-12-31,2023-02-03,0001018724-23-000004,amzn-20221231.htm,v14 (scripts/60_xbrl_metric_engine.py),income_tax_expense,True,PASS,-3217000000.0,iso4217:USD,i66a08f9a87424ace8d8c03c38fb30db9_D20220101-20221231,2022-01-01,2022-12-31,us-gaap:IncomeTaxExpenseBenefit,Benefit (provision) for income taxes,0000004 - Statement - Consolidated Statements Of Operations,plain,False,,
AMZN,AMAZON COM INC,1018724,10-K,2022-12-31,2022,2021-12-31,2023-02-03,0001018724-23-000004,amzn-20221231.htm,v14 (scripts/60_xbrl_metric_engine.py),long_term_debt,True,PASS,67150000000.0,iso4217:USD,i1039ad80b903450abfc8de6517b5489c_I20221231,2022-12-31,2022-12-31,us-gaap:LongTermDebtNoncurrent,Long-term debt,0000007 - Statement - Consolidated Balance Sheets,plain,False,,
AMZN,AMAZON COM INC,1018724,10-K,2022-12-31,2022,2021-12-31,2023-02-03,0001018724-23-000004,amzn-20221231.htm,v14 (scripts/60_xbrl_metric_engine.py),net_income,True,PASS,-2722000000.0,iso4217:USD,i66a08f9a87424ace8d8c03c38fb30db9_D20220101-20221231,2022-01-01,2022-12-31,us-gaap:NetIncomeLoss,Net income (loss),0000004 - Statement - Consolidated Statements Of Operations,plain,False,,
AMZN,AMAZON COM INC,1018724,10-K,2022-12-31,2022,2021-12-31,2023-02-03,0001018724-23-000004,amzn-20221231.htm,v14 (scripts/60_xbrl_metric_engine.py),operating_cash_flow,True,PASS,46752000000.0,iso4217:USD,i66a08f9a87424ace8d8c03c38fb30db9_D20220101-20221231,2022-01-01,2022-12-31,us-gaap:NetCashProvidedByUsedInOperatingActivities,Net cash provided by (used in) operating activities,0000003 - Statement - Consolidated Statements of Cash Flows,plain,False,,
AMZN,AMAZON COM INC,1018724,10-K,2022-12-31,2022,2021-12-31,2023-02-03,0001018724-23-000004,amzn-20221231.htm,v14 (scripts/60_xbrl_metric_engine.py),operating_income,True,PASS,12248000000.0,iso4217:USD,i66a08f9a87424ace8d8c03c38fb30db9_D20220101-20221231,2022-01-01,2022-12-31,us-gaap:OperatingIncomeLoss,Operating income,0000004 - Statement - Consolidated Statements Of Operations,plain,False,,
AMZN,AMAZON COM INC,1018724,10-K,2022-12-31,2022,2021-12-31,2023-02-03,0001018724-23-000004,amzn-20221231.htm,v14 (scripts/60_xbrl_metric_engine.py),pretax_income,True,PASS,-5936000000.0,iso4217:USD,i66a08f9a87424ace8d8c03c38fb30db9_D20220101-20221231,2022-01-01,2022-12-31,us-gaap:IncomeLossFromContinuingOperationsBeforeIncomeTaxesMinorityInterestAndIncomeLossFromEquityMethodInvestments,Income (loss) before income taxes,0000004 - Statement - Consolidated Statements Of Operations,plain,False,,
AMZN,AMAZON COM INC,1018724,10-K,2022-12-31,2022,2021-12-31,2023-02-03,0001018724-23-000004,amzn-20221231.htm,v14 (scripts/60_xbrl_metric_engine.py),revenue,True,PASS,513983000000.0,iso4217:USD,i66a08f9a87424ace8d8c03c38fb30db9_D20220101-20221231,2022-01-01,2022-12-31,us-gaap:RevenueFromContractWithCustomerExcludingAssessedTax,Total net sales,0000004 - Statement - Consolidated Statements Of Operations,plain,False,,
AMZN,AMAZON COM INC,1018724,10-K,2022-12-31,2022,2021-12-31,2023-02-03,0001018724-23-000004,amzn-20221231.htm,v14 (scripts/60_xbrl_metric_engine.py),short_term_investments,True,PASS,16138000000.0,iso4217:USD,i1039ad80b903450abfc8de6517b5489c_I20221231,2022-12-31,2022-12-31,us-gaap:MarketableSecuritiesCurrent,Marketable securities,0000007 - Statement - Consolidated Balance Sheets,plain,False,,
AMZN,AMAZON COM INC,1018724,10-K,2022-12-31,2022,2021-12-31,2023-02-03,0001018724-23-000004,amzn-20221231.htm,v14 (scripts/60_xbrl_metric_engine.py),stockholders_equity,True,PASS,146043000000.0,iso4217:USD,i1039ad80b903450abfc8de6517b5489c_I20221231,2022-12-31,2022-12-31,us-gaap:StockholdersEquity,Total stockholders’ equity,0000007 - Statement - Consolidated Balance Sheets,plain,False,,
AMZN,AMAZON COM INC,1018724,10-K,2022-12-31,2022,2021-12-31,2023-02-03,0001018724-23-000004,amzn-20221231.htm,v14 (scripts/60_xbrl_metric_engine.py),total_debt_explicit,False,REVIEW_REQUIRED,,,,,,,,,,False,,לא נמצאה אף שורת 'total_debt_explicit' בתוך Statement role ראשי התואם לכללי ה-Role של המדד.
AMZN,AMAZON COM INC,1018724,10-K,2022-12-31,2022,2021-12-31,2023-02-03,0001018724-23-000004,amzn-20221231.htm,v14 (scripts/60_xbrl_metric_engine.py),cash_and_equivalents_prior,False,PASS,36220000000.0,iso4217:USD,i720e2ad1c79c496d8fd6895d31965011_I20211231,2021-12-31,2021-12-31,us-gaap:CashAndCashEquivalentsAtCarryingValue,Cash and cash equivalents,0000007 - Statement - Consolidated Balance Sheets,plain,False,,
AMZN,AMAZON COM INC,1018724,10-K,2022-12-31,2022,2021-12-31,2023-02-03,0001018724-23-000004,amzn-20221231.htm,v14 (scripts/60_xbrl_metric_engine.py),current_debt_prior,False,REVIEW_REQUIRED,,,,,,,,,,False,,current_debt = 0 לא הוסק (תנאי 2 לא הוכח): לא ניתן לחלץ ערך מהימן ויחיד עבור השורה המוקדמת ביותר בלוח הפירעונות ('2023') — תנאי 2 לא הוכח.
AMZN,AMAZON COM INC,1018724,10-K,2022-12-31,2022,2021-12-31,2023-02-03,0001018724-23-000004,amzn-20221231.htm,v14 (scripts/60_xbrl_metric_engine.py),long_term_debt_prior,False,PASS,48744000000.0,iso4217:USD,i720e2ad1c79c496d8fd6895d31965011_I20211231,2021-12-31,2021-12-31,us-gaap:LongTermDebtNoncurrent,Long-term debt,0000007 - Statement - Consolidated Balance Sheets,plain,False,,
AMZN,AMAZON COM INC,1018724,10-K,2022-12-31,2022,2021-12-31,2023-02-03,0001018724-23-000004,amzn-20221231.htm,v14 (scripts/60_xbrl_metric_engine.py),short_term_investments_prior,False,PASS,59829000000.0,iso4217:USD,i720e2ad1c79c496d8fd6895d31965011_I20211231,2021-12-31,2021-12-31,us-gaap:MarketableSecuritiesCurrent,Marketable securities,0000007 - Statement - Consolidated Balance Sheets,plain,False,,
AMZN,AMAZON COM INC,1018724,10-K,2022-12-31,2022,2021-12-31,2023-02-03,0001018724-23-000004,amzn-20221231.htm,v14 (scripts/60_xbrl_metric_engine.py),stockholders_equity_prior,False,PASS,138245000000.0,iso4217:USD,i720e2ad1c79c496d8fd6895d31965011_I20211231,2021-12-31,2021-12-31,us-gaap:StockholdersEquity,Total stockholders’ equity,0000007 - Statement - Consolidated Balance Sheets,plain,False,,
AMZN,AMAZON COM INC,1018724,10-K,2022-12-31,2022,2021-12-31,2023-02-03,0001018724-23-000004,amzn-20221231.htm,v14 (scripts/60_xbrl_metric_engine.py),total_debt_explicit_prior,False,REVIEW_REQUIRED,,,,,,,,,,False,,לא נמצאה אף שורת 'total_debt_explicit' בתוך Statement role ראשי התואם לכללי ה-Role של המדד.
AMZN,AMAZON COM INC,1018724,10-K,2022-12-31,2022,2021-12-31,2023-02-03,0001018724-23-000004,amzn-20221231.htm,v14 (scripts/60_xbrl_metric_engine.py),effective_tax_rate,True,REVIEW_REQUIRED,,,,,,,,,,True,income_tax_expense / pretax_income,Pretax Income אינו חיובי (-5936000000.0) — לא ניתן לחשב שיעור מס אפקטיבי מהימן.
AMZN,AMAZON COM INC,1018724,10-K,2022-12-31,2022,2021-12-31,2023-02-03,0001018724-23-000004,amzn-20221231.htm,v14 (scripts/60_xbrl_metric_engine.py),total_debt,True,REVIEW_REQUIRED,,,,,,,,,,True,current_debt + long_term_debt (no unambiguous direct aggregate Total Debt row found — explicit-row status: REVIEW_REQUIRED),"לא ניתן לחשב מדד נגזר כי לא כל הרכיבים עברו PASS: {'current_debt': 'REVIEW_REQUIRED', 'long_term_debt': 'PASS'}"
AMZN,AMAZON COM INC,1018724,10-K,2022-12-31,2022,2021-12-31,2023-02-03,0001018724-23-000004,amzn-20221231.htm,v14 (scripts/60_xbrl_metric_engine.py),total_debt_prior,False,REVIEW_REQUIRED,,,,,,,,,,True,current_debt_prior + long_term_debt_prior (no unambiguous direct aggregate Total Debt row found — explicit-row status: REVIEW_REQUIRED),"לא ניתן לחשב מדד נגזר כי לא כל הרכיבים עברו PASS: {'current_debt_prior': 'REVIEW_REQUIRED', 'long_term_debt_prior': 'PASS'}"
AMZN,AMAZON COM INC,1018724,10-K,2022-12-31,2022,2021-12-31,2023-02-03,0001018724-23-000004,amzn-20221231.htm,v14 (scripts/60_xbrl_metric_engine.py),adjusted_net_debt,True,REVIEW_REQUIRED,,,,,,,,,,True,total_debt - cash_and_equivalents - short_term_investments,"לא ניתן לחשב מדד נגזר כי לא כל הרכיבים עברו PASS: {'total_debt': 'REVIEW_REQUIRED', 'cash_and_equivalents': 'PASS', 'short_term_investments': 'PASS'}"
AMZN,AMAZON COM INC,1018724,10-K,2022-12-31,2022,2021-12-31,2023-02-03,0001018724-23-000004,amzn-20221231.htm,v14 (scripts/60_xbrl_metric_engine.py),free_cash_flow,True,PASS,-16893000000.0,iso4217:USD,,2022-01-01,2022-12-31,,,,,True,operating_cash_flow - capex,
AMZN,AMAZON COM INC,1018724,10-K,2022-12-31,2022,2021-12-31,2023-02-03,0001018724-23-000004,amzn-20221231.htm,v14 (scripts/60_xbrl_metric_engine.py),invested_capital,True,REVIEW_REQUIRED,,,,,,,,,,True,total_debt + stockholders_equity - cash_and_equivalents - short_term_investments,"לא ניתן לחשב מדד נגזר כי לא כל הרכיבים עברו PASS: {'total_debt': 'REVIEW_REQUIRED', 'stockholders_equity': 'PASS', 'cash_and_equivalents': 'PASS', 'short_term_investments': 'PASS'}"
AMZN,AMAZON COM INC,1018724,10-K,2022-12-31,2022,2021-12-31,2023-02-03,0001018724-23-000004,amzn-20221231.htm,v14 (scripts/60_xbrl_metric_engine.py),invested_capital_prior,False,REVIEW_REQUIRED,,,,,,,,,,True,total_debt_prior + stockholders_equity_prior - cash_and_equivalents_prior - short_term_investments_prior,"לא ניתן לחשב מדד נגזר כי לא כל הרכיבים עברו PASS: {'total_debt_prior': 'REVIEW_REQUIRED', 'stockholders_equity_prior': 'PASS', 'cash_and_equivalents_prior': 'PASS', 'short_term_investments_prior': 'PASS'}"
AMZN,AMAZON COM INC,1018724,10-K,2022-12-31,2022,2021-12-31,2023-02-03,0001018724-23-000004,amzn-20221231.htm,v14 (scripts/60_xbrl_metric_engine.py),nopat,True,REVIEW_REQUIRED,,,,,,,,,,True,operating_income * (1 - effective_tax_rate),"לא ניתן לחשב מדד נגזר כי לא כל הרכיבים עברו PASS: {'operating_income': 'PASS', 'effective_tax_rate': 'REVIEW_REQUIRED'}"
AMZN,AMAZON COM INC,1018724,10-K,2022-12-31,2022,2021-12-31,2023-02-03,0001018724-23-000004,amzn-20221231.htm,v14 (scripts/60_xbrl_metric_engine.py),average_invested_capital,True,REVIEW_REQUIRED,,,,,,,,,,True,(invested_capital + invested_capital_prior) / 2,"לא ניתן לחשב מדד נגזר כי לא כל הרכיבים עברו PASS: {'invested_capital': 'REVIEW_REQUIRED', 'invested_capital_prior': 'REVIEW_REQUIRED'}"
AMZN,AMAZON COM INC,1018724,10-K,2022-12-31,2022,2021-12-31,2023-02-03,0001018724-23-000004,amzn-20221231.htm,v14 (scripts/60_xbrl_metric_engine.py),roic,True,REVIEW_REQUIRED,,,,,,,,,,True,nopat / average_invested_capital,"לא ניתן לחשב מדד נגזר כי לא כל הרכיבים עברו PASS: {'nopat': 'REVIEW_REQUIRED', 'average_invested_capital': 'REVIEW_REQUIRED'}"
AMZN,AMAZON COM INC,1018724,10-K,2023-12-31,2023,2022-12-31,2024-02-02,0001018724-24-000008,amzn-20231231.htm,v14 (scripts/60_xbrl_metric_engine.py),capex,True,PASS,52729000000.0,iso4217:USD,c-1,2023-01-01,2023-12-31,us-gaap:PaymentsToAcquireProductiveAssets,Purchases of property and equipment,0000003 - Statement - Consolidated Statements of Cash Flows,plain,False,,
AMZN,AMAZON COM INC,1018724,10-K,2023-12-31,2023,2022-12-31,2024-02-02,0001018724-24-000008,amzn-20231231.htm,v14 (scripts/60_xbrl_metric_engine.py),cash_and_equivalents,True,PASS,73387000000.0,iso4217:USD,c-9,2023-12-31,2023-12-31,us-gaap:CashAndCashEquivalentsAtCarryingValue,Cash and cash equivalents,0000007 - Statement - Consolidated Balance Sheets,plain,False,,
AMZN,AMAZON COM INC,1018724,10-K,2023-12-31,2023,2022-12-31,2024-02-02,0001018724-24-000008,amzn-20231231.htm,v14 (scripts/60_xbrl_metric_engine.py),current_debt,True,REVIEW_REQUIRED,,,,,,,,,,False,,current_debt = 0 לא הוסק (תנאי 2 לא הוכח): השורה המוקדמת ביותר בלוח הפירעונות ('2024') אינה אפס (8500000000.0) — לא ניתן לאשר שאין סכום לפירעון תוך 12 חודשים.
AMZN,AMAZON COM INC,1018724,10-K,2023-12-31,2023,2022-12-31,2024-02-02,0001018724-24-000008,amzn-20231231.htm,v14 (scripts/60_xbrl_metric_engine.py),income_tax_expense,True,PASS,7120000000.0,iso4217:USD,c-1,2023-01-01,2023-12-31,us-gaap:IncomeTaxExpenseBenefit,Benefit (provision) for income taxes,0000004 - Statement - Consolidated Statements of Operations,plain,False,,
AMZN,AMAZON COM INC,1018724,10-K,2023-12-31,2023,2022-12-31,2024-02-02,0001018724-24-000008,amzn-20231231.htm,v14 (scripts/60_xbrl_metric_engine.py),long_term_debt,True,PASS,58314000000.0,iso4217:USD,c-9,2023-12-31,2023-12-31,us-gaap:LongTermDebtNoncurrent,Long-term debt,0000007 - Statement - Consolidated Balance Sheets,plain,False,,
AMZN,AMAZON COM INC,1018724,10-K,2023-12-31,2023,2022-12-31,2024-02-02,0001018724-24-000008,amzn-20231231.htm,v14 (scripts/60_xbrl_metric_engine.py),net_income,True,PASS,30425000000.0,iso4217:USD,c-1,2023-01-01,2023-12-31,us-gaap:NetIncomeLoss,Net income (loss),0000004 - Statement - Consolidated Statements of Operations,plain,False,,
AMZN,AMAZON COM INC,1018724,10-K,2023-12-31,2023,2022-12-31,2024-02-02,0001018724-24-000008,amzn-20231231.htm,v14 (scripts/60_xbrl_metric_engine.py),operating_cash_flow,True,PASS,84946000000.0,iso4217:USD,c-1,2023-01-01,2023-12-31,us-gaap:NetCashProvidedByUsedInOperatingActivities,Net cash provided by (used in) operating activities,0000003 - Statement - Consolidated Statements of Cash Flows,plain,False,,
AMZN,AMAZON COM INC,1018724,10-K,2023-12-31,2023,2022-12-31,2024-02-02,0001018724-24-000008,amzn-20231231.htm,v14 (scripts/60_xbrl_metric_engine.py),operating_income,True,PASS,36852000000.0,iso4217:USD,c-1,2023-01-01,2023-12-31,us-gaap:OperatingIncomeLoss,Operating income,0000004 - Statement - Consolidated Statements of Operations,plain,False,,
AMZN,AMAZON COM INC,1018724,10-K,2023-12-31,2023,2022-12-31,2024-02-02,0001018724-24-000008,amzn-20231231.htm,v14 (scripts/60_xbrl_metric_engine.py),pretax_income,True,PASS,37557000000.0,iso4217:USD,c-1,2023-01-01,2023-12-31,us-gaap:IncomeLossFromContinuingOperationsBeforeIncomeTaxesMinorityInterestAndIncomeLossFromEquityMethodInvestments,Income (loss) before income taxes,0000004 - Statement - Consolidated Statements of Operations,plain,False,,
AMZN,AMAZON COM INC,1018724,10-K,2023-12-31,2023,2022-12-31,2024-02-02,0001018724-24-000008,amzn-20231231.htm,v14 (scripts/60_xbrl_metric_engine.py),revenue,True,PASS,574785000000.0,iso4217:USD,c-1,2023-01-01,2023-12-31,us-gaap:RevenueFromContractWithCustomerExcludingAssessedTax,Total net sales,0000004 - Statement - Consolidated Statements of Operations,plain,False,,
AMZN,AMAZON COM INC,1018724,10-K,2023-12-31,2023,2022-12-31,2024-02-02,0001018724-24-000008,amzn-20231231.htm,v14 (scripts/60_xbrl_metric_engine.py),short_term_investments,True,PASS,13393000000.0,iso4217:USD,c-9,2023-12-31,2023-12-31,us-gaap:MarketableSecuritiesCurrent,Marketable securities,0000007 - Statement - Consolidated Balance Sheets,plain,False,,
AMZN,AMAZON COM INC,1018724,10-K,2023-12-31,2023,2022-12-31,2024-02-02,0001018724-24-000008,amzn-20231231.htm,v14 (scripts/60_xbrl_metric_engine.py),stockholders_equity,True,PASS,201875000000.0,iso4217:USD,c-9,2023-12-31,2023-12-31,us-gaap:StockholdersEquity,Total stockholders’ equity,0000007 - Statement - Consolidated Balance Sheets,plain,False,,
AMZN,AMAZON COM INC,1018724,10-K,2023-12-31,2023,2022-12-31,2024-02-02,0001018724-24-000008,amzn-20231231.htm,v14 (scripts/60_xbrl_metric_engine.py),total_debt_explicit,False,REVIEW_REQUIRED,,,,,,,,,,False,,לא נמצאה אף שורת 'total_debt_explicit' בתוך Statement role ראשי התואם לכללי ה-Role של המדד.
AMZN,AMAZON COM INC,1018724,10-K,2023-12-31,2023,2022-12-31,2024-02-02,0001018724-24-000008,amzn-20231231.htm,v14 (scripts/60_xbrl_metric_engine.py),cash_and_equivalents_prior,False,PASS,53888000000.0,iso4217:USD,c-6,2022-12-31,2022-12-31,us-gaap:CashAndCashEquivalentsAtCarryingValue,Cash and cash equivalents,0000007 - Statement - Consolidated Balance Sheets,plain,False,,
AMZN,AMAZON COM INC,1018724,10-K,2023-12-31,2023,2022-12-31,2024-02-02,0001018724-24-000008,amzn-20231231.htm,v14 (scripts/60_xbrl_metric_engine.py),current_debt_prior,False,REVIEW_REQUIRED,,,,,,,,,,False,,current_debt = 0 לא הוסק (תנאי 2 לא הוכח): לא ניתן לחלץ ערך מהימן ויחיד עבור השורה המוקדמת ביותר בלוח הפירעונות ('2024') — תנאי 2 לא הוכח.
AMZN,AMAZON COM INC,1018724,10-K,2023-12-31,2023,2022-12-31,2024-02-02,0001018724-24-000008,amzn-20231231.htm,v14 (scripts/60_xbrl_metric_engine.py),long_term_debt_prior,False,PASS,67150000000.0,iso4217:USD,c-6,2022-12-31,2022-12-31,us-gaap:LongTermDebtNoncurrent,Long-term debt,0000007 - Statement - Consolidated Balance Sheets,plain,False,,
AMZN,AMAZON COM INC,1018724,10-K,2023-12-31,2023,2022-12-31,2024-02-02,0001018724-24-000008,amzn-20231231.htm,v14 (scripts/60_xbrl_metric_engine.py),short_term_investments_prior,False,PASS,16138000000.0,iso4217:USD,c-6,2022-12-31,2022-12-31,us-gaap:MarketableSecuritiesCurrent,Marketable securities,0000007 - Statement - Consolidated Balance Sheets,plain,False,,
AMZN,AMAZON COM INC,1018724,10-K,2023-12-31,2023,2022-12-31,2024-02-02,0001018724-24-000008,amzn-20231231.htm,v14 (scripts/60_xbrl_metric_engine.py),stockholders_equity_prior,False,PASS,146043000000.0,iso4217:USD,c-6,2022-12-31,2022-12-31,us-gaap:StockholdersEquity,Total stockholders’ equity,0000007 - Statement - Consolidated Balance Sheets,plain,False,,
AMZN,AMAZON COM INC,1018724,10-K,2023-12-31,2023,2022-12-31,2024-02-02,0001018724-24-000008,amzn-20231231.htm,v14 (scripts/60_xbrl_metric_engine.py),total_debt_explicit_prior,False,REVIEW_REQUIRED,,,,,,,,,,False,,לא נמצאה אף שורת 'total_debt_explicit' בתוך Statement role ראשי התואם לכללי ה-Role של המדד.
AMZN,AMAZON COM INC,1018724,10-K,2023-12-31,2023,2022-12-31,2024-02-02,0001018724-24-000008,amzn-20231231.htm,v14 (scripts/60_xbrl_metric_engine.py),effective_tax_rate,True,PASS,0.18957850733551668,ratio,,2023-01-01,2023-12-31,,,,,True,income_tax_expense / pretax_income,
AMZN,AMAZON COM INC,1018724,10-K,2023-12-31,2023,2022-12-31,2024-02-02,0001018724-24-000008,amzn-20231231.htm,v14 (scripts/60_xbrl_metric_engine.py),total_debt,True,REVIEW_REQUIRED,,,,,,,,,,True,current_debt + long_term_debt (no unambiguous direct aggregate Total Debt row found — explicit-row status: REVIEW_REQUIRED),"לא ניתן לחשב מדד נגזר כי לא כל הרכיבים עברו PASS: {'current_debt': 'REVIEW_REQUIRED', 'long_term_debt': 'PASS'}"
AMZN,AMAZON COM INC,1018724,10-K,2023-12-31,2023,2022-12-31,2024-02-02,0001018724-24-000008,amzn-20231231.htm,v14 (scripts/60_xbrl_metric_engine.py),total_debt_prior,False,REVIEW_REQUIRED,,,,,,,,,,True,current_debt_prior + long_term_debt_prior (no unambiguous direct aggregate Total Debt row found — explicit-row status: REVIEW_REQUIRED),"לא ניתן לחשב מדד נגזר כי לא כל הרכיבים עברו PASS: {'current_debt_prior': 'REVIEW_REQUIRED', 'long_term_debt_prior': 'PASS'}"
AMZN,AMAZON COM INC,1018724,10-K,2023-12-31,2023,2022-12-31,2024-02-02,0001018724-24-000008,amzn-20231231.htm,v14 (scripts/60_xbrl_metric_engine.py),adjusted_net_debt,True,REVIEW_REQUIRED,,,,,,,,,,True,total_debt - cash_and_equivalents - short_term_investments,"לא ניתן לחשב מדד נגזר כי לא כל הרכיבים עברו PASS: {'total_debt': 'REVIEW_REQUIRED', 'cash_and_equivalents': 'PASS', 'short_term_investments': 'PASS'}"
AMZN,AMAZON COM INC,1018724,10-K,2023-12-31,2023,2022-12-31,2024-02-02,0001018724-24-000008,amzn-20231231.htm,v14 (scripts/60_xbrl_metric_engine.py),free_cash_flow,True,PASS,32217000000.0,iso4217:USD,,2023-01-01,2023-12-31,,,,,True,operating_cash_flow - capex,
AMZN,AMAZON COM INC,1018724,10-K,2023-12-31,2023,2022-12-31,2024-02-02,0001018724-24-000008,amzn-20231231.htm,v14 (scripts/60_xbrl_metric_engine.py),invested_capital,True,REVIEW_REQUIRED,,,,,,,,,,True,total_debt + stockholders_equity - cash_and_equivalents - short_term_investments,"לא ניתן לחשב מדד נגזר כי לא כל הרכיבים עברו PASS: {'total_debt': 'REVIEW_REQUIRED', 'stockholders_equity': 'PASS', 'cash_and_equivalents': 'PASS', 'short_term_investments': 'PASS'}"
AMZN,AMAZON COM INC,1018724,10-K,2023-12-31,2023,2022-12-31,2024-02-02,0001018724-24-000008,amzn-20231231.htm,v14 (scripts/60_xbrl_metric_engine.py),invested_capital_prior,False,REVIEW_REQUIRED,,,,,,,,,,True,total_debt_prior + stockholders_equity_prior - cash_and_equivalents_prior - short_term_investments_prior,"לא ניתן לחשב מדד נגזר כי לא כל הרכיבים עברו PASS: {'total_debt_prior': 'REVIEW_REQUIRED', 'stockholders_equity_prior': 'PASS', 'cash_and_equivalents_prior': 'PASS', 'short_term_investments_prior': 'PASS'}"
AMZN,AMAZON COM INC,1018724,10-K,2023-12-31,2023,2022-12-31,2024-02-02,0001018724-24-000008,amzn-20231231.htm,v14 (scripts/60_xbrl_metric_engine.py),nopat,True,PASS,29865652847.671535,iso4217:USD,,2023-01-01,2023-12-31,,,,,True,operating_income * (1 - effective_tax_rate),
AMZN,AMAZON COM INC,1018724,10-K,2023-12-31,2023,2022-12-31,2024-02-02,0001018724-24-000008,amzn-20231231.htm,v14 (scripts/60_xbrl_metric_engine.py),average_invested_capital,True,REVIEW_REQUIRED,,,,,,,,,,True,(invested_capital + invested_capital_prior) / 2,"לא ניתן לחשב מדד נגזר כי לא כל הרכיבים עברו PASS: {'invested_capital': 'REVIEW_REQUIRED', 'invested_capital_prior': 'REVIEW_REQUIRED'}"
AMZN,AMAZON COM INC,1018724,10-K,2023-12-31,2023,2022-12-31,2024-02-02,0001018724-24-000008,amzn-20231231.htm,v14 (scripts/60_xbrl_metric_engine.py),roic,True,REVIEW_REQUIRED,,,,,,,,,,True,nopat / average_invested_capital,"לא ניתן לחשב מדד נגזר כי לא כל הרכיבים עברו PASS: {'nopat': 'PASS', 'average_invested_capital': 'REVIEW_REQUIRED'}"
AMZN,AMAZON COM INC,1018724,10-K,2024-12-31,2024,2023-12-31,2025-02-07,0001018724-25-000004,amzn-20241231.htm,v14 (scripts/60_xbrl_metric_engine.py),capex,True,PASS,82999000000.0,iso4217:USD,c-1,2024-01-01,2024-12-31,us-gaap:PaymentsToAcquireProductiveAssets,Purchases of property and equipment,9952151 - Statement - Consolidated Statements of Cash Flows,plain,False,,
AMZN,AMAZON COM INC,1018724,10-K,2024-12-31,2024,2023-12-31,2025-02-07,0001018724-25-000004,amzn-20241231.htm,v14 (scripts/60_xbrl_metric_engine.py),cash_and_equivalents,True,PASS,78779000000.0,iso4217:USD,c-9,2024-12-31,2024-12-31,us-gaap:CashAndCashEquivalentsAtCarryingValue,Cash and cash equivalents,9952155 - Statement - Consolidated Balance Sheets,plain,False,,
AMZN,AMAZON COM INC,1018724,10-K,2024-12-31,2024,2023-12-31,2025-02-07,0001018724-25-000004,amzn-20241231.htm,v14 (scripts/60_xbrl_metric_engine.py),current_debt,True,REVIEW_REQUIRED,,,,,,,,,,False,,current_debt = 0 לא הוסק (תנאי 2 לא הוכח): השורה המוקדמת ביותר בלוח הפירעונות ('2025') אינה אפס (5000000000.0) — לא ניתן לאשר שאין סכום לפירעון תוך 12 חודשים.
AMZN,AMAZON COM INC,1018724,10-K,2024-12-31,2024,2023-12-31,2025-02-07,0001018724-25-000004,amzn-20241231.htm,v14 (scripts/60_xbrl_metric_engine.py),income_tax_expense,True,PASS,9265000000.0,iso4217:USD,c-1,2024-01-01,2024-12-31,us-gaap:IncomeTaxExpenseBenefit,Benefit (provision) for income taxes,9952152 - Statement - Consolidated Statements of Operations,plain,False,,
AMZN,AMAZON COM INC,1018724,10-K,2024-12-31,2024,2023-12-31,2025-02-07,0001018724-25-000004,amzn-20241231.htm,v14 (scripts/60_xbrl_metric_engine.py),long_term_debt,True,PASS,52623000000.0,iso4217:USD,c-9,2024-12-31,2024-12-31,us-gaap:LongTermDebtNoncurrent,Long-term debt,9952155 - Statement - Consolidated Balance Sheets,plain,False,,
AMZN,AMAZON COM INC,1018724,10-K,2024-12-31,2024,2023-12-31,2025-02-07,0001018724-25-000004,amzn-20241231.htm,v14 (scripts/60_xbrl_metric_engine.py),net_income,True,PASS,59248000000.0,iso4217:USD,c-1,2024-01-01,2024-12-31,us-gaap:NetIncomeLoss,Net income (loss),9952152 - Statement - Consolidated Statements of Operations,plain,False,,
AMZN,AMAZON COM INC,1018724,10-K,2024-12-31,2024,2023-12-31,2025-02-07,0001018724-25-000004,amzn-20241231.htm,v14 (scripts/60_xbrl_metric_engine.py),operating_cash_flow,True,PASS,115877000000.0,iso4217:USD,c-1,2024-01-01,2024-12-31,us-gaap:NetCashProvidedByUsedInOperatingActivities,Net cash provided by (used in) operating activities,9952151 - Statement - Consolidated Statements of Cash Flows,plain,False,,
AMZN,AMAZON COM INC,1018724,10-K,2024-12-31,2024,2023-12-31,2025-02-07,0001018724-25-000004,amzn-20241231.htm,v14 (scripts/60_xbrl_metric_engine.py),operating_income,True,PASS,68593000000.0,iso4217:USD,c-1,2024-01-01,2024-12-31,us-gaap:OperatingIncomeLoss,Operating income,9952152 - Statement - Consolidated Statements of Operations,plain,False,,
AMZN,AMAZON COM INC,1018724,10-K,2024-12-31,2024,2023-12-31,2025-02-07,0001018724-25-000004,amzn-20241231.htm,v14 (scripts/60_xbrl_metric_engine.py),pretax_income,True,PASS,68614000000.0,iso4217:USD,c-1,2024-01-01,2024-12-31,us-gaap:IncomeLossFromContinuingOperationsBeforeIncomeTaxesMinorityInterestAndIncomeLossFromEquityMethodInvestments,Income (loss) before income taxes,9952152 - Statement - Consolidated Statements of Operations,plain,False,,
AMZN,AMAZON COM INC,1018724,10-K,2024-12-31,2024,2023-12-31,2025-02-07,0001018724-25-000004,amzn-20241231.htm,v14 (scripts/60_xbrl_metric_engine.py),revenue,True,PASS,637959000000.0,iso4217:USD,c-1,2024-01-01,2024-12-31,us-gaap:RevenueFromContractWithCustomerExcludingAssessedTax,Total net sales,9952152 - Statement - Consolidated Statements of Operations,plain,False,,
AMZN,AMAZON COM INC,1018724,10-K,2024-12-31,2024,2023-12-31,2025-02-07,0001018724-25-000004,amzn-20241231.htm,v14 (scripts/60_xbrl_metric_engine.py),short_term_investments,True,PASS,22423000000.0,iso4217:USD,c-9,2024-12-31,2024-12-31,us-gaap:MarketableSecuritiesCurrent,Marketable securities,9952155 - Statement - Consolidated Balance Sheets,plain,False,,
AMZN,AMAZON COM INC,1018724,10-K,2024-12-31,2024,2023-12-31,2025-02-07,0001018724-25-000004,amzn-20241231.htm,v14 (scripts/60_xbrl_metric_engine.py),stockholders_equity,True,PASS,285970000000.0,iso4217:USD,c-9,2024-12-31,2024-12-31,us-gaap:StockholdersEquity,Total stockholders’ equity,9952155 - Statement - Consolidated Balance Sheets,plain,False,,
AMZN,AMAZON COM INC,1018724,10-K,2024-12-31,2024,2023-12-31,2025-02-07,0001018724-25-000004,amzn-20241231.htm,v14 (scripts/60_xbrl_metric_engine.py),total_debt_explicit,False,REVIEW_REQUIRED,,,,,,,,,,False,,לא נמצאה אף שורת 'total_debt_explicit' בתוך Statement role ראשי התואם לכללי ה-Role של המדד.
AMZN,AMAZON COM INC,1018724,10-K,2024-12-31,2024,2023-12-31,2025-02-07,0001018724-25-000004,amzn-20241231.htm,v14 (scripts/60_xbrl_metric_engine.py),cash_and_equivalents_prior,False,PASS,73387000000.0,iso4217:USD,c-6,2023-12-31,2023-12-31,us-gaap:CashAndCashEquivalentsAtCarryingValue,Cash and cash equivalents,9952155 - Statement - Consolidated Balance Sheets,plain,False,,
AMZN,AMAZON COM INC,1018724,10-K,2024-12-31,2024,2023-12-31,2025-02-07,0001018724-25-000004,amzn-20241231.htm,v14 (scripts/60_xbrl_metric_engine.py),current_debt_prior,False,REVIEW_REQUIRED,,,,,,,,,,False,,current_debt = 0 לא הוסק (תנאי 2 לא הוכח): לא ניתן לחלץ ערך מהימן ויחיד עבור השורה המוקדמת ביותר בלוח הפירעונות ('2025') — תנאי 2 לא הוכח.
AMZN,AMAZON COM INC,1018724,10-K,2024-12-31,2024,2023-12-31,2025-02-07,0001018724-25-000004,amzn-20241231.htm,v14 (scripts/60_xbrl_metric_engine.py),long_term_debt_prior,False,PASS,58314000000.0,iso4217:USD,c-6,2023-12-31,2023-12-31,us-gaap:LongTermDebtNoncurrent,Long-term debt,9952155 - Statement - Consolidated Balance Sheets,plain,False,,
AMZN,AMAZON COM INC,1018724,10-K,2024-12-31,2024,2023-12-31,2025-02-07,0001018724-25-000004,amzn-20241231.htm,v14 (scripts/60_xbrl_metric_engine.py),short_term_investments_prior,False,PASS,13393000000.0,iso4217:USD,c-6,2023-12-31,2023-12-31,us-gaap:MarketableSecuritiesCurrent,Marketable securities,9952155 - Statement - Consolidated Balance Sheets,plain,False,,
AMZN,AMAZON COM INC,1018724,10-K,2024-12-31,2024,2023-12-31,2025-02-07,0001018724-25-000004,amzn-20241231.htm,v14 (scripts/60_xbrl_metric_engine.py),stockholders_equity_prior,False,PASS,201875000000.0,iso4217:USD,c-6,2023-12-31,2023-12-31,us-gaap:StockholdersEquity,Total stockholders’ equity,9952155 - Statement - Consolidated Balance Sheets,plain,False,,
AMZN,AMAZON COM INC,1018724,10-K,2024-12-31,2024,2023-12-31,2025-02-07,0001018724-25-000004,amzn-20241231.htm,v14 (scripts/60_xbrl_metric_engine.py),total_debt_explicit_prior,False,REVIEW_REQUIRED,,,,,,,,,,False,,לא נמצאה אף שורת 'total_debt_explicit' בתוך Statement role ראשי התואם לכללי ה-Role של המדד.
AMZN,AMAZON COM INC,1018724,10-K,2024-12-31,2024,2023-12-31,2025-02-07,0001018724-25-000004,amzn-20241231.htm,v14 (scripts/60_xbrl_metric_engine.py),effective_tax_rate,True,PASS,0.13503075174162707,ratio,,2024-01-01,2024-12-31,,,,,True,income_tax_expense / pretax_income,
AMZN,AMAZON COM INC,1018724,10-K,2024-12-31,2024,2023-12-31,2025-02-07,0001018724-25-000004,amzn-20241231.htm,v14 (scripts/60_xbrl_metric_engine.py),total_debt,True,REVIEW_REQUIRED,,,,,,,,,,True,current_debt + long_term_debt (no unambiguous direct aggregate Total Debt row found — explicit-row status: REVIEW_REQUIRED),"לא ניתן לחשב מדד נגזר כי לא כל הרכיבים עברו PASS: {'current_debt': 'REVIEW_REQUIRED', 'long_term_debt': 'PASS'}"
AMZN,AMAZON COM INC,1018724,10-K,2024-12-31,2024,2023-12-31,2025-02-07,0001018724-25-000004,amzn-20241231.htm,v14 (scripts/60_xbrl_metric_engine.py),total_debt_prior,False,REVIEW_REQUIRED,,,,,,,,,,True,current_debt_prior + long_term_debt_prior (no unambiguous direct aggregate Total Debt row found — explicit-row status: REVIEW_REQUIRED),"לא ניתן לחשב מדד נגזר כי לא כל הרכיבים עברו PASS: {'current_debt_prior': 'REVIEW_REQUIRED', 'long_term_debt_prior': 'PASS'}"
AMZN,AMAZON COM INC,1018724,10-K,2024-12-31,2024,2023-12-31,2025-02-07,0001018724-25-000004,amzn-20241231.htm,v14 (scripts/60_xbrl_metric_engine.py),adjusted_net_debt,True,REVIEW_REQUIRED,,,,,,,,,,True,total_debt - cash_and_equivalents - short_term_investments,"לא ניתן לחשב מדד נגזר כי לא כל הרכיבים עברו PASS: {'total_debt': 'REVIEW_REQUIRED', 'cash_and_equivalents': 'PASS', 'short_term_investments': 'PASS'}"
AMZN,AMAZON COM INC,1018724,10-K,2024-12-31,2024,2023-12-31,2025-02-07,0001018724-25-000004,amzn-20241231.htm,v14 (scripts/60_xbrl_metric_engine.py),free_cash_flow,True,PASS,32878000000.0,iso4217:USD,,2024-01-01,2024-12-31,,,,,True,operating_cash_flow - capex,
AMZN,AMAZON COM INC,1018724,10-K,2024-12-31,2024,2023-12-31,2025-02-07,0001018724-25-000004,amzn-20241231.htm,v14 (scripts/60_xbrl_metric_engine.py),invested_capital,True,REVIEW_REQUIRED,,,,,,,,,,True,total_debt + stockholders_equity - cash_and_equivalents - short_term_investments,"לא ניתן לחשב מדד נגזר כי לא כל הרכיבים עברו PASS: {'total_debt': 'REVIEW_REQUIRED', 'stockholders_equity': 'PASS', 'cash_and_equivalents': 'PASS', 'short_term_investments': 'PASS'}"
AMZN,AMAZON COM INC,1018724,10-K,2024-12-31,2024,2023-12-31,2025-02-07,0001018724-25-000004,amzn-20241231.htm,v14 (scripts/60_xbrl_metric_engine.py),invested_capital_prior,False,REVIEW_REQUIRED,,,,,,,,,,True,total_debt_prior + stockholders_equity_prior - cash_and_equivalents_prior - short_term_investments_prior,"לא ניתן לחשב מדד נגזר כי לא כל הרכיבים עברו PASS: {'total_debt_prior': 'REVIEW_REQUIRED', 'stockholders_equity_prior': 'PASS', 'cash_and_equivalents_prior': 'PASS', 'short_term_investments_prior': 'PASS'}"
AMZN,AMAZON COM INC,1018724,10-K,2024-12-31,2024,2023-12-31,2025-02-07,0001018724-25-000004,amzn-20241231.htm,v14 (scripts/60_xbrl_metric_engine.py),nopat,True,PASS,59330835645.786575,iso4217:USD,,2024-01-01,2024-12-31,,,,,True,operating_income * (1 - effective_tax_rate),
AMZN,AMAZON COM INC,1018724,10-K,2024-12-31,2024,2023-12-31,2025-02-07,0001018724-25-000004,amzn-20241231.htm,v14 (scripts/60_xbrl_metric_engine.py),average_invested_capital,True,REVIEW_REQUIRED,,,,,,,,,,True,(invested_capital + invested_capital_prior) / 2,"לא ניתן לחשב מדד נגזר כי לא כל הרכיבים עברו PASS: {'invested_capital': 'REVIEW_REQUIRED', 'invested_capital_prior': 'REVIEW_REQUIRED'}"
AMZN,AMAZON COM INC,1018724,10-K,2024-12-31,2024,2023-12-31,2025-02-07,0001018724-25-000004,amzn-20241231.htm,v14 (scripts/60_xbrl_metric_engine.py),roic,True,REVIEW_REQUIRED,,,,,,,,,,True,nopat / average_invested_capital,"לא ניתן לחשב מדד נגזר כי לא כל הרכיבים עברו PASS: {'nopat': 'PASS', 'average_invested_capital': 'REVIEW_REQUIRED'}"
AMZN,AMAZON COM INC,1018724,10-K,2025-12-31,2025,2024-12-31,2026-02-06,0001018724-26-000004,amzn-20251231.htm,v14 (scripts/60_xbrl_metric_engine.py),capex,True,PASS,131819000000.0,iso4217:USD,c-1,2025-01-01,2025-12-31,us-gaap:PaymentsToAcquireProductiveAssets,Purchases of property and equipment,9952151 - Statement - Consolidated Statements of Cash Flows,plain,False,,
AMZN,AMAZON COM INC,1018724,10-K,2025-12-31,2025,2024-12-31,2026-02-06,0001018724-26-000004,amzn-20251231.htm,v14 (scripts/60_xbrl_metric_engine.py),cash_and_equivalents,True,PASS,86810000000.0,iso4217:USD,c-9,2025-12-31,2025-12-31,us-gaap:CashAndCashEquivalentsAtCarryingValue,Cash and cash equivalents,9952155 - Statement - Consolidated Balance Sheets,plain,False,,
AMZN,AMAZON COM INC,1018724,10-K,2025-12-31,2025,2024-12-31,2026-02-06,0001018724-26-000004,amzn-20251231.htm,v14 (scripts/60_xbrl_metric_engine.py),current_debt,True,REVIEW_REQUIRED,,,,,,,,,,False,,current_debt = 0 לא הוסק (תנאי 2 לא הוכח): השורה המוקדמת ביותר בלוח הפירעונות ('2026') אינה אפס (2752000000.0) — לא ניתן לאשר שאין סכום לפירעון תוך 12 חודשים.
AMZN,AMAZON COM INC,1018724,10-K,2025-12-31,2025,2024-12-31,2026-02-06,0001018724-26-000004,amzn-20251231.htm,v14 (scripts/60_xbrl_metric_engine.py),income_tax_expense,True,PASS,19087000000.0,iso4217:USD,c-1,2025-01-01,2025-12-31,us-gaap:IncomeTaxExpenseBenefit,Provision for income taxes,9952152 - Statement - Consolidated Statements of Operations,plain,False,,
AMZN,AMAZON COM INC,1018724,10-K,2025-12-31,2025,2024-12-31,2026-02-06,0001018724-26-000004,amzn-20251231.htm,v14 (scripts/60_xbrl_metric_engine.py),long_term_debt,True,PASS,65648000000.0,iso4217:USD,c-9,2025-12-31,2025-12-31,us-gaap:LongTermDebtNoncurrent,Long-term debt,9952155 - Statement - Consolidated Balance Sheets,plain,False,,
AMZN,AMAZON COM INC,1018724,10-K,2025-12-31,2025,2024-12-31,2026-02-06,0001018724-26-000004,amzn-20251231.htm,v14 (scripts/60_xbrl_metric_engine.py),net_income,True,PASS,77670000000.0,iso4217:USD,c-1,2025-01-01,2025-12-31,us-gaap:NetIncomeLoss,Net income,9952152 - Statement - Consolidated Statements of Operations,plain,False,,
AMZN,AMAZON COM INC,1018724,10-K,2025-12-31,2025,2024-12-31,2026-02-06,0001018724-26-000004,amzn-20251231.htm,v14 (scripts/60_xbrl_metric_engine.py),operating_cash_flow,True,PASS,139514000000.0,iso4217:USD,c-1,2025-01-01,2025-12-31,us-gaap:NetCashProvidedByUsedInOperatingActivities,Net cash provided by (used in) operating activities,9952151 - Statement - Consolidated Statements of Cash Flows,plain,False,,
AMZN,AMAZON COM INC,1018724,10-K,2025-12-31,2025,2024-12-31,2026-02-06,0001018724-26-000004,amzn-20251231.htm,v14 (scripts/60_xbrl_metric_engine.py),operating_income,True,PASS,79975000000.0,iso4217:USD,c-1,2025-01-01,2025-12-31,us-gaap:OperatingIncomeLoss,Operating income,9952152 - Statement - Consolidated Statements of Operations,plain,False,,
AMZN,AMAZON COM INC,1018724,10-K,2025-12-31,2025,2024-12-31,2026-02-06,0001018724-26-000004,amzn-20251231.htm,v14 (scripts/60_xbrl_metric_engine.py),pretax_income,True,PASS,97311000000.0,iso4217:USD,c-1,2025-01-01,2025-12-31,us-gaap:IncomeLossFromContinuingOperationsBeforeIncomeTaxesMinorityInterestAndIncomeLossFromEquityMethodInvestments,Income before income taxes,9952152 - Statement - Consolidated Statements of Operations,plain,False,,
AMZN,AMAZON COM INC,1018724,10-K,2025-12-31,2025,2024-12-31,2026-02-06,0001018724-26-000004,amzn-20251231.htm,v14 (scripts/60_xbrl_metric_engine.py),revenue,True,PASS,716924000000.0,iso4217:USD,c-1,2025-01-01,2025-12-31,us-gaap:RevenueFromContractWithCustomerExcludingAssessedTax,Total net sales,9952152 - Statement - Consolidated Statements of Operations,plain,False,,
AMZN,AMAZON COM INC,1018724,10-K,2025-12-31,2025,2024-12-31,2026-02-06,0001018724-26-000004,amzn-20251231.htm,v14 (scripts/60_xbrl_metric_engine.py),short_term_investments,True,PASS,36219000000.0,iso4217:USD,c-9,2025-12-31,2025-12-31,us-gaap:MarketableSecuritiesCurrent,Marketable securities,9952155 - Statement - Consolidated Balance Sheets,plain,False,,
AMZN,AMAZON COM INC,1018724,10-K,2025-12-31,2025,2024-12-31,2026-02-06,0001018724-26-000004,amzn-20251231.htm,v14 (scripts/60_xbrl_metric_engine.py),stockholders_equity,True,PASS,411065000000.0,iso4217:USD,c-9,2025-12-31,2025-12-31,us-gaap:StockholdersEquity,Total stockholders’ equity,9952155 - Statement - Consolidated Balance Sheets,plain,False,,
AMZN,AMAZON COM INC,1018724,10-K,2025-12-31,2025,2024-12-31,2026-02-06,0001018724-26-000004,amzn-20251231.htm,v14 (scripts/60_xbrl_metric_engine.py),total_debt_explicit,False,REVIEW_REQUIRED,,,,,,,,,,False,,לא נמצאה אף שורת 'total_debt_explicit' בתוך Statement role ראשי התואם לכללי ה-Role של המדד.
AMZN,AMAZON COM INC,1018724,10-K,2025-12-31,2025,2024-12-31,2026-02-06,0001018724-26-000004,amzn-20251231.htm,v14 (scripts/60_xbrl_metric_engine.py),cash_and_equivalents_prior,False,PASS,78779000000.0,iso4217:USD,c-7,2024-12-31,2024-12-31,us-gaap:CashAndCashEquivalentsAtCarryingValue,Cash and cash equivalents,9952155 - Statement - Consolidated Balance Sheets,plain,False,,
AMZN,AMAZON COM INC,1018724,10-K,2025-12-31,2025,2024-12-31,2026-02-06,0001018724-26-000004,amzn-20251231.htm,v14 (scripts/60_xbrl_metric_engine.py),current_debt_prior,False,REVIEW_REQUIRED,,,,,,,,,,False,,current_debt = 0 לא הוסק (תנאי 2 לא הוכח): לא ניתן לחלץ ערך מהימן ויחיד עבור השורה המוקדמת ביותר בלוח הפירעונות ('2026') — תנאי 2 לא הוכח.
AMZN,AMAZON COM INC,1018724,10-K,2025-12-31,2025,2024-12-31,2026-02-06,0001018724-26-000004,amzn-20251231.htm,v14 (scripts/60_xbrl_metric_engine.py),long_term_debt_prior,False,PASS,52623000000.0,iso4217:USD,c-7,2024-12-31,2024-12-31,us-gaap:LongTermDebtNoncurrent,Long-term debt,9952155 - Statement - Consolidated Balance Sheets,plain,False,,
AMZN,AMAZON COM INC,1018724,10-K,2025-12-31,2025,2024-12-31,2026-02-06,0001018724-26-000004,amzn-20251231.htm,v14 (scripts/60_xbrl_metric_engine.py),short_term_investments_prior,False,PASS,22423000000.0,iso4217:USD,c-7,2024-12-31,2024-12-31,us-gaap:MarketableSecuritiesCurrent,Marketable securities,9952155 - Statement - Consolidated Balance Sheets,plain,False,,
AMZN,AMAZON COM INC,1018724,10-K,2025-12-31,2025,2024-12-31,2026-02-06,0001018724-26-000004,amzn-20251231.htm,v14 (scripts/60_xbrl_metric_engine.py),stockholders_equity_prior,False,PASS,285970000000.0,iso4217:USD,c-7,2024-12-31,2024-12-31,us-gaap:StockholdersEquity,Total stockholders’ equity,9952155 - Statement - Consolidated Balance Sheets,plain,False,,
AMZN,AMAZON COM INC,1018724,10-K,2025-12-31,2025,2024-12-31,2026-02-06,0001018724-26-000004,amzn-20251231.htm,v14 (scripts/60_xbrl_metric_engine.py),total_debt_explicit_prior,False,REVIEW_REQUIRED,,,,,,,,,,False,,לא נמצאה אף שורת 'total_debt_explicit' בתוך Statement role ראשי התואם לכללי ה-Role של המדד.
AMZN,AMAZON COM INC,1018724,10-K,2025-12-31,2025,2024-12-31,2026-02-06,0001018724-26-000004,amzn-20251231.htm,v14 (scripts/60_xbrl_metric_engine.py),effective_tax_rate,True,PASS,0.19614432078593375,ratio,,2025-01-01,2025-12-31,,,,,True,income_tax_expense / pretax_income,
AMZN,AMAZON COM INC,1018724,10-K,2025-12-31,2025,2024-12-31,2026-02-06,0001018724-26-000004,amzn-20251231.htm,v14 (scripts/60_xbrl_metric_engine.py),total_debt,True,REVIEW_REQUIRED,,,,,,,,,,True,current_debt + long_term_debt (no unambiguous direct aggregate Total Debt row found — explicit-row status: REVIEW_REQUIRED),"לא ניתן לחשב מדד נגזר כי לא כל הרכיבים עברו PASS: {'current_debt': 'REVIEW_REQUIRED', 'long_term_debt': 'PASS'}"
AMZN,AMAZON COM INC,1018724,10-K,2025-12-31,2025,2024-12-31,2026-02-06,0001018724-26-000004,amzn-20251231.htm,v14 (scripts/60_xbrl_metric_engine.py),total_debt_prior,False,REVIEW_REQUIRED,,,,,,,,,,True,current_debt_prior + long_term_debt_prior (no unambiguous direct aggregate Total Debt row found — explicit-row status: REVIEW_REQUIRED),"לא ניתן לחשב מדד נגזר כי לא כל הרכיבים עברו PASS: {'current_debt_prior': 'REVIEW_REQUIRED', 'long_term_debt_prior': 'PASS'}"
AMZN,AMAZON COM INC,1018724,10-K,2025-12-31,2025,2024-12-31,2026-02-06,0001018724-26-000004,amzn-20251231.htm,v14 (scripts/60_xbrl_metric_engine.py),adjusted_net_debt,True,REVIEW_REQUIRED,,,,,,,,,,True,total_debt - cash_and_equivalents - short_term_investments,"לא ניתן לחשב מדד נגזר כי לא כל הרכיבים עברו PASS: {'total_debt': 'REVIEW_REQUIRED', 'cash_and_equivalents': 'PASS', 'short_term_investments': 'PASS'}"
AMZN,AMAZON COM INC,1018724,10-K,2025-12-31,2025,2024-12-31,2026-02-06,0001018724-26-000004,amzn-20251231.htm,v14 (scripts/60_xbrl_metric_engine.py),free_cash_flow,True,PASS,7695000000.0,iso4217:USD,,2025-01-01,2025-12-31,,,,,True,operating_cash_flow - capex,
AMZN,AMAZON COM INC,1018724,10-K,2025-12-31,2025,2024-12-31,2026-02-06,0001018724-26-000004,amzn-20251231.htm,v14 (scripts/60_xbrl_metric_engine.py),invested_capital,True,REVIEW_REQUIRED,,,,,,,,,,True,total_debt + stockholders_equity - cash_and_equivalents - short_term_investments,"לא ניתן לחשב מדד נגזר כי לא כל הרכיבים עברו PASS: {'total_debt': 'REVIEW_REQUIRED', 'stockholders_equity': 'PASS', 'cash_and_equivalents': 'PASS', 'short_term_investments': 'PASS'}"
AMZN,AMAZON COM INC,1018724,10-K,2025-12-31,2025,2024-12-31,2026-02-06,0001018724-26-000004,amzn-20251231.htm,v14 (scripts/60_xbrl_metric_engine.py),invested_capital_prior,False,REVIEW_REQUIRED,,,,,,,,,,True,total_debt_prior + stockholders_equity_prior - cash_and_equivalents_prior - short_term_investments_prior,"לא ניתן לחשב מדד נגזר כי לא כל הרכיבים עברו PASS: {'total_debt_prior': 'REVIEW_REQUIRED', 'stockholders_equity_prior': 'PASS', 'cash_and_equivalents_prior': 'PASS', 'short_term_investments_prior': 'PASS'}"
AMZN,AMAZON COM INC,1018724,10-K,2025-12-31,2025,2024-12-31,2026-02-06,0001018724-26-000004,amzn-20251231.htm,v14 (scripts/60_xbrl_metric_engine.py),nopat,True,PASS,64288357945.14495,iso4217:USD,,2025-01-01,2025-12-31,,,,,True,operating_income * (1 - effective_tax_rate),
AMZN,AMAZON COM INC,1018724,10-K,2025-12-31,2025,2024-12-31,2026-02-06,0001018724-26-000004,amzn-20251231.htm,v14 (scripts/60_xbrl_metric_engine.py),average_invested_capital,True,REVIEW_REQUIRED,,,,,,,,,,True,(invested_capital + invested_capital_prior) / 2,"לא ניתן לחשב מדד נגזר כי לא כל הרכיבים עברו PASS: {'invested_capital': 'REVIEW_REQUIRED', 'invested_capital_prior': 'REVIEW_REQUIRED'}"
AMZN,AMAZON COM INC,1018724,10-K,2025-12-31,2025,2024-12-31,2026-02-06,0001018724-26-000004,amzn-20251231.htm,v14 (scripts/60_xbrl_metric_engine.py),roic,True,REVIEW_REQUIRED,,,,,,,,,,True,nopat / average_invested_capital,"לא ניתן לחשב מדד נגזר כי לא כל הרכיבים עברו PASS: {'nopat': 'PASS', 'average_invested_capital': 'REVIEW_REQUIRED'}"
MU,MICRON TECHNOLOGY INC,723125,10-K,2021-09-02,2021,2020-09-02,2021-10-08,0000723125-21-000065,mu-20210902.htm,v14 (scripts/60_xbrl_metric_engine.py),capex,True,PASS,10030000000.0,iso4217:USD,ia65dcf70ebd947dca856d07f56cad915_D20200904-20210902,2020-09-04,2021-09-02,us-gaap:PaymentsToAcquirePropertyPlantAndEquipment,"Expenditures for property, plant, and equipment",100060007 - Statement - CONSOLIDATED STATEMENTS OF CASH FLOWS,plain,False,,
MU,MICRON TECHNOLOGY INC,723125,10-K,2021-09-02,2021,2020-09-02,2021-10-08,0000723125-21-000065,mu-20210902.htm,v14 (scripts/60_xbrl_metric_engine.py),cash_and_equivalents,True,REVIEW_REQUIRED,,,,,,,,,,False,,לא נמצאה אף שורת 'cash_and_equivalents' בתוך Statement role ראשי התואם לכללי ה-Role של המדד.
MU,MICRON TECHNOLOGY INC,723125,10-K,2021-09-02,2021,2020-09-02,2021-10-08,0000723125-21-000065,mu-20210902.htm,v14 (scripts/60_xbrl_metric_engine.py),current_debt,True,PASS,155000000.0,iso4217:USD,i4c1ac286612f480890294c76b5da7293_I20210902,2021-09-02,2021-09-02,us-gaap:DebtCurrent,Current debt,100030004 - Statement - CONSOLIDATED BALANCE SHEETS,sum_of_sibling_components,False,,
MU,MICRON TECHNOLOGY INC,723125,10-K,2021-09-02,2021,2020-09-02,2021-10-08,0000723125-21-000065,mu-20210902.htm,v14 (scripts/60_xbrl_metric_engine.py),income_tax_expense,True,PASS,394000000.0,iso4217:USD,ia65dcf70ebd947dca856d07f56cad915_D20200904-20210902,2020-09-04,2021-09-02,us-gaap:IncomeTaxExpenseBenefit,Income tax (provision) benefit,100010002 - Statement - CONSOLIDATED STATEMENTS OF OPERATIONS,plain,False,,
MU,MICRON TECHNOLOGY INC,723125,10-K,2021-09-02,2021,2020-09-02,2021-10-08,0000723125-21-000065,mu-20210902.htm,v14 (scripts/60_xbrl_metric_engine.py),long_term_debt,True,PASS,6621000000.0,iso4217:USD,i4c1ac286612f480890294c76b5da7293_I20210902,2021-09-02,2021-09-02,us-gaap:LongTermDebtAndCapitalLeaseObligations,Long-term debt,100030004 - Statement - CONSOLIDATED BALANCE SHEETS,plain,False,,
MU,MICRON TECHNOLOGY INC,723125,10-K,2021-09-02,2021,2020-09-02,2021-10-08,0000723125-21-000065,mu-20210902.htm,v14 (scripts/60_xbrl_metric_engine.py),net_income,True,PASS,5861000000.0,iso4217:USD,ia65dcf70ebd947dca856d07f56cad915_D20200904-20210902,2020-09-04,2021-09-02,us-gaap:ProfitLoss,Net income,100010002 - Statement - CONSOLIDATED STATEMENTS OF OPERATIONS,plain,False,,
MU,MICRON TECHNOLOGY INC,723125,10-K,2021-09-02,2021,2020-09-02,2021-10-08,0000723125-21-000065,mu-20210902.htm,v14 (scripts/60_xbrl_metric_engine.py),operating_cash_flow,True,PASS,12468000000.0,iso4217:USD,ia65dcf70ebd947dca856d07f56cad915_D20200904-20210902,2020-09-04,2021-09-02,us-gaap:NetCashProvidedByUsedInOperatingActivities,Net cash provided by operating activities,100060007 - Statement - CONSOLIDATED STATEMENTS OF CASH FLOWS,plain,False,,
MU,MICRON TECHNOLOGY INC,723125,10-K,2021-09-02,2021,2020-09-02,2021-10-08,0000723125-21-000065,mu-20210902.htm,v14 (scripts/60_xbrl_metric_engine.py),operating_income,True,PASS,6283000000.0,iso4217:USD,ia65dcf70ebd947dca856d07f56cad915_D20200904-20210902,2020-09-04,2021-09-02,us-gaap:OperatingIncomeLoss,Operating income,100010002 - Statement - CONSOLIDATED STATEMENTS OF OPERATIONS,plain,False,,
MU,MICRON TECHNOLOGY INC,723125,10-K,2021-09-02,2021,2020-09-02,2021-10-08,0000723125-21-000065,mu-20210902.htm,v14 (scripts/60_xbrl_metric_engine.py),pretax_income,True,REVIEW_REQUIRED,,,,,,,,,,False,,"לא ניתן לזהות שורת 'pretax_income' יחידה וחד-משמעית.
מספר שורות מועמדות כוללות: 1, מתוכן 'attributable': 0, 'plain': 0"
MU,MICRON TECHNOLOGY INC,723125,10-K,2021-09-02,2021,2020-09-02,2021-10-08,0000723125-21-000065,mu-20210902.htm,v14 (scripts/60_xbrl_metric_engine.py),revenue,True,PASS,27705000000.0,iso4217:USD,ia65dcf70ebd947dca856d07f56cad915_D20200904-20210902,2020-09-04,2021-09-02,us-gaap:RevenueFromContractWithCustomerExcludingAssessedTax,Revenue,100010002 - Statement - CONSOLIDATED STATEMENTS OF OPERATIONS,plain,False,,
MU,MICRON TECHNOLOGY INC,723125,10-K,2021-09-02,2021,2020-09-02,2021-10-08,0000723125-21-000065,mu-20210902.htm,v14 (scripts/60_xbrl_metric_engine.py),short_term_investments,True,PASS,870000000.0,iso4217:USD,i4c1ac286612f480890294c76b5da7293_I20210902,2021-09-02,2021-09-02,us-gaap:AvailableForSaleSecuritiesDebtSecuritiesCurrent,Short-term investments,100030004 - Statement - CONSOLIDATED BALANCE SHEETS,plain,False,,
MU,MICRON TECHNOLOGY INC,723125,10-K,2021-09-02,2021,2020-09-02,2021-10-08,0000723125-21-000065,mu-20210902.htm,v14 (scripts/60_xbrl_metric_engine.py),stockholders_equity,True,PASS,43933000000.0,iso4217:USD,i4c1ac286612f480890294c76b5da7293_I20210902,2021-09-02,2021-09-02,us-gaap:StockholdersEquity,Total equity,100030004 - Statement - CONSOLIDATED BALANCE SHEETS,plain,False,,
MU,MICRON TECHNOLOGY INC,723125,10-K,2021-09-02,2021,2020-09-02,2021-10-08,0000723125-21-000065,mu-20210902.htm,v14 (scripts/60_xbrl_metric_engine.py),total_debt_explicit,False,REVIEW_REQUIRED,,,,,,,,,,False,,לא נמצאה אף שורת 'total_debt_explicit' בתוך Statement role ראשי התואם לכללי ה-Role של המדד.
MU,MICRON TECHNOLOGY INC,723125,10-K,2021-09-02,2021,2020-09-02,2021-10-08,0000723125-21-000065,mu-20210902.htm,v14 (scripts/60_xbrl_metric_engine.py),cash_and_equivalents_prior,False,REVIEW_REQUIRED,,,,,,,,,,False,,לא נמצאה אף שורת 'cash_and_equivalents' בתוך Statement role ראשי התואם לכללי ה-Role של המדד.
MU,MICRON TECHNOLOGY INC,723125,10-K,2021-09-02,2021,2020-09-02,2021-10-08,0000723125-21-000065,mu-20210902.htm,v14 (scripts/60_xbrl_metric_engine.py),current_debt_prior,False,PASS,270000000.0,iso4217:USD,ia863095c92034298a896d29ef45fa18c_I20200903,2020-09-03,2020-09-03,us-gaap:DebtCurrent,Current debt,100030004 - Statement - CONSOLIDATED BALANCE SHEETS,sum_of_sibling_components,False,,
MU,MICRON TECHNOLOGY INC,723125,10-K,2021-09-02,2021,2020-09-02,2021-10-08,0000723125-21-000065,mu-20210902.htm,v14 (scripts/60_xbrl_metric_engine.py),long_term_debt_prior,False,PASS,6373000000.0,iso4217:USD,ia863095c92034298a896d29ef45fa18c_I20200903,2020-09-03,2020-09-03,us-gaap:LongTermDebtAndCapitalLeaseObligations,Long-term debt,100030004 - Statement - CONSOLIDATED BALANCE SHEETS,plain,False,,
MU,MICRON TECHNOLOGY INC,723125,10-K,2021-09-02,2021,2020-09-02,2021-10-08,0000723125-21-000065,mu-20210902.htm,v14 (scripts/60_xbrl_metric_engine.py),short_term_investments_prior,False,PASS,518000000.0,iso4217:USD,ia863095c92034298a896d29ef45fa18c_I20200903,2020-09-03,2020-09-03,us-gaap:AvailableForSaleSecuritiesDebtSecuritiesCurrent,Short-term investments,100030004 - Statement - CONSOLIDATED BALANCE SHEETS,plain,False,,
MU,MICRON TECHNOLOGY INC,723125,10-K,2021-09-02,2021,2020-09-02,2021-10-08,0000723125-21-000065,mu-20210902.htm,v14 (scripts/60_xbrl_metric_engine.py),stockholders_equity_prior,False,PASS,38996000000.0,iso4217:USD,ia863095c92034298a896d29ef45fa18c_I20200903,2020-09-03,2020-09-03,us-gaap:StockholdersEquity,Total equity,100030004 - Statement - CONSOLIDATED BALANCE SHEETS,plain,False,,
MU,MICRON TECHNOLOGY INC,723125,10-K,2021-09-02,2021,2020-09-02,2021-10-08,0000723125-21-000065,mu-20210902.htm,v14 (scripts/60_xbrl_metric_engine.py),total_debt_explicit_prior,False,REVIEW_REQUIRED,,,,,,,,,,False,,לא נמצאה אף שורת 'total_debt_explicit' בתוך Statement role ראשי התואם לכללי ה-Role של המדד.
MU,MICRON TECHNOLOGY INC,723125,10-K,2021-09-02,2021,2020-09-02,2021-10-08,0000723125-21-000065,mu-20210902.htm,v14 (scripts/60_xbrl_metric_engine.py),effective_tax_rate,True,REVIEW_REQUIRED,,,,,,,,,,True,income_tax_expense / pretax_income,"לא ניתן לחשב Effective Tax Rate כי לא כל הרכיבים עברו PASS: {'pretax_income': 'REVIEW_REQUIRED', 'income_tax_expense': 'PASS'}"
MU,MICRON TECHNOLOGY INC,723125,10-K,2021-09-02,2021,2020-09-02,2021-10-08,0000723125-21-000065,mu-20210902.htm,v14 (scripts/60_xbrl_metric_engine.py),total_debt,True,PASS,6776000000.0,iso4217:USD,,2021-09-02,2021-09-02,,,,,True,current_debt + long_term_debt (no unambiguous direct aggregate Total Debt row found — explicit-row status: REVIEW_REQUIRED),
MU,MICRON TECHNOLOGY INC,723125,10-K,2021-09-02,2021,2020-09-02,2021-10-08,0000723125-21-000065,mu-20210902.htm,v14 (scripts/60_xbrl_metric_engine.py),total_debt_prior,False,PASS,6643000000.0,iso4217:USD,,2020-09-03,2020-09-03,,,,,True,current_debt_prior + long_term_debt_prior (no unambiguous direct aggregate Total Debt row found — explicit-row status: REVIEW_REQUIRED),
MU,MICRON TECHNOLOGY INC,723125,10-K,2021-09-02,2021,2020-09-02,2021-10-08,0000723125-21-000065,mu-20210902.htm,v14 (scripts/60_xbrl_metric_engine.py),adjusted_net_debt,True,REVIEW_REQUIRED,,,,,,,,,,True,total_debt - cash_and_equivalents - short_term_investments,"לא ניתן לחשב מדד נגזר כי לא כל הרכיבים עברו PASS: {'total_debt': 'PASS', 'cash_and_equivalents': 'REVIEW_REQUIRED', 'short_term_investments': 'PASS'}"
MU,MICRON TECHNOLOGY INC,723125,10-K,2021-09-02,2021,2020-09-02,2021-10-08,0000723125-21-000065,mu-20210902.htm,v14 (scripts/60_xbrl_metric_engine.py),free_cash_flow,True,PASS,2438000000.0,iso4217:USD,,2020-09-04,2021-09-02,,,,,True,operating_cash_flow - capex,
MU,MICRON TECHNOLOGY INC,723125,10-K,2021-09-02,2021,2020-09-02,2021-10-08,0000723125-21-000065,mu-20210902.htm,v14 (scripts/60_xbrl_metric_engine.py),invested_capital,True,REVIEW_REQUIRED,,,,,,,,,,True,total_debt + stockholders_equity - cash_and_equivalents - short_term_investments,"לא ניתן לחשב מדד נגזר כי לא כל הרכיבים עברו PASS: {'total_debt': 'PASS', 'stockholders_equity': 'PASS', 'cash_and_equivalents': 'REVIEW_REQUIRED', 'short_term_investments': 'PASS'}"
MU,MICRON TECHNOLOGY INC,723125,10-K,2021-09-02,2021,2020-09-02,2021-10-08,0000723125-21-000065,mu-20210902.htm,v14 (scripts/60_xbrl_metric_engine.py),invested_capital_prior,False,REVIEW_REQUIRED,,,,,,,,,,True,total_debt_prior + stockholders_equity_prior - cash_and_equivalents_prior - short_term_investments_prior,"לא ניתן לחשב מדד נגזר כי לא כל הרכיבים עברו PASS: {'total_debt_prior': 'PASS', 'stockholders_equity_prior': 'PASS', 'cash_and_equivalents_prior': 'REVIEW_REQUIRED', 'short_term_investments_prior': 'PASS'}"
MU,MICRON TECHNOLOGY INC,723125,10-K,2021-09-02,2021,2020-09-02,2021-10-08,0000723125-21-000065,mu-20210902.htm,v14 (scripts/60_xbrl_metric_engine.py),nopat,True,REVIEW_REQUIRED,,,,,,,,,,True,operating_income * (1 - effective_tax_rate),"לא ניתן לחשב מדד נגזר כי לא כל הרכיבים עברו PASS: {'operating_income': 'PASS', 'effective_tax_rate': 'REVIEW_REQUIRED'}"
MU,MICRON TECHNOLOGY INC,723125,10-K,2021-09-02,2021,2020-09-02,2021-10-08,0000723125-21-000065,mu-20210902.htm,v14 (scripts/60_xbrl_metric_engine.py),average_invested_capital,True,REVIEW_REQUIRED,,,,,,,,,,True,(invested_capital + invested_capital_prior) / 2,"לא ניתן לחשב מדד נגזר כי לא כל הרכיבים עברו PASS: {'invested_capital': 'REVIEW_REQUIRED', 'invested_capital_prior': 'REVIEW_REQUIRED'}"
MU,MICRON TECHNOLOGY INC,723125,10-K,2021-09-02,2021,2020-09-02,2021-10-08,0000723125-21-000065,mu-20210902.htm,v14 (scripts/60_xbrl_metric_engine.py),roic,True,REVIEW_REQUIRED,,,,,,,,,,True,nopat / average_invested_capital,"לא ניתן לחשב מדד נגזר כי לא כל הרכיבים עברו PASS: {'nopat': 'REVIEW_REQUIRED', 'average_invested_capital': 'REVIEW_REQUIRED'}"
MU,MICRON TECHNOLOGY INC,723125,10-K,2022-09-01,2022,2021-09-01,2022-10-07,0000723125-22-000048,mu-20220901.htm,v14 (scripts/60_xbrl_metric_engine.py),capex,True,PASS,12067000000.0,iso4217:USD,i551f4662d9aa47d7a3434539f81f4e96_D20210903-20220901,2021-09-03,2022-09-01,us-gaap:PaymentsToAcquirePropertyPlantAndEquipment,"Expenditures for property, plant, and equipment",1006008 - Statement - CONSOLIDATED STATEMENTS OF CASH FLOWS,plain,False,,
MU,MICRON TECHNOLOGY INC,723125,10-K,2022-09-01,2022,2021-09-01,2022-10-07,0000723125-22-000048,mu-20220901.htm,v14 (scripts/60_xbrl_metric_engine.py),cash_and_equivalents,True,REVIEW_REQUIRED,,,,,,,,,,False,,לא נמצאה אף שורת 'cash_and_equivalents' בתוך Statement role ראשי התואם לכללי ה-Role של המדד.
MU,MICRON TECHNOLOGY INC,723125,10-K,2022-09-01,2022,2021-09-01,2022-10-07,0000723125-22-000048,mu-20220901.htm,v14 (scripts/60_xbrl_metric_engine.py),current_debt,True,PASS,103000000.0,iso4217:USD,iba904e01db874afcbd0f67c3c0fad746_I20220901,2022-09-01,2022-09-01,us-gaap:DebtCurrent,Current debt,1003005 - Statement - CONSOLIDATED BALANCE SHEETS,sum_of_sibling_components,False,,
MU,MICRON TECHNOLOGY INC,723125,10-K,2022-09-01,2022,2021-09-01,2022-10-07,0000723125-22-000048,mu-20220901.htm,v14 (scripts/60_xbrl_metric_engine.py),income_tax_expense,True,PASS,888000000.0,iso4217:USD,i551f4662d9aa47d7a3434539f81f4e96_D20210903-20220901,2021-09-03,2022-09-01,us-gaap:IncomeTaxExpenseBenefit,Income tax (provision) benefit,1001003 - Statement - CONSOLIDATED STATEMENTS OF OPERATIONS,plain,False,,
MU,MICRON TECHNOLOGY INC,723125,10-K,2022-09-01,2022,2021-09-01,2022-10-07,0000723125-22-000048,mu-20220901.htm,v14 (scripts/60_xbrl_metric_engine.py),long_term_debt,True,PASS,6803000000.0,iso4217:USD,iba904e01db874afcbd0f67c3c0fad746_I20220901,2022-09-01,2022-09-01,us-gaap:LongTermDebtAndCapitalLeaseObligations,Long-term debt,1003005 - Statement - CONSOLIDATED BALANCE SHEETS,plain,False,,
MU,MICRON TECHNOLOGY INC,723125,10-K,2022-09-01,2022,2021-09-01,2022-10-07,0000723125-22-000048,mu-20220901.htm,v14 (scripts/60_xbrl_metric_engine.py),net_income,True,PASS,8687000000.0,iso4217:USD,i551f4662d9aa47d7a3434539f81f4e96_D20210903-20220901,2021-09-03,2022-09-01,us-gaap:ProfitLoss,Net income,1001003 - Statement - CONSOLIDATED STATEMENTS OF OPERATIONS,plain,False,,
MU,MICRON TECHNOLOGY INC,723125,10-K,2022-09-01,2022,2021-09-01,2022-10-07,0000723125-22-000048,mu-20220901.htm,v14 (scripts/60_xbrl_metric_engine.py),operating_cash_flow,True,PASS,15181000000.0,iso4217:USD,i551f4662d9aa47d7a3434539f81f4e96_D20210903-20220901,2021-09-03,2022-09-01,us-gaap:NetCashProvidedByUsedInOperatingActivities,Net cash provided by operating activities,1006008 - Statement - CONSOLIDATED STATEMENTS OF CASH FLOWS,plain,False,,
MU,MICRON TECHNOLOGY INC,723125,10-K,2022-09-01,2022,2021-09-01,2022-10-07,0000723125-22-000048,mu-20220901.htm,v14 (scripts/60_xbrl_metric_engine.py),operating_income,True,PASS,9702000000.0,iso4217:USD,i551f4662d9aa47d7a3434539f81f4e96_D20210903-20220901,2021-09-03,2022-09-01,us-gaap:OperatingIncomeLoss,Operating income,1001003 - Statement - CONSOLIDATED STATEMENTS OF OPERATIONS,plain,False,,
MU,MICRON TECHNOLOGY INC,723125,10-K,2022-09-01,2022,2021-09-01,2022-10-07,0000723125-22-000048,mu-20220901.htm,v14 (scripts/60_xbrl_metric_engine.py),pretax_income,True,REVIEW_REQUIRED,,,,,,,,,,False,,"לא ניתן לזהות שורת 'pretax_income' יחידה וחד-משמעית.
מספר שורות מועמדות כוללות: 1, מתוכן 'attributable': 0, 'plain': 0"
MU,MICRON TECHNOLOGY INC,723125,10-K,2022-09-01,2022,2021-09-01,2022-10-07,0000723125-22-000048,mu-20220901.htm,v14 (scripts/60_xbrl_metric_engine.py),revenue,True,PASS,30758000000.0,iso4217:USD,i551f4662d9aa47d7a3434539f81f4e96_D20210903-20220901,2021-09-03,2022-09-01,us-gaap:RevenueFromContractWithCustomerExcludingAssessedTax,Revenue,1001003 - Statement - CONSOLIDATED STATEMENTS OF OPERATIONS,plain,False,,
MU,MICRON TECHNOLOGY INC,723125,10-K,2022-09-01,2022,2021-09-01,2022-10-07,0000723125-22-000048,mu-20220901.htm,v14 (scripts/60_xbrl_metric_engine.py),short_term_investments,True,PASS,1069000000.0,iso4217:USD,iba904e01db874afcbd0f67c3c0fad746_I20220901,2022-09-01,2022-09-01,us-gaap:AvailableForSaleSecuritiesDebtSecuritiesCurrent,Short-term investments,1003005 - Statement - CONSOLIDATED BALANCE SHEETS,plain,False,,
MU,MICRON TECHNOLOGY INC,723125,10-K,2022-09-01,2022,2021-09-01,2022-10-07,0000723125-22-000048,mu-20220901.htm,v14 (scripts/60_xbrl_metric_engine.py),stockholders_equity,True,PASS,49907000000.0,iso4217:USD,iba904e01db874afcbd0f67c3c0fad746_I20220901,2022-09-01,2022-09-01,us-gaap:StockholdersEquity,Total equity,1003005 - Statement - CONSOLIDATED BALANCE SHEETS,plain,False,,
MU,MICRON TECHNOLOGY INC,723125,10-K,2022-09-01,2022,2021-09-01,2022-10-07,0000723125-22-000048,mu-20220901.htm,v14 (scripts/60_xbrl_metric_engine.py),total_debt_explicit,False,REVIEW_REQUIRED,,,,,,,,,,False,,לא נמצאה אף שורת 'total_debt_explicit' בתוך Statement role ראשי התואם לכללי ה-Role של המדד.
MU,MICRON TECHNOLOGY INC,723125,10-K,2022-09-01,2022,2021-09-01,2022-10-07,0000723125-22-000048,mu-20220901.htm,v14 (scripts/60_xbrl_metric_engine.py),cash_and_equivalents_prior,False,REVIEW_REQUIRED,,,,,,,,,,False,,לא נמצאה אף שורת 'cash_and_equivalents' בתוך Statement role ראשי התואם לכללי ה-Role של המדד.
MU,MICRON TECHNOLOGY INC,723125,10-K,2022-09-01,2022,2021-09-01,2022-10-07,0000723125-22-000048,mu-20220901.htm,v14 (scripts/60_xbrl_metric_engine.py),current_debt_prior,False,PASS,155000000.0,iso4217:USD,i10d52b460f8a44b39f26a9fd1065b459_I20210902,2021-09-02,2021-09-02,us-gaap:DebtCurrent,Current debt,1003005 - Statement - CONSOLIDATED BALANCE SHEETS,sum_of_sibling_components,False,,
MU,MICRON TECHNOLOGY INC,723125,10-K,2022-09-01,2022,2021-09-01,2022-10-07,0000723125-22-000048,mu-20220901.htm,v14 (scripts/60_xbrl_metric_engine.py),long_term_debt_prior,False,PASS,6621000000.0,iso4217:USD,i10d52b460f8a44b39f26a9fd1065b459_I20210902,2021-09-02,2021-09-02,us-gaap:LongTermDebtAndCapitalLeaseObligations,Long-term debt,1003005 - Statement - CONSOLIDATED BALANCE SHEETS,plain,False,,
MU,MICRON TECHNOLOGY INC,723125,10-K,2022-09-01,2022,2021-09-01,2022-10-07,0000723125-22-000048,mu-20220901.htm,v14 (scripts/60_xbrl_metric_engine.py),short_term_investments_prior,False,PASS,870000000.0,iso4217:USD,i10d52b460f8a44b39f26a9fd1065b459_I20210902,2021-09-02,2021-09-02,us-gaap:AvailableForSaleSecuritiesDebtSecuritiesCurrent,Short-term investments,1003005 - Statement - CONSOLIDATED BALANCE SHEETS,plain,False,,
MU,MICRON TECHNOLOGY INC,723125,10-K,2022-09-01,2022,2021-09-01,2022-10-07,0000723125-22-000048,mu-20220901.htm,v14 (scripts/60_xbrl_metric_engine.py),stockholders_equity_prior,False,PASS,43933000000.0,iso4217:USD,i10d52b460f8a44b39f26a9fd1065b459_I20210902,2021-09-02,2021-09-02,us-gaap:StockholdersEquity,Total equity,1003005 - Statement - CONSOLIDATED BALANCE SHEETS,plain,False,,
MU,MICRON TECHNOLOGY INC,723125,10-K,2022-09-01,2022,2021-09-01,2022-10-07,0000723125-22-000048,mu-20220901.htm,v14 (scripts/60_xbrl_metric_engine.py),total_debt_explicit_prior,False,REVIEW_REQUIRED,,,,,,,,,,False,,לא נמצאה אף שורת 'total_debt_explicit' בתוך Statement role ראשי התואם לכללי ה-Role של המדד.
MU,MICRON TECHNOLOGY INC,723125,10-K,2022-09-01,2022,2021-09-01,2022-10-07,0000723125-22-000048,mu-20220901.htm,v14 (scripts/60_xbrl_metric_engine.py),effective_tax_rate,True,REVIEW_REQUIRED,,,,,,,,,,True,income_tax_expense / pretax_income,"לא ניתן לחשב Effective Tax Rate כי לא כל הרכיבים עברו PASS: {'pretax_income': 'REVIEW_REQUIRED', 'income_tax_expense': 'PASS'}"
MU,MICRON TECHNOLOGY INC,723125,10-K,2022-09-01,2022,2021-09-01,2022-10-07,0000723125-22-000048,mu-20220901.htm,v14 (scripts/60_xbrl_metric_engine.py),total_debt,True,PASS,6906000000.0,iso4217:USD,,2022-09-01,2022-09-01,,,,,True,current_debt + long_term_debt (no unambiguous direct aggregate Total Debt row found — explicit-row status: REVIEW_REQUIRED),
MU,MICRON TECHNOLOGY INC,723125,10-K,2022-09-01,2022,2021-09-01,2022-10-07,0000723125-22-000048,mu-20220901.htm,v14 (scripts/60_xbrl_metric_engine.py),total_debt_prior,False,PASS,6776000000.0,iso4217:USD,,2021-09-02,2021-09-02,,,,,True,current_debt_prior + long_term_debt_prior (no unambiguous direct aggregate Total Debt row found — explicit-row status: REVIEW_REQUIRED),
MU,MICRON TECHNOLOGY INC,723125,10-K,2022-09-01,2022,2021-09-01,2022-10-07,0000723125-22-000048,mu-20220901.htm,v14 (scripts/60_xbrl_metric_engine.py),adjusted_net_debt,True,REVIEW_REQUIRED,,,,,,,,,,True,total_debt - cash_and_equivalents - short_term_investments,"לא ניתן לחשב מדד נגזר כי לא כל הרכיבים עברו PASS: {'total_debt': 'PASS', 'cash_and_equivalents': 'REVIEW_REQUIRED', 'short_term_investments': 'PASS'}"
MU,MICRON TECHNOLOGY INC,723125,10-K,2022-09-01,2022,2021-09-01,2022-10-07,0000723125-22-000048,mu-20220901.htm,v14 (scripts/60_xbrl_metric_engine.py),free_cash_flow,True,PASS,3114000000.0,iso4217:USD,,2021-09-03,2022-09-01,,,,,True,operating_cash_flow - capex,
MU,MICRON TECHNOLOGY INC,723125,10-K,2022-09-01,2022,2021-09-01,2022-10-07,0000723125-22-000048,mu-20220901.htm,v14 (scripts/60_xbrl_metric_engine.py),invested_capital,True,REVIEW_REQUIRED,,,,,,,,,,True,total_debt + stockholders_equity - cash_and_equivalents - short_term_investments,"לא ניתן לחשב מדד נגזר כי לא כל הרכיבים עברו PASS: {'total_debt': 'PASS', 'stockholders_equity': 'PASS', 'cash_and_equivalents': 'REVIEW_REQUIRED', 'short_term_investments': 'PASS'}"
MU,MICRON TECHNOLOGY INC,723125,10-K,2022-09-01,2022,2021-09-01,2022-10-07,0000723125-22-000048,mu-20220901.htm,v14 (scripts/60_xbrl_metric_engine.py),invested_capital_prior,False,REVIEW_REQUIRED,,,,,,,,,,True,total_debt_prior + stockholders_equity_prior - cash_and_equivalents_prior - short_term_investments_prior,"לא ניתן לחשב מדד נגזר כי לא כל הרכיבים עברו PASS: {'total_debt_prior': 'PASS', 'stockholders_equity_prior': 'PASS', 'cash_and_equivalents_prior': 'REVIEW_REQUIRED', 'short_term_investments_prior': 'PASS'}"
MU,MICRON TECHNOLOGY INC,723125,10-K,2022-09-01,2022,2021-09-01,2022-10-07,0000723125-22-000048,mu-20220901.htm,v14 (scripts/60_xbrl_metric_engine.py),nopat,True,REVIEW_REQUIRED,,,,,,,,,,True,operating_income * (1 - effective_tax_rate),"לא ניתן לחשב מדד נגזר כי לא כל הרכיבים עברו PASS: {'operating_income': 'PASS', 'effective_tax_rate': 'REVIEW_REQUIRED'}"
MU,MICRON TECHNOLOGY INC,723125,10-K,2022-09-01,2022,2021-09-01,2022-10-07,0000723125-22-000048,mu-20220901.htm,v14 (scripts/60_xbrl_metric_engine.py),average_invested_capital,True,REVIEW_REQUIRED,,,,,,,,,,True,(invested_capital + invested_capital_prior) / 2,"לא ניתן לחשב מדד נגזר כי לא כל הרכיבים עברו PASS: {'invested_capital': 'REVIEW_REQUIRED', 'invested_capital_prior': 'REVIEW_REQUIRED'}"
MU,MICRON TECHNOLOGY INC,723125,10-K,2022-09-01,2022,2021-09-01,2022-10-07,0000723125-22-000048,mu-20220901.htm,v14 (scripts/60_xbrl_metric_engine.py),roic,True,REVIEW_REQUIRED,,,,,,,,,,True,nopat / average_invested_capital,"לא ניתן לחשב מדד נגזר כי לא כל הרכיבים עברו PASS: {'nopat': 'REVIEW_REQUIRED', 'average_invested_capital': 'REVIEW_REQUIRED'}"
MU,MICRON TECHNOLOGY INC,723125,10-K,2023-08-31,2023,2022-08-31,2023-10-06,0000723125-23-000054,mu-20230831.htm,v14 (scripts/60_xbrl_metric_engine.py),capex,True,PASS,7676000000.0,iso4217:USD,c-1,2022-09-02,2023-08-31,us-gaap:PaymentsToAcquirePropertyPlantAndEquipment,"Expenditures for property, plant, and equipment",0000008 - Statement - CONSOLIDATED STATEMENTS OF CASH FLOWS,plain,False,,
MU,MICRON TECHNOLOGY INC,723125,10-K,2023-08-31,2023,2022-08-31,2023-10-06,0000723125-23-000054,mu-20230831.htm,v14 (scripts/60_xbrl_metric_engine.py),cash_and_equivalents,True,REVIEW_REQUIRED,,,,,,,,,,False,,לא נמצאה אף שורת 'cash_and_equivalents' בתוך Statement role ראשי התואם לכללי ה-Role של המדד.
MU,MICRON TECHNOLOGY INC,723125,10-K,2023-08-31,2023,2022-08-31,2023-10-06,0000723125-23-000054,mu-20230831.htm,v14 (scripts/60_xbrl_metric_engine.py),current_debt,True,PASS,278000000.0,iso4217:USD,c-6,2023-08-31,2023-08-31,us-gaap:DebtCurrent,Current debt,0000005 - Statement - CONSOLIDATED BALANCE SHEETS,sum_of_sibling_components,False,,
MU,MICRON TECHNOLOGY INC,723125,10-K,2023-08-31,2023,2022-08-31,2023-10-06,0000723125-23-000054,mu-20230831.htm,v14 (scripts/60_xbrl_metric_engine.py),income_tax_expense,True,PASS,177000000.0,iso4217:USD,c-1,2022-09-02,2023-08-31,us-gaap:IncomeTaxExpenseBenefit,Income tax (provision) benefit,0000003 - Statement - CONSOLIDATED STATEMENTS OF OPERATIONS,plain,False,,
MU,MICRON TECHNOLOGY INC,723125,10-K,2023-08-31,2023,2022-08-31,2023-10-06,0000723125-23-000054,mu-20230831.htm,v14 (scripts/60_xbrl_metric_engine.py),long_term_debt,True,PASS,13052000000.0,iso4217:USD,c-6,2023-08-31,2023-08-31,us-gaap:LongTermDebtAndCapitalLeaseObligations,Long-term debt,0000005 - Statement - CONSOLIDATED BALANCE SHEETS,plain,False,,
MU,MICRON TECHNOLOGY INC,723125,10-K,2023-08-31,2023,2022-08-31,2023-10-06,0000723125-23-000054,mu-20230831.htm,v14 (scripts/60_xbrl_metric_engine.py),net_income,True,PASS,-5833000000.0,iso4217:USD,c-1,2022-09-02,2023-08-31,us-gaap:NetIncomeLoss,Net income (loss),0000003 - Statement - CONSOLIDATED STATEMENTS OF OPERATIONS,plain,False,,
MU,MICRON TECHNOLOGY INC,723125,10-K,2023-08-31,2023,2022-08-31,2023-10-06,0000723125-23-000054,mu-20230831.htm,v14 (scripts/60_xbrl_metric_engine.py),operating_cash_flow,True,PASS,1559000000.0,iso4217:USD,c-1,2022-09-02,2023-08-31,us-gaap:NetCashProvidedByUsedInOperatingActivities,Net cash provided by operating activities,0000008 - Statement - CONSOLIDATED STATEMENTS OF CASH FLOWS,plain,False,,
MU,MICRON TECHNOLOGY INC,723125,10-K,2023-08-31,2023,2022-08-31,2023-10-06,0000723125-23-000054,mu-20230831.htm,v14 (scripts/60_xbrl_metric_engine.py),operating_income,True,PASS,-5745000000.0,iso4217:USD,c-1,2022-09-02,2023-08-31,us-gaap:OperatingIncomeLoss,Operating income (loss),0000003 - Statement - CONSOLIDATED STATEMENTS OF OPERATIONS,plain,False,,
MU,MICRON TECHNOLOGY INC,723125,10-K,2023-08-31,2023,2022-08-31,2023-10-06,0000723125-23-000054,mu-20230831.htm,v14 (scripts/60_xbrl_metric_engine.py),pretax_income,True,PASS,-5658000000.0,iso4217:USD,c-1,2022-09-02,2023-08-31,us-gaap:IncomeLossFromContinuingOperationsBeforeIncomeTaxesMinorityInterestAndIncomeLossFromEquityMethodInvestments,Income (loss) before income taxes and equity in net income (loss) of equity method investees,0000003 - Statement - CONSOLIDATED STATEMENTS OF OPERATIONS,plain,False,,
MU,MICRON TECHNOLOGY INC,723125,10-K,2023-08-31,2023,2022-08-31,2023-10-06,0000723125-23-000054,mu-20230831.htm,v14 (scripts/60_xbrl_metric_engine.py),revenue,True,PASS,15540000000.0,iso4217:USD,c-1,2022-09-02,2023-08-31,us-gaap:RevenueFromContractWithCustomerExcludingAssessedTax,Revenue,0000003 - Statement - CONSOLIDATED STATEMENTS OF OPERATIONS,plain,False,,
MU,MICRON TECHNOLOGY INC,723125,10-K,2023-08-31,2023,2022-08-31,2023-10-06,0000723125-23-000054,mu-20230831.htm,v14 (scripts/60_xbrl_metric_engine.py),short_term_investments,True,PASS,1017000000.0,iso4217:USD,c-6,2023-08-31,2023-08-31,us-gaap:AvailableForSaleSecuritiesDebtSecuritiesCurrent,Short-term investments,0000005 - Statement - CONSOLIDATED BALANCE SHEETS,plain,False,,
MU,MICRON TECHNOLOGY INC,723125,10-K,2023-08-31,2023,2022-08-31,2023-10-06,0000723125-23-000054,mu-20230831.htm,v14 (scripts/60_xbrl_metric_engine.py),stockholders_equity,True,PASS,44120000000.0,iso4217:USD,c-6,2023-08-31,2023-08-31,us-gaap:StockholdersEquity,Total equity,0000005 - Statement - CONSOLIDATED BALANCE SHEETS,plain,False,,
MU,MICRON TECHNOLOGY INC,723125,10-K,2023-08-31,2023,2022-08-31,2023-10-06,0000723125-23-000054,mu-20230831.htm,v14 (scripts/60_xbrl_metric_engine.py),total_debt_explicit,False,REVIEW_REQUIRED,,,,,,,,,,False,,לא נמצאה אף שורת 'total_debt_explicit' בתוך Statement role ראשי התואם לכללי ה-Role של המדד.
MU,MICRON TECHNOLOGY INC,723125,10-K,2023-08-31,2023,2022-08-31,2023-10-06,0000723125-23-000054,mu-20230831.htm,v14 (scripts/60_xbrl_metric_engine.py),cash_and_equivalents_prior,False,REVIEW_REQUIRED,,,,,,,,,,False,,לא נמצאה אף שורת 'cash_and_equivalents' בתוך Statement role ראשי התואם לכללי ה-Role של המדד.
MU,MICRON TECHNOLOGY INC,723125,10-K,2023-08-31,2023,2022-08-31,2023-10-06,0000723125-23-000054,mu-20230831.htm,v14 (scripts/60_xbrl_metric_engine.py),current_debt_prior,False,PASS,103000000.0,iso4217:USD,c-7,2022-09-01,2022-09-01,us-gaap:DebtCurrent,Current debt,0000005 - Statement - CONSOLIDATED BALANCE SHEETS,sum_of_sibling_components,False,,
MU,MICRON TECHNOLOGY INC,723125,10-K,2023-08-31,2023,2022-08-31,2023-10-06,0000723125-23-000054,mu-20230831.htm,v14 (scripts/60_xbrl_metric_engine.py),long_term_debt_prior,False,PASS,6803000000.0,iso4217:USD,c-7,2022-09-01,2022-09-01,us-gaap:LongTermDebtAndCapitalLeaseObligations,Long-term debt,0000005 - Statement - CONSOLIDATED BALANCE SHEETS,plain,False,,
MU,MICRON TECHNOLOGY INC,723125,10-K,2023-08-31,2023,2022-08-31,2023-10-06,0000723125-23-000054,mu-20230831.htm,v14 (scripts/60_xbrl_metric_engine.py),short_term_investments_prior,False,PASS,1069000000.0,iso4217:USD,c-7,2022-09-01,2022-09-01,us-gaap:AvailableForSaleSecuritiesDebtSecuritiesCurrent,Short-term investments,0000005 - Statement - CONSOLIDATED BALANCE SHEETS,plain,False,,
MU,MICRON TECHNOLOGY INC,723125,10-K,2023-08-31,2023,2022-08-31,2023-10-06,0000723125-23-000054,mu-20230831.htm,v14 (scripts/60_xbrl_metric_engine.py),stockholders_equity_prior,False,PASS,49907000000.0,iso4217:USD,c-7,2022-09-01,2022-09-01,us-gaap:StockholdersEquity,Total equity,0000005 - Statement - CONSOLIDATED BALANCE SHEETS,plain,False,,
MU,MICRON TECHNOLOGY INC,723125,10-K,2023-08-31,2023,2022-08-31,2023-10-06,0000723125-23-000054,mu-20230831.htm,v14 (scripts/60_xbrl_metric_engine.py),total_debt_explicit_prior,False,REVIEW_REQUIRED,,,,,,,,,,False,,לא נמצאה אף שורת 'total_debt_explicit' בתוך Statement role ראשי התואם לכללי ה-Role של המדד.
MU,MICRON TECHNOLOGY INC,723125,10-K,2023-08-31,2023,2022-08-31,2023-10-06,0000723125-23-000054,mu-20230831.htm,v14 (scripts/60_xbrl_metric_engine.py),effective_tax_rate,True,REVIEW_REQUIRED,,,,,,,,,,True,income_tax_expense / pretax_income,Pretax Income אינו חיובי (-5658000000.0) — לא ניתן לחשב שיעור מס אפקטיבי מהימן.
MU,MICRON TECHNOLOGY INC,723125,10-K,2023-08-31,2023,2022-08-31,2023-10-06,0000723125-23-000054,mu-20230831.htm,v14 (scripts/60_xbrl_metric_engine.py),total_debt,True,PASS,13330000000.0,iso4217:USD,,2023-08-31,2023-08-31,,,,,True,current_debt + long_term_debt (no unambiguous direct aggregate Total Debt row found — explicit-row status: REVIEW_REQUIRED),
MU,MICRON TECHNOLOGY INC,723125,10-K,2023-08-31,2023,2022-08-31,2023-10-06,0000723125-23-000054,mu-20230831.htm,v14 (scripts/60_xbrl_metric_engine.py),total_debt_prior,False,PASS,6906000000.0,iso4217:USD,,2022-09-01,2022-09-01,,,,,True,current_debt_prior + long_term_debt_prior (no unambiguous direct aggregate Total Debt row found — explicit-row status: REVIEW_REQUIRED),
MU,MICRON TECHNOLOGY INC,723125,10-K,2023-08-31,2023,2022-08-31,2023-10-06,0000723125-23-000054,mu-20230831.htm,v14 (scripts/60_xbrl_metric_engine.py),adjusted_net_debt,True,REVIEW_REQUIRED,,,,,,,,,,True,total_debt - cash_and_equivalents - short_term_investments,"לא ניתן לחשב מדד נגזר כי לא כל הרכיבים עברו PASS: {'total_debt': 'PASS', 'cash_and_equivalents': 'REVIEW_REQUIRED', 'short_term_investments': 'PASS'}"
MU,MICRON TECHNOLOGY INC,723125,10-K,2023-08-31,2023,2022-08-31,2023-10-06,0000723125-23-000054,mu-20230831.htm,v14 (scripts/60_xbrl_metric_engine.py),free_cash_flow,True,PASS,-6117000000.0,iso4217:USD,,2022-09-02,2023-08-31,,,,,True,operating_cash_flow - capex,
MU,MICRON TECHNOLOGY INC,723125,10-K,2023-08-31,2023,2022-08-31,2023-10-06,0000723125-23-000054,mu-20230831.htm,v14 (scripts/60_xbrl_metric_engine.py),invested_capital,True,REVIEW_REQUIRED,,,,,,,,,,True,total_debt + stockholders_equity - cash_and_equivalents - short_term_investments,"לא ניתן לחשב מדד נגזר כי לא כל הרכיבים עברו PASS: {'total_debt': 'PASS', 'stockholders_equity': 'PASS', 'cash_and_equivalents': 'REVIEW_REQUIRED', 'short_term_investments': 'PASS'}"
MU,MICRON TECHNOLOGY INC,723125,10-K,2023-08-31,2023,2022-08-31,2023-10-06,0000723125-23-000054,mu-20230831.htm,v14 (scripts/60_xbrl_metric_engine.py),invested_capital_prior,False,REVIEW_REQUIRED,,,,,,,,,,True,total_debt_prior + stockholders_equity_prior - cash_and_equivalents_prior - short_term_investments_prior,"לא ניתן לחשב מדד נגזר כי לא כל הרכיבים עברו PASS: {'total_debt_prior': 'PASS', 'stockholders_equity_prior': 'PASS', 'cash_and_equivalents_prior': 'REVIEW_REQUIRED', 'short_term_investments_prior': 'PASS'}"
MU,MICRON TECHNOLOGY INC,723125,10-K,2023-08-31,2023,2022-08-31,2023-10-06,0000723125-23-000054,mu-20230831.htm,v14 (scripts/60_xbrl_metric_engine.py),nopat,True,REVIEW_REQUIRED,,,,,,,,,,True,operating_income * (1 - effective_tax_rate),"לא ניתן לחשב מדד נגזר כי לא כל הרכיבים עברו PASS: {'operating_income': 'PASS', 'effective_tax_rate': 'REVIEW_REQUIRED'}"
MU,MICRON TECHNOLOGY INC,723125,10-K,2023-08-31,2023,2022-08-31,2023-10-06,0000723125-23-000054,mu-20230831.htm,v14 (scripts/60_xbrl_metric_engine.py),average_invested_capital,True,REVIEW_REQUIRED,,,,,,,,,,True,(invested_capital + invested_capital_prior) / 2,"לא ניתן לחשב מדד נגזר כי לא כל הרכיבים עברו PASS: {'invested_capital': 'REVIEW_REQUIRED', 'invested_capital_prior': 'REVIEW_REQUIRED'}"
MU,MICRON TECHNOLOGY INC,723125,10-K,2023-08-31,2023,2022-08-31,2023-10-06,0000723125-23-000054,mu-20230831.htm,v14 (scripts/60_xbrl_metric_engine.py),roic,True,REVIEW_REQUIRED,,,,,,,,,,True,nopat / average_invested_capital,"לא ניתן לחשב מדד נגזר כי לא כל הרכיבים עברו PASS: {'nopat': 'REVIEW_REQUIRED', 'average_invested_capital': 'REVIEW_REQUIRED'}"
MU,MICRON TECHNOLOGY INC,723125,10-K,2024-08-29,2024,2023-08-29,2024-10-04,0000723125-24-000027,mu-20240829.htm,v14 (scripts/60_xbrl_metric_engine.py),capex,True,PASS,8386000000.0,iso4217:USD,c-1,2023-09-01,2024-08-29,us-gaap:PaymentsToAcquirePropertyPlantAndEquipment,"Expenditures for property, plant, and equipment",9952156 - Statement - CONSOLIDATED STATEMENTS OF CASH FLOWS,plain,False,,
MU,MICRON TECHNOLOGY INC,723125,10-K,2024-08-29,2024,2023-08-29,2024-10-04,0000723125-24-000027,mu-20240829.htm,v14 (scripts/60_xbrl_metric_engine.py),cash_and_equivalents,True,REVIEW_REQUIRED,,,,,,,,,,False,,לא נמצאה אף שורת 'cash_and_equivalents' בתוך Statement role ראשי התואם לכללי ה-Role של המדד.
MU,MICRON TECHNOLOGY INC,723125,10-K,2024-08-29,2024,2023-08-29,2024-10-04,0000723125-24-000027,mu-20240829.htm,v14 (scripts/60_xbrl_metric_engine.py),current_debt,True,PASS,431000000.0,iso4217:USD,c-6,2024-08-29,2024-08-29,us-gaap:DebtCurrent,Current debt,9952153 - Statement - CONSOLIDATED BALANCE SHEETS,sum_of_sibling_components,False,,
MU,MICRON TECHNOLOGY INC,723125,10-K,2024-08-29,2024,2023-08-29,2024-10-04,0000723125-24-000027,mu-20240829.htm,v14 (scripts/60_xbrl_metric_engine.py),income_tax_expense,True,PASS,451000000.0,iso4217:USD,c-1,2023-09-01,2024-08-29,us-gaap:IncomeTaxExpenseBenefit,Income tax (provision) benefit,9952151 - Statement - CONSOLIDATED STATEMENTS OF OPERATIONS,plain,False,,
MU,MICRON TECHNOLOGY INC,723125,10-K,2024-08-29,2024,2023-08-29,2024-10-04,0000723125-24-000027,mu-20240829.htm,v14 (scripts/60_xbrl_metric_engine.py),long_term_debt,True,PASS,12966000000.0,iso4217:USD,c-6,2024-08-29,2024-08-29,us-gaap:LongTermDebtAndCapitalLeaseObligations,Long-term debt,9952153 - Statement - CONSOLIDATED BALANCE SHEETS,plain,False,,
MU,MICRON TECHNOLOGY INC,723125,10-K,2024-08-29,2024,2023-08-29,2024-10-04,0000723125-24-000027,mu-20240829.htm,v14 (scripts/60_xbrl_metric_engine.py),net_income,True,PASS,778000000.0,iso4217:USD,c-1,2023-09-01,2024-08-29,us-gaap:NetIncomeLoss,Net income (loss),9952151 - Statement - CONSOLIDATED STATEMENTS OF OPERATIONS,plain,False,,
MU,MICRON TECHNOLOGY INC,723125,10-K,2024-08-29,2024,2023-08-29,2024-10-04,0000723125-24-000027,mu-20240829.htm,v14 (scripts/60_xbrl_metric_engine.py),operating_cash_flow,True,PASS,8507000000.0,iso4217:USD,c-1,2023-09-01,2024-08-29,us-gaap:NetCashProvidedByUsedInOperatingActivities,Net cash provided by operating activities,9952156 - Statement - CONSOLIDATED STATEMENTS OF CASH FLOWS,plain,False,,
MU,MICRON TECHNOLOGY INC,723125,10-K,2024-08-29,2024,2023-08-29,2024-10-04,0000723125-24-000027,mu-20240829.htm,v14 (scripts/60_xbrl_metric_engine.py),operating_income,True,PASS,1304000000.0,iso4217:USD,c-1,2023-09-01,2024-08-29,us-gaap:OperatingIncomeLoss,Operating income (loss),9952151 - Statement - CONSOLIDATED STATEMENTS OF OPERATIONS,plain,False,,
MU,MICRON TECHNOLOGY INC,723125,10-K,2024-08-29,2024,2023-08-29,2024-10-04,0000723125-24-000027,mu-20240829.htm,v14 (scripts/60_xbrl_metric_engine.py),pretax_income,True,PASS,1240000000.0,iso4217:USD,c-1,2023-09-01,2024-08-29,us-gaap:IncomeLossFromContinuingOperationsBeforeIncomeTaxesMinorityInterestAndIncomeLossFromEquityMethodInvestments,Income (loss) before income taxes and equity in net income (loss) of equity method investees,9952151 - Statement - CONSOLIDATED STATEMENTS OF OPERATIONS,plain,False,,
MU,MICRON TECHNOLOGY INC,723125,10-K,2024-08-29,2024,2023-08-29,2024-10-04,0000723125-24-000027,mu-20240829.htm,v14 (scripts/60_xbrl_metric_engine.py),revenue,True,PASS,25111000000.0,iso4217:USD,c-1,2023-09-01,2024-08-29,us-gaap:RevenueFromContractWithCustomerExcludingAssessedTax,Revenue,9952151 - Statement - CONSOLIDATED STATEMENTS OF OPERATIONS,plain,False,,
MU,MICRON TECHNOLOGY INC,723125,10-K,2024-08-29,2024,2023-08-29,2024-10-04,0000723125-24-000027,mu-20240829.htm,v14 (scripts/60_xbrl_metric_engine.py),short_term_investments,True,PASS,1065000000.0,iso4217:USD,c-6,2024-08-29,2024-08-29,us-gaap:AvailableForSaleSecuritiesDebtSecuritiesCurrent,Short-term investments,9952153 - Statement - CONSOLIDATED BALANCE SHEETS,plain,False,,
MU,MICRON TECHNOLOGY INC,723125,10-K,2024-08-29,2024,2023-08-29,2024-10-04,0000723125-24-000027,mu-20240829.htm,v14 (scripts/60_xbrl_metric_engine.py),stockholders_equity,True,PASS,45131000000.0,iso4217:USD,c-6,2024-08-29,2024-08-29,us-gaap:StockholdersEquity,Total equity,9952153 - Statement - CONSOLIDATED BALANCE SHEETS,plain,False,,
MU,MICRON TECHNOLOGY INC,723125,10-K,2024-08-29,2024,2023-08-29,2024-10-04,0000723125-24-000027,mu-20240829.htm,v14 (scripts/60_xbrl_metric_engine.py),total_debt_explicit,False,REVIEW_REQUIRED,,,,,,,,,,False,,לא נמצאה אף שורת 'total_debt_explicit' בתוך Statement role ראשי התואם לכללי ה-Role של המדד.
MU,MICRON TECHNOLOGY INC,723125,10-K,2024-08-29,2024,2023-08-29,2024-10-04,0000723125-24-000027,mu-20240829.htm,v14 (scripts/60_xbrl_metric_engine.py),cash_and_equivalents_prior,False,REVIEW_REQUIRED,,,,,,,,,,False,,לא נמצאה אף שורת 'cash_and_equivalents' בתוך Statement role ראשי התואם לכללי ה-Role של המדד.
MU,MICRON TECHNOLOGY INC,723125,10-K,2024-08-29,2024,2023-08-29,2024-10-04,0000723125-24-000027,mu-20240829.htm,v14 (scripts/60_xbrl_metric_engine.py),current_debt_prior,False,PASS,278000000.0,iso4217:USD,c-7,2023-08-31,2023-08-31,us-gaap:DebtCurrent,Current debt,9952153 - Statement - CONSOLIDATED BALANCE SHEETS,sum_of_sibling_components,False,,
MU,MICRON TECHNOLOGY INC,723125,10-K,2024-08-29,2024,2023-08-29,2024-10-04,0000723125-24-000027,mu-20240829.htm,v14 (scripts/60_xbrl_metric_engine.py),long_term_debt_prior,False,PASS,13052000000.0,iso4217:USD,c-7,2023-08-31,2023-08-31,us-gaap:LongTermDebtAndCapitalLeaseObligations,Long-term debt,9952153 - Statement - CONSOLIDATED BALANCE SHEETS,plain,False,,
MU,MICRON TECHNOLOGY INC,723125,10-K,2024-08-29,2024,2023-08-29,2024-10-04,0000723125-24-000027,mu-20240829.htm,v14 (scripts/60_xbrl_metric_engine.py),short_term_investments_prior,False,PASS,1017000000.0,iso4217:USD,c-7,2023-08-31,2023-08-31,us-gaap:AvailableForSaleSecuritiesDebtSecuritiesCurrent,Short-term investments,9952153 - Statement - CONSOLIDATED BALANCE SHEETS,plain,False,,
MU,MICRON TECHNOLOGY INC,723125,10-K,2024-08-29,2024,2023-08-29,2024-10-04,0000723125-24-000027,mu-20240829.htm,v14 (scripts/60_xbrl_metric_engine.py),stockholders_equity_prior,False,PASS,44120000000.0,iso4217:USD,c-7,2023-08-31,2023-08-31,us-gaap:StockholdersEquity,Total equity,9952153 - Statement - CONSOLIDATED BALANCE SHEETS,plain,False,,
MU,MICRON TECHNOLOGY INC,723125,10-K,2024-08-29,2024,2023-08-29,2024-10-04,0000723125-24-000027,mu-20240829.htm,v14 (scripts/60_xbrl_metric_engine.py),total_debt_explicit_prior,False,REVIEW_REQUIRED,,,,,,,,,,False,,לא נמצאה אף שורת 'total_debt_explicit' בתוך Statement role ראשי התואם לכללי ה-Role של המדד.
MU,MICRON TECHNOLOGY INC,723125,10-K,2024-08-29,2024,2023-08-29,2024-10-04,0000723125-24-000027,mu-20240829.htm,v14 (scripts/60_xbrl_metric_engine.py),effective_tax_rate,True,PASS,0.36370967741935484,ratio,,2023-09-01,2024-08-29,,,,,True,income_tax_expense / pretax_income,
MU,MICRON TECHNOLOGY INC,723125,10-K,2024-08-29,2024,2023-08-29,2024-10-04,0000723125-24-000027,mu-20240829.htm,v14 (scripts/60_xbrl_metric_engine.py),total_debt,True,PASS,13397000000.0,iso4217:USD,,2024-08-29,2024-08-29,,,,,True,current_debt + long_term_debt (no unambiguous direct aggregate Total Debt row found — explicit-row status: REVIEW_REQUIRED),
MU,MICRON TECHNOLOGY INC,723125,10-K,2024-08-29,2024,2023-08-29,2024-10-04,0000723125-24-000027,mu-20240829.htm,v14 (scripts/60_xbrl_metric_engine.py),total_debt_prior,False,PASS,13330000000.0,iso4217:USD,,2023-08-31,2023-08-31,,,,,True,current_debt_prior + long_term_debt_prior (no unambiguous direct aggregate Total Debt row found — explicit-row status: REVIEW_REQUIRED),
MU,MICRON TECHNOLOGY INC,723125,10-K,2024-08-29,2024,2023-08-29,2024-10-04,0000723125-24-000027,mu-20240829.htm,v14 (scripts/60_xbrl_metric_engine.py),adjusted_net_debt,True,REVIEW_REQUIRED,,,,,,,,,,True,total_debt - cash_and_equivalents - short_term_investments,"לא ניתן לחשב מדד נגזר כי לא כל הרכיבים עברו PASS: {'total_debt': 'PASS', 'cash_and_equivalents': 'REVIEW_REQUIRED', 'short_term_investments': 'PASS'}"
MU,MICRON TECHNOLOGY INC,723125,10-K,2024-08-29,2024,2023-08-29,2024-10-04,0000723125-24-000027,mu-20240829.htm,v14 (scripts/60_xbrl_metric_engine.py),free_cash_flow,True,PASS,121000000.0,iso4217:USD,,2023-09-01,2024-08-29,,,,,True,operating_cash_flow - capex,
MU,MICRON TECHNOLOGY INC,723125,10-K,2024-08-29,2024,2023-08-29,2024-10-04,0000723125-24-000027,mu-20240829.htm,v14 (scripts/60_xbrl_metric_engine.py),invested_capital,True,REVIEW_REQUIRED,,,,,,,,,,True,total_debt + stockholders_equity - cash_and_equivalents - short_term_investments,"לא ניתן לחשב מדד נגזר כי לא כל הרכיבים עברו PASS: {'total_debt': 'PASS', 'stockholders_equity': 'PASS', 'cash_and_equivalents': 'REVIEW_REQUIRED', 'short_term_investments': 'PASS'}"
MU,MICRON TECHNOLOGY INC,723125,10-K,2024-08-29,2024,2023-08-29,2024-10-04,0000723125-24-000027,mu-20240829.htm,v14 (scripts/60_xbrl_metric_engine.py),invested_capital_prior,False,REVIEW_REQUIRED,,,,,,,,,,True,total_debt_prior + stockholders_equity_prior - cash_and_equivalents_prior - short_term_investments_prior,"לא ניתן לחשב מדד נגזר כי לא כל הרכיבים עברו PASS: {'total_debt_prior': 'PASS', 'stockholders_equity_prior': 'PASS', 'cash_and_equivalents_prior': 'REVIEW_REQUIRED', 'short_term_investments_prior': 'PASS'}"
MU,MICRON TECHNOLOGY INC,723125,10-K,2024-08-29,2024,2023-08-29,2024-10-04,0000723125-24-000027,mu-20240829.htm,v14 (scripts/60_xbrl_metric_engine.py),nopat,True,PASS,829722580.6451613,iso4217:USD,,2023-09-01,2024-08-29,,,,,True,operating_income * (1 - effective_tax_rate),
MU,MICRON TECHNOLOGY INC,723125,10-K,2024-08-29,2024,2023-08-29,2024-10-04,0000723125-24-000027,mu-20240829.htm,v14 (scripts/60_xbrl_metric_engine.py),average_invested_capital,True,REVIEW_REQUIRED,,,,,,,,,,True,(invested_capital + invested_capital_prior) / 2,"לא ניתן לחשב מדד נגזר כי לא כל הרכיבים עברו PASS: {'invested_capital': 'REVIEW_REQUIRED', 'invested_capital_prior': 'REVIEW_REQUIRED'}"
MU,MICRON TECHNOLOGY INC,723125,10-K,2024-08-29,2024,2023-08-29,2024-10-04,0000723125-24-000027,mu-20240829.htm,v14 (scripts/60_xbrl_metric_engine.py),roic,True,REVIEW_REQUIRED,,,,,,,,,,True,nopat / average_invested_capital,"לא ניתן לחשב מדד נגזר כי לא כל הרכיבים עברו PASS: {'nopat': 'PASS', 'average_invested_capital': 'REVIEW_REQUIRED'}"
MU,MICRON TECHNOLOGY INC,723125,10-K,2025-08-28,2025,2024-08-28,2025-10-03,0000723125-25-000028,mu-20250828.htm,v14 (scripts/60_xbrl_metric_engine.py),capex,True,PASS,15857000000.0,iso4217:USD,c-1,2024-08-30,2025-08-28,us-gaap:PaymentsToAcquirePropertyPlantAndEquipment,"Expenditures for property, plant, and equipment",9952156 - Statement - CONSOLIDATED STATEMENTS OF CASH FLOWS,plain,False,,
MU,MICRON TECHNOLOGY INC,723125,10-K,2025-08-28,2025,2024-08-28,2025-10-03,0000723125-25-000028,mu-20250828.htm,v14 (scripts/60_xbrl_metric_engine.py),cash_and_equivalents,True,PASS,9642000000.0,iso4217:USD,c-6,2025-08-28,2025-08-28,us-gaap:CashAndCashEquivalentsAtCarryingValue,Cash and cash equivalents,9952153 - Statement - CONSOLIDATED BALANCE SHEETS,plain,False,,
MU,MICRON TECHNOLOGY INC,723125,10-K,2025-08-28,2025,2024-08-28,2025-10-03,0000723125-25-000028,mu-20250828.htm,v14 (scripts/60_xbrl_metric_engine.py),current_debt,True,PASS,560000000.0,iso4217:USD,c-6,2025-08-28,2025-08-28,us-gaap:DebtCurrent,Current debt,9952153 - Statement - CONSOLIDATED BALANCE SHEETS,sum_of_sibling_components,False,,
MU,MICRON TECHNOLOGY INC,723125,10-K,2025-08-28,2025,2024-08-28,2025-10-03,0000723125-25-000028,mu-20250828.htm,v14 (scripts/60_xbrl_metric_engine.py),income_tax_expense,True,PASS,1124000000.0,iso4217:USD,c-1,2024-08-30,2025-08-28,us-gaap:IncomeTaxExpenseBenefit,Income tax (provision) benefit,9952151 - Statement - CONSOLIDATED STATEMENTS OF OPERATIONS,plain,False,,
MU,MICRON TECHNOLOGY INC,723125,10-K,2025-08-28,2025,2024-08-28,2025-10-03,0000723125-25-000028,mu-20250828.htm,v14 (scripts/60_xbrl_metric_engine.py),long_term_debt,True,PASS,14017000000.0,iso4217:USD,c-6,2025-08-28,2025-08-28,us-gaap:LongTermDebtAndCapitalLeaseObligations,Long-term debt,9952153 - Statement - CONSOLIDATED BALANCE SHEETS,plain,False,,
MU,MICRON TECHNOLOGY INC,723125,10-K,2025-08-28,2025,2024-08-28,2025-10-03,0000723125-25-000028,mu-20250828.htm,v14 (scripts/60_xbrl_metric_engine.py),net_income,True,PASS,8539000000.0,iso4217:USD,c-1,2024-08-30,2025-08-28,us-gaap:NetIncomeLoss,Net income (loss),9952151 - Statement - CONSOLIDATED STATEMENTS OF OPERATIONS,plain,False,,
MU,MICRON TECHNOLOGY INC,723125,10-K,2025-08-28,2025,2024-08-28,2025-10-03,0000723125-25-000028,mu-20250828.htm,v14 (scripts/60_xbrl_metric_engine.py),operating_cash_flow,True,PASS,17525000000.0,iso4217:USD,c-1,2024-08-30,2025-08-28,us-gaap:NetCashProvidedByUsedInOperatingActivities,Net cash provided by operating activities,9952156 - Statement - CONSOLIDATED STATEMENTS OF CASH FLOWS,plain,False,,
MU,MICRON TECHNOLOGY INC,723125,10-K,2025-08-28,2025,2024-08-28,2025-10-03,0000723125-25-000028,mu-20250828.htm,v14 (scripts/60_xbrl_metric_engine.py),operating_income,True,PASS,9770000000.0,iso4217:USD,c-1,2024-08-30,2025-08-28,us-gaap:OperatingIncomeLoss,Operating income (loss),9952151 - Statement - CONSOLIDATED STATEMENTS OF OPERATIONS,plain,False,,
MU,MICRON TECHNOLOGY INC,723125,10-K,2025-08-28,2025,2024-08-28,2025-10-03,0000723125-25-000028,mu-20250828.htm,v14 (scripts/60_xbrl_metric_engine.py),pretax_income,True,PASS,9654000000.0,iso4217:USD,c-1,2024-08-30,2025-08-28,us-gaap:IncomeLossFromContinuingOperationsBeforeIncomeTaxesMinorityInterestAndIncomeLossFromEquityMethodInvestments,Income (loss) before income taxes and equity in net income (loss) of equity method investees,9952151 - Statement - CONSOLIDATED STATEMENTS OF OPERATIONS,plain,False,,
MU,MICRON TECHNOLOGY INC,723125,10-K,2025-08-28,2025,2024-08-28,2025-10-03,0000723125-25-000028,mu-20250828.htm,v14 (scripts/60_xbrl_metric_engine.py),revenue,True,PASS,37378000000.0,iso4217:USD,c-1,2024-08-30,2025-08-28,us-gaap:RevenueFromContractWithCustomerExcludingAssessedTax,Revenue,9952151 - Statement - CONSOLIDATED STATEMENTS OF OPERATIONS,plain,False,,
MU,MICRON TECHNOLOGY INC,723125,10-K,2025-08-28,2025,2024-08-28,2025-10-03,0000723125-25-000028,mu-20250828.htm,v14 (scripts/60_xbrl_metric_engine.py),short_term_investments,True,PASS,665000000.0,iso4217:USD,c-6,2025-08-28,2025-08-28,us-gaap:AvailableForSaleSecuritiesDebtSecuritiesCurrent,Short-term investments,9952153 - Statement - CONSOLIDATED BALANCE SHEETS,plain,False,,
MU,MICRON TECHNOLOGY INC,723125,10-K,2025-08-28,2025,2024-08-28,2025-10-03,0000723125-25-000028,mu-20250828.htm,v14 (scripts/60_xbrl_metric_engine.py),stockholders_equity,True,PASS,54165000000.0,iso4217:USD,c-6,2025-08-28,2025-08-28,us-gaap:StockholdersEquity,Total equity,9952153 - Statement - CONSOLIDATED BALANCE SHEETS,plain,False,,
MU,MICRON TECHNOLOGY INC,723125,10-K,2025-08-28,2025,2024-08-28,2025-10-03,0000723125-25-000028,mu-20250828.htm,v14 (scripts/60_xbrl_metric_engine.py),total_debt_explicit,False,REVIEW_REQUIRED,,,,,,,,,,False,,לא נמצאה אף שורת 'total_debt_explicit' בתוך Statement role ראשי התואם לכללי ה-Role של המדד.
MU,MICRON TECHNOLOGY INC,723125,10-K,2025-08-28,2025,2024-08-28,2025-10-03,0000723125-25-000028,mu-20250828.htm,v14 (scripts/60_xbrl_metric_engine.py),cash_and_equivalents_prior,False,PASS,7041000000.0,iso4217:USD,c-7,2024-08-29,2024-08-29,us-gaap:CashAndCashEquivalentsAtCarryingValue,Cash and cash equivalents,9952153 - Statement - CONSOLIDATED BALANCE SHEETS,plain,False,,
MU,MICRON TECHNOLOGY INC,723125,10-K,2025-08-28,2025,2024-08-28,2025-10-03,0000723125-25-000028,mu-20250828.htm,v14 (scripts/60_xbrl_metric_engine.py),current_debt_prior,False,PASS,431000000.0,iso4217:USD,c-7,2024-08-29,2024-08-29,us-gaap:DebtCurrent,Current debt,9952153 - Statement - CONSOLIDATED BALANCE SHEETS,sum_of_sibling_components,False,,
MU,MICRON TECHNOLOGY INC,723125,10-K,2025-08-28,2025,2024-08-28,2025-10-03,0000723125-25-000028,mu-20250828.htm,v14 (scripts/60_xbrl_metric_engine.py),long_term_debt_prior,False,PASS,12966000000.0,iso4217:USD,c-7,2024-08-29,2024-08-29,us-gaap:LongTermDebtAndCapitalLeaseObligations,Long-term debt,9952153 - Statement - CONSOLIDATED BALANCE SHEETS,plain,False,,
MU,MICRON TECHNOLOGY INC,723125,10-K,2025-08-28,2025,2024-08-28,2025-10-03,0000723125-25-000028,mu-20250828.htm,v14 (scripts/60_xbrl_metric_engine.py),short_term_investments_prior,False,PASS,1065000000.0,iso4217:USD,c-7,2024-08-29,2024-08-29,us-gaap:AvailableForSaleSecuritiesDebtSecuritiesCurrent,Short-term investments,9952153 - Statement - CONSOLIDATED BALANCE SHEETS,plain,False,,
MU,MICRON TECHNOLOGY INC,723125,10-K,2025-08-28,2025,2024-08-28,2025-10-03,0000723125-25-000028,mu-20250828.htm,v14 (scripts/60_xbrl_metric_engine.py),stockholders_equity_prior,False,PASS,45131000000.0,iso4217:USD,c-7,2024-08-29,2024-08-29,us-gaap:StockholdersEquity,Total equity,9952153 - Statement - CONSOLIDATED BALANCE SHEETS,plain,False,,
MU,MICRON TECHNOLOGY INC,723125,10-K,2025-08-28,2025,2024-08-28,2025-10-03,0000723125-25-000028,mu-20250828.htm,v14 (scripts/60_xbrl_metric_engine.py),total_debt_explicit_prior,False,REVIEW_REQUIRED,,,,,,,,,,False,,לא נמצאה אף שורת 'total_debt_explicit' בתוך Statement role ראשי התואם לכללי ה-Role של המדד.
MU,MICRON TECHNOLOGY INC,723125,10-K,2025-08-28,2025,2024-08-28,2025-10-03,0000723125-25-000028,mu-20250828.htm,v14 (scripts/60_xbrl_metric_engine.py),effective_tax_rate,True,PASS,0.1164284234514191,ratio,,2024-08-30,2025-08-28,,,,,True,income_tax_expense / pretax_income,
MU,MICRON TECHNOLOGY INC,723125,10-K,2025-08-28,2025,2024-08-28,2025-10-03,0000723125-25-000028,mu-20250828.htm,v14 (scripts/60_xbrl_metric_engine.py),total_debt,True,PASS,14577000000.0,iso4217:USD,,2025-08-28,2025-08-28,,,,,True,current_debt + long_term_debt (no unambiguous direct aggregate Total Debt row found — explicit-row status: REVIEW_REQUIRED),
MU,MICRON TECHNOLOGY INC,723125,10-K,2025-08-28,2025,2024-08-28,2025-10-03,0000723125-25-000028,mu-20250828.htm,v14 (scripts/60_xbrl_metric_engine.py),total_debt_prior,False,PASS,13397000000.0,iso4217:USD,,2024-08-29,2024-08-29,,,,,True,current_debt_prior + long_term_debt_prior (no unambiguous direct aggregate Total Debt row found — explicit-row status: REVIEW_REQUIRED),
MU,MICRON TECHNOLOGY INC,723125,10-K,2025-08-28,2025,2024-08-28,2025-10-03,0000723125-25-000028,mu-20250828.htm,v14 (scripts/60_xbrl_metric_engine.py),adjusted_net_debt,True,PASS,4270000000.0,iso4217:USD,,2025-08-28,2025-08-28,,,,,True,total_debt - cash_and_equivalents - short_term_investments,
MU,MICRON TECHNOLOGY INC,723125,10-K,2025-08-28,2025,2024-08-28,2025-10-03,0000723125-25-000028,mu-20250828.htm,v14 (scripts/60_xbrl_metric_engine.py),free_cash_flow,True,PASS,1668000000.0,iso4217:USD,,2024-08-30,2025-08-28,,,,,True,operating_cash_flow - capex,
MU,MICRON TECHNOLOGY INC,723125,10-K,2025-08-28,2025,2024-08-28,2025-10-03,0000723125-25-000028,mu-20250828.htm,v14 (scripts/60_xbrl_metric_engine.py),invested_capital,True,PASS,58435000000.0,iso4217:USD,,2025-08-28,2025-08-28,,,,,True,total_debt + stockholders_equity - cash_and_equivalents - short_term_investments,
MU,MICRON TECHNOLOGY INC,723125,10-K,2025-08-28,2025,2024-08-28,2025-10-03,0000723125-25-000028,mu-20250828.htm,v14 (scripts/60_xbrl_metric_engine.py),invested_capital_prior,False,PASS,50422000000.0,iso4217:USD,,2024-08-29,2024-08-29,,,,,True,total_debt_prior + stockholders_equity_prior - cash_and_equivalents_prior - short_term_investments_prior,
MU,MICRON TECHNOLOGY INC,723125,10-K,2025-08-28,2025,2024-08-28,2025-10-03,0000723125-25-000028,mu-20250828.htm,v14 (scripts/60_xbrl_metric_engine.py),nopat,True,PASS,8632494302.879635,iso4217:USD,,2024-08-30,2025-08-28,,,,,True,operating_income * (1 - effective_tax_rate),
MU,MICRON TECHNOLOGY INC,723125,10-K,2025-08-28,2025,2024-08-28,2025-10-03,0000723125-25-000028,mu-20250828.htm,v14 (scripts/60_xbrl_metric_engine.py),average_invested_capital,True,PASS,54428500000.0,iso4217:USD,,2024-08-29,2025-08-28,,,,,True,(invested_capital + invested_capital_prior) / 2,
MU,MICRON TECHNOLOGY INC,723125,10-K,2025-08-28,2025,2024-08-28,2025-10-03,0000723125-25-000028,mu-20250828.htm,v14 (scripts/60_xbrl_metric_engine.py),roic,True,PASS,0.15860246567294037,ratio,,2024-08-29,2025-08-28,,,,,True,nopat / average_invested_capital,
CRWD,"CrowdStrike Holdings, Inc.",1535527,10-K,2022-01-31,2022,2021-01-31,2022-03-16,0001535527-22-000006,crwd-20220131.htm,v14 (scripts/60_xbrl_metric_engine.py),capex,True,PASS,112143000.0,iso4217:USD,i404921b3424c4df8b62dbd112e21c953_D20210201-20220131,2021-02-01,2022-01-31,us-gaap:PaymentsToAcquirePropertyPlantAndEquipment,Purchases of property and equipment,1007009 - Statement - Consolidated Statements of Cash Flows,plain,False,,
CRWD,"CrowdStrike Holdings, Inc.",1535527,10-K,2022-01-31,2022,2021-01-31,2022-03-16,0001535527-22-000006,crwd-20220131.htm,v14 (scripts/60_xbrl_metric_engine.py),cash_and_equivalents,True,PASS,1996633000.0,iso4217:USD,i6a611239fa154f7c899a48644f8f659f_I20220131,2022-01-31,2022-01-31,us-gaap:CashCashEquivalentsRestrictedCashAndRestrictedCashEquivalents,Cash and cash equivalents,1001003 - Statement - Consolidated Balance Sheets,plain,False,,
CRWD,"CrowdStrike Holdings, Inc.",1535527,10-K,2022-01-31,2022,2021-01-31,2022-03-16,0001535527-22-000006,crwd-20220131.htm,v14 (scripts/60_xbrl_metric_engine.py),current_debt,True,REVIEW_REQUIRED,,,,,,,,,,False,,current_debt = 0 לא הוסק (תנאי 2 לא הוכח): לא נמצא באופן חד-משמעי ביאור לוח פירעונות חוב (Debt Maturity Schedule) — לא ניתן לאשר תנאי 2.
CRWD,"CrowdStrike Holdings, Inc.",1535527,10-K,2022-01-31,2022,2021-01-31,2022-03-16,0001535527-22-000006,crwd-20220131.htm,v14 (scripts/60_xbrl_metric_engine.py),income_tax_expense,True,PASS,72355000.0,iso4217:USD,i404921b3424c4df8b62dbd112e21c953_D20210201-20220131,2021-02-01,2022-01-31,us-gaap:IncomeTaxExpenseBenefit,Provision for income taxes,1003005 - Statement - Consolidated Statements of Operations,plain,False,,
CRWD,"CrowdStrike Holdings, Inc.",1535527,10-K,2022-01-31,2022,2021-01-31,2022-03-16,0001535527-22-000006,crwd-20220131.htm,v14 (scripts/60_xbrl_metric_engine.py),long_term_debt,True,PASS,739517000.0,iso4217:USD,i6a611239fa154f7c899a48644f8f659f_I20220131,2022-01-31,2022-01-31,us-gaap:LongTermDebtNoncurrent,Long-term debt,1001003 - Statement - Consolidated Balance Sheets,plain,False,,
CRWD,"CrowdStrike Holdings, Inc.",1535527,10-K,2022-01-31,2022,2021-01-31,2022-03-16,0001535527-22-000006,crwd-20220131.htm,v14 (scripts/60_xbrl_metric_engine.py),net_income,True,PASS,-232378000.0,iso4217:USD,i404921b3424c4df8b62dbd112e21c953_D20210201-20220131,2021-02-01,2022-01-31,us-gaap:ProfitLoss,Net Loss,1003005 - Statement - Consolidated Statements of Operations,plain,False,,
CRWD,"CrowdStrike Holdings, Inc.",1535527,10-K,2022-01-31,2022,2021-01-31,2022-03-16,0001535527-22-000006,crwd-20220131.htm,v14 (scripts/60_xbrl_metric_engine.py),operating_cash_flow,True,PASS,574784000.0,iso4217:USD,i404921b3424c4df8b62dbd112e21c953_D20210201-20220131,2021-02-01,2022-01-31,us-gaap:NetCashProvidedByUsedInOperatingActivities,Net cash provided by operating activities,1007009 - Statement - Consolidated Statements of Cash Flows,plain,False,,
CRWD,"CrowdStrike Holdings, Inc.",1535527,10-K,2022-01-31,2022,2021-01-31,2022-03-16,0001535527-22-000006,crwd-20220131.htm,v14 (scripts/60_xbrl_metric_engine.py),operating_income,True,PASS,-142548000.0,iso4217:USD,i404921b3424c4df8b62dbd112e21c953_D20210201-20220131,2021-02-01,2022-01-31,us-gaap:OperatingIncomeLoss,Loss from operations,1003005 - Statement - Consolidated Statements of Operations,plain,False,,
CRWD,"CrowdStrike Holdings, Inc.",1535527,10-K,2022-01-31,2022,2021-01-31,2022-03-16,0001535527-22-000006,crwd-20220131.htm,v14 (scripts/60_xbrl_metric_engine.py),pretax_income,True,REVIEW_REQUIRED,,,,,,,,,,False,,לא נמצאה אף שורת 'pretax_income' בתוך Statement role ראשי התואם לכללי ה-Role של המדד.
CRWD,"CrowdStrike Holdings, Inc.",1535527,10-K,2022-01-31,2022,2021-01-31,2022-03-16,0001535527-22-000006,crwd-20220131.htm,v14 (scripts/60_xbrl_metric_engine.py),revenue,True,PASS,1451594000.0,iso4217:USD,i404921b3424c4df8b62dbd112e21c953_D20210201-20220131,2021-02-01,2022-01-31,us-gaap:RevenueFromContractWithCustomerIncludingAssessedTax,Total revenue,1003005 - Statement - Consolidated Statements of Operations,plain,False,,
CRWD,"CrowdStrike Holdings, Inc.",1535527,10-K,2022-01-31,2022,2021-01-31,2022-03-16,0001535527-22-000006,crwd-20220131.htm,v14 (scripts/60_xbrl_metric_engine.py),short_term_investments,True,REVIEW_REQUIRED,,,,,,,,,,False,,לא נמצאה אף שורת 'short_term_investments' בתוך Statement role ראשי התואם לכללי ה-Role של המדד.
CRWD,"CrowdStrike Holdings, Inc.",1535527,10-K,2022-01-31,2022,2021-01-31,2022-03-16,0001535527-22-000006,crwd-20220131.htm,v14 (scripts/60_xbrl_metric_engine.py),stockholders_equity,True,PASS,1037643000.0,iso4217:USD,i6a611239fa154f7c899a48644f8f659f_I20220131,2022-01-31,2022-01-31,us-gaap:StockholdersEquityIncludingPortionAttributableToNoncontrollingInterest,Total stockholders’ equity,1001003 - Statement - Consolidated Balance Sheets,plain,False,,
CRWD,"CrowdStrike Holdings, Inc.",1535527,10-K,2022-01-31,2022,2021-01-31,2022-03-16,0001535527-22-000006,crwd-20220131.htm,v14 (scripts/60_xbrl_metric_engine.py),total_debt_explicit,False,REVIEW_REQUIRED,,,,,,,,,,False,,לא נמצאה אף שורת 'total_debt_explicit' בתוך Statement role ראשי התואם לכללי ה-Role של המדד.
CRWD,"CrowdStrike Holdings, Inc.",1535527,10-K,2022-01-31,2022,2021-01-31,2022-03-16,0001535527-22-000006,crwd-20220131.htm,v14 (scripts/60_xbrl_metric_engine.py),cash_and_equivalents_prior,False,PASS,1918608000.0,iso4217:USD,i0b2679c6cbf84eb38a8225b00e3fcf0d_I20210131,2021-01-31,2021-01-31,us-gaap:CashCashEquivalentsRestrictedCashAndRestrictedCashEquivalents,Cash and cash equivalents,1001003 - Statement - Consolidated Balance Sheets,plain,False,,
CRWD,"CrowdStrike Holdings, Inc.",1535527,10-K,2022-01-31,2022,2021-01-31,2022-03-16,0001535527-22-000006,crwd-20220131.htm,v14 (scripts/60_xbrl_metric_engine.py),current_debt_prior,False,REVIEW_REQUIRED,,,,,,,,,,False,,current_debt = 0 לא הוסק (תנאי 2 לא הוכח): לא נמצא באופן חד-משמעי ביאור לוח פירעונות חוב (Debt Maturity Schedule) — לא ניתן לאשר תנאי 2.
CRWD,"CrowdStrike Holdings, Inc.",1535527,10-K,2022-01-31,2022,2021-01-31,2022-03-16,0001535527-22-000006,crwd-20220131.htm,v14 (scripts/60_xbrl_metric_engine.py),long_term_debt_prior,False,PASS,738029000.0,iso4217:USD,i0b2679c6cbf84eb38a8225b00e3fcf0d_I20210131,2021-01-31,2021-01-31,us-gaap:LongTermDebtNoncurrent,Long-term debt,1001003 - Statement - Consolidated Balance Sheets,plain,False,,
CRWD,"CrowdStrike Holdings, Inc.",1535527,10-K,2022-01-31,2022,2021-01-31,2022-03-16,0001535527-22-000006,crwd-20220131.htm,v14 (scripts/60_xbrl_metric_engine.py),short_term_investments_prior,False,REVIEW_REQUIRED,,,,,,,,,,False,,לא נמצאה אף שורת 'short_term_investments' בתוך Statement role ראשי התואם לכללי ה-Role של המדד.
CRWD,"CrowdStrike Holdings, Inc.",1535527,10-K,2022-01-31,2022,2021-01-31,2022-03-16,0001535527-22-000006,crwd-20220131.htm,v14 (scripts/60_xbrl_metric_engine.py),stockholders_equity_prior,False,PASS,871874000.0,iso4217:USD,i0b2679c6cbf84eb38a8225b00e3fcf0d_I20210131,2021-01-31,2021-01-31,us-gaap:StockholdersEquityIncludingPortionAttributableToNoncontrollingInterest,Total stockholders’ equity,1001003 - Statement - Consolidated Balance Sheets,plain,False,,
CRWD,"CrowdStrike Holdings, Inc.",1535527,10-K,2022-01-31,2022,2021-01-31,2022-03-16,0001535527-22-000006,crwd-20220131.htm,v14 (scripts/60_xbrl_metric_engine.py),total_debt_explicit_prior,False,REVIEW_REQUIRED,,,,,,,,,,False,,לא נמצאה אף שורת 'total_debt_explicit' בתוך Statement role ראשי התואם לכללי ה-Role של המדד.
CRWD,"CrowdStrike Holdings, Inc.",1535527,10-K,2022-01-31,2022,2021-01-31,2022-03-16,0001535527-22-000006,crwd-20220131.htm,v14 (scripts/60_xbrl_metric_engine.py),effective_tax_rate,True,REVIEW_REQUIRED,,,,,,,,,,True,income_tax_expense / pretax_income,"לא ניתן לחשב Effective Tax Rate כי לא כל הרכיבים עברו PASS: {'pretax_income': 'REVIEW_REQUIRED', 'income_tax_expense': 'PASS'}"
CRWD,"CrowdStrike Holdings, Inc.",1535527,10-K,2022-01-31,2022,2021-01-31,2022-03-16,0001535527-22-000006,crwd-20220131.htm,v14 (scripts/60_xbrl_metric_engine.py),total_debt,True,REVIEW_REQUIRED,,,,,,,,,,True,current_debt + long_term_debt (no unambiguous direct aggregate Total Debt row found — explicit-row status: REVIEW_REQUIRED),"לא ניתן לחשב מדד נגזר כי לא כל הרכיבים עברו PASS: {'current_debt': 'REVIEW_REQUIRED', 'long_term_debt': 'PASS'}"
CRWD,"CrowdStrike Holdings, Inc.",1535527,10-K,2022-01-31,2022,2021-01-31,2022-03-16,0001535527-22-000006,crwd-20220131.htm,v14 (scripts/60_xbrl_metric_engine.py),total_debt_prior,False,REVIEW_REQUIRED,,,,,,,,,,True,current_debt_prior + long_term_debt_prior (no unambiguous direct aggregate Total Debt row found — explicit-row status: REVIEW_REQUIRED),"לא ניתן לחשב מדד נגזר כי לא כל הרכיבים עברו PASS: {'current_debt_prior': 'REVIEW_REQUIRED', 'long_term_debt_prior': 'PASS'}"
CRWD,"CrowdStrike Holdings, Inc.",1535527,10-K,2022-01-31,2022,2021-01-31,2022-03-16,0001535527-22-000006,crwd-20220131.htm,v14 (scripts/60_xbrl_metric_engine.py),adjusted_net_debt,True,REVIEW_REQUIRED,,,,,,,,,,True,total_debt - cash_and_equivalents - short_term_investments,"לא ניתן לחשב מדד נגזר כי לא כל הרכיבים עברו PASS: {'total_debt': 'REVIEW_REQUIRED', 'cash_and_equivalents': 'PASS', 'short_term_investments': 'REVIEW_REQUIRED'}"
CRWD,"CrowdStrike Holdings, Inc.",1535527,10-K,2022-01-31,2022,2021-01-31,2022-03-16,0001535527-22-000006,crwd-20220131.htm,v14 (scripts/60_xbrl_metric_engine.py),free_cash_flow,True,PASS,462641000.0,iso4217:USD,,2021-02-01,2022-01-31,,,,,True,operating_cash_flow - capex,
CRWD,"CrowdStrike Holdings, Inc.",1535527,10-K,2022-01-31,2022,2021-01-31,2022-03-16,0001535527-22-000006,crwd-20220131.htm,v14 (scripts/60_xbrl_metric_engine.py),invested_capital,True,REVIEW_REQUIRED,,,,,,,,,,True,total_debt + stockholders_equity - cash_and_equivalents - short_term_investments,"לא ניתן לחשב מדד נגזר כי לא כל הרכיבים עברו PASS: {'total_debt': 'REVIEW_REQUIRED', 'stockholders_equity': 'PASS', 'cash_and_equivalents': 'PASS', 'short_term_investments': 'REVIEW_REQUIRED'}"
CRWD,"CrowdStrike Holdings, Inc.",1535527,10-K,2022-01-31,2022,2021-01-31,2022-03-16,0001535527-22-000006,crwd-20220131.htm,v14 (scripts/60_xbrl_metric_engine.py),invested_capital_prior,False,REVIEW_REQUIRED,,,,,,,,,,True,total_debt_prior + stockholders_equity_prior - cash_and_equivalents_prior - short_term_investments_prior,"לא ניתן לחשב מדד נגזר כי לא כל הרכיבים עברו PASS: {'total_debt_prior': 'REVIEW_REQUIRED', 'stockholders_equity_prior': 'PASS', 'cash_and_equivalents_prior': 'PASS', 'short_term_investments_prior': 'REVIEW_REQUIRED'}"
CRWD,"CrowdStrike Holdings, Inc.",1535527,10-K,2022-01-31,2022,2021-01-31,2022-03-16,0001535527-22-000006,crwd-20220131.htm,v14 (scripts/60_xbrl_metric_engine.py),nopat,True,REVIEW_REQUIRED,,,,,,,,,,True,operating_income * (1 - effective_tax_rate),"לא ניתן לחשב מדד נגזר כי לא כל הרכיבים עברו PASS: {'operating_income': 'PASS', 'effective_tax_rate': 'REVIEW_REQUIRED'}"
CRWD,"CrowdStrike Holdings, Inc.",1535527,10-K,2022-01-31,2022,2021-01-31,2022-03-16,0001535527-22-000006,crwd-20220131.htm,v14 (scripts/60_xbrl_metric_engine.py),average_invested_capital,True,REVIEW_REQUIRED,,,,,,,,,,True,(invested_capital + invested_capital_prior) / 2,"לא ניתן לחשב מדד נגזר כי לא כל הרכיבים עברו PASS: {'invested_capital': 'REVIEW_REQUIRED', 'invested_capital_prior': 'REVIEW_REQUIRED'}"
CRWD,"CrowdStrike Holdings, Inc.",1535527,10-K,2022-01-31,2022,2021-01-31,2022-03-16,0001535527-22-000006,crwd-20220131.htm,v14 (scripts/60_xbrl_metric_engine.py),roic,True,REVIEW_REQUIRED,,,,,,,,,,True,nopat / average_invested_capital,"לא ניתן לחשב מדד נגזר כי לא כל הרכיבים עברו PASS: {'nopat': 'REVIEW_REQUIRED', 'average_invested_capital': 'REVIEW_REQUIRED'}"
CRWD,"CrowdStrike Holdings, Inc.",1535527,10-K,2023-01-31,2023,2022-01-31,2023-03-09,0001535527-23-000008,crwd-20230131.htm,v14 (scripts/60_xbrl_metric_engine.py),capex,True,PASS,235019000.0,iso4217:USD,i30bbfaa06e7f4e20922c7f2a9d8e0a9b_D20220201-20230131,2022-02-01,2023-01-31,us-gaap:PaymentsToAcquirePropertyPlantAndEquipment,Purchases of property and equipment,0000008 - Statement - Consolidated Statements of Cash Flows,plain,False,,
CRWD,"CrowdStrike Holdings, Inc.",1535527,10-K,2023-01-31,2023,2022-01-31,2023-03-09,0001535527-23-000008,crwd-20230131.htm,v14 (scripts/60_xbrl_metric_engine.py),cash_and_equivalents,True,PASS,2455369000.0,iso4217:USD,i6db44c55d9bc452ab2cf47afe388ec8b_I20230131,2023-01-31,2023-01-31,us-gaap:CashAndCashEquivalentsAtCarryingValue,Cash and cash equivalents,0000003 - Statement - Consolidated Balance Sheets,plain,False,,
CRWD,"CrowdStrike Holdings, Inc.",1535527,10-K,2023-01-31,2023,2022-01-31,2023-03-09,0001535527-23-000008,crwd-20230131.htm,v14 (scripts/60_xbrl_metric_engine.py),current_debt,True,REVIEW_REQUIRED,,,,,,,,,,False,,current_debt = 0 לא הוסק (תנאי 2 לא הוכח): לא נמצא באופן חד-משמעי ביאור לוח פירעונות חוב (Debt Maturity Schedule) — לא ניתן לאשר תנאי 2.
CRWD,"CrowdStrike Holdings, Inc.",1535527,10-K,2023-01-31,2023,2022-01-31,2023-03-09,0001535527-23-000008,crwd-20230131.htm,v14 (scripts/60_xbrl_metric_engine.py),income_tax_expense,True,PASS,22402000.0,iso4217:USD,i30bbfaa06e7f4e20922c7f2a9d8e0a9b_D20220201-20230131,2022-02-01,2023-01-31,us-gaap:IncomeTaxExpenseBenefit,Provision for income taxes,0000005 - Statement - Consolidated Statements of Operations,plain,False,,
CRWD,"CrowdStrike Holdings, Inc.",1535527,10-K,2023-01-31,2023,2022-01-31,2023-03-09,0001535527-23-000008,crwd-20230131.htm,v14 (scripts/60_xbrl_metric_engine.py),long_term_debt,True,PASS,741005000.0,iso4217:USD,i6db44c55d9bc452ab2cf47afe388ec8b_I20230131,2023-01-31,2023-01-31,us-gaap:LongTermDebtNoncurrent,Long-term debt,0000003 - Statement - Consolidated Balance Sheets,plain,False,,
CRWD,"CrowdStrike Holdings, Inc.",1535527,10-K,2023-01-31,2023,2022-01-31,2023-03-09,0001535527-23-000008,crwd-20230131.htm,v14 (scripts/60_xbrl_metric_engine.py),net_income,True,PASS,-182285000.0,iso4217:USD,i30bbfaa06e7f4e20922c7f2a9d8e0a9b_D20220201-20230131,2022-02-01,2023-01-31,us-gaap:ProfitLoss,Net loss,0000005 - Statement - Consolidated Statements of Operations,plain,False,,
CRWD,"CrowdStrike Holdings, Inc.",1535527,10-K,2023-01-31,2023,2022-01-31,2023-03-09,0001535527-23-000008,crwd-20230131.htm,v14 (scripts/60_xbrl_metric_engine.py),operating_cash_flow,True,PASS,941007000.0,iso4217:USD,i30bbfaa06e7f4e20922c7f2a9d8e0a9b_D20220201-20230131,2022-02-01,2023-01-31,us-gaap:NetCashProvidedByUsedInOperatingActivities,Net cash provided by operating activities,0000008 - Statement - Consolidated Statements of Cash Flows,plain,False,,
CRWD,"CrowdStrike Holdings, Inc.",1535527,10-K,2023-01-31,2023,2022-01-31,2023-03-09,0001535527-23-000008,crwd-20230131.htm,v14 (scripts/60_xbrl_metric_engine.py),operating_income,True,PASS,-190112000.0,iso4217:USD,i30bbfaa06e7f4e20922c7f2a9d8e0a9b_D20220201-20230131,2022-02-01,2023-01-31,us-gaap:OperatingIncomeLoss,Loss from operations,0000005 - Statement - Consolidated Statements of Operations,plain,False,,
CRWD,"CrowdStrike Holdings, Inc.",1535527,10-K,2023-01-31,2023,2022-01-31,2023-03-09,0001535527-23-000008,crwd-20230131.htm,v14 (scripts/60_xbrl_metric_engine.py),pretax_income,True,REVIEW_REQUIRED,,,,,,,,,,False,,לא נמצאה אף שורת 'pretax_income' בתוך Statement role ראשי התואם לכללי ה-Role של המדד.
CRWD,"CrowdStrike Holdings, Inc.",1535527,10-K,2023-01-31,2023,2022-01-31,2023-03-09,0001535527-23-000008,crwd-20230131.htm,v14 (scripts/60_xbrl_metric_engine.py),revenue,True,PASS,2241236000.0,iso4217:USD,i30bbfaa06e7f4e20922c7f2a9d8e0a9b_D20220201-20230131,2022-02-01,2023-01-31,us-gaap:RevenueFromContractWithCustomerIncludingAssessedTax,Total revenue,0000005 - Statement - Consolidated Statements of Operations,plain,False,,
CRWD,"CrowdStrike Holdings, Inc.",1535527,10-K,2023-01-31,2023,2022-01-31,2023-03-09,0001535527-23-000008,crwd-20230131.htm,v14 (scripts/60_xbrl_metric_engine.py),short_term_investments,True,PASS,250000000.0,iso4217:USD,i6db44c55d9bc452ab2cf47afe388ec8b_I20230131,2023-01-31,2023-01-31,us-gaap:ShortTermInvestments,Short-term investments,0000003 - Statement - Consolidated Balance Sheets,plain,False,,
CRWD,"CrowdStrike Holdings, Inc.",1535527,10-K,2023-01-31,2023,2022-01-31,2023-03-09,0001535527-23-000008,crwd-20230131.htm,v14 (scripts/60_xbrl_metric_engine.py),stockholders_equity,True,PASS,1487434000.0,iso4217:USD,i6db44c55d9bc452ab2cf47afe388ec8b_I20230131,2023-01-31,2023-01-31,us-gaap:StockholdersEquityIncludingPortionAttributableToNoncontrollingInterest,Total stockholders’ equity,0000003 - Statement - Consolidated Balance Sheets,plain,False,,
CRWD,"CrowdStrike Holdings, Inc.",1535527,10-K,2023-01-31,2023,2022-01-31,2023-03-09,0001535527-23-000008,crwd-20230131.htm,v14 (scripts/60_xbrl_metric_engine.py),total_debt_explicit,False,REVIEW_REQUIRED,,,,,,,,,,False,,לא נמצאה אף שורת 'total_debt_explicit' בתוך Statement role ראשי התואם לכללי ה-Role של המדד.
CRWD,"CrowdStrike Holdings, Inc.",1535527,10-K,2023-01-31,2023,2022-01-31,2023-03-09,0001535527-23-000008,crwd-20230131.htm,v14 (scripts/60_xbrl_metric_engine.py),cash_and_equivalents_prior,False,PASS,1996633000.0,iso4217:USD,i4df4973fbc8a4a869d2ba7a57f5a73cb_I20220131,2022-01-31,2022-01-31,us-gaap:CashAndCashEquivalentsAtCarryingValue,Cash and cash equivalents,0000003 - Statement - Consolidated Balance Sheets,plain,False,,
CRWD,"CrowdStrike Holdings, Inc.",1535527,10-K,2023-01-31,2023,2022-01-31,2023-03-09,0001535527-23-000008,crwd-20230131.htm,v14 (scripts/60_xbrl_metric_engine.py),current_debt_prior,False,REVIEW_REQUIRED,,,,,,,,,,False,,current_debt = 0 לא הוסק (תנאי 2 לא הוכח): לא נמצא באופן חד-משמעי ביאור לוח פירעונות חוב (Debt Maturity Schedule) — לא ניתן לאשר תנאי 2.
CRWD,"CrowdStrike Holdings, Inc.",1535527,10-K,2023-01-31,2023,2022-01-31,2023-03-09,0001535527-23-000008,crwd-20230131.htm,v14 (scripts/60_xbrl_metric_engine.py),long_term_debt_prior,False,PASS,739517000.0,iso4217:USD,i4df4973fbc8a4a869d2ba7a57f5a73cb_I20220131,2022-01-31,2022-01-31,us-gaap:LongTermDebtNoncurrent,Long-term debt,0000003 - Statement - Consolidated Balance Sheets,plain,False,,
CRWD,"CrowdStrike Holdings, Inc.",1535527,10-K,2023-01-31,2023,2022-01-31,2023-03-09,0001535527-23-000008,crwd-20230131.htm,v14 (scripts/60_xbrl_metric_engine.py),short_term_investments_prior,False,PASS,0.0,iso4217:USD,i4df4973fbc8a4a869d2ba7a57f5a73cb_I20220131,2022-01-31,2022-01-31,us-gaap:ShortTermInvestments,Short-term investments,0000003 - Statement - Consolidated Balance Sheets,plain,False,,
CRWD,"CrowdStrike Holdings, Inc.",1535527,10-K,2023-01-31,2023,2022-01-31,2023-03-09,0001535527-23-000008,crwd-20230131.htm,v14 (scripts/60_xbrl_metric_engine.py),stockholders_equity_prior,False,PASS,1037643000.0,iso4217:USD,i4df4973fbc8a4a869d2ba7a57f5a73cb_I20220131,2022-01-31,2022-01-31,us-gaap:StockholdersEquityIncludingPortionAttributableToNoncontrollingInterest,Total stockholders’ equity,0000003 - Statement - Consolidated Balance Sheets,plain,False,,
CRWD,"CrowdStrike Holdings, Inc.",1535527,10-K,2023-01-31,2023,2022-01-31,2023-03-09,0001535527-23-000008,crwd-20230131.htm,v14 (scripts/60_xbrl_metric_engine.py),total_debt_explicit_prior,False,REVIEW_REQUIRED,,,,,,,,,,False,,לא נמצאה אף שורת 'total_debt_explicit' בתוך Statement role ראשי התואם לכללי ה-Role של המדד.
CRWD,"CrowdStrike Holdings, Inc.",1535527,10-K,2023-01-31,2023,2022-01-31,2023-03-09,0001535527-23-000008,crwd-20230131.htm,v14 (scripts/60_xbrl_metric_engine.py),effective_tax_rate,True,REVIEW_REQUIRED,,,,,,,,,,True,income_tax_expense / pretax_income,"לא ניתן לחשב Effective Tax Rate כי לא כל הרכיבים עברו PASS: {'pretax_income': 'REVIEW_REQUIRED', 'income_tax_expense': 'PASS'}"
CRWD,"CrowdStrike Holdings, Inc.",1535527,10-K,2023-01-31,2023,2022-01-31,2023-03-09,0001535527-23-000008,crwd-20230131.htm,v14 (scripts/60_xbrl_metric_engine.py),total_debt,True,REVIEW_REQUIRED,,,,,,,,,,True,current_debt + long_term_debt (no unambiguous direct aggregate Total Debt row found — explicit-row status: REVIEW_REQUIRED),"לא ניתן לחשב מדד נגזר כי לא כל הרכיבים עברו PASS: {'current_debt': 'REVIEW_REQUIRED', 'long_term_debt': 'PASS'}"
CRWD,"CrowdStrike Holdings, Inc.",1535527,10-K,2023-01-31,2023,2022-01-31,2023-03-09,0001535527-23-000008,crwd-20230131.htm,v14 (scripts/60_xbrl_metric_engine.py),total_debt_prior,False,REVIEW_REQUIRED,,,,,,,,,,True,current_debt_prior + long_term_debt_prior (no unambiguous direct aggregate Total Debt row found — explicit-row status: REVIEW_REQUIRED),"לא ניתן לחשב מדד נגזר כי לא כל הרכיבים עברו PASS: {'current_debt_prior': 'REVIEW_REQUIRED', 'long_term_debt_prior': 'PASS'}"
CRWD,"CrowdStrike Holdings, Inc.",1535527,10-K,2023-01-31,2023,2022-01-31,2023-03-09,0001535527-23-000008,crwd-20230131.htm,v14 (scripts/60_xbrl_metric_engine.py),adjusted_net_debt,True,REVIEW_REQUIRED,,,,,,,,,,True,total_debt - cash_and_equivalents - short_term_investments,"לא ניתן לחשב מדד נגזר כי לא כל הרכיבים עברו PASS: {'total_debt': 'REVIEW_REQUIRED', 'cash_and_equivalents': 'PASS', 'short_term_investments': 'PASS'}"
CRWD,"CrowdStrike Holdings, Inc.",1535527,10-K,2023-01-31,2023,2022-01-31,2023-03-09,0001535527-23-000008,crwd-20230131.htm,v14 (scripts/60_xbrl_metric_engine.py),free_cash_flow,True,PASS,705988000.0,iso4217:USD,,2022-02-01,2023-01-31,,,,,True,operating_cash_flow - capex,
CRWD,"CrowdStrike Holdings, Inc.",1535527,10-K,2023-01-31,2023,2022-01-31,2023-03-09,0001535527-23-000008,crwd-20230131.htm,v14 (scripts/60_xbrl_metric_engine.py),invested_capital,True,REVIEW_REQUIRED,,,,,,,,,,True,total_debt + stockholders_equity - cash_and_equivalents - short_term_investments,"לא ניתן לחשב מדד נגזר כי לא כל הרכיבים עברו PASS: {'total_debt': 'REVIEW_REQUIRED', 'stockholders_equity': 'PASS', 'cash_and_equivalents': 'PASS', 'short_term_investments': 'PASS'}"
CRWD,"CrowdStrike Holdings, Inc.",1535527,10-K,2023-01-31,2023,2022-01-31,2023-03-09,0001535527-23-000008,crwd-20230131.htm,v14 (scripts/60_xbrl_metric_engine.py),invested_capital_prior,False,REVIEW_REQUIRED,,,,,,,,,,True,total_debt_prior + stockholders_equity_prior - cash_and_equivalents_prior - short_term_investments_prior,"לא ניתן לחשב מדד נגזר כי לא כל הרכיבים עברו PASS: {'total_debt_prior': 'REVIEW_REQUIRED', 'stockholders_equity_prior': 'PASS', 'cash_and_equivalents_prior': 'PASS', 'short_term_investments_prior': 'PASS'}"
CRWD,"CrowdStrike Holdings, Inc.",1535527,10-K,2023-01-31,2023,2022-01-31,2023-03-09,0001535527-23-000008,crwd-20230131.htm,v14 (scripts/60_xbrl_metric_engine.py),nopat,True,REVIEW_REQUIRED,,,,,,,,,,True,operating_income * (1 - effective_tax_rate),"לא ניתן לחשב מדד נגזר כי לא כל הרכיבים עברו PASS: {'operating_income': 'PASS', 'effective_tax_rate': 'REVIEW_REQUIRED'}"
CRWD,"CrowdStrike Holdings, Inc.",1535527,10-K,2023-01-31,2023,2022-01-31,2023-03-09,0001535527-23-000008,crwd-20230131.htm,v14 (scripts/60_xbrl_metric_engine.py),average_invested_capital,True,REVIEW_REQUIRED,,,,,,,,,,True,(invested_capital + invested_capital_prior) / 2,"לא ניתן לחשב מדד נגזר כי לא כל הרכיבים עברו PASS: {'invested_capital': 'REVIEW_REQUIRED', 'invested_capital_prior': 'REVIEW_REQUIRED'}"
CRWD,"CrowdStrike Holdings, Inc.",1535527,10-K,2023-01-31,2023,2022-01-31,2023-03-09,0001535527-23-000008,crwd-20230131.htm,v14 (scripts/60_xbrl_metric_engine.py),roic,True,REVIEW_REQUIRED,,,,,,,,,,True,nopat / average_invested_capital,"לא ניתן לחשב מדד נגזר כי לא כל הרכיבים עברו PASS: {'nopat': 'REVIEW_REQUIRED', 'average_invested_capital': 'REVIEW_REQUIRED'}"
CRWD,"CrowdStrike Holdings, Inc.",1535527,10-K,2024-01-31,2024,2023-01-31,2024-03-07,0001535527-24-000007,crwd-20240131.htm,v14 (scripts/60_xbrl_metric_engine.py),capex,True,PASS,176529000.0,iso4217:USD,c-1,2023-02-01,2024-01-31,us-gaap:PaymentsToAcquirePropertyPlantAndEquipment,Purchases of property and equipment,0000008 - Statement - Consolidated Statements of Cash Flows,plain,False,,
CRWD,"CrowdStrike Holdings, Inc.",1535527,10-K,2024-01-31,2024,2023-01-31,2024-03-07,0001535527-24-000007,crwd-20240131.htm,v14 (scripts/60_xbrl_metric_engine.py),cash_and_equivalents,True,PASS,3375069000.0,iso4217:USD,c-5,2024-01-31,2024-01-31,us-gaap:CashAndCashEquivalentsAtCarryingValue,Cash and cash equivalents,0000003 - Statement - Consolidated Balance Sheets,plain,False,,
CRWD,"CrowdStrike Holdings, Inc.",1535527,10-K,2024-01-31,2024,2023-01-31,2024-03-07,0001535527-24-000007,crwd-20240131.htm,v14 (scripts/60_xbrl_metric_engine.py),current_debt,True,REVIEW_REQUIRED,,,,,,,,,,False,,current_debt = 0 לא הוסק (תנאי 2 לא הוכח): לא נמצא באופן חד-משמעי ביאור לוח פירעונות חוב (Debt Maturity Schedule) — לא ניתן לאשר תנאי 2.
CRWD,"CrowdStrike Holdings, Inc.",1535527,10-K,2024-01-31,2024,2023-01-31,2024-03-07,0001535527-24-000007,crwd-20240131.htm,v14 (scripts/60_xbrl_metric_engine.py),income_tax_expense,True,PASS,32232000.0,iso4217:USD,c-1,2023-02-01,2024-01-31,us-gaap:IncomeTaxExpenseBenefit,Provision for income taxes,0000005 - Statement - Consolidated Statements of Operations,plain,False,,
CRWD,"CrowdStrike Holdings, Inc.",1535527,10-K,2024-01-31,2024,2023-01-31,2024-03-07,0001535527-24-000007,crwd-20240131.htm,v14 (scripts/60_xbrl_metric_engine.py),long_term_debt,True,PASS,742494000.0,iso4217:USD,c-5,2024-01-31,2024-01-31,us-gaap:LongTermDebtNoncurrent,Long-term debt,0000003 - Statement - Consolidated Balance Sheets,plain,False,,
CRWD,"CrowdStrike Holdings, Inc.",1535527,10-K,2024-01-31,2024,2023-01-31,2024-03-07,0001535527-24-000007,crwd-20240131.htm,v14 (scripts/60_xbrl_metric_engine.py),net_income,True,PASS,90585000.0,iso4217:USD,c-1,2023-02-01,2024-01-31,us-gaap:ProfitLoss,Net income (loss),0000005 - Statement - Consolidated Statements of Operations,plain,False,,
CRWD,"CrowdStrike Holdings, Inc.",1535527,10-K,2024-01-31,2024,2023-01-31,2024-03-07,0001535527-24-000007,crwd-20240131.htm,v14 (scripts/60_xbrl_metric_engine.py),operating_cash_flow,True,PASS,1166207000.0,iso4217:USD,c-1,2023-02-01,2024-01-31,us-gaap:NetCashProvidedByUsedInOperatingActivities,Net cash provided by operating activities,0000008 - Statement - Consolidated Statements of Cash Flows,plain,False,,
CRWD,"CrowdStrike Holdings, Inc.",1535527,10-K,2024-01-31,2024,2023-01-31,2024-03-07,0001535527-24-000007,crwd-20240131.htm,v14 (scripts/60_xbrl_metric_engine.py),operating_income,True,PASS,-1995000.0,iso4217:USD,c-1,2023-02-01,2024-01-31,us-gaap:OperatingIncomeLoss,Loss from operations,0000005 - Statement - Consolidated Statements of Operations,plain,False,,
CRWD,"CrowdStrike Holdings, Inc.",1535527,10-K,2024-01-31,2024,2023-01-31,2024-03-07,0001535527-24-000007,crwd-20240131.htm,v14 (scripts/60_xbrl_metric_engine.py),pretax_income,True,PASS,122817000.0,iso4217:USD,c-1,2023-02-01,2024-01-31,us-gaap:IncomeLossFromContinuingOperationsBeforeIncomeTaxesExtraordinaryItemsNoncontrollingInterest,Income (loss) before provision for income taxes,0000005 - Statement - Consolidated Statements of Operations,plain,False,,
CRWD,"CrowdStrike Holdings, Inc.",1535527,10-K,2024-01-31,2024,2023-01-31,2024-03-07,0001535527-24-000007,crwd-20240131.htm,v14 (scripts/60_xbrl_metric_engine.py),revenue,True,PASS,3055555000.0,iso4217:USD,c-1,2023-02-01,2024-01-31,us-gaap:RevenueFromContractWithCustomerIncludingAssessedTax,Total revenue,0000005 - Statement - Consolidated Statements of Operations,plain,False,,
CRWD,"CrowdStrike Holdings, Inc.",1535527,10-K,2024-01-31,2024,2023-01-31,2024-03-07,0001535527-24-000007,crwd-20240131.htm,v14 (scripts/60_xbrl_metric_engine.py),short_term_investments,True,PASS,99591000.0,iso4217:USD,c-5,2024-01-31,2024-01-31,us-gaap:ShortTermInvestments,Short-term investments,0000003 - Statement - Consolidated Balance Sheets,plain,False,,
CRWD,"CrowdStrike Holdings, Inc.",1535527,10-K,2024-01-31,2024,2023-01-31,2024-03-07,0001535527-24-000007,crwd-20240131.htm,v14 (scripts/60_xbrl_metric_engine.py),stockholders_equity,True,PASS,2337089000.0,iso4217:USD,c-5,2024-01-31,2024-01-31,us-gaap:StockholdersEquityIncludingPortionAttributableToNoncontrollingInterest,Total stockholders’ equity,0000003 - Statement - Consolidated Balance Sheets,plain,False,,
CRWD,"CrowdStrike Holdings, Inc.",1535527,10-K,2024-01-31,2024,2023-01-31,2024-03-07,0001535527-24-000007,crwd-20240131.htm,v14 (scripts/60_xbrl_metric_engine.py),total_debt_explicit,False,REVIEW_REQUIRED,,,,,,,,,,False,,לא נמצאה אף שורת 'total_debt_explicit' בתוך Statement role ראשי התואם לכללי ה-Role של המדד.
CRWD,"CrowdStrike Holdings, Inc.",1535527,10-K,2024-01-31,2024,2023-01-31,2024-03-07,0001535527-24-000007,crwd-20240131.htm,v14 (scripts/60_xbrl_metric_engine.py),cash_and_equivalents_prior,False,PASS,2455369000.0,iso4217:USD,c-6,2023-01-31,2023-01-31,us-gaap:CashAndCashEquivalentsAtCarryingValue,Cash and cash equivalents,0000003 - Statement - Consolidated Balance Sheets,plain,False,,
CRWD,"CrowdStrike Holdings, Inc.",1535527,10-K,2024-01-31,2024,2023-01-31,2024-03-07,0001535527-24-000007,crwd-20240131.htm,v14 (scripts/60_xbrl_metric_engine.py),current_debt_prior,False,REVIEW_REQUIRED,,,,,,,,,,False,,current_debt = 0 לא הוסק (תנאי 2 לא הוכח): לא נמצא באופן חד-משמעי ביאור לוח פירעונות חוב (Debt Maturity Schedule) — לא ניתן לאשר תנאי 2.
CRWD,"CrowdStrike Holdings, Inc.",1535527,10-K,2024-01-31,2024,2023-01-31,2024-03-07,0001535527-24-000007,crwd-20240131.htm,v14 (scripts/60_xbrl_metric_engine.py),long_term_debt_prior,False,PASS,741005000.0,iso4217:USD,c-6,2023-01-31,2023-01-31,us-gaap:LongTermDebtNoncurrent,Long-term debt,0000003 - Statement - Consolidated Balance Sheets,plain,False,,
CRWD,"CrowdStrike Holdings, Inc.",1535527,10-K,2024-01-31,2024,2023-01-31,2024-03-07,0001535527-24-000007,crwd-20240131.htm,v14 (scripts/60_xbrl_metric_engine.py),short_term_investments_prior,False,PASS,250000000.0,iso4217:USD,c-6,2023-01-31,2023-01-31,us-gaap:ShortTermInvestments,Short-term investments,0000003 - Statement - Consolidated Balance Sheets,plain,False,,
CRWD,"CrowdStrike Holdings, Inc.",1535527,10-K,2024-01-31,2024,2023-01-31,2024-03-07,0001535527-24-000007,crwd-20240131.htm,v14 (scripts/60_xbrl_metric_engine.py),stockholders_equity_prior,False,PASS,1487434000.0,iso4217:USD,c-6,2023-01-31,2023-01-31,us-gaap:StockholdersEquityIncludingPortionAttributableToNoncontrollingInterest,Total stockholders’ equity,0000003 - Statement - Consolidated Balance Sheets,plain,False,,
CRWD,"CrowdStrike Holdings, Inc.",1535527,10-K,2024-01-31,2024,2023-01-31,2024-03-07,0001535527-24-000007,crwd-20240131.htm,v14 (scripts/60_xbrl_metric_engine.py),total_debt_explicit_prior,False,REVIEW_REQUIRED,,,,,,,,,,False,,לא נמצאה אף שורת 'total_debt_explicit' בתוך Statement role ראשי התואם לכללי ה-Role של המדד.
CRWD,"CrowdStrike Holdings, Inc.",1535527,10-K,2024-01-31,2024,2023-01-31,2024-03-07,0001535527-24-000007,crwd-20240131.htm,v14 (scripts/60_xbrl_metric_engine.py),effective_tax_rate,True,PASS,0.26243923886758347,ratio,,2023-02-01,2024-01-31,,,,,True,income_tax_expense / pretax_income,
CRWD,"CrowdStrike Holdings, Inc.",1535527,10-K,2024-01-31,2024,2023-01-31,2024-03-07,0001535527-24-000007,crwd-20240131.htm,v14 (scripts/60_xbrl_metric_engine.py),total_debt,True,REVIEW_REQUIRED,,,,,,,,,,True,current_debt + long_term_debt (no unambiguous direct aggregate Total Debt row found — explicit-row status: REVIEW_REQUIRED),"לא ניתן לחשב מדד נגזר כי לא כל הרכיבים עברו PASS: {'current_debt': 'REVIEW_REQUIRED', 'long_term_debt': 'PASS'}"
CRWD,"CrowdStrike Holdings, Inc.",1535527,10-K,2024-01-31,2024,2023-01-31,2024-03-07,0001535527-24-000007,crwd-20240131.htm,v14 (scripts/60_xbrl_metric_engine.py),total_debt_prior,False,REVIEW_REQUIRED,,,,,,,,,,True,current_debt_prior + long_term_debt_prior (no unambiguous direct aggregate Total Debt row found — explicit-row status: REVIEW_REQUIRED),"לא ניתן לחשב מדד נגזר כי לא כל הרכיבים עברו PASS: {'current_debt_prior': 'REVIEW_REQUIRED', 'long_term_debt_prior': 'PASS'}"
CRWD,"CrowdStrike Holdings, Inc.",1535527,10-K,2024-01-31,2024,2023-01-31,2024-03-07,0001535527-24-000007,crwd-20240131.htm,v14 (scripts/60_xbrl_metric_engine.py),adjusted_net_debt,True,REVIEW_REQUIRED,,,,,,,,,,True,total_debt - cash_and_equivalents - short_term_investments,"לא ניתן לחשב מדד נגזר כי לא כל הרכיבים עברו PASS: {'total_debt': 'REVIEW_REQUIRED', 'cash_and_equivalents': 'PASS', 'short_term_investments': 'PASS'}"
CRWD,"CrowdStrike Holdings, Inc.",1535527,10-K,2024-01-31,2024,2023-01-31,2024-03-07,0001535527-24-000007,crwd-20240131.htm,v14 (scripts/60_xbrl_metric_engine.py),free_cash_flow,True,PASS,989678000.0,iso4217:USD,,2023-02-01,2024-01-31,,,,,True,operating_cash_flow - capex,
CRWD,"CrowdStrike Holdings, Inc.",1535527,10-K,2024-01-31,2024,2023-01-31,2024-03-07,0001535527-24-000007,crwd-20240131.htm,v14 (scripts/60_xbrl_metric_engine.py),invested_capital,True,REVIEW_REQUIRED,,,,,,,,,,True,total_debt + stockholders_equity - cash_and_equivalents - short_term_investments,"לא ניתן לחשב מדד נגזר כי לא כל הרכיבים עברו PASS: {'total_debt': 'REVIEW_REQUIRED', 'stockholders_equity': 'PASS', 'cash_and_equivalents': 'PASS', 'short_term_investments': 'PASS'}"
CRWD,"CrowdStrike Holdings, Inc.",1535527,10-K,2024-01-31,2024,2023-01-31,2024-03-07,0001535527-24-000007,crwd-20240131.htm,v14 (scripts/60_xbrl_metric_engine.py),invested_capital_prior,False,REVIEW_REQUIRED,,,,,,,,,,True,total_debt_prior + stockholders_equity_prior - cash_and_equivalents_prior - short_term_investments_prior,"לא ניתן לחשב מדד נגזר כי לא כל הרכיבים עברו PASS: {'total_debt_prior': 'REVIEW_REQUIRED', 'stockholders_equity_prior': 'PASS', 'cash_and_equivalents_prior': 'PASS', 'short_term_investments_prior': 'PASS'}"
CRWD,"CrowdStrike Holdings, Inc.",1535527,10-K,2024-01-31,2024,2023-01-31,2024-03-07,0001535527-24-000007,crwd-20240131.htm,v14 (scripts/60_xbrl_metric_engine.py),nopat,True,PASS,-1471433.718459171,iso4217:USD,,2023-02-01,2024-01-31,,,,,True,operating_income * (1 - effective_tax_rate),
CRWD,"CrowdStrike Holdings, Inc.",1535527,10-K,2024-01-31,2024,2023-01-31,2024-03-07,0001535527-24-000007,crwd-20240131.htm,v14 (scripts/60_xbrl_metric_engine.py),average_invested_capital,True,REVIEW_REQUIRED,,,,,,,,,,True,(invested_capital + invested_capital_prior) / 2,"לא ניתן לחשב מדד נגזר כי לא כל הרכיבים עברו PASS: {'invested_capital': 'REVIEW_REQUIRED', 'invested_capital_prior': 'REVIEW_REQUIRED'}"
CRWD,"CrowdStrike Holdings, Inc.",1535527,10-K,2024-01-31,2024,2023-01-31,2024-03-07,0001535527-24-000007,crwd-20240131.htm,v14 (scripts/60_xbrl_metric_engine.py),roic,True,REVIEW_REQUIRED,,,,,,,,,,True,nopat / average_invested_capital,"לא ניתן לחשב מדד נגזר כי לא כל הרכיבים עברו PASS: {'nopat': 'PASS', 'average_invested_capital': 'REVIEW_REQUIRED'}"
CRWD,"CrowdStrike Holdings, Inc.",1535527,10-K,2025-01-31,2025,2024-01-31,2025-03-10,0001535527-25-000009,crwd-20250131.htm,v14 (scripts/60_xbrl_metric_engine.py),capex,True,PASS,254852000.0,iso4217:USD,c-1,2024-02-01,2025-01-31,us-gaap:PaymentsToAcquirePropertyPlantAndEquipment,Purchases of property and equipment,9952156 - Statement - Consolidated Statements of Cash Flows,plain,False,,
CRWD,"CrowdStrike Holdings, Inc.",1535527,10-K,2025-01-31,2025,2024-01-31,2025-03-10,0001535527-25-000009,crwd-20250131.htm,v14 (scripts/60_xbrl_metric_engine.py),cash_and_equivalents,True,PASS,4323295000.0,iso4217:USD,c-5,2025-01-31,2025-01-31,us-gaap:CashAndCashEquivalentsAtCarryingValue,Cash and cash equivalents,9952151 - Statement - Consolidated Balance Sheets,plain,False,,
CRWD,"CrowdStrike Holdings, Inc.",1535527,10-K,2025-01-31,2025,2024-01-31,2025-03-10,0001535527-25-000009,crwd-20250131.htm,v14 (scripts/60_xbrl_metric_engine.py),current_debt,True,REVIEW_REQUIRED,,,,,,,,,,False,,current_debt = 0 לא הוסק (תנאי 2 לא הוכח): לא נמצא באופן חד-משמעי ביאור לוח פירעונות חוב (Debt Maturity Schedule) — לא ניתן לאשר תנאי 2.
CRWD,"CrowdStrike Holdings, Inc.",1535527,10-K,2025-01-31,2025,2024-01-31,2025-03-10,0001535527-25-000009,crwd-20250131.htm,v14 (scripts/60_xbrl_metric_engine.py),income_tax_expense,True,PASS,71130000.0,iso4217:USD,c-1,2024-02-01,2025-01-31,us-gaap:IncomeTaxExpenseBenefit,Provision for income taxes,9952153 - Statement - Consolidated Statements of Operations,plain,False,,
CRWD,"CrowdStrike Holdings, Inc.",1535527,10-K,2025-01-31,2025,2024-01-31,2025-03-10,0001535527-25-000009,crwd-20250131.htm,v14 (scripts/60_xbrl_metric_engine.py),long_term_debt,True,PASS,743983000.0,iso4217:USD,c-5,2025-01-31,2025-01-31,us-gaap:LongTermDebtNoncurrent,Long-term debt,9952151 - Statement - Consolidated Balance Sheets,plain,False,,
CRWD,"CrowdStrike Holdings, Inc.",1535527,10-K,2025-01-31,2025,2024-01-31,2025-03-10,0001535527-25-000009,crwd-20250131.htm,v14 (scripts/60_xbrl_metric_engine.py),net_income,True,PASS,-16596000.0,iso4217:USD,c-1,2024-02-01,2025-01-31,us-gaap:ProfitLoss,Net income (loss),9952153 - Statement - Consolidated Statements of Operations,plain,False,,
CRWD,"CrowdStrike Holdings, Inc.",1535527,10-K,2025-01-31,2025,2024-01-31,2025-03-10,0001535527-25-000009,crwd-20250131.htm,v14 (scripts/60_xbrl_metric_engine.py),operating_cash_flow,True,PASS,1381727000.0,iso4217:USD,c-1,2024-02-01,2025-01-31,us-gaap:NetCashProvidedByUsedInOperatingActivities,Net cash provided by operating activities,9952156 - Statement - Consolidated Statements of Cash Flows,plain,False,,
CRWD,"CrowdStrike Holdings, Inc.",1535527,10-K,2025-01-31,2025,2024-01-31,2025-03-10,0001535527-25-000009,crwd-20250131.htm,v14 (scripts/60_xbrl_metric_engine.py),operating_income,True,PASS,-120430000.0,iso4217:USD,c-1,2024-02-01,2025-01-31,us-gaap:OperatingIncomeLoss,Loss from operations,9952153 - Statement - Consolidated Statements of Operations,plain,False,,
CRWD,"CrowdStrike Holdings, Inc.",1535527,10-K,2025-01-31,2025,2024-01-31,2025-03-10,0001535527-25-000009,crwd-20250131.htm,v14 (scripts/60_xbrl_metric_engine.py),pretax_income,True,PASS,54534000.0,iso4217:USD,c-1,2024-02-01,2025-01-31,us-gaap:IncomeLossFromContinuingOperationsBeforeIncomeTaxesExtraordinaryItemsNoncontrollingInterest,Income (loss) before provision for income taxes,9952153 - Statement - Consolidated Statements of Operations,plain,False,,
CRWD,"CrowdStrike Holdings, Inc.",1535527,10-K,2025-01-31,2025,2024-01-31,2025-03-10,0001535527-25-000009,crwd-20250131.htm,v14 (scripts/60_xbrl_metric_engine.py),revenue,True,PASS,3953624000.0,iso4217:USD,c-1,2024-02-01,2025-01-31,us-gaap:RevenueFromContractWithCustomerIncludingAssessedTax,Total revenue,9952153 - Statement - Consolidated Statements of Operations,plain,False,,
CRWD,"CrowdStrike Holdings, Inc.",1535527,10-K,2025-01-31,2025,2024-01-31,2025-03-10,0001535527-25-000009,crwd-20250131.htm,v14 (scripts/60_xbrl_metric_engine.py),short_term_investments,True,PASS,0.0,iso4217:USD,c-5,2025-01-31,2025-01-31,us-gaap:ShortTermInvestments,Short-term investments,9952151 - Statement - Consolidated Balance Sheets,plain,False,,
CRWD,"CrowdStrike Holdings, Inc.",1535527,10-K,2025-01-31,2025,2024-01-31,2025-03-10,0001535527-25-000009,crwd-20250131.htm,v14 (scripts/60_xbrl_metric_engine.py),stockholders_equity,True,PASS,3318917000.0,iso4217:USD,c-5,2025-01-31,2025-01-31,us-gaap:StockholdersEquityIncludingPortionAttributableToNoncontrollingInterest,Total stockholders’ equity,9952151 - Statement - Consolidated Balance Sheets,plain,False,,
CRWD,"CrowdStrike Holdings, Inc.",1535527,10-K,2025-01-31,2025,2024-01-31,2025-03-10,0001535527-25-000009,crwd-20250131.htm,v14 (scripts/60_xbrl_metric_engine.py),total_debt_explicit,False,REVIEW_REQUIRED,,,,,,,,,,False,,לא נמצאה אף שורת 'total_debt_explicit' בתוך Statement role ראשי התואם לכללי ה-Role של המדד.
CRWD,"CrowdStrike Holdings, Inc.",1535527,10-K,2025-01-31,2025,2024-01-31,2025-03-10,0001535527-25-000009,crwd-20250131.htm,v14 (scripts/60_xbrl_metric_engine.py),cash_and_equivalents_prior,False,PASS,3375069000.0,iso4217:USD,c-6,2024-01-31,2024-01-31,us-gaap:CashAndCashEquivalentsAtCarryingValue,Cash and cash equivalents,9952151 - Statement - Consolidated Balance Sheets,plain,False,,
CRWD,"CrowdStrike Holdings, Inc.",1535527,10-K,2025-01-31,2025,2024-01-31,2025-03-10,0001535527-25-000009,crwd-20250131.htm,v14 (scripts/60_xbrl_metric_engine.py),current_debt_prior,False,REVIEW_REQUIRED,,,,,,,,,,False,,current_debt = 0 לא הוסק (תנאי 2 לא הוכח): לא נמצא באופן חד-משמעי ביאור לוח פירעונות חוב (Debt Maturity Schedule) — לא ניתן לאשר תנאי 2.
CRWD,"CrowdStrike Holdings, Inc.",1535527,10-K,2025-01-31,2025,2024-01-31,2025-03-10,0001535527-25-000009,crwd-20250131.htm,v14 (scripts/60_xbrl_metric_engine.py),long_term_debt_prior,False,PASS,742494000.0,iso4217:USD,c-6,2024-01-31,2024-01-31,us-gaap:LongTermDebtNoncurrent,Long-term debt,9952151 - Statement - Consolidated Balance Sheets,plain,False,,
CRWD,"CrowdStrike Holdings, Inc.",1535527,10-K,2025-01-31,2025,2024-01-31,2025-03-10,0001535527-25-000009,crwd-20250131.htm,v14 (scripts/60_xbrl_metric_engine.py),short_term_investments_prior,False,PASS,99591000.0,iso4217:USD,c-6,2024-01-31,2024-01-31,us-gaap:ShortTermInvestments,Short-term investments,9952151 - Statement - Consolidated Balance Sheets,plain,False,,
CRWD,"CrowdStrike Holdings, Inc.",1535527,10-K,2025-01-31,2025,2024-01-31,2025-03-10,0001535527-25-000009,crwd-20250131.htm,v14 (scripts/60_xbrl_metric_engine.py),stockholders_equity_prior,False,PASS,2337089000.0,iso4217:USD,c-6,2024-01-31,2024-01-31,us-gaap:StockholdersEquityIncludingPortionAttributableToNoncontrollingInterest,Total stockholders’ equity,9952151 - Statement - Consolidated Balance Sheets,plain,False,,
CRWD,"CrowdStrike Holdings, Inc.",1535527,10-K,2025-01-31,2025,2024-01-31,2025-03-10,0001535527-25-000009,crwd-20250131.htm,v14 (scripts/60_xbrl_metric_engine.py),total_debt_explicit_prior,False,REVIEW_REQUIRED,,,,,,,,,,False,,לא נמצאה אף שורת 'total_debt_explicit' בתוך Statement role ראשי התואם לכללי ה-Role של המדד.
CRWD,"CrowdStrike Holdings, Inc.",1535527,10-K,2025-01-31,2025,2024-01-31,2025-03-10,0001535527-25-000009,crwd-20250131.htm,v14 (scripts/60_xbrl_metric_engine.py),effective_tax_rate,True,REVIEW_REQUIRED,1.3043239080206843,,,,,,,,,True,income_tax_expense / pretax_income,"שיעור המס האפקטיבי המדווח (1.3043239080206843) מחוץ לטווח הסביר [0, 1]."
CRWD,"CrowdStrike Holdings, Inc.",1535527,10-K,2025-01-31,2025,2024-01-31,2025-03-10,0001535527-25-000009,crwd-20250131.htm,v14 (scripts/60_xbrl_metric_engine.py),total_debt,True,REVIEW_REQUIRED,,,,,,,,,,True,current_debt + long_term_debt (no unambiguous direct aggregate Total Debt row found — explicit-row status: REVIEW_REQUIRED),"לא ניתן לחשב מדד נגזר כי לא כל הרכיבים עברו PASS: {'current_debt': 'REVIEW_REQUIRED', 'long_term_debt': 'PASS'}"
CRWD,"CrowdStrike Holdings, Inc.",1535527,10-K,2025-01-31,2025,2024-01-31,2025-03-10,0001535527-25-000009,crwd-20250131.htm,v14 (scripts/60_xbrl_metric_engine.py),total_debt_prior,False,REVIEW_REQUIRED,,,,,,,,,,True,current_debt_prior + long_term_debt_prior (no unambiguous direct aggregate Total Debt row found — explicit-row status: REVIEW_REQUIRED),"לא ניתן לחשב מדד נגזר כי לא כל הרכיבים עברו PASS: {'current_debt_prior': 'REVIEW_REQUIRED', 'long_term_debt_prior': 'PASS'}"
CRWD,"CrowdStrike Holdings, Inc.",1535527,10-K,2025-01-31,2025,2024-01-31,2025-03-10,0001535527-25-000009,crwd-20250131.htm,v14 (scripts/60_xbrl_metric_engine.py),adjusted_net_debt,True,REVIEW_REQUIRED,,,,,,,,,,True,total_debt - cash_and_equivalents - short_term_investments,"לא ניתן לחשב מדד נגזר כי לא כל הרכיבים עברו PASS: {'total_debt': 'REVIEW_REQUIRED', 'cash_and_equivalents': 'PASS', 'short_term_investments': 'PASS'}"
CRWD,"CrowdStrike Holdings, Inc.",1535527,10-K,2025-01-31,2025,2024-01-31,2025-03-10,0001535527-25-000009,crwd-20250131.htm,v14 (scripts/60_xbrl_metric_engine.py),free_cash_flow,True,PASS,1126875000.0,iso4217:USD,,2024-02-01,2025-01-31,,,,,True,operating_cash_flow - capex,
CRWD,"CrowdStrike Holdings, Inc.",1535527,10-K,2025-01-31,2025,2024-01-31,2025-03-10,0001535527-25-000009,crwd-20250131.htm,v14 (scripts/60_xbrl_metric_engine.py),invested_capital,True,REVIEW_REQUIRED,,,,,,,,,,True,total_debt + stockholders_equity - cash_and_equivalents - short_term_investments,"לא ניתן לחשב מדד נגזר כי לא כל הרכיבים עברו PASS: {'total_debt': 'REVIEW_REQUIRED', 'stockholders_equity': 'PASS', 'cash_and_equivalents': 'PASS', 'short_term_investments': 'PASS'}"
CRWD,"CrowdStrike Holdings, Inc.",1535527,10-K,2025-01-31,2025,2024-01-31,2025-03-10,0001535527-25-000009,crwd-20250131.htm,v14 (scripts/60_xbrl_metric_engine.py),invested_capital_prior,False,REVIEW_REQUIRED,,,,,,,,,,True,total_debt_prior + stockholders_equity_prior - cash_and_equivalents_prior - short_term_investments_prior,"לא ניתן לחשב מדד נגזר כי לא כל הרכיבים עברו PASS: {'total_debt_prior': 'REVIEW_REQUIRED', 'stockholders_equity_prior': 'PASS', 'cash_and_equivalents_prior': 'PASS', 'short_term_investments_prior': 'PASS'}"
CRWD,"CrowdStrike Holdings, Inc.",1535527,10-K,2025-01-31,2025,2024-01-31,2025-03-10,0001535527-25-000009,crwd-20250131.htm,v14 (scripts/60_xbrl_metric_engine.py),nopat,True,REVIEW_REQUIRED,,,,,,,,,,True,operating_income * (1 - effective_tax_rate),"לא ניתן לחשב מדד נגזר כי לא כל הרכיבים עברו PASS: {'operating_income': 'PASS', 'effective_tax_rate': 'REVIEW_REQUIRED'}"
CRWD,"CrowdStrike Holdings, Inc.",1535527,10-K,2025-01-31,2025,2024-01-31,2025-03-10,0001535527-25-000009,crwd-20250131.htm,v14 (scripts/60_xbrl_metric_engine.py),average_invested_capital,True,REVIEW_REQUIRED,,,,,,,,,,True,(invested_capital + invested_capital_prior) / 2,"לא ניתן לחשב מדד נגזר כי לא כל הרכיבים עברו PASS: {'invested_capital': 'REVIEW_REQUIRED', 'invested_capital_prior': 'REVIEW_REQUIRED'}"
CRWD,"CrowdStrike Holdings, Inc.",1535527,10-K,2025-01-31,2025,2024-01-31,2025-03-10,0001535527-25-000009,crwd-20250131.htm,v14 (scripts/60_xbrl_metric_engine.py),roic,True,REVIEW_REQUIRED,,,,,,,,,,True,nopat / average_invested_capital,"לא ניתן לחשב מדד נגזר כי לא כל הרכיבים עברו PASS: {'nopat': 'REVIEW_REQUIRED', 'average_invested_capital': 'REVIEW_REQUIRED'}"
CRWD,"CrowdStrike Holdings, Inc.",1535527,10-K,2026-01-31,2026,2025-01-31,2026-03-05,0001535527-26-000010,crwd-20260131.htm,v14 (scripts/60_xbrl_metric_engine.py),capex,True,PASS,302108000.0,iso4217:USD,c-1,2025-02-01,2026-01-31,us-gaap:PaymentsToAcquirePropertyPlantAndEquipment,Purchases of property and equipment,9952156 - Statement - Consolidated Statements of Cash Flows,plain,False,,
CRWD,"CrowdStrike Holdings, Inc.",1535527,10-K,2026-01-31,2026,2025-01-31,2026-03-05,0001535527-26-000010,crwd-20260131.htm,v14 (scripts/60_xbrl_metric_engine.py),cash_and_equivalents,True,PASS,5230125000.0,iso4217:USD,c-4,2026-01-31,2026-01-31,us-gaap:CashAndCashEquivalentsAtCarryingValue,Cash and cash equivalents,9952151 - Statement - Consolidated Balance Sheets,plain,False,,
CRWD,"CrowdStrike Holdings, Inc.",1535527,10-K,2026-01-31,2026,2025-01-31,2026-03-05,0001535527-26-000010,crwd-20260131.htm,v14 (scripts/60_xbrl_metric_engine.py),current_debt,True,REVIEW_REQUIRED,,,,,,,,,,False,,current_debt = 0 לא הוסק (תנאי 2 לא הוכח): לא נמצא באופן חד-משמעי ביאור לוח פירעונות חוב (Debt Maturity Schedule) — לא ניתן לאשר תנאי 2.
CRWD,"CrowdStrike Holdings, Inc.",1535527,10-K,2026-01-31,2026,2025-01-31,2026-03-05,0001535527-26-000010,crwd-20260131.htm,v14 (scripts/60_xbrl_metric_engine.py),income_tax_expense,True,PASS,34176000.0,iso4217:USD,c-1,2025-02-01,2026-01-31,us-gaap:IncomeTaxExpenseBenefit,Provision for income taxes,9952153 - Statement - Consolidated Statements of Operations,plain,False,,
CRWD,"CrowdStrike Holdings, Inc.",1535527,10-K,2026-01-31,2026,2025-01-31,2026-03-05,0001535527-26-000010,crwd-20260131.htm,v14 (scripts/60_xbrl_metric_engine.py),long_term_debt,True,PASS,745471000.0,iso4217:USD,c-4,2026-01-31,2026-01-31,us-gaap:LongTermDebtNoncurrent,Long-term debt,9952151 - Statement - Consolidated Balance Sheets,plain,False,,
CRWD,"CrowdStrike Holdings, Inc.",1535527,10-K,2026-01-31,2026,2025-01-31,2026-03-05,0001535527-26-000010,crwd-20260131.htm,v14 (scripts/60_xbrl_metric_engine.py),net_income,True,PASS,-161165000.0,iso4217:USD,c-1,2025-02-01,2026-01-31,us-gaap:ProfitLoss,Net income (loss),9952153 - Statement - Consolidated Statements of Operations,plain,False,,
CRWD,"CrowdStrike Holdings, Inc.",1535527,10-K,2026-01-31,2026,2025-01-31,2026-03-05,0001535527-26-000010,crwd-20260131.htm,v14 (scripts/60_xbrl_metric_engine.py),operating_cash_flow,True,PASS,1612349000.0,iso4217:USD,c-1,2025-02-01,2026-01-31,us-gaap:NetCashProvidedByUsedInOperatingActivities,Net cash provided by operating activities,9952156 - Statement - Consolidated Statements of Cash Flows,plain,False,,
CRWD,"CrowdStrike Holdings, Inc.",1535527,10-K,2026-01-31,2026,2025-01-31,2026-03-05,0001535527-26-000010,crwd-20260131.htm,v14 (scripts/60_xbrl_metric_engine.py),operating_income,True,PASS,-293292000.0,iso4217:USD,c-1,2025-02-01,2026-01-31,us-gaap:OperatingIncomeLoss,Loss from operations,9952153 - Statement - Consolidated Statements of Operations,plain,False,,
CRWD,"CrowdStrike Holdings, Inc.",1535527,10-K,2026-01-31,2026,2025-01-31,2026-03-05,0001535527-26-000010,crwd-20260131.htm,v14 (scripts/60_xbrl_metric_engine.py),pretax_income,True,PASS,-126989000.0,iso4217:USD,c-1,2025-02-01,2026-01-31,us-gaap:IncomeLossFromContinuingOperationsBeforeIncomeTaxesExtraordinaryItemsNoncontrollingInterest,Income (loss) before provision for income taxes,9952153 - Statement - Consolidated Statements of Operations,plain,False,,
CRWD,"CrowdStrike Holdings, Inc.",1535527,10-K,2026-01-31,2026,2025-01-31,2026-03-05,0001535527-26-000010,crwd-20260131.htm,v14 (scripts/60_xbrl_metric_engine.py),revenue,True,PASS,4812005000.0,iso4217:USD,c-1,2025-02-01,2026-01-31,us-gaap:RevenueFromContractWithCustomerIncludingAssessedTax,Total revenue,9952153 - Statement - Consolidated Statements of Operations,plain,False,,
CRWD,"CrowdStrike Holdings, Inc.",1535527,10-K,2026-01-31,2026,2025-01-31,2026-03-05,0001535527-26-000010,crwd-20260131.htm,v14 (scripts/60_xbrl_metric_engine.py),short_term_investments,True,REVIEW_REQUIRED,,,,,,,,,,False,,לא נמצאה אף שורת 'short_term_investments' בתוך Statement role ראשי התואם לכללי ה-Role של המדד.
CRWD,"CrowdStrike Holdings, Inc.",1535527,10-K,2026-01-31,2026,2025-01-31,2026-03-05,0001535527-26-000010,crwd-20260131.htm,v14 (scripts/60_xbrl_metric_engine.py),stockholders_equity,True,PASS,4472605000.0,iso4217:USD,c-4,2026-01-31,2026-01-31,us-gaap:StockholdersEquityIncludingPortionAttributableToNoncontrollingInterest,Total stockholders’ equity,9952151 - Statement - Consolidated Balance Sheets,plain,False,,
CRWD,"CrowdStrike Holdings, Inc.",1535527,10-K,2026-01-31,2026,2025-01-31,2026-03-05,0001535527-26-000010,crwd-20260131.htm,v14 (scripts/60_xbrl_metric_engine.py),total_debt_explicit,False,REVIEW_REQUIRED,,,,,,,,,,False,,לא נמצאה אף שורת 'total_debt_explicit' בתוך Statement role ראשי התואם לכללי ה-Role של המדד.
CRWD,"CrowdStrike Holdings, Inc.",1535527,10-K,2026-01-31,2026,2025-01-31,2026-03-05,0001535527-26-000010,crwd-20260131.htm,v14 (scripts/60_xbrl_metric_engine.py),cash_and_equivalents_prior,False,PASS,4323295000.0,iso4217:USD,c-5,2025-01-31,2025-01-31,us-gaap:CashAndCashEquivalentsAtCarryingValue,Cash and cash equivalents,9952151 - Statement - Consolidated Balance Sheets,plain,False,,
CRWD,"CrowdStrike Holdings, Inc.",1535527,10-K,2026-01-31,2026,2025-01-31,2026-03-05,0001535527-26-000010,crwd-20260131.htm,v14 (scripts/60_xbrl_metric_engine.py),current_debt_prior,False,REVIEW_REQUIRED,,,,,,,,,,False,,current_debt = 0 לא הוסק (תנאי 2 לא הוכח): לא נמצא באופן חד-משמעי ביאור לוח פירעונות חוב (Debt Maturity Schedule) — לא ניתן לאשר תנאי 2.
CRWD,"CrowdStrike Holdings, Inc.",1535527,10-K,2026-01-31,2026,2025-01-31,2026-03-05,0001535527-26-000010,crwd-20260131.htm,v14 (scripts/60_xbrl_metric_engine.py),long_term_debt_prior,False,PASS,743983000.0,iso4217:USD,c-5,2025-01-31,2025-01-31,us-gaap:LongTermDebtNoncurrent,Long-term debt,9952151 - Statement - Consolidated Balance Sheets,plain,False,,
CRWD,"CrowdStrike Holdings, Inc.",1535527,10-K,2026-01-31,2026,2025-01-31,2026-03-05,0001535527-26-000010,crwd-20260131.htm,v14 (scripts/60_xbrl_metric_engine.py),short_term_investments_prior,False,REVIEW_REQUIRED,,,,,,,,,,False,,לא נמצאה אף שורת 'short_term_investments' בתוך Statement role ראשי התואם לכללי ה-Role של המדד.
CRWD,"CrowdStrike Holdings, Inc.",1535527,10-K,2026-01-31,2026,2025-01-31,2026-03-05,0001535527-26-000010,crwd-20260131.htm,v14 (scripts/60_xbrl_metric_engine.py),stockholders_equity_prior,False,PASS,3318917000.0,iso4217:USD,c-5,2025-01-31,2025-01-31,us-gaap:StockholdersEquityIncludingPortionAttributableToNoncontrollingInterest,Total stockholders’ equity,9952151 - Statement - Consolidated Balance Sheets,plain,False,,
CRWD,"CrowdStrike Holdings, Inc.",1535527,10-K,2026-01-31,2026,2025-01-31,2026-03-05,0001535527-26-000010,crwd-20260131.htm,v14 (scripts/60_xbrl_metric_engine.py),total_debt_explicit_prior,False,REVIEW_REQUIRED,,,,,,,,,,False,,לא נמצאה אף שורת 'total_debt_explicit' בתוך Statement role ראשי התואם לכללי ה-Role של המדד.
CRWD,"CrowdStrike Holdings, Inc.",1535527,10-K,2026-01-31,2026,2025-01-31,2026-03-05,0001535527-26-000010,crwd-20260131.htm,v14 (scripts/60_xbrl_metric_engine.py),effective_tax_rate,True,REVIEW_REQUIRED,,,,,,,,,,True,income_tax_expense / pretax_income,Pretax Income אינו חיובי (-126989000.0) — לא ניתן לחשב שיעור מס אפקטיבי מהימן.
CRWD,"CrowdStrike Holdings, Inc.",1535527,10-K,2026-01-31,2026,2025-01-31,2026-03-05,0001535527-26-000010,crwd-20260131.htm,v14 (scripts/60_xbrl_metric_engine.py),total_debt,True,REVIEW_REQUIRED,,,,,,,,,,True,current_debt + long_term_debt (no unambiguous direct aggregate Total Debt row found — explicit-row status: REVIEW_REQUIRED),"לא ניתן לחשב מדד נגזר כי לא כל הרכיבים עברו PASS: {'current_debt': 'REVIEW_REQUIRED', 'long_term_debt': 'PASS'}"
CRWD,"CrowdStrike Holdings, Inc.",1535527,10-K,2026-01-31,2026,2025-01-31,2026-03-05,0001535527-26-000010,crwd-20260131.htm,v14 (scripts/60_xbrl_metric_engine.py),total_debt_prior,False,REVIEW_REQUIRED,,,,,,,,,,True,current_debt_prior + long_term_debt_prior (no unambiguous direct aggregate Total Debt row found — explicit-row status: REVIEW_REQUIRED),"לא ניתן לחשב מדד נגזר כי לא כל הרכיבים עברו PASS: {'current_debt_prior': 'REVIEW_REQUIRED', 'long_term_debt_prior': 'PASS'}"
CRWD,"CrowdStrike Holdings, Inc.",1535527,10-K,2026-01-31,2026,2025-01-31,2026-03-05,0001535527-26-000010,crwd-20260131.htm,v14 (scripts/60_xbrl_metric_engine.py),adjusted_net_debt,True,REVIEW_REQUIRED,,,,,,,,,,True,total_debt - cash_and_equivalents - short_term_investments,"לא ניתן לחשב מדד נגזר כי לא כל הרכיבים עברו PASS: {'total_debt': 'REVIEW_REQUIRED', 'cash_and_equivalents': 'PASS', 'short_term_investments': 'REVIEW_REQUIRED'}"
CRWD,"CrowdStrike Holdings, Inc.",1535527,10-K,2026-01-31,2026,2025-01-31,2026-03-05,0001535527-26-000010,crwd-20260131.htm,v14 (scripts/60_xbrl_metric_engine.py),free_cash_flow,True,PASS,1310241000.0,iso4217:USD,,2025-02-01,2026-01-31,,,,,True,operating_cash_flow - capex,
CRWD,"CrowdStrike Holdings, Inc.",1535527,10-K,2026-01-31,2026,2025-01-31,2026-03-05,0001535527-26-000010,crwd-20260131.htm,v14 (scripts/60_xbrl_metric_engine.py),invested_capital,True,REVIEW_REQUIRED,,,,,,,,,,True,total_debt + stockholders_equity - cash_and_equivalents - short_term_investments,"לא ניתן לחשב מדד נגזר כי לא כל הרכיבים עברו PASS: {'total_debt': 'REVIEW_REQUIRED', 'stockholders_equity': 'PASS', 'cash_and_equivalents': 'PASS', 'short_term_investments': 'REVIEW_REQUIRED'}"
CRWD,"CrowdStrike Holdings, Inc.",1535527,10-K,2026-01-31,2026,2025-01-31,2026-03-05,0001535527-26-000010,crwd-20260131.htm,v14 (scripts/60_xbrl_metric_engine.py),invested_capital_prior,False,REVIEW_REQUIRED,,,,,,,,,,True,total_debt_prior + stockholders_equity_prior - cash_and_equivalents_prior - short_term_investments_prior,"לא ניתן לחשב מדד נגזר כי לא כל הרכיבים עברו PASS: {'total_debt_prior': 'REVIEW_REQUIRED', 'stockholders_equity_prior': 'PASS', 'cash_and_equivalents_prior': 'PASS', 'short_term_investments_prior': 'REVIEW_REQUIRED'}"
CRWD,"CrowdStrike Holdings, Inc.",1535527,10-K,2026-01-31,2026,2025-01-31,2026-03-05,0001535527-26-000010,crwd-20260131.htm,v14 (scripts/60_xbrl_metric_engine.py),nopat,True,REVIEW_REQUIRED,,,,,,,,,,True,operating_income * (1 - effective_tax_rate),"לא ניתן לחשב מדד נגזר כי לא כל הרכיבים עברו PASS: {'operating_income': 'PASS', 'effective_tax_rate': 'REVIEW_REQUIRED'}"
CRWD,"CrowdStrike Holdings, Inc.",1535527,10-K,2026-01-31,2026,2025-01-31,2026-03-05,0001535527-26-000010,crwd-20260131.htm,v14 (scripts/60_xbrl_metric_engine.py),average_invested_capital,True,REVIEW_REQUIRED,,,,,,,,,,True,(invested_capital + invested_capital_prior) / 2,"לא ניתן לחשב מדד נגזר כי לא כל הרכיבים עברו PASS: {'invested_capital': 'REVIEW_REQUIRED', 'invested_capital_prior': 'REVIEW_REQUIRED'}"
CRWD,"CrowdStrike Holdings, Inc.",1535527,10-K,2026-01-31,2026,2025-01-31,2026-03-05,0001535527-26-000010,crwd-20260131.htm,v14 (scripts/60_xbrl_metric_engine.py),roic,True,REVIEW_REQUIRED,,,,,,,,,,True,nopat / average_invested_capital,"לא ניתן לחשב מדד נגזר כי לא כל הרכיבים עברו PASS: {'nopat': 'REVIEW_REQUIRED', 'average_invested_capital': 'REVIEW_REQUIRED'}"
PANW,Palo Alto Networks Inc,1327567,10-K,2021-07-31,2021,2020-07-31,2021-09-03,0001327567-21-000029,panw-20210731.htm,v14 (scripts/60_xbrl_metric_engine.py),capex,True,PASS,116000000.0,iso4217:USD,i4e4213f1ec5c4aebac41f4cd3442f7c5_D20200801-20210731,2020-08-01,2021-07-31,us-gaap:PaymentsToAcquireProductiveAssets,"Purchases of property, equipment, and other assets",100060007 - Statement - CONSOLIDATED STATEMENTS OF CASH FLOWS Statement,plain,False,,
PANW,Palo Alto Networks Inc,1327567,10-K,2021-07-31,2021,2020-07-31,2021-09-03,0001327567-21-000029,panw-20210731.htm,v14 (scripts/60_xbrl_metric_engine.py),cash_and_equivalents,True,REVIEW_REQUIRED,,,,,,,,,,False,,"לא ניתן לזהות שורת 'cash_and_equivalents' יחידה וחד-משמעית.
מספר שורות מועמדות כוללות: 2, מתוכן 'attributable': 0, 'plain': 2"
PANW,Palo Alto Networks Inc,1327567,10-K,2021-07-31,2021,2020-07-31,2021-09-03,0001327567-21-000029,panw-20210731.htm,v14 (scripts/60_xbrl_metric_engine.py),current_debt,True,PASS,1557900000.0,iso4217:USD,icbc95eac235f4677864aa4b683dcfb42_I20210731,2021-07-31,2021-07-31,us-gaap:ConvertibleDebtCurrent,"Convertible senior notes, net",100010002 - Statement - CONSOLIDATED BALANCE SHEETS Statement,ancestry_classified,False,,
PANW,Palo Alto Networks Inc,1327567,10-K,2021-07-31,2021,2020-07-31,2021-09-03,0001327567-21-000029,panw-20210731.htm,v14 (scripts/60_xbrl_metric_engine.py),income_tax_expense,True,PASS,33900000.0,iso4217:USD,i4e4213f1ec5c4aebac41f4cd3442f7c5_D20200801-20210731,2020-08-01,2021-07-31,us-gaap:IncomeTaxExpenseBenefit,Provision for income taxes,100030004 - Statement - CONSOLIDATED STATEMENTS OF OPERATIONS Statement,plain,False,,
PANW,Palo Alto Networks Inc,1327567,10-K,2021-07-31,2021,2020-07-31,2021-09-03,0001327567-21-000029,panw-20210731.htm,v14 (scripts/60_xbrl_metric_engine.py),long_term_debt,True,PASS,1668100000.0,iso4217:USD,icbc95eac235f4677864aa4b683dcfb42_I20210731,2021-07-31,2021-07-31,us-gaap:ConvertibleDebtNoncurrent,"Convertible senior notes, net",100010002 - Statement - CONSOLIDATED BALANCE SHEETS Statement,ancestry_classified,False,,
PANW,Palo Alto Networks Inc,1327567,10-K,2021-07-31,2021,2020-07-31,2021-09-03,0001327567-21-000029,panw-20210731.htm,v14 (scripts/60_xbrl_metric_engine.py),net_income,True,PASS,-498900000.0,iso4217:USD,i4e4213f1ec5c4aebac41f4cd3442f7c5_D20200801-20210731,2020-08-01,2021-07-31,us-gaap:NetIncomeLoss,Net loss,100030004 - Statement - CONSOLIDATED STATEMENTS OF OPERATIONS Statement,plain,False,,
PANW,Palo Alto Networks Inc,1327567,10-K,2021-07-31,2021,2020-07-31,2021-09-03,0001327567-21-000029,panw-20210731.htm,v14 (scripts/60_xbrl_metric_engine.py),operating_cash_flow,True,PASS,1503000000.0,iso4217:USD,i4e4213f1ec5c4aebac41f4cd3442f7c5_D20200801-20210731,2020-08-01,2021-07-31,us-gaap:NetCashProvidedByUsedInOperatingActivities,Net cash provided by operating activities,100060007 - Statement - CONSOLIDATED STATEMENTS OF CASH FLOWS Statement,plain,False,,
PANW,Palo Alto Networks Inc,1327567,10-K,2021-07-31,2021,2020-07-31,2021-09-03,0001327567-21-000029,panw-20210731.htm,v14 (scripts/60_xbrl_metric_engine.py),operating_income,True,PASS,-304100000.0,iso4217:USD,i4e4213f1ec5c4aebac41f4cd3442f7c5_D20200801-20210731,2020-08-01,2021-07-31,us-gaap:OperatingIncomeLoss,Operating loss,100030004 - Statement - CONSOLIDATED STATEMENTS OF OPERATIONS Statement,plain,False,,
PANW,Palo Alto Networks Inc,1327567,10-K,2021-07-31,2021,2020-07-31,2021-09-03,0001327567-21-000029,panw-20210731.htm,v14 (scripts/60_xbrl_metric_engine.py),pretax_income,True,REVIEW_REQUIRED,,,,,,,,,,False,,לא נמצאה אף שורת 'pretax_income' בתוך Statement role ראשי התואם לכללי ה-Role של המדד.
PANW,Palo Alto Networks Inc,1327567,10-K,2021-07-31,2021,2020-07-31,2021-09-03,0001327567-21-000029,panw-20210731.htm,v14 (scripts/60_xbrl_metric_engine.py),revenue,True,PASS,4256100000.0,iso4217:USD,i4e4213f1ec5c4aebac41f4cd3442f7c5_D20200801-20210731,2020-08-01,2021-07-31,us-gaap:RevenueFromContractWithCustomerExcludingAssessedTax,Revenue,100030004 - Statement - CONSOLIDATED STATEMENTS OF OPERATIONS Statement,plain,False,,
PANW,Palo Alto Networks Inc,1327567,10-K,2021-07-31,2021,2020-07-31,2021-09-03,0001327567-21-000029,panw-20210731.htm,v14 (scripts/60_xbrl_metric_engine.py),short_term_investments,True,PASS,1026900000.0,iso4217:USD,icbc95eac235f4677864aa4b683dcfb42_I20210731,2021-07-31,2021-07-31,us-gaap:ShortTermInvestments,Short-term investments,100010002 - Statement - CONSOLIDATED BALANCE SHEETS Statement,plain,False,,
PANW,Palo Alto Networks Inc,1327567,10-K,2021-07-31,2021,2020-07-31,2021-09-03,0001327567-21-000029,panw-20210731.htm,v14 (scripts/60_xbrl_metric_engine.py),stockholders_equity,True,PASS,634500000.0,iso4217:USD,icbc95eac235f4677864aa4b683dcfb42_I20210731,2021-07-31,2021-07-31,us-gaap:StockholdersEquity,Total stockholders’ equity,100010002 - Statement - CONSOLIDATED BALANCE SHEETS Statement,plain,False,,
PANW,Palo Alto Networks Inc,1327567,10-K,2021-07-31,2021,2020-07-31,2021-09-03,0001327567-21-000029,panw-20210731.htm,v14 (scripts/60_xbrl_metric_engine.py),total_debt_explicit,False,REVIEW_REQUIRED,,,,,,,,,,False,,לא נמצאה אף שורת 'total_debt_explicit' בתוך Statement role ראשי התואם לכללי ה-Role של המדד.
PANW,Palo Alto Networks Inc,1327567,10-K,2021-07-31,2021,2020-07-31,2021-09-03,0001327567-21-000029,panw-20210731.htm,v14 (scripts/60_xbrl_metric_engine.py),cash_and_equivalents_prior,False,REVIEW_REQUIRED,,,,,,,,,,False,,"לא ניתן לזהות שורת 'cash_and_equivalents' יחידה וחד-משמעית.
מספר שורות מועמדות כוללות: 2, מתוכן 'attributable': 0, 'plain': 2"
PANW,Palo Alto Networks Inc,1327567,10-K,2021-07-31,2021,2020-07-31,2021-09-03,0001327567-21-000029,panw-20210731.htm,v14 (scripts/60_xbrl_metric_engine.py),current_debt_prior,False,PASS,0.0,iso4217:USD,ifd0885873235430f8e0d649453ffa86c_I20200731,2020-07-31,2020-07-31,us-gaap:ConvertibleDebtCurrent,"Convertible senior notes, net",100010002 - Statement - CONSOLIDATED BALANCE SHEETS Statement,ancestry_classified,False,,
PANW,Palo Alto Networks Inc,1327567,10-K,2021-07-31,2021,2020-07-31,2021-09-03,0001327567-21-000029,panw-20210731.htm,v14 (scripts/60_xbrl_metric_engine.py),long_term_debt_prior,False,PASS,3084100000.0,iso4217:USD,ifd0885873235430f8e0d649453ffa86c_I20200731,2020-07-31,2020-07-31,us-gaap:ConvertibleDebtNoncurrent,"Convertible senior notes, net",100010002 - Statement - CONSOLIDATED BALANCE SHEETS Statement,ancestry_classified,False,,
PANW,Palo Alto Networks Inc,1327567,10-K,2021-07-31,2021,2020-07-31,2021-09-03,0001327567-21-000029,panw-20210731.htm,v14 (scripts/60_xbrl_metric_engine.py),short_term_investments_prior,False,PASS,789800000.0,iso4217:USD,ifd0885873235430f8e0d649453ffa86c_I20200731,2020-07-31,2020-07-31,us-gaap:ShortTermInvestments,Short-term investments,100010002 - Statement - CONSOLIDATED BALANCE SHEETS Statement,plain,False,,
PANW,Palo Alto Networks Inc,1327567,10-K,2021-07-31,2021,2020-07-31,2021-09-03,0001327567-21-000029,panw-20210731.htm,v14 (scripts/60_xbrl_metric_engine.py),stockholders_equity_prior,False,PASS,1101800000.0,iso4217:USD,ifd0885873235430f8e0d649453ffa86c_I20200731,2020-07-31,2020-07-31,us-gaap:StockholdersEquity,Total stockholders’ equity,100010002 - Statement - CONSOLIDATED BALANCE SHEETS Statement,plain,False,,
PANW,Palo Alto Networks Inc,1327567,10-K,2021-07-31,2021,2020-07-31,2021-09-03,0001327567-21-000029,panw-20210731.htm,v14 (scripts/60_xbrl_metric_engine.py),total_debt_explicit_prior,False,REVIEW_REQUIRED,,,,,,,,,,False,,לא נמצאה אף שורת 'total_debt_explicit' בתוך Statement role ראשי התואם לכללי ה-Role של המדד.
PANW,Palo Alto Networks Inc,1327567,10-K,2021-07-31,2021,2020-07-31,2021-09-03,0001327567-21-000029,panw-20210731.htm,v14 (scripts/60_xbrl_metric_engine.py),effective_tax_rate,True,REVIEW_REQUIRED,,,,,,,,,,True,income_tax_expense / pretax_income,"לא ניתן לחשב Effective Tax Rate כי לא כל הרכיבים עברו PASS: {'pretax_income': 'REVIEW_REQUIRED', 'income_tax_expense': 'PASS'}"
PANW,Palo Alto Networks Inc,1327567,10-K,2021-07-31,2021,2020-07-31,2021-09-03,0001327567-21-000029,panw-20210731.htm,v14 (scripts/60_xbrl_metric_engine.py),total_debt,True,PASS,3226000000.0,iso4217:USD,,2021-07-31,2021-07-31,,,,,True,current_debt + long_term_debt (no unambiguous direct aggregate Total Debt row found — explicit-row status: REVIEW_REQUIRED),
PANW,Palo Alto Networks Inc,1327567,10-K,2021-07-31,2021,2020-07-31,2021-09-03,0001327567-21-000029,panw-20210731.htm,v14 (scripts/60_xbrl_metric_engine.py),total_debt_prior,False,PASS,3084100000.0,iso4217:USD,,2020-07-31,2020-07-31,,,,,True,current_debt_prior + long_term_debt_prior (no unambiguous direct aggregate Total Debt row found — explicit-row status: REVIEW_REQUIRED),
PANW,Palo Alto Networks Inc,1327567,10-K,2021-07-31,2021,2020-07-31,2021-09-03,0001327567-21-000029,panw-20210731.htm,v14 (scripts/60_xbrl_metric_engine.py),adjusted_net_debt,True,REVIEW_REQUIRED,,,,,,,,,,True,total_debt - cash_and_equivalents - short_term_investments,"לא ניתן לחשב מדד נגזר כי לא כל הרכיבים עברו PASS: {'total_debt': 'PASS', 'cash_and_equivalents': 'REVIEW_REQUIRED', 'short_term_investments': 'PASS'}"
PANW,Palo Alto Networks Inc,1327567,10-K,2021-07-31,2021,2020-07-31,2021-09-03,0001327567-21-000029,panw-20210731.htm,v14 (scripts/60_xbrl_metric_engine.py),free_cash_flow,True,PASS,1387000000.0,iso4217:USD,,2020-08-01,2021-07-31,,,,,True,operating_cash_flow - capex,
PANW,Palo Alto Networks Inc,1327567,10-K,2021-07-31,2021,2020-07-31,2021-09-03,0001327567-21-000029,panw-20210731.htm,v14 (scripts/60_xbrl_metric_engine.py),invested_capital,True,REVIEW_REQUIRED,,,,,,,,,,True,total_debt + stockholders_equity - cash_and_equivalents - short_term_investments,"לא ניתן לחשב מדד נגזר כי לא כל הרכיבים עברו PASS: {'total_debt': 'PASS', 'stockholders_equity': 'PASS', 'cash_and_equivalents': 'REVIEW_REQUIRED', 'short_term_investments': 'PASS'}"
PANW,Palo Alto Networks Inc,1327567,10-K,2021-07-31,2021,2020-07-31,2021-09-03,0001327567-21-000029,panw-20210731.htm,v14 (scripts/60_xbrl_metric_engine.py),invested_capital_prior,False,REVIEW_REQUIRED,,,,,,,,,,True,total_debt_prior + stockholders_equity_prior - cash_and_equivalents_prior - short_term_investments_prior,"לא ניתן לחשב מדד נגזר כי לא כל הרכיבים עברו PASS: {'total_debt_prior': 'PASS', 'stockholders_equity_prior': 'PASS', 'cash_and_equivalents_prior': 'REVIEW_REQUIRED', 'short_term_investments_prior': 'PASS'}"
PANW,Palo Alto Networks Inc,1327567,10-K,2021-07-31,2021,2020-07-31,2021-09-03,0001327567-21-000029,panw-20210731.htm,v14 (scripts/60_xbrl_metric_engine.py),nopat,True,REVIEW_REQUIRED,,,,,,,,,,True,operating_income * (1 - effective_tax_rate),"לא ניתן לחשב מדד נגזר כי לא כל הרכיבים עברו PASS: {'operating_income': 'PASS', 'effective_tax_rate': 'REVIEW_REQUIRED'}"
PANW,Palo Alto Networks Inc,1327567,10-K,2021-07-31,2021,2020-07-31,2021-09-03,0001327567-21-000029,panw-20210731.htm,v14 (scripts/60_xbrl_metric_engine.py),average_invested_capital,True,REVIEW_REQUIRED,,,,,,,,,,True,(invested_capital + invested_capital_prior) / 2,"לא ניתן לחשב מדד נגזר כי לא כל הרכיבים עברו PASS: {'invested_capital': 'REVIEW_REQUIRED', 'invested_capital_prior': 'REVIEW_REQUIRED'}"
PANW,Palo Alto Networks Inc,1327567,10-K,2021-07-31,2021,2020-07-31,2021-09-03,0001327567-21-000029,panw-20210731.htm,v14 (scripts/60_xbrl_metric_engine.py),roic,True,REVIEW_REQUIRED,,,,,,,,,,True,nopat / average_invested_capital,"לא ניתן לחשב מדד נגזר כי לא כל הרכיבים עברו PASS: {'nopat': 'REVIEW_REQUIRED', 'average_invested_capital': 'REVIEW_REQUIRED'}"
PANW,Palo Alto Networks Inc,1327567,10-K,2022-07-31,2022,2021-07-31,2022-09-06,0001327567-22-000028,panw-20220731.htm,v14 (scripts/60_xbrl_metric_engine.py),capex,True,PASS,192800000.0,iso4217:USD,i2a8f4b76af2c43cf9f2e797666ce3c0f_D20210801-20220731,2021-08-01,2022-07-31,us-gaap:PaymentsToAcquireProductiveAssets,"Purchases of property, equipment, and other assets",1006008 - Statement - CONSOLIDATED STATEMENTS OF CASH FLOWS,plain,False,,
PANW,Palo Alto Networks Inc,1327567,10-K,2022-07-31,2022,2021-07-31,2022-09-06,0001327567-22-000028,panw-20220731.htm,v14 (scripts/60_xbrl_metric_engine.py),cash_and_equivalents,True,REVIEW_REQUIRED,,,,,,,,,,False,,"לא ניתן לזהות שורת 'cash_and_equivalents' יחידה וחד-משמעית.
מספר שורות מועמדות כוללות: 2, מתוכן 'attributable': 0, 'plain': 2"
PANW,Palo Alto Networks Inc,1327567,10-K,2022-07-31,2022,2021-07-31,2022-09-06,0001327567-22-000028,panw-20220731.htm,v14 (scripts/60_xbrl_metric_engine.py),current_debt,True,PASS,3676800000.0,iso4217:USD,i9de4067b160546e5941a07a3767a8d7c_I20220731,2022-07-31,2022-07-31,us-gaap:ConvertibleDebtCurrent,"Convertible senior notes, net",1001003 - Statement - CONSOLIDATED BALANCE SHEETS,ancestry_classified,False,,
PANW,Palo Alto Networks Inc,1327567,10-K,2022-07-31,2022,2021-07-31,2022-09-06,0001327567-22-000028,panw-20220731.htm,v14 (scripts/60_xbrl_metric_engine.py),income_tax_expense,True,PASS,59800000.0,iso4217:USD,i2a8f4b76af2c43cf9f2e797666ce3c0f_D20210801-20220731,2021-08-01,2022-07-31,us-gaap:IncomeTaxExpenseBenefit,Provision for income taxes,1003005 - Statement - CONSOLIDATED STATEMENTS OF OPERATIONS,plain,False,,
PANW,Palo Alto Networks Inc,1327567,10-K,2022-07-31,2022,2021-07-31,2022-09-06,0001327567-22-000028,panw-20220731.htm,v14 (scripts/60_xbrl_metric_engine.py),long_term_debt,True,PASS,0.0,iso4217:USD,i9de4067b160546e5941a07a3767a8d7c_I20220731,2022-07-31,2022-07-31,us-gaap:ConvertibleDebtNoncurrent,"Convertible senior notes, net",1001003 - Statement - CONSOLIDATED BALANCE SHEETS,ancestry_classified,False,,
PANW,Palo Alto Networks Inc,1327567,10-K,2022-07-31,2022,2021-07-31,2022-09-06,0001327567-22-000028,panw-20220731.htm,v14 (scripts/60_xbrl_metric_engine.py),net_income,True,PASS,-267000000.0,iso4217:USD,i2a8f4b76af2c43cf9f2e797666ce3c0f_D20210801-20220731,2021-08-01,2022-07-31,us-gaap:NetIncomeLoss,Net loss,1003005 - Statement - CONSOLIDATED STATEMENTS OF OPERATIONS,plain,False,,
PANW,Palo Alto Networks Inc,1327567,10-K,2022-07-31,2022,2021-07-31,2022-09-06,0001327567-22-000028,panw-20220731.htm,v14 (scripts/60_xbrl_metric_engine.py),operating_cash_flow,True,PASS,1984700000.0,iso4217:USD,i2a8f4b76af2c43cf9f2e797666ce3c0f_D20210801-20220731,2021-08-01,2022-07-31,us-gaap:NetCashProvidedByUsedInOperatingActivities,Net cash provided by operating activities,1006008 - Statement - CONSOLIDATED STATEMENTS OF CASH FLOWS,plain,False,,
PANW,Palo Alto Networks Inc,1327567,10-K,2022-07-31,2022,2021-07-31,2022-09-06,0001327567-22-000028,panw-20220731.htm,v14 (scripts/60_xbrl_metric_engine.py),operating_income,True,PASS,-188800000.0,iso4217:USD,i2a8f4b76af2c43cf9f2e797666ce3c0f_D20210801-20220731,2021-08-01,2022-07-31,us-gaap:OperatingIncomeLoss,Operating loss,1003005 - Statement - CONSOLIDATED STATEMENTS OF OPERATIONS,plain,False,,
PANW,Palo Alto Networks Inc,1327567,10-K,2022-07-31,2022,2021-07-31,2022-09-06,0001327567-22-000028,panw-20220731.htm,v14 (scripts/60_xbrl_metric_engine.py),pretax_income,True,REVIEW_REQUIRED,,,,,,,,,,False,,לא נמצאה אף שורת 'pretax_income' בתוך Statement role ראשי התואם לכללי ה-Role של המדד.
PANW,Palo Alto Networks Inc,1327567,10-K,2022-07-31,2022,2021-07-31,2022-09-06,0001327567-22-000028,panw-20220731.htm,v14 (scripts/60_xbrl_metric_engine.py),revenue,True,PASS,5501500000.0,iso4217:USD,i2a8f4b76af2c43cf9f2e797666ce3c0f_D20210801-20220731,2021-08-01,2022-07-31,us-gaap:RevenueFromContractWithCustomerExcludingAssessedTax,Revenue,1003005 - Statement - CONSOLIDATED STATEMENTS OF OPERATIONS,plain,False,,
PANW,Palo Alto Networks Inc,1327567,10-K,2022-07-31,2022,2021-07-31,2022-09-06,0001327567-22-000028,panw-20220731.htm,v14 (scripts/60_xbrl_metric_engine.py),short_term_investments,True,PASS,1516000000.0,iso4217:USD,i9de4067b160546e5941a07a3767a8d7c_I20220731,2022-07-31,2022-07-31,us-gaap:ShortTermInvestments,Short-term investments,1001003 - Statement - CONSOLIDATED BALANCE SHEETS,plain,False,,
PANW,Palo Alto Networks Inc,1327567,10-K,2022-07-31,2022,2021-07-31,2022-09-06,0001327567-22-000028,panw-20220731.htm,v14 (scripts/60_xbrl_metric_engine.py),stockholders_equity,True,PASS,210000000.0,iso4217:USD,i9de4067b160546e5941a07a3767a8d7c_I20220731,2022-07-31,2022-07-31,us-gaap:StockholdersEquity,Total stockholders’ equity,1001003 - Statement - CONSOLIDATED BALANCE SHEETS,plain,False,,
PANW,Palo Alto Networks Inc,1327567,10-K,2022-07-31,2022,2021-07-31,2022-09-06,0001327567-22-000028,panw-20220731.htm,v14 (scripts/60_xbrl_metric_engine.py),total_debt_explicit,False,REVIEW_REQUIRED,,,,,,,,,,False,,לא נמצאה אף שורת 'total_debt_explicit' בתוך Statement role ראשי התואם לכללי ה-Role של המדד.
PANW,Palo Alto Networks Inc,1327567,10-K,2022-07-31,2022,2021-07-31,2022-09-06,0001327567-22-000028,panw-20220731.htm,v14 (scripts/60_xbrl_metric_engine.py),cash_and_equivalents_prior,False,REVIEW_REQUIRED,,,,,,,,,,False,,"לא ניתן לזהות שורת 'cash_and_equivalents' יחידה וחד-משמעית.
מספר שורות מועמדות כוללות: 2, מתוכן 'attributable': 0, 'plain': 2"
PANW,Palo Alto Networks Inc,1327567,10-K,2022-07-31,2022,2021-07-31,2022-09-06,0001327567-22-000028,panw-20220731.htm,v14 (scripts/60_xbrl_metric_engine.py),current_debt_prior,False,PASS,1557900000.0,iso4217:USD,i1c2f6eba5c4242d29787e12cd11766c4_I20210731,2021-07-31,2021-07-31,us-gaap:ConvertibleDebtCurrent,"Convertible senior notes, net",1001003 - Statement - CONSOLIDATED BALANCE SHEETS,ancestry_classified,False,,
PANW,Palo Alto Networks Inc,1327567,10-K,2022-07-31,2022,2021-07-31,2022-09-06,0001327567-22-000028,panw-20220731.htm,v14 (scripts/60_xbrl_metric_engine.py),long_term_debt_prior,False,PASS,1668100000.0,iso4217:USD,i1c2f6eba5c4242d29787e12cd11766c4_I20210731,2021-07-31,2021-07-31,us-gaap:ConvertibleDebtNoncurrent,"Convertible senior notes, net",1001003 - Statement - CONSOLIDATED BALANCE SHEETS,ancestry_classified,False,,
PANW,Palo Alto Networks Inc,1327567,10-K,2022-07-31,2022,2021-07-31,2022-09-06,0001327567-22-000028,panw-20220731.htm,v14 (scripts/60_xbrl_metric_engine.py),short_term_investments_prior,False,PASS,1026900000.0,iso4217:USD,i1c2f6eba5c4242d29787e12cd11766c4_I20210731,2021-07-31,2021-07-31,us-gaap:ShortTermInvestments,Short-term investments,1001003 - Statement - CONSOLIDATED BALANCE SHEETS,plain,False,,
PANW,Palo Alto Networks Inc,1327567,10-K,2022-07-31,2022,2021-07-31,2022-09-06,0001327567-22-000028,panw-20220731.htm,v14 (scripts/60_xbrl_metric_engine.py),stockholders_equity_prior,False,PASS,634500000.0,iso4217:USD,i1c2f6eba5c4242d29787e12cd11766c4_I20210731,2021-07-31,2021-07-31,us-gaap:StockholdersEquity,Total stockholders’ equity,1001003 - Statement - CONSOLIDATED BALANCE SHEETS,plain,False,,
PANW,Palo Alto Networks Inc,1327567,10-K,2022-07-31,2022,2021-07-31,2022-09-06,0001327567-22-000028,panw-20220731.htm,v14 (scripts/60_xbrl_metric_engine.py),total_debt_explicit_prior,False,REVIEW_REQUIRED,,,,,,,,,,False,,לא נמצאה אף שורת 'total_debt_explicit' בתוך Statement role ראשי התואם לכללי ה-Role של המדד.
PANW,Palo Alto Networks Inc,1327567,10-K,2022-07-31,2022,2021-07-31,2022-09-06,0001327567-22-000028,panw-20220731.htm,v14 (scripts/60_xbrl_metric_engine.py),effective_tax_rate,True,REVIEW_REQUIRED,,,,,,,,,,True,income_tax_expense / pretax_income,"לא ניתן לחשב Effective Tax Rate כי לא כל הרכיבים עברו PASS: {'pretax_income': 'REVIEW_REQUIRED', 'income_tax_expense': 'PASS'}"
PANW,Palo Alto Networks Inc,1327567,10-K,2022-07-31,2022,2021-07-31,2022-09-06,0001327567-22-000028,panw-20220731.htm,v14 (scripts/60_xbrl_metric_engine.py),total_debt,True,PASS,3676800000.0,iso4217:USD,,2022-07-31,2022-07-31,,,,,True,current_debt + long_term_debt (no unambiguous direct aggregate Total Debt row found — explicit-row status: REVIEW_REQUIRED),
PANW,Palo Alto Networks Inc,1327567,10-K,2022-07-31,2022,2021-07-31,2022-09-06,0001327567-22-000028,panw-20220731.htm,v14 (scripts/60_xbrl_metric_engine.py),total_debt_prior,False,PASS,3226000000.0,iso4217:USD,,2021-07-31,2021-07-31,,,,,True,current_debt_prior + long_term_debt_prior (no unambiguous direct aggregate Total Debt row found — explicit-row status: REVIEW_REQUIRED),
PANW,Palo Alto Networks Inc,1327567,10-K,2022-07-31,2022,2021-07-31,2022-09-06,0001327567-22-000028,panw-20220731.htm,v14 (scripts/60_xbrl_metric_engine.py),adjusted_net_debt,True,REVIEW_REQUIRED,,,,,,,,,,True,total_debt - cash_and_equivalents - short_term_investments,"לא ניתן לחשב מדד נגזר כי לא כל הרכיבים עברו PASS: {'total_debt': 'PASS', 'cash_and_equivalents': 'REVIEW_REQUIRED', 'short_term_investments': 'PASS'}"
PANW,Palo Alto Networks Inc,1327567,10-K,2022-07-31,2022,2021-07-31,2022-09-06,0001327567-22-000028,panw-20220731.htm,v14 (scripts/60_xbrl_metric_engine.py),free_cash_flow,True,PASS,1791900000.0,iso4217:USD,,2021-08-01,2022-07-31,,,,,True,operating_cash_flow - capex,
PANW,Palo Alto Networks Inc,1327567,10-K,2022-07-31,2022,2021-07-31,2022-09-06,0001327567-22-000028,panw-20220731.htm,v14 (scripts/60_xbrl_metric_engine.py),invested_capital,True,REVIEW_REQUIRED,,,,,,,,,,True,total_debt + stockholders_equity - cash_and_equivalents - short_term_investments,"לא ניתן לחשב מדד נגזר כי לא כל הרכיבים עברו PASS: {'total_debt': 'PASS', 'stockholders_equity': 'PASS', 'cash_and_equivalents': 'REVIEW_REQUIRED', 'short_term_investments': 'PASS'}"
PANW,Palo Alto Networks Inc,1327567,10-K,2022-07-31,2022,2021-07-31,2022-09-06,0001327567-22-000028,panw-20220731.htm,v14 (scripts/60_xbrl_metric_engine.py),invested_capital_prior,False,REVIEW_REQUIRED,,,,,,,,,,True,total_debt_prior + stockholders_equity_prior - cash_and_equivalents_prior - short_term_investments_prior,"לא ניתן לחשב מדד נגזר כי לא כל הרכיבים עברו PASS: {'total_debt_prior': 'PASS', 'stockholders_equity_prior': 'PASS', 'cash_and_equivalents_prior': 'REVIEW_REQUIRED', 'short_term_investments_prior': 'PASS'}"
PANW,Palo Alto Networks Inc,1327567,10-K,2022-07-31,2022,2021-07-31,2022-09-06,0001327567-22-000028,panw-20220731.htm,v14 (scripts/60_xbrl_metric_engine.py),nopat,True,REVIEW_REQUIRED,,,,,,,,,,True,operating_income * (1 - effective_tax_rate),"לא ניתן לחשב מדד נגזר כי לא כל הרכיבים עברו PASS: {'operating_income': 'PASS', 'effective_tax_rate': 'REVIEW_REQUIRED'}"
PANW,Palo Alto Networks Inc,1327567,10-K,2022-07-31,2022,2021-07-31,2022-09-06,0001327567-22-000028,panw-20220731.htm,v14 (scripts/60_xbrl_metric_engine.py),average_invested_capital,True,REVIEW_REQUIRED,,,,,,,,,,True,(invested_capital + invested_capital_prior) / 2,"לא ניתן לחשב מדד נגזר כי לא כל הרכיבים עברו PASS: {'invested_capital': 'REVIEW_REQUIRED', 'invested_capital_prior': 'REVIEW_REQUIRED'}"
PANW,Palo Alto Networks Inc,1327567,10-K,2022-07-31,2022,2021-07-31,2022-09-06,0001327567-22-000028,panw-20220731.htm,v14 (scripts/60_xbrl_metric_engine.py),roic,True,REVIEW_REQUIRED,,,,,,,,,,True,nopat / average_invested_capital,"לא ניתן לחשב מדד נגזר כי לא כל הרכיבים עברו PASS: {'nopat': 'REVIEW_REQUIRED', 'average_invested_capital': 'REVIEW_REQUIRED'}"
PANW,Palo Alto Networks Inc,1327567,10-K,2023-07-31,2023,2022-07-31,2023-09-01,0001327567-23-000024,panw-20230731.htm,v14 (scripts/60_xbrl_metric_engine.py),capex,True,PASS,146300000.0,iso4217:USD,c-1,2022-08-01,2023-07-31,us-gaap:PaymentsToAcquireProductiveAssets,"Purchases of property, equipment, and other assets",0000008 - Statement - CONSOLIDATED STATEMENTS OF CASH FLOWS,plain,False,,
PANW,Palo Alto Networks Inc,1327567,10-K,2023-07-31,2023,2022-07-31,2023-09-01,0001327567-23-000024,panw-20230731.htm,v14 (scripts/60_xbrl_metric_engine.py),cash_and_equivalents,True,REVIEW_REQUIRED,,,,,,,,,,False,,"לא ניתן לזהות שורת 'cash_and_equivalents' יחידה וחד-משמעית.
מספר שורות מועמדות כוללות: 2, מתוכן 'attributable': 0, 'plain': 2"
PANW,Palo Alto Networks Inc,1327567,10-K,2023-07-31,2023,2022-07-31,2023-09-01,0001327567-23-000024,panw-20230731.htm,v14 (scripts/60_xbrl_metric_engine.py),current_debt,True,PASS,1991500000.0,iso4217:USD,c-4,2023-07-31,2023-07-31,us-gaap:ConvertibleDebtCurrent,"Convertible senior notes, net",0000003 - Statement - CONSOLIDATED BALANCE SHEETS,ancestry_classified,False,,
PANW,Palo Alto Networks Inc,1327567,10-K,2023-07-31,2023,2022-07-31,2023-09-01,0001327567-23-000024,panw-20230731.htm,v14 (scripts/60_xbrl_metric_engine.py),income_tax_expense,True,PASS,126600000.0,iso4217:USD,c-1,2022-08-01,2023-07-31,us-gaap:IncomeTaxExpenseBenefit,Provision for income taxes,0000005 - Statement - CONSOLIDATED STATEMENTS OF OPERATIONS,plain,False,,
PANW,Palo Alto Networks Inc,1327567,10-K,2023-07-31,2023,2022-07-31,2023-09-01,0001327567-23-000024,panw-20230731.htm,v14 (scripts/60_xbrl_metric_engine.py),long_term_debt,True,REVIEW_REQUIRED,,,,,,,,,,False,,"לא נמצאה אף שורת 'long_term_debt' בתוך Statement role ראשי התואם לכללי ה-Role של המדד, וגם לא נמצאה שורת חוב לא-שוטף מועמדת לפי שרשרת ה-Ancestor (מדיניות D-019)."
PANW,Palo Alto Networks Inc,1327567,10-K,2023-07-31,2023,2022-07-31,2023-09-01,0001327567-23-000024,panw-20230731.htm,v14 (scripts/60_xbrl_metric_engine.py),net_income,True,PASS,439700000.0,iso4217:USD,c-1,2022-08-01,2023-07-31,us-gaap:NetIncomeLoss,Net income (loss),0000005 - Statement - CONSOLIDATED STATEMENTS OF OPERATIONS,plain,False,,
PANW,Palo Alto Networks Inc,1327567,10-K,2023-07-31,2023,2022-07-31,2023-09-01,0001327567-23-000024,panw-20230731.htm,v14 (scripts/60_xbrl_metric_engine.py),operating_cash_flow,True,PASS,2777500000.0,iso4217:USD,c-1,2022-08-01,2023-07-31,us-gaap:NetCashProvidedByUsedInOperatingActivities,Net cash provided by operating activities,0000008 - Statement - CONSOLIDATED STATEMENTS OF CASH FLOWS,plain,False,,
PANW,Palo Alto Networks Inc,1327567,10-K,2023-07-31,2023,2022-07-31,2023-09-01,0001327567-23-000024,panw-20230731.htm,v14 (scripts/60_xbrl_metric_engine.py),operating_income,True,PASS,387300000.0,iso4217:USD,c-1,2022-08-01,2023-07-31,us-gaap:OperatingIncomeLoss,Operating income (loss),0000005 - Statement - CONSOLIDATED STATEMENTS OF OPERATIONS,plain,False,,
PANW,Palo Alto Networks Inc,1327567,10-K,2023-07-31,2023,2022-07-31,2023-09-01,0001327567-23-000024,panw-20230731.htm,v14 (scripts/60_xbrl_metric_engine.py),pretax_income,True,PASS,566300000.0,iso4217:USD,c-1,2022-08-01,2023-07-31,us-gaap:IncomeLossFromContinuingOperationsBeforeIncomeTaxesExtraordinaryItemsNoncontrollingInterest,Income (loss) before income taxes,0000005 - Statement - CONSOLIDATED STATEMENTS OF OPERATIONS,plain,False,,
PANW,Palo Alto Networks Inc,1327567,10-K,2023-07-31,2023,2022-07-31,2023-09-01,0001327567-23-000024,panw-20230731.htm,v14 (scripts/60_xbrl_metric_engine.py),revenue,True,PASS,6892700000.0,iso4217:USD,c-1,2022-08-01,2023-07-31,us-gaap:RevenueFromContractWithCustomerExcludingAssessedTax,Revenue,0000005 - Statement - CONSOLIDATED STATEMENTS OF OPERATIONS,plain,False,,
PANW,Palo Alto Networks Inc,1327567,10-K,2023-07-31,2023,2022-07-31,2023-09-01,0001327567-23-000024,panw-20230731.htm,v14 (scripts/60_xbrl_metric_engine.py),short_term_investments,True,PASS,1254700000.0,iso4217:USD,c-4,2023-07-31,2023-07-31,us-gaap:ShortTermInvestments,Short-term investments,0000003 - Statement - CONSOLIDATED BALANCE SHEETS,plain,False,,
PANW,Palo Alto Networks Inc,1327567,10-K,2023-07-31,2023,2022-07-31,2023-09-01,0001327567-23-000024,panw-20230731.htm,v14 (scripts/60_xbrl_metric_engine.py),stockholders_equity,True,PASS,1748400000.0,iso4217:USD,c-4,2023-07-31,2023-07-31,us-gaap:StockholdersEquity,Total stockholders’ equity,0000003 - Statement - CONSOLIDATED BALANCE SHEETS,plain,False,,
PANW,Palo Alto Networks Inc,1327567,10-K,2023-07-31,2023,2022-07-31,2023-09-01,0001327567-23-000024,panw-20230731.htm,v14 (scripts/60_xbrl_metric_engine.py),total_debt_explicit,False,REVIEW_REQUIRED,,,,,,,,,,False,,לא נמצאה אף שורת 'total_debt_explicit' בתוך Statement role ראשי התואם לכללי ה-Role של המדד.
PANW,Palo Alto Networks Inc,1327567,10-K,2023-07-31,2023,2022-07-31,2023-09-01,0001327567-23-000024,panw-20230731.htm,v14 (scripts/60_xbrl_metric_engine.py),cash_and_equivalents_prior,False,REVIEW_REQUIRED,,,,,,,,,,False,,"לא ניתן לזהות שורת 'cash_and_equivalents' יחידה וחד-משמעית.
מספר שורות מועמדות כוללות: 2, מתוכן 'attributable': 0, 'plain': 2"
PANW,Palo Alto Networks Inc,1327567,10-K,2023-07-31,2023,2022-07-31,2023-09-01,0001327567-23-000024,panw-20230731.htm,v14 (scripts/60_xbrl_metric_engine.py),current_debt_prior,False,PASS,3676800000.0,iso4217:USD,c-6,2022-07-31,2022-07-31,us-gaap:ConvertibleDebtCurrent,"Convertible senior notes, net",0000003 - Statement - CONSOLIDATED BALANCE SHEETS,ancestry_classified,False,,
PANW,Palo Alto Networks Inc,1327567,10-K,2023-07-31,2023,2022-07-31,2023-09-01,0001327567-23-000024,panw-20230731.htm,v14 (scripts/60_xbrl_metric_engine.py),long_term_debt_prior,False,REVIEW_REQUIRED,,,,,,,,,,False,,"לא נמצאה אף שורת 'long_term_debt' בתוך Statement role ראשי התואם לכללי ה-Role של המדד, וגם לא נמצאה שורת חוב לא-שוטף מועמדת לפי שרשרת ה-Ancestor (מדיניות D-019)."
PANW,Palo Alto Networks Inc,1327567,10-K,2023-07-31,2023,2022-07-31,2023-09-01,0001327567-23-000024,panw-20230731.htm,v14 (scripts/60_xbrl_metric_engine.py),short_term_investments_prior,False,PASS,1516000000.0,iso4217:USD,c-6,2022-07-31,2022-07-31,us-gaap:ShortTermInvestments,Short-term investments,0000003 - Statement - CONSOLIDATED BALANCE SHEETS,plain,False,,
PANW,Palo Alto Networks Inc,1327567,10-K,2023-07-31,2023,2022-07-31,2023-09-01,0001327567-23-000024,panw-20230731.htm,v14 (scripts/60_xbrl_metric_engine.py),stockholders_equity_prior,False,PASS,210000000.0,iso4217:USD,c-6,2022-07-31,2022-07-31,us-gaap:StockholdersEquity,Total stockholders’ equity,0000003 - Statement - CONSOLIDATED BALANCE SHEETS,plain,False,,
PANW,Palo Alto Networks Inc,1327567,10-K,2023-07-31,2023,2022-07-31,2023-09-01,0001327567-23-000024,panw-20230731.htm,v14 (scripts/60_xbrl_metric_engine.py),total_debt_explicit_prior,False,REVIEW_REQUIRED,,,,,,,,,,False,,לא נמצאה אף שורת 'total_debt_explicit' בתוך Statement role ראשי התואם לכללי ה-Role של המדד.
PANW,Palo Alto Networks Inc,1327567,10-K,2023-07-31,2023,2022-07-31,2023-09-01,0001327567-23-000024,panw-20230731.htm,v14 (scripts/60_xbrl_metric_engine.py),effective_tax_rate,True,PASS,0.22355641885926186,ratio,,2022-08-01,2023-07-31,,,,,True,income_tax_expense / pretax_income,
PANW,Palo Alto Networks Inc,1327567,10-K,2023-07-31,2023,2022-07-31,2023-09-01,0001327567-23-000024,panw-20230731.htm,v14 (scripts/60_xbrl_metric_engine.py),total_debt,True,REVIEW_REQUIRED,,,,,,,,,,True,current_debt + long_term_debt (no unambiguous direct aggregate Total Debt row found — explicit-row status: REVIEW_REQUIRED),"לא ניתן לחשב מדד נגזר כי לא כל הרכיבים עברו PASS: {'current_debt': 'PASS', 'long_term_debt': 'REVIEW_REQUIRED'}"
PANW,Palo Alto Networks Inc,1327567,10-K,2023-07-31,2023,2022-07-31,2023-09-01,0001327567-23-000024,panw-20230731.htm,v14 (scripts/60_xbrl_metric_engine.py),total_debt_prior,False,REVIEW_REQUIRED,,,,,,,,,,True,current_debt_prior + long_term_debt_prior (no unambiguous direct aggregate Total Debt row found — explicit-row status: REVIEW_REQUIRED),"לא ניתן לחשב מדד נגזר כי לא כל הרכיבים עברו PASS: {'current_debt_prior': 'PASS', 'long_term_debt_prior': 'REVIEW_REQUIRED'}"
PANW,Palo Alto Networks Inc,1327567,10-K,2023-07-31,2023,2022-07-31,2023-09-01,0001327567-23-000024,panw-20230731.htm,v14 (scripts/60_xbrl_metric_engine.py),adjusted_net_debt,True,REVIEW_REQUIRED,,,,,,,,,,True,total_debt - cash_and_equivalents - short_term_investments,"לא ניתן לחשב מדד נגזר כי לא כל הרכיבים עברו PASS: {'total_debt': 'REVIEW_REQUIRED', 'cash_and_equivalents': 'REVIEW_REQUIRED', 'short_term_investments': 'PASS'}"
PANW,Palo Alto Networks Inc,1327567,10-K,2023-07-31,2023,2022-07-31,2023-09-01,0001327567-23-000024,panw-20230731.htm,v14 (scripts/60_xbrl_metric_engine.py),free_cash_flow,True,PASS,2631200000.0,iso4217:USD,,2022-08-01,2023-07-31,,,,,True,operating_cash_flow - capex,
PANW,Palo Alto Networks Inc,1327567,10-K,2023-07-31,2023,2022-07-31,2023-09-01,0001327567-23-000024,panw-20230731.htm,v14 (scripts/60_xbrl_metric_engine.py),invested_capital,True,REVIEW_REQUIRED,,,,,,,,,,True,total_debt + stockholders_equity - cash_and_equivalents - short_term_investments,"לא ניתן לחשב מדד נגזר כי לא כל הרכיבים עברו PASS: {'total_debt': 'REVIEW_REQUIRED', 'stockholders_equity': 'PASS', 'cash_and_equivalents': 'REVIEW_REQUIRED', 'short_term_investments': 'PASS'}"
PANW,Palo Alto Networks Inc,1327567,10-K,2023-07-31,2023,2022-07-31,2023-09-01,0001327567-23-000024,panw-20230731.htm,v14 (scripts/60_xbrl_metric_engine.py),invested_capital_prior,False,REVIEW_REQUIRED,,,,,,,,,,True,total_debt_prior + stockholders_equity_prior - cash_and_equivalents_prior - short_term_investments_prior,"לא ניתן לחשב מדד נגזר כי לא כל הרכיבים עברו PASS: {'total_debt_prior': 'REVIEW_REQUIRED', 'stockholders_equity_prior': 'PASS', 'cash_and_equivalents_prior': 'REVIEW_REQUIRED', 'short_term_investments_prior': 'PASS'}"
PANW,Palo Alto Networks Inc,1327567,10-K,2023-07-31,2023,2022-07-31,2023-09-01,0001327567-23-000024,panw-20230731.htm,v14 (scripts/60_xbrl_metric_engine.py),nopat,True,PASS,300716598.9758079,iso4217:USD,,2022-08-01,2023-07-31,,,,,True,operating_income * (1 - effective_tax_rate),
PANW,Palo Alto Networks Inc,1327567,10-K,2023-07-31,2023,2022-07-31,2023-09-01,0001327567-23-000024,panw-20230731.htm,v14 (scripts/60_xbrl_metric_engine.py),average_invested_capital,True,REVIEW_REQUIRED,,,,,,,,,,True,(invested_capital + invested_capital_prior) / 2,"לא ניתן לחשב מדד נגזר כי לא כל הרכיבים עברו PASS: {'invested_capital': 'REVIEW_REQUIRED', 'invested_capital_prior': 'REVIEW_REQUIRED'}"
PANW,Palo Alto Networks Inc,1327567,10-K,2023-07-31,2023,2022-07-31,2023-09-01,0001327567-23-000024,panw-20230731.htm,v14 (scripts/60_xbrl_metric_engine.py),roic,True,REVIEW_REQUIRED,,,,,,,,,,True,nopat / average_invested_capital,"לא ניתן לחשב מדד נגזר כי לא כל הרכיבים עברו PASS: {'nopat': 'PASS', 'average_invested_capital': 'REVIEW_REQUIRED'}"
PANW,Palo Alto Networks Inc,1327567,10-K,2024-07-31,2024,2023-07-31,2024-09-06,0001327567-24-000029,panw-20240731.htm,v14 (scripts/60_xbrl_metric_engine.py),capex,True,PASS,156800000.0,iso4217:USD,c-1,2023-08-01,2024-07-31,us-gaap:PaymentsToAcquireProductiveAssets,"Purchases of property, equipment, and other assets",9952156 - Statement - CONSOLIDATED STATEMENTS OF CASH FLOWS,plain,False,,
PANW,Palo Alto Networks Inc,1327567,10-K,2024-07-31,2024,2023-07-31,2024-09-06,0001327567-24-000029,panw-20240731.htm,v14 (scripts/60_xbrl_metric_engine.py),cash_and_equivalents,True,PASS,1535200000.0,iso4217:USD,c-4,2024-07-31,2024-07-31,us-gaap:CashAndCashEquivalentsAtCarryingValue,Cash and cash equivalents,9952151 - Statement - CONSOLIDATED BALANCE SHEETS,plain,False,,
PANW,Palo Alto Networks Inc,1327567,10-K,2024-07-31,2024,2023-07-31,2024-09-06,0001327567-24-000029,panw-20240731.htm,v14 (scripts/60_xbrl_metric_engine.py),current_debt,True,PASS,963900000.0,iso4217:USD,c-4,2024-07-31,2024-07-31,us-gaap:ConvertibleDebtCurrent,"Convertible senior notes, net",9952151 - Statement - CONSOLIDATED BALANCE SHEETS,ancestry_classified,False,,
PANW,Palo Alto Networks Inc,1327567,10-K,2024-07-31,2024,2023-07-31,2024-09-06,0001327567-24-000029,panw-20240731.htm,v14 (scripts/60_xbrl_metric_engine.py),income_tax_expense,True,PASS,-1589300000.0,iso4217:USD,c-1,2023-08-01,2024-07-31,us-gaap:IncomeTaxExpenseBenefit,Provision for (benefit from) income taxes,9952153 - Statement - CONSOLIDATED STATEMENTS OF OPERATIONS,plain,False,,
PANW,Palo Alto Networks Inc,1327567,10-K,2024-07-31,2024,2023-07-31,2024-09-06,0001327567-24-000029,panw-20240731.htm,v14 (scripts/60_xbrl_metric_engine.py),long_term_debt,True,REVIEW_REQUIRED,,,,,,,,,,False,,"לא נמצאה אף שורת 'long_term_debt' בתוך Statement role ראשי התואם לכללי ה-Role של המדד, וגם לא נמצאה שורת חוב לא-שוטף מועמדת לפי שרשרת ה-Ancestor (מדיניות D-019)."
PANW,Palo Alto Networks Inc,1327567,10-K,2024-07-31,2024,2023-07-31,2024-09-06,0001327567-24-000029,panw-20240731.htm,v14 (scripts/60_xbrl_metric_engine.py),net_income,True,PASS,2577600000.0,iso4217:USD,c-1,2023-08-01,2024-07-31,us-gaap:NetIncomeLoss,Net income (loss),9952153 - Statement - CONSOLIDATED STATEMENTS OF OPERATIONS,plain,False,,
PANW,Palo Alto Networks Inc,1327567,10-K,2024-07-31,2024,2023-07-31,2024-09-06,0001327567-24-000029,panw-20240731.htm,v14 (scripts/60_xbrl_metric_engine.py),operating_cash_flow,True,PASS,3257600000.0,iso4217:USD,c-1,2023-08-01,2024-07-31,us-gaap:NetCashProvidedByUsedInOperatingActivities,Net cash provided by operating activities,9952156 - Statement - CONSOLIDATED STATEMENTS OF CASH FLOWS,plain,False,,
PANW,Palo Alto Networks Inc,1327567,10-K,2024-07-31,2024,2023-07-31,2024-09-06,0001327567-24-000029,panw-20240731.htm,v14 (scripts/60_xbrl_metric_engine.py),operating_income,True,PASS,683900000.0,iso4217:USD,c-1,2023-08-01,2024-07-31,us-gaap:OperatingIncomeLoss,Operating income (loss),9952153 - Statement - CONSOLIDATED STATEMENTS OF OPERATIONS,plain,False,,
PANW,Palo Alto Networks Inc,1327567,10-K,2024-07-31,2024,2023-07-31,2024-09-06,0001327567-24-000029,panw-20240731.htm,v14 (scripts/60_xbrl_metric_engine.py),pretax_income,True,PASS,988300000.0,iso4217:USD,c-1,2023-08-01,2024-07-31,us-gaap:IncomeLossFromContinuingOperationsBeforeIncomeTaxesExtraordinaryItemsNoncontrollingInterest,Income (loss) before income taxes,9952153 - Statement - CONSOLIDATED STATEMENTS OF OPERATIONS,plain,False,,
PANW,Palo Alto Networks Inc,1327567,10-K,2024-07-31,2024,2023-07-31,2024-09-06,0001327567-24-000029,panw-20240731.htm,v14 (scripts/60_xbrl_metric_engine.py),revenue,True,PASS,8027500000.0,iso4217:USD,c-1,2023-08-01,2024-07-31,us-gaap:RevenueFromContractWithCustomerExcludingAssessedTax,Revenue,9952153 - Statement - CONSOLIDATED STATEMENTS OF OPERATIONS,plain,False,,
PANW,Palo Alto Networks Inc,1327567,10-K,2024-07-31,2024,2023-07-31,2024-09-06,0001327567-24-000029,panw-20240731.htm,v14 (scripts/60_xbrl_metric_engine.py),short_term_investments,True,PASS,1043600000.0,iso4217:USD,c-4,2024-07-31,2024-07-31,us-gaap:ShortTermInvestments,Short-term investments,9952151 - Statement - CONSOLIDATED BALANCE SHEETS,plain,False,,
PANW,Palo Alto Networks Inc,1327567,10-K,2024-07-31,2024,2023-07-31,2024-09-06,0001327567-24-000029,panw-20240731.htm,v14 (scripts/60_xbrl_metric_engine.py),stockholders_equity,True,PASS,5169700000.0,iso4217:USD,c-4,2024-07-31,2024-07-31,us-gaap:StockholdersEquity,Total stockholders’ equity,9952151 - Statement - CONSOLIDATED BALANCE SHEETS,plain,False,,
PANW,Palo Alto Networks Inc,1327567,10-K,2024-07-31,2024,2023-07-31,2024-09-06,0001327567-24-000029,panw-20240731.htm,v14 (scripts/60_xbrl_metric_engine.py),total_debt_explicit,False,REVIEW_REQUIRED,,,,,,,,,,False,,לא נמצאה אף שורת 'total_debt_explicit' בתוך Statement role ראשי התואם לכללי ה-Role של המדד.
PANW,Palo Alto Networks Inc,1327567,10-K,2024-07-31,2024,2023-07-31,2024-09-06,0001327567-24-000029,panw-20240731.htm,v14 (scripts/60_xbrl_metric_engine.py),cash_and_equivalents_prior,False,PASS,1135300000.0,iso4217:USD,c-5,2023-07-31,2023-07-31,us-gaap:CashAndCashEquivalentsAtCarryingValue,Cash and cash equivalents,9952151 - Statement - CONSOLIDATED BALANCE SHEETS,plain,False,,
PANW,Palo Alto Networks Inc,1327567,10-K,2024-07-31,2024,2023-07-31,2024-09-06,0001327567-24-000029,panw-20240731.htm,v14 (scripts/60_xbrl_metric_engine.py),current_debt_prior,False,PASS,1991500000.0,iso4217:USD,c-5,2023-07-31,2023-07-31,us-gaap:ConvertibleDebtCurrent,"Convertible senior notes, net",9952151 - Statement - CONSOLIDATED BALANCE SHEETS,ancestry_classified,False,,
PANW,Palo Alto Networks Inc,1327567,10-K,2024-07-31,2024,2023-07-31,2024-09-06,0001327567-24-000029,panw-20240731.htm,v14 (scripts/60_xbrl_metric_engine.py),long_term_debt_prior,False,REVIEW_REQUIRED,,,,,,,,,,False,,"לא נמצאה אף שורת 'long_term_debt' בתוך Statement role ראשי התואם לכללי ה-Role של המדד, וגם לא נמצאה שורת חוב לא-שוטף מועמדת לפי שרשרת ה-Ancestor (מדיניות D-019)."
PANW,Palo Alto Networks Inc,1327567,10-K,2024-07-31,2024,2023-07-31,2024-09-06,0001327567-24-000029,panw-20240731.htm,v14 (scripts/60_xbrl_metric_engine.py),short_term_investments_prior,False,PASS,1254700000.0,iso4217:USD,c-5,2023-07-31,2023-07-31,us-gaap:ShortTermInvestments,Short-term investments,9952151 - Statement - CONSOLIDATED BALANCE SHEETS,plain,False,,
PANW,Palo Alto Networks Inc,1327567,10-K,2024-07-31,2024,2023-07-31,2024-09-06,0001327567-24-000029,panw-20240731.htm,v14 (scripts/60_xbrl_metric_engine.py),stockholders_equity_prior,False,PASS,1748400000.0,iso4217:USD,c-5,2023-07-31,2023-07-31,us-gaap:StockholdersEquity,Total stockholders’ equity,9952151 - Statement - CONSOLIDATED BALANCE SHEETS,plain,False,,
PANW,Palo Alto Networks Inc,1327567,10-K,2024-07-31,2024,2023-07-31,2024-09-06,0001327567-24-000029,panw-20240731.htm,v14 (scripts/60_xbrl_metric_engine.py),total_debt_explicit_prior,False,REVIEW_REQUIRED,,,,,,,,,,False,,לא נמצאה אף שורת 'total_debt_explicit' בתוך Statement role ראשי התואם לכללי ה-Role של המדד.
PANW,Palo Alto Networks Inc,1327567,10-K,2024-07-31,2024,2023-07-31,2024-09-06,0001327567-24-000029,panw-20240731.htm,v14 (scripts/60_xbrl_metric_engine.py),effective_tax_rate,True,REVIEW_REQUIRED,-1.608114944854801,,,,,,,,,True,income_tax_expense / pretax_income,"שיעור המס האפקטיבי המדווח (-1.608114944854801) מחוץ לטווח הסביר [0, 1]."
PANW,Palo Alto Networks Inc,1327567,10-K,2024-07-31,2024,2023-07-31,2024-09-06,0001327567-24-000029,panw-20240731.htm,v14 (scripts/60_xbrl_metric_engine.py),total_debt,True,REVIEW_REQUIRED,,,,,,,,,,True,current_debt + long_term_debt (no unambiguous direct aggregate Total Debt row found — explicit-row status: REVIEW_REQUIRED),"לא ניתן לחשב מדד נגזר כי לא כל הרכיבים עברו PASS: {'current_debt': 'PASS', 'long_term_debt': 'REVIEW_REQUIRED'}"
PANW,Palo Alto Networks Inc,1327567,10-K,2024-07-31,2024,2023-07-31,2024-09-06,0001327567-24-000029,panw-20240731.htm,v14 (scripts/60_xbrl_metric_engine.py),total_debt_prior,False,REVIEW_REQUIRED,,,,,,,,,,True,current_debt_prior + long_term_debt_prior (no unambiguous direct aggregate Total Debt row found — explicit-row status: REVIEW_REQUIRED),"לא ניתן לחשב מדד נגזר כי לא כל הרכיבים עברו PASS: {'current_debt_prior': 'PASS', 'long_term_debt_prior': 'REVIEW_REQUIRED'}"
PANW,Palo Alto Networks Inc,1327567,10-K,2024-07-31,2024,2023-07-31,2024-09-06,0001327567-24-000029,panw-20240731.htm,v14 (scripts/60_xbrl_metric_engine.py),adjusted_net_debt,True,REVIEW_REQUIRED,,,,,,,,,,True,total_debt - cash_and_equivalents - short_term_investments,"לא ניתן לחשב מדד נגזר כי לא כל הרכיבים עברו PASS: {'total_debt': 'REVIEW_REQUIRED', 'cash_and_equivalents': 'PASS', 'short_term_investments': 'PASS'}"
PANW,Palo Alto Networks Inc,1327567,10-K,2024-07-31,2024,2023-07-31,2024-09-06,0001327567-24-000029,panw-20240731.htm,v14 (scripts/60_xbrl_metric_engine.py),free_cash_flow,True,PASS,3100800000.0,iso4217:USD,,2023-08-01,2024-07-31,,,,,True,operating_cash_flow - capex,
PANW,Palo Alto Networks Inc,1327567,10-K,2024-07-31,2024,2023-07-31,2024-09-06,0001327567-24-000029,panw-20240731.htm,v14 (scripts/60_xbrl_metric_engine.py),invested_capital,True,REVIEW_REQUIRED,,,,,,,,,,True,total_debt + stockholders_equity - cash_and_equivalents - short_term_investments,"לא ניתן לחשב מדד נגזר כי לא כל הרכיבים עברו PASS: {'total_debt': 'REVIEW_REQUIRED', 'stockholders_equity': 'PASS', 'cash_and_equivalents': 'PASS', 'short_term_investments': 'PASS'}"
PANW,Palo Alto Networks Inc,1327567,10-K,2024-07-31,2024,2023-07-31,2024-09-06,0001327567-24-000029,panw-20240731.htm,v14 (scripts/60_xbrl_metric_engine.py),invested_capital_prior,False,REVIEW_REQUIRED,,,,,,,,,,True,total_debt_prior + stockholders_equity_prior - cash_and_equivalents_prior - short_term_investments_prior,"לא ניתן לחשב מדד נגזר כי לא כל הרכיבים עברו PASS: {'total_debt_prior': 'REVIEW_REQUIRED', 'stockholders_equity_prior': 'PASS', 'cash_and_equivalents_prior': 'PASS', 'short_term_investments_prior': 'PASS'}"
PANW,Palo Alto Networks Inc,1327567,10-K,2024-07-31,2024,2023-07-31,2024-09-06,0001327567-24-000029,panw-20240731.htm,v14 (scripts/60_xbrl_metric_engine.py),nopat,True,REVIEW_REQUIRED,,,,,,,,,,True,operating_income * (1 - effective_tax_rate),"לא ניתן לחשב מדד נגזר כי לא כל הרכיבים עברו PASS: {'operating_income': 'PASS', 'effective_tax_rate': 'REVIEW_REQUIRED'}"
PANW,Palo Alto Networks Inc,1327567,10-K,2024-07-31,2024,2023-07-31,2024-09-06,0001327567-24-000029,panw-20240731.htm,v14 (scripts/60_xbrl_metric_engine.py),average_invested_capital,True,REVIEW_REQUIRED,,,,,,,,,,True,(invested_capital + invested_capital_prior) / 2,"לא ניתן לחשב מדד נגזר כי לא כל הרכיבים עברו PASS: {'invested_capital': 'REVIEW_REQUIRED', 'invested_capital_prior': 'REVIEW_REQUIRED'}"
PANW,Palo Alto Networks Inc,1327567,10-K,2024-07-31,2024,2023-07-31,2024-09-06,0001327567-24-000029,panw-20240731.htm,v14 (scripts/60_xbrl_metric_engine.py),roic,True,REVIEW_REQUIRED,,,,,,,,,,True,nopat / average_invested_capital,"לא ניתן לחשב מדד נגזר כי לא כל הרכיבים עברו PASS: {'nopat': 'REVIEW_REQUIRED', 'average_invested_capital': 'REVIEW_REQUIRED'}"
PANW,Palo Alto Networks Inc,1327567,10-K,2025-07-31,2025,2024-07-31,2025-08-29,0001327567-25-000027,panw-20250731.htm,v14 (scripts/60_xbrl_metric_engine.py),capex,True,PASS,246200000.0,iso4217:USD,c-1,2024-08-01,2025-07-31,us-gaap:PaymentsToAcquireProductiveAssets,"Purchases of property, equipment, and other assets",9952156 - Statement - CONSOLIDATED STATEMENTS OF CASH FLOWS,plain,False,,
PANW,Palo Alto Networks Inc,1327567,10-K,2025-07-31,2025,2024-07-31,2025-08-29,0001327567-25-000027,panw-20250731.htm,v14 (scripts/60_xbrl_metric_engine.py),cash_and_equivalents,True,PASS,2268600000.0,iso4217:USD,c-4,2025-07-31,2025-07-31,us-gaap:CashAndCashEquivalentsAtCarryingValue,Cash and cash equivalents,9952151 - Statement - CONSOLIDATED BALANCE SHEETS,plain,False,,
PANW,Palo Alto Networks Inc,1327567,10-K,2025-07-31,2025,2024-07-31,2025-08-29,0001327567-25-000027,panw-20250731.htm,v14 (scripts/60_xbrl_metric_engine.py),current_debt,True,PASS,0.0,iso4217:USD,c-4,2025-07-31,2025-07-31,us-gaap:ConvertibleDebtCurrent,"Convertible senior notes, net",9952151 - Statement - CONSOLIDATED BALANCE SHEETS,ancestry_classified,False,,
PANW,Palo Alto Networks Inc,1327567,10-K,2025-07-31,2025,2024-07-31,2025-08-29,0001327567-25-000027,panw-20250731.htm,v14 (scripts/60_xbrl_metric_engine.py),income_tax_expense,True,PASS,461800000.0,iso4217:USD,c-1,2024-08-01,2025-07-31,us-gaap:IncomeTaxExpenseBenefit,Provision for (benefit from) income taxes,9952153 - Statement - CONSOLIDATED STATEMENTS OF OPERATIONS,plain,False,,
PANW,Palo Alto Networks Inc,1327567,10-K,2025-07-31,2025,2024-07-31,2025-08-29,0001327567-25-000027,panw-20250731.htm,v14 (scripts/60_xbrl_metric_engine.py),long_term_debt,True,REVIEW_REQUIRED,,,,,,,,,,False,,"לא נמצאה אף שורת 'long_term_debt' בתוך Statement role ראשי התואם לכללי ה-Role של המדד, וגם לא נמצאה שורת חוב לא-שוטף מועמדת לפי שרשרת ה-Ancestor (מדיניות D-019)."
PANW,Palo Alto Networks Inc,1327567,10-K,2025-07-31,2025,2024-07-31,2025-08-29,0001327567-25-000027,panw-20250731.htm,v14 (scripts/60_xbrl_metric_engine.py),net_income,True,PASS,1133900000.0,iso4217:USD,c-1,2024-08-01,2025-07-31,us-gaap:NetIncomeLoss,Net income,9952153 - Statement - CONSOLIDATED STATEMENTS OF OPERATIONS,plain,False,,
PANW,Palo Alto Networks Inc,1327567,10-K,2025-07-31,2025,2024-07-31,2025-08-29,0001327567-25-000027,panw-20250731.htm,v14 (scripts/60_xbrl_metric_engine.py),operating_cash_flow,True,PASS,3716000000.0,iso4217:USD,c-1,2024-08-01,2025-07-31,us-gaap:NetCashProvidedByUsedInOperatingActivities,Net cash provided by operating activities,9952156 - Statement - CONSOLIDATED STATEMENTS OF CASH FLOWS,plain,False,,
PANW,Palo Alto Networks Inc,1327567,10-K,2025-07-31,2025,2024-07-31,2025-08-29,0001327567-25-000027,panw-20250731.htm,v14 (scripts/60_xbrl_metric_engine.py),operating_income,True,PASS,1242900000.0,iso4217:USD,c-1,2024-08-01,2025-07-31,us-gaap:OperatingIncomeLoss,Operating income,9952153 - Statement - CONSOLIDATED STATEMENTS OF OPERATIONS,plain,False,,
PANW,Palo Alto Networks Inc,1327567,10-K,2025-07-31,2025,2024-07-31,2025-08-29,0001327567-25-000027,panw-20250731.htm,v14 (scripts/60_xbrl_metric_engine.py),pretax_income,True,PASS,1595700000.0,iso4217:USD,c-1,2024-08-01,2025-07-31,us-gaap:IncomeLossFromContinuingOperationsBeforeIncomeTaxesExtraordinaryItemsNoncontrollingInterest,Income before income taxes,9952153 - Statement - CONSOLIDATED STATEMENTS OF OPERATIONS,plain,False,,
PANW,Palo Alto Networks Inc,1327567,10-K,2025-07-31,2025,2024-07-31,2025-08-29,0001327567-25-000027,panw-20250731.htm,v14 (scripts/60_xbrl_metric_engine.py),revenue,True,PASS,9221500000.0,iso4217:USD,c-1,2024-08-01,2025-07-31,us-gaap:RevenueFromContractWithCustomerExcludingAssessedTax,Revenue,9952153 - Statement - CONSOLIDATED STATEMENTS OF OPERATIONS,plain,False,,
PANW,Palo Alto Networks Inc,1327567,10-K,2025-07-31,2025,2024-07-31,2025-08-29,0001327567-25-000027,panw-20250731.htm,v14 (scripts/60_xbrl_metric_engine.py),short_term_investments,True,PASS,634600000.0,iso4217:USD,c-4,2025-07-31,2025-07-31,us-gaap:ShortTermInvestments,Short-term investments,9952151 - Statement - CONSOLIDATED BALANCE SHEETS,plain,False,,
PANW,Palo Alto Networks Inc,1327567,10-K,2025-07-31,2025,2024-07-31,2025-08-29,0001327567-25-000027,panw-20250731.htm,v14 (scripts/60_xbrl_metric_engine.py),stockholders_equity,True,PASS,7824400000.0,iso4217:USD,c-4,2025-07-31,2025-07-31,us-gaap:StockholdersEquity,Total stockholders’ equity,9952151 - Statement - CONSOLIDATED BALANCE SHEETS,plain,False,,
PANW,Palo Alto Networks Inc,1327567,10-K,2025-07-31,2025,2024-07-31,2025-08-29,0001327567-25-000027,panw-20250731.htm,v14 (scripts/60_xbrl_metric_engine.py),total_debt_explicit,False,REVIEW_REQUIRED,,,,,,,,,,False,,לא נמצאה אף שורת 'total_debt_explicit' בתוך Statement role ראשי התואם לכללי ה-Role של המדד.
PANW,Palo Alto Networks Inc,1327567,10-K,2025-07-31,2025,2024-07-31,2025-08-29,0001327567-25-000027,panw-20250731.htm,v14 (scripts/60_xbrl_metric_engine.py),cash_and_equivalents_prior,False,PASS,1535200000.0,iso4217:USD,c-5,2024-07-31,2024-07-31,us-gaap:CashAndCashEquivalentsAtCarryingValue,Cash and cash equivalents,9952151 - Statement - CONSOLIDATED BALANCE SHEETS,plain,False,,
PANW,Palo Alto Networks Inc,1327567,10-K,2025-07-31,2025,2024-07-31,2025-08-29,0001327567-25-000027,panw-20250731.htm,v14 (scripts/60_xbrl_metric_engine.py),current_debt_prior,False,PASS,963900000.0,iso4217:USD,c-5,2024-07-31,2024-07-31,us-gaap:ConvertibleDebtCurrent,"Convertible senior notes, net",9952151 - Statement - CONSOLIDATED BALANCE SHEETS,ancestry_classified,False,,
PANW,Palo Alto Networks Inc,1327567,10-K,2025-07-31,2025,2024-07-31,2025-08-29,0001327567-25-000027,panw-20250731.htm,v14 (scripts/60_xbrl_metric_engine.py),long_term_debt_prior,False,REVIEW_REQUIRED,,,,,,,,,,False,,"לא נמצאה אף שורת 'long_term_debt' בתוך Statement role ראשי התואם לכללי ה-Role של המדד, וגם לא נמצאה שורת חוב לא-שוטף מועמדת לפי שרשרת ה-Ancestor (מדיניות D-019)."
PANW,Palo Alto Networks Inc,1327567,10-K,2025-07-31,2025,2024-07-31,2025-08-29,0001327567-25-000027,panw-20250731.htm,v14 (scripts/60_xbrl_metric_engine.py),short_term_investments_prior,False,PASS,1043600000.0,iso4217:USD,c-5,2024-07-31,2024-07-31,us-gaap:ShortTermInvestments,Short-term investments,9952151 - Statement - CONSOLIDATED BALANCE SHEETS,plain,False,,
PANW,Palo Alto Networks Inc,1327567,10-K,2025-07-31,2025,2024-07-31,2025-08-29,0001327567-25-000027,panw-20250731.htm,v14 (scripts/60_xbrl_metric_engine.py),stockholders_equity_prior,False,PASS,5169700000.0,iso4217:USD,c-5,2024-07-31,2024-07-31,us-gaap:StockholdersEquity,Total stockholders’ equity,9952151 - Statement - CONSOLIDATED BALANCE SHEETS,plain,False,,
PANW,Palo Alto Networks Inc,1327567,10-K,2025-07-31,2025,2024-07-31,2025-08-29,0001327567-25-000027,panw-20250731.htm,v14 (scripts/60_xbrl_metric_engine.py),total_debt_explicit_prior,False,REVIEW_REQUIRED,,,,,,,,,,False,,לא נמצאה אף שורת 'total_debt_explicit' בתוך Statement role ראשי התואם לכללי ה-Role של המדד.
PANW,Palo Alto Networks Inc,1327567,10-K,2025-07-31,2025,2024-07-31,2025-08-29,0001327567-25-000027,panw-20250731.htm,v14 (scripts/60_xbrl_metric_engine.py),effective_tax_rate,True,PASS,0.2894027699442251,ratio,,2024-08-01,2025-07-31,,,,,True,income_tax_expense / pretax_income,
PANW,Palo Alto Networks Inc,1327567,10-K,2025-07-31,2025,2024-07-31,2025-08-29,0001327567-25-000027,panw-20250731.htm,v14 (scripts/60_xbrl_metric_engine.py),total_debt,True,REVIEW_REQUIRED,,,,,,,,,,True,current_debt + long_term_debt (no unambiguous direct aggregate Total Debt row found — explicit-row status: REVIEW_REQUIRED),"לא ניתן לחשב מדד נגזר כי לא כל הרכיבים עברו PASS: {'current_debt': 'PASS', 'long_term_debt': 'REVIEW_REQUIRED'}"
PANW,Palo Alto Networks Inc,1327567,10-K,2025-07-31,2025,2024-07-31,2025-08-29,0001327567-25-000027,panw-20250731.htm,v14 (scripts/60_xbrl_metric_engine.py),total_debt_prior,False,REVIEW_REQUIRED,,,,,,,,,,True,current_debt_prior + long_term_debt_prior (no unambiguous direct aggregate Total Debt row found — explicit-row status: REVIEW_REQUIRED),"לא ניתן לחשב מדד נגזר כי לא כל הרכיבים עברו PASS: {'current_debt_prior': 'PASS', 'long_term_debt_prior': 'REVIEW_REQUIRED'}"
PANW,Palo Alto Networks Inc,1327567,10-K,2025-07-31,2025,2024-07-31,2025-08-29,0001327567-25-000027,panw-20250731.htm,v14 (scripts/60_xbrl_metric_engine.py),adjusted_net_debt,True,REVIEW_REQUIRED,,,,,,,,,,True,total_debt - cash_and_equivalents - short_term_investments,"לא ניתן לחשב מדד נגזר כי לא כל הרכיבים עברו PASS: {'total_debt': 'REVIEW_REQUIRED', 'cash_and_equivalents': 'PASS', 'short_term_investments': 'PASS'}"
PANW,Palo Alto Networks Inc,1327567,10-K,2025-07-31,2025,2024-07-31,2025-08-29,0001327567-25-000027,panw-20250731.htm,v14 (scripts/60_xbrl_metric_engine.py),free_cash_flow,True,PASS,3469800000.0,iso4217:USD,,2024-08-01,2025-07-31,,,,,True,operating_cash_flow - capex,
PANW,Palo Alto Networks Inc,1327567,10-K,2025-07-31,2025,2024-07-31,2025-08-29,0001327567-25-000027,panw-20250731.htm,v14 (scripts/60_xbrl_metric_engine.py),invested_capital,True,REVIEW_REQUIRED,,,,,,,,,,True,total_debt + stockholders_equity - cash_and_equivalents - short_term_investments,"לא ניתן לחשב מדד נגזר כי לא כל הרכיבים עברו PASS: {'total_debt': 'REVIEW_REQUIRED', 'stockholders_equity': 'PASS', 'cash_and_equivalents': 'PASS', 'short_term_investments': 'PASS'}"
PANW,Palo Alto Networks Inc,1327567,10-K,2025-07-31,2025,2024-07-31,2025-08-29,0001327567-25-000027,panw-20250731.htm,v14 (scripts/60_xbrl_metric_engine.py),invested_capital_prior,False,REVIEW_REQUIRED,,,,,,,,,,True,total_debt_prior + stockholders_equity_prior - cash_and_equivalents_prior - short_term_investments_prior,"לא ניתן לחשב מדד נגזר כי לא כל הרכיבים עברו PASS: {'total_debt_prior': 'REVIEW_REQUIRED', 'stockholders_equity_prior': 'PASS', 'cash_and_equivalents_prior': 'PASS', 'short_term_investments_prior': 'PASS'}"
PANW,Palo Alto Networks Inc,1327567,10-K,2025-07-31,2025,2024-07-31,2025-08-29,0001327567-25-000027,panw-20250731.htm,v14 (scripts/60_xbrl_metric_engine.py),nopat,True,PASS,883201297.2363226,iso4217:USD,,2024-08-01,2025-07-31,,,,,True,operating_income * (1 - effective_tax_rate),
PANW,Palo Alto Networks Inc,1327567,10-K,2025-07-31,2025,2024-07-31,2025-08-29,0001327567-25-000027,panw-20250731.htm,v14 (scripts/60_xbrl_metric_engine.py),average_invested_capital,True,REVIEW_REQUIRED,,,,,,,,,,True,(invested_capital + invested_capital_prior) / 2,"לא ניתן לחשב מדד נגזר כי לא כל הרכיבים עברו PASS: {'invested_capital': 'REVIEW_REQUIRED', 'invested_capital_prior': 'REVIEW_REQUIRED'}"
PANW,Palo Alto Networks Inc,1327567,10-K,2025-07-31,2025,2024-07-31,2025-08-29,0001327567-25-000027,panw-20250731.htm,v14 (scripts/60_xbrl_metric_engine.py),roic,True,REVIEW_REQUIRED,,,,,,,,,,True,nopat / average_invested_capital,"לא ניתן לחשב מדד נגזר כי לא כל הרכיבים עברו PASS: {'nopat': 'PASS', 'average_invested_capital': 'REVIEW_REQUIRED'}"
