ticker,filing_year,table_number,detected_section,inside_financial_statements_area,caption,previous_context,first_rows_preview,row_count,column_count,source_file
META,2024,1,unknown,False,,,,0,0,C:\AI_Stock_Agent\data\sec_filings\META\000132680123000013\meta-20221231.htm
META,2024,2,unknown,False,__________________________,ANNUAL REPORT PURSUANT TO SECTION 13 OR 15(d) OF THE SECURITIES EXCHANGE ACT OF 1934 || For the fiscal year ended || TRANSITION REPORT PURSUANT TO SECTION 13 OR 15(d) OF THE SECURITIES EXCHANGE ACT OF 1934 || For the transition period from to || Commission File Number: || __________________________ || (Exact name of registrant as specified in its charter) || __________________________,Delaware | Delaware | Delaware | 20-1665019 | 20-1665019 | 20-1665019 || (State or other jurisdiction of incorporation or organization) | (State or other jurisdiction of incorporation or organization) | (State or other jurisdiction of incorporation or organization) | (I.R.S. Employer Identification Number) | (I.R.S. Employer Identification Number) | (I.R.S. Employer Identification Number),3,6,C:\AI_Stock_Agent\data\sec_filings\META\000132680123000013\meta-20221231.htm
META,2024,3,unknown,False,Securities registered pursuant to Section 12(b) of the Act:,"Commission File Number: || __________________________ || (Exact name of registrant as specified in its charter) || __________________________ || (Address of principal executive offices and Zip Code) || (Registrant's telephone number, including area code) || __________________________ || Securities registered pursuant to Section 12(b) of the Act:","Title of each class | Title of each class | Title of each class | Trading symbol(s) | Trading symbol(s) | Trading symbol(s) | Name of each exchange on which registered | Name of each exchange on which registered | Name of each exchange on which registered || Class A Common Stock, $0.000006 par value | Class A Common Stock, $0.000006 par value | Class A Common Stock, $0.000006 par value | META | META | META | The Nasdaq Stock Market LLC | The Nasdaq Stock Market LLC | The Nasdaq Stock Market LLC",3,9,C:\AI_Stock_Agent\data\sec_filings\META\000132680123000013\meta-20221231.htm
META,2024,4,unknown,False,"Indicate by check mark whether the registrant is a large accelerated filer, an accelerated filer, a non-accelerated filer, a smaller reporting company, or an emerging growth company. See the definitions of ""large accelerated filer,"" ""accelerated filer,"" ""smaller reporting company,"" and ""emerging growth company"" in Rule 12b-2 of the Exchange Act.","__________________________ || Securities registered pursuant to Section 12(b) of the Act: || Securities registered pursuant to Section 12(g) of the Act: None || Indicate by check mark if the registrant is a well-known seasoned issuer, as defined in Rule 405 of the Securities Act. ☒ No ☐ || Indicate by check mark if the registrant is not required to file reports pursuant to Section 13 or Section 15(d) of the Act. Yes ☐ ☒ || Indicate by check mark whether the registrant (1) has filed all reports required to be filed by Section 13 or 15(d) of the Securities Exchange Act of 1934 (Exchange Act) during the preceding 12 months (or for such shorter period that the registrant was required to file such reports), and (2) has been subject to such filing requirements for the past 90 days. ☒ No ☐ || Indicate by check mark whether the registrant has submitted electronically every Interactive Data File required to be submitted pursuant to Rule 405 of Regulation S-T (§ 232.405 of this chapter) during the preceding 12 months (or for such shorter period that the registrant was required to submit such files). ☒ No ☐ || Indicate by check mark whether the registrant is a large accelerated filer, an accelerated filer, a non-accelerated filer, a smaller reporting company, or an emerging growth company. See the definitions of ""large accelerated filer,"" ""accelerated filer,"" ""smaller reporting company,"" and ""emerging growth company"" in Rule 12b-2 of the Exchange Act.",Large accelerated filer | Large accelerated filer | Large accelerated filer | ☒ | ☒ | ☒ | Accelerated filer | Accelerated filer | Accelerated filer | ☐ | ☐ | ☐ || Non-accelerated filer | Non-accelerated filer | Non-accelerated filer | ☐ | ☐ | ☐ | Smaller reporting company | Smaller reporting company | Smaller reporting company | ☐ | ☐ | ☐ || Emerging growth company | Emerging growth company | Emerging growth company | ☐ | ☐ | ☐,4,12,C:\AI_Stock_Agent\data\sec_filings\META\000132680123000013\meta-20221231.htm
META,2024,5,financial_statements_area,True,DOCUMENTS INCORPORATED BY REFERENCE,"Indicate by check mark whether the registrant is a large accelerated filer, an accelerated filer, a non-accelerated filer, a smaller reporting company, or an emerging growth company. See the definitions of ""large accelerated filer,"" ""accelerated filer,"" ""smaller reporting company,"" and ""emerging growth company"" in Rule 12b-2 of the Exchange Act. || If an emerging growth company, indicate by check mark if the registrant has elected not to use the extended transition period for complying with any new or revised financial accounting standards provided pursuant to Section 13(a) of the Exchange Act. ☐ || Indicate by check mark whether the registrant has filed a report on and attestation to its management's assessment of the effectiveness of its internal control over financial reporting under Section 404(b) of the Sarbanes-Oxley Act (15 U.S.C. 7262(b)) by the registered public accounting firm that prepared or issued its audit report. || If securities are registered pursuant to Section 12(b) of the Act, indicate by check mark whether the financial statements of the registrant included in the filing reflect the correction of an error to previously issued financial statements. ☐ || Indicate by check mark whether any of those error corrections are restatements that required a recovery analysis of incentive-based compensation received by any of the registrant’s executive officers during the relevant recovery period pursuant to §240.10D-1(b). ☐ || Indicate by check mark whether the registrant is a shell company (as defined in Rule 12b-2 of the Exchange Act). Yes ☐ No || The aggregate market value of the voting and non-voting stock held by non-affiliates of the registrant as of June 30, 2022, the last business day of the registrant's most recently completed second fiscal quarter, was $ billion based upon the closing price reported for such date on the Nasdaq Global Select Market. On January 27, 2023, the registrant had shares of Class A common stock and shares of Class B common stock outstanding. || DOCUMENTS INCORPORATED BY REFERENCE",,0,0,C:\AI_Stock_Agent\data\sec_filings\META\000132680123000013\meta-20221231.htm
META,2024,6,financial_statements_area,True,TABLE OF CONTENTS,"If securities are registered pursuant to Section 12(b) of the Act, indicate by check mark whether the financial statements of the registrant included in the filing reflect the correction of an error to previously issued financial statements. ☐ || Indicate by check mark whether any of those error corrections are restatements that required a recovery analysis of incentive-based compensation received by any of the registrant’s executive officers during the relevant recovery period pursuant to §240.10D-1(b). ☐ || Indicate by check mark whether the registrant is a shell company (as defined in Rule 12b-2 of the Exchange Act). Yes ☐ No || The aggregate market value of the voting and non-voting stock held by non-affiliates of the registrant as of June 30, 2022, the last business day of the registrant's most recently completed second fiscal quarter, was $ billion based upon the closing price reported for such date on the Nasdaq Global Select Market. On January 27, 2023, the registrant had shares of Class A common stock and shares of Class B common stock outstanding. || DOCUMENTS INCORPORATED BY REFERENCE || Meta Platforms, Inc. || Form 10-K || TABLE OF CONTENTS",Page | Page | Page || Note About Forward-Looking Statements | Note About Forward-Looking Statements | Note About Forward-Looking Statements | Note About Forward-Looking Statements | Note About Forward-Looking Statements | Note About Forward-Looking Statements | 3 | 3 | 3 || Limitations of Key Metrics and Other Data | Limitations of Key Metrics and Other Data | Limitations of Key Metrics and Other Data | Limitations of Key Metrics and Other Data | Limitations of Key Metrics and Other Data | Limitations of Key Metrics and Other Data | 4 | 4 | 4,35,9,C:\AI_Stock_Agent\data\sec_filings\META\000132680123000013\meta-20221231.htm
META,2024,7,financial_statements_area,True,"The following table summarizes the share repurchase activity for the three months ended December 31, 2022:","On June 9, 2022, Meta's Class A common stock began trading on the Nasdaq Global Select Market under the ticker symbol 'META'. This replaced the ticker symbol 'FB,' which had been used since the company's initial public offering in 2012. Prior to that time, there was no public market for our stock. || Our Class B common stock is not listed on any stock exchange nor traded on any public market. || Holders of Record || As of December 31, 2022, there were 3,204 stockholders of record of our Class A common stock, and the closing price of our Class A common stock was $120.34 per share as reported on the Nasdaq Global Select Market. Because many of our shares of Class A common stock are held by brokers and other institutions on behalf of stockholders, we are unable to estimate the total number of stockholders represented by these record holders. As of December 31, 2022, there were 27 stockholders of record of our Class B common stock. || Dividend Policy || We have never declared or paid any cash dividend on our common stock. We intend to retain any future earnings to finance the operation and expansion of our business and fund our share repurchase program, and we do not expect to pay cash dividends in the foreseeable future. || Purchases of Equity Securities by the Issuer and Affiliated Purchasers || The following table summarizes the share repurchase activity for the three months ended December 31, 2022:","Total Number of Shares Purchased (1) | Total Number of Shares Purchased (1) | Total Number of Shares Purchased (1) | Average Price Paid Per Share (2) | Average Price Paid Per Share (2) | Average Price Paid Per Share (2) | Total Number of Shares Purchased as Part of Publicly Announced Programs (1) | Total Number of Shares Purchased as Part of Publicly Announced Programs (1) | Total Number of Shares Purchased as Part of Publicly Announced Programs (1) | Approximate Dollar Value of Shares that May Yet Be Purchased Under the Plans or Programs (1) | Approximate Dollar Value of Shares that May Yet Be Purchased Under the Plans or Programs (1) | Approximate Dollar Value of Shares that May Yet Be Purchased Under the Plans or Programs (1) || (in thousands) | (in thousands) | (in thousands) | (in thousands) | (in thousands) | (in thousands) | (in millions) | (in millions) | (in millions) || October 1 - 31, 2022 | October 1 - 31, 2022 | October 1 - 31, 2022 | 20180 | 20180 | $ | 126.03 | 20180 | 20180 | $ | 15232 || November 1 - 30, 2022 | November 1 - 30, 2022 | November 1 - 30, 2022 | 24878 | 24878 | $ | 105.28 | 24878 | 24878 | $ | 12613",7,24,C:\AI_Stock_Agent\data\sec_filings\META\000132680123000013\meta-20221231.htm
META,2024,8,financial_statements_area,True,"reportable segments: Family of Apps (FoA) and Reality Labs (RL). FoA includes Facebook, Instagram, Messenger, WhatsApp, and other services. RL includes our augmented and virtual reality related consumer hardware, software, and content.","n 18% year-over-year increase in ad impressions delivered across our Family of Apps. || Income from operations for 2022 was $28.94 billion, a decrease of $17.81 billion, or 38%, compared to 2021, mainly due to an increase in payroll and related expenses associated with a 20% increase in employee headcount particularly in || engineering and other technical functions || and higher operational expenses related to our data centers and technical infrastructure. Starting in the third quarter of 2022, we began a series of cost management initiatives including facilities consolidation, a layoff of approximately 11,000 employees, and a pivot in our data center strategy, which resulted in total restructuring charges of $4.61 billion in 2022. We expect we may incur significant additional restructuring charges as we continue to focus on cost efficiency measures through 2023. || Consolidated and Segment Results || We report our financial results for our || two || reportable segments: Family of Apps (FoA) and Reality Labs (RL). FoA includes Facebook, Instagram, Messenger, WhatsApp, and other services. RL includes our augmented and virtual reality related consumer hardware, software, and content.","Family of Apps | Family of Apps | Family of Apps | Family of Apps | Family of Apps | Family of Apps | Family of Apps | Family of Apps | Family of Apps | Family of Apps | Family of Apps | Family of Apps | Family of Apps | Family of Apps | Family of Apps | Reality Labs | Reality Labs | Reality Labs | Reality Labs | Reality Labs | Reality Labs | Reality Labs | Reality Labs | Reality Labs | Reality Labs | Reality Labs | Reality Labs | Reality Labs | Reality Labs | Reality Labs | Total | Total | Total | Total | Total | Total | Total | Total | Total | Total | Total | Total | Total | Total | Total || Year Ended December 31, | Year Ended December 31, | Year Ended December 31, | Year Ended December 31, | Year Ended December 31, | Year Ended December 31, | Year Ended December 31, | Year Ended December 31, | Year Ended December 31, | Year Ended December 31, | Year Ended December 31, | Year Ended December 31, | Year Ended December 31, | Year Ended December 31, | Year Ended December 31, | Year Ended December 31, | Year Ended December 31, | Year Ended December 31, | Year Ended December 31, | Year Ended December 31, | Year Ended December 31, | Year Ended December 31, | Year Ended December 31, | Year Ended December 31, | Year Ended December 31, | Year Ended December 31, | Year Ended December 31, || 2022 | 2022 | 2022 | 2021 | 2021 | 2021 | % change | % change | % change | 2022 | 2022 | 2022 | 2021 | 2021 | 2021 | % change | % change | % change | 2022 | 2022 | 2022 | 2021 | 2021 | 2021 | % change | % change | % change",10,72,C:\AI_Stock_Agent\data\sec_filings\META\000132680123000013\meta-20221231.htm
META,2024,9,financial_statements_area,True,(in millions),"Long-term debt was $9.92 billion as of December 31, 2022. || Headcount was 86,482 as of December 31, 2022, an increase of 20% year-over-year. Our reported headcount includes a substantial majority of the approximately || 11,000 employees impacted by the layoff we announced in November 2022, who || will no longer be reflected in our headcount by the end of the first quarter of 2023. || Restructuring || In 2022, we initiated several measures to pursue greater efficiency and to realign our business and strategic priorities. This includes a facilities consolidation strategy to sublease, early terminate, or abandon several office buildings under operating leases, a layoff of approximately 11,000 of our employees across the FoA and RL segments, and a pivot towards a next generation data center design, including cancellation of multiple data center projects. || A summary of our restructuring charges for the year ended December 31, 2022 by major activity type is as follows || (in millions)",Facilities Consolidation | Facilities Consolidation | Facilities Consolidation | Severance and Other Personnel Costs | Severance and Other Personnel Costs | Severance and Other Personnel Costs | Data Center Assets | Data Center Assets | Data Center Assets | Total | Total | Total || Cost of revenue | Cost of revenue | Cost of revenue | $ | 154 | $ | — | $ | 1341 | $ | 1495 || Research and development | Research and development | Research and development | 1311 | 1311 | 408 | 408 | — | — | 1719 | 1719 || Marketing and sales | Marketing and sales | Marketing and sales | 404 | 404 | 234 | 234 | — | — | 638 | 638,7,36,C:\AI_Stock_Agent\data\sec_filings\META\000132680123000013\meta-20221231.htm
META,2024,10,financial_statements_area,True,"We define a daily active person as a registered and logged-in user of Facebook, Instagram, Messenger, and/or WhatsApp (collectively, our ""Family"" of products) who visited at least one of these Family products through a mobile device application or using a web or mobile browser on a given day. We do not require people to use a common identifier or link their accounts to use multiple products in our Family, and therefore must seek to attribute multiple user accounts within and across products to individual people. Our calculations of DAP rely upon complex techniques, algorithms, and machine learning models that seek to estimate the underlying number of unique people using one or more of these products, including by matching user accounts within an individual product and across multiple products when we believe they are attributable to a single person, and counting such group of accounts as one person. As these techniques and models require significant judgment, are developed based on internal reviews of limited samples of user accounts, and are calibrated against user survey data, there is necessarily some margin of error in our estimates. We view DAP, and DAP as a percentage of MAP, as measures of engagement across our products. For additional information, see the section entitled ""Limitations of Key Metrics and Other Data"" in this Annual Report on Form 10-K.",", we continued to invest based on the following company priorities: (i) continue making progress on the major social issues facing the internet and our company, including privacy, safety, and security; (ii) build new experiences that meaningfully improve people's lives today and set the stage for even bigger improvements in the future; (iii) keep building our business by supporting the millions of businesses that rely on our services to grow and create jobs; and (iv) communicate more transparently about what we're doing and the role our services play in the world. || We anticipate that investments in our data center capacity, servers, network infrastructure, and headcount will continue to drive expense growth in 2023, which will adversely affect our operating margin and profitability. The majority of our investments are directed toward developing our family of apps. In || , 82% of our total costs and expenses were recognized in FoA and 18% were recognized in RL. Our FoA investments include expenses relating to headcount, data centers and technical infrastructure as part of our efforts to develop our apps and our advertising services. We are also making significant investments in our metaverse efforts, including developing virtual and augmented reality devices, software for social platforms, neural interfaces, and other foundational technologies for the metaverse. Our RL investments include expenses relating to headcount and technology development across these efforts. Many of our RL investments are directed toward long-term, cutting-edge research and development for products for the metaverse that are not on the market today and may only be fully realized in the next decade. Although it is inherently difficult to predict when and how the metaverse ecosystem will develop, we expect our RL segment to continue to operate at a loss for the foreseeable future, and our ability to support our metaverse efforts is dependent on generating sufficient profits from other areas of our business. We expect this will be a complex, evolving, and long-term initiative. We are investing now because we believe this is the next chapter of the internet and will unlock monetization opportunities for businesses, developers, and creators, including around advertising, hardware, and digital goods. || Trends in Our Family Metrics || The numbers for our key Family metrics, our DAP, MAP, and average revenue per person (ARPP), do not include users on our other products unless they would otherwise qualify as DAP or MAP, respectively, based on their other activities on our Family products. || Trends in the number of people in our community affect our revenue and financial results by influencing the number of ads we are able to show, the value of our ads to marketers, as well as our expenses and capital expenditures. Substantially all of our daily and monthly active people (as defined below) access our Family products on mobile devices. || Daily Active People (DAP). || We define a daily active person as a registered and logged-in user of Facebook, Instagram, Messenger, and/or WhatsApp (collectively, our ""Family"" of products) who visited at least one of these Family products through a mobile device application or using a web or mobile browser on a given day. We do not require people to use a common identifier or link their accounts to use multiple products in our Family, and therefore must seek to attribute multiple user accounts within and across products to individual people. Our calculations of DAP rely upon complex techniques, algorithms, and machine learning models that seek to estimate the underlying number of unique people using one or more of these products, including by matching user accounts within an individual product and across multiple products when we believe they are attributable to a single person, and counting such group of accounts as one person. As these techniques and models require significant judgment, are developed based on internal reviews of limited samples of user accounts, and are calibrated against user survey data, there is necessarily some margin of error in our estimates. We view DAP, and DAP as a percentage of MAP, as measures of engagement across our products. For additional information, see the section entitled ""Limitations of Key Metrics and Other Data"" in this Annual Report on Form 10-K.",DAP/MAP: | DAP/MAP: | DAP/MAP: | 79% | 79% | 79% | 79% | 79% | 79% | 79% | 79% | 79% | 78% | 78% | 78% | 79% | 79% | 79% | 79% | 79% | 79% | 79% | 79% | 79% | 79% | 79% | 79% | 79% | 79% | 79%,2,30,C:\AI_Stock_Agent\data\sec_filings\META\000132680123000013\meta-20221231.htm
META,2024,11,financial_statements_area,True,"We define ARPP as our total revenue during a given quarter, divided by the average of the number of MAP at the beginning and end of the quarter. While ARPP includes all sources of revenue, the number of MAP used in this calculation only includes users of our Family products as described in the definition of MAP above. We estimate that the share of revenue from users who are not also MAP was not material.","Note: We report the numbers of DAP and MAP as specific amounts, but these numbers are estimates of the numbers of unique people using our products and are subject to statistical variances and errors. While we expect the error margin for these estimates to vary from period to period, we estimate that such margin generally will be approximately 3% of our worldwide MAP. At our scale, it is very difficult to attribute multiple user accounts within and across products to individual people, and it is possible that the actual numbers of unique people using our products may vary significantly from our estimates, potentially beyond our estimated error margins. For additional information, see the section entitled ""Limitations of Key Metrics and Other Data"" in this Annual Report on Form 10-K. In the first quarter of 2021, we updated our Family metrics calculations to maintain calibration of our models against recent user survey data, and we estimate such update contributed an aggregate of approximately 60 million DAP to our reported worldwide DAP in March 2021. In the third quarter of 2022, we updated our Family metrics calculations to maintain calibration of our models against recent user survey data, and we estimate such update contributed an aggregate of approximately 30 million DAP to our reported worldwide DAP in September 2022. || Worldwide DAP increased 5% to 2.96 billion on average during December 2022 from 2.82 billion during December 2021. || Monthly Active People (MAP). || We define a monthly active person as a registered and logged-in user of one or more Family products who visited at least one of these Family products through a mobile device application or using a web or mobile browser in the last 30 days as of the date of measurement. We do not require people to use a common identifier or link their accounts to use multiple products in our Family, and therefore must seek to attribute multiple user accounts within and across products to individual people. Our calculations of MAP rely upon complex techniques, algorithms, and machine learning models that seek to estimate the underlying number of unique people using one or more of these products, including by matching user accounts within an individual product and across multiple products when we believe they are attributable to a single person, and counting such group of accounts as one person. As these techniques and models require significant judgment, are developed based on internal reviews of limited samples of user accounts, and are calibrated against user survey data, there is necessarily some margin of error in our estimates. We view MAP as a measure of the size of our global active community of people using our products. For additional information, see the section entitled ""Limitations of Key Metrics and Other Data"" in this Annual Report on Form 10-K. || Note: We report the numbers of DAP and MAP as specific amounts, but these numbers are estimates of the numbers of unique people using our products and are subject to statistical variances and errors. While we expect the error margin for these estimates to vary from period to period, we estimate that such margin generally will be approximately 3% of our worldwide MAP. At our scale, it is very difficult to attribute multiple user accounts within and across products to individual people, and it is possible that the actual numbers of unique people using our products may vary significantly from our estimates, potentially beyond our estimated error margins. For additional information, see the section entitled ""Limitations of Key Metrics and Other Data"" in this Annual Report on Form 10-K. In the first quarter of 2021, we updated our Family metrics calculations to maintain calibration of our models against recent user survey data, and we estimate such update contributed an aggregate of approximately 70 million MAP to our reported worldwide MAP in March 2021. In the third quarter of 2022, we updated our Family metrics calculations to maintain calibration of our models against recent user survey data, and we estimate such update contributed an aggregate of approximately 40 million MAP to our reported worldwide MAP in September 2022. || As of December 31, 2022, we had 3.74 billion MAP, an increase of 4% from 3.59 billion as of December 31, 2021. || Average Revenue Per Person (ARPP). || We define ARPP as our total revenue during a given quarter, divided by the average of the number of MAP at the beginning and end of the quarter. While ARPP includes all sources of revenue, the number of MAP used in this calculation only includes users of our Family products as described in the definition of MAP above. We estimate that the share of revenue from users who are not also MAP was not material.",ARPP: | ARPP: | ARPP: | $8.62 | $8.62 | $8.62 | $7.75 | $7.75 | $7.75 | $8.36 | $8.36 | $8.36 | $8.18 | $8.18 | $8.18 | $9.39 | $9.39 | $9.39 | $7.72 | $7.72 | $7.72 | $7.91 | $7.91 | $7.91 | $7.53 | $7.53 | $7.53 | $8.63 | $8.63 | $8.63,2,30,C:\AI_Stock_Agent\data\sec_filings\META\000132680123000013\meta-20221231.htm
META,2024,12,financial_statements_area,True,"Facebook user who visited Facebook through our website or a mobile device, or used our Messenger application (and is also a registered Facebook user), on a given day. We view DAUs, and DAUs as a percentage of MAUs, as measures of user engagement on Facebook.","Our annual worldwide ARPP in 2022, which represents the sum of quarterly ARPP during such period, was $31.79, a decrease of 6% from 2021. || Trends in Our Facebook User Metrics || The numbers for our key Facebook metrics, our DAUs, MAUs, and average revenue per user (ARPU), do not include users on Instagram, WhatsApp, or our other products, unless they would otherwise qualify as DAUs or MAUs, respectively, based on their other activities on Facebook. || Trends in the number of users affect our revenue and financial results by influencing the number of ads we are able to show, the value of our ads to marketers, as well as our expenses and capital expenditures. Substantially all of our daily and monthly active users (as defined below) access Facebook on mobile devices. || Daily Active Users (DAUs). || We define a daily active user as a registered || and logged-in || Facebook user who visited Facebook through our website or a mobile device, or used our Messenger application (and is also a registered Facebook user), on a given day. We view DAUs, and DAUs as a percentage of MAUs, as measures of user engagement on Facebook.",DAU/MAU: | DAU/MAU: | DAU/MAU: | 66% | 66% | 66% | 66% | 66% | 66% | 66% | 66% | 66% | 66% | 66% | 66% | 66% | 66% | 66% | 67% | 67% | 67% | 67% | 67% | 67% | 67% | 67% | 67% | 67% | 67% | 67%,2,30,C:\AI_Stock_Agent\data\sec_filings\META\000132680123000013\meta-20221231.htm
META,2024,13,financial_statements_area,True,"Facebook user who visited Facebook through our website or a mobile device, or used our Messenger application (and is also a registered Facebook user), on a given day. We view DAUs, and DAUs as a percentage of MAUs, as measures of user engagement on Facebook.","Our annual worldwide ARPP in 2022, which represents the sum of quarterly ARPP during such period, was $31.79, a decrease of 6% from 2021. || Trends in Our Facebook User Metrics || The numbers for our key Facebook metrics, our DAUs, MAUs, and average revenue per user (ARPU), do not include users on Instagram, WhatsApp, or our other products, unless they would otherwise qualify as DAUs or MAUs, respectively, based on their other activities on Facebook. || Trends in the number of users affect our revenue and financial results by influencing the number of ads we are able to show, the value of our ads to marketers, as well as our expenses and capital expenditures. Substantially all of our daily and monthly active users (as defined below) access Facebook on mobile devices. || Daily Active Users (DAUs). || We define a daily active user as a registered || and logged-in || Facebook user who visited Facebook through our website or a mobile device, or used our Messenger application (and is also a registered Facebook user), on a given day. We view DAUs, and DAUs as a percentage of MAUs, as measures of user engagement on Facebook.",DAU/MAU: | DAU/MAU: | DAU/MAU: | 76% | 76% | 76% | 75% | 75% | 75% | 75% | 75% | 75% | 75% | 75% | 75% | 74% | 74% | 74% | 75% | 75% | 75% | 75% | 75% | 75% | 74% | 74% | 74% | 75% | 75% | 75% | DAU/MAU: | DAU/MAU: | DAU/MAU: | 74% | 74% | 74% | 73% | 73% | 73% | 73% | 73% | 73% | 73% | 73% | 73% | 72% | 72% | 72% | 73% | 73% | 73% | 74% | 74% | 74% | 74% | 74% | 74% | 75% | 75% | 75%,2,60,C:\AI_Stock_Agent\data\sec_filings\META\000132680123000013\meta-20221231.htm
META,2024,14,financial_statements_area,True,"Facebook user who visited Facebook through our website or a mobile device, or used our Messenger application (and is also a registered Facebook user), on a given day. We view DAUs, and DAUs as a percentage of MAUs, as measures of user engagement on Facebook.","Our annual worldwide ARPP in 2022, which represents the sum of quarterly ARPP during such period, was $31.79, a decrease of 6% from 2021. || Trends in Our Facebook User Metrics || The numbers for our key Facebook metrics, our DAUs, MAUs, and average revenue per user (ARPU), do not include users on Instagram, WhatsApp, or our other products, unless they would otherwise qualify as DAUs or MAUs, respectively, based on their other activities on Facebook. || Trends in the number of users affect our revenue and financial results by influencing the number of ads we are able to show, the value of our ads to marketers, as well as our expenses and capital expenditures. Substantially all of our daily and monthly active users (as defined below) access Facebook on mobile devices. || Daily Active Users (DAUs). || We define a daily active user as a registered || and logged-in || Facebook user who visited Facebook through our website or a mobile device, or used our Messenger application (and is also a registered Facebook user), on a given day. We view DAUs, and DAUs as a percentage of MAUs, as measures of user engagement on Facebook.",DAU/MAU: | DAU/MAU: | DAU/MAU: | 62% | 62% | 62% | 62% | 62% | 62% | 62% | 62% | 62% | 63% | 63% | 63% | 63% | 63% | 63% | 64% | 64% | 64% | 64% | 64% | 64% | 64% | 64% | 64% | 65% | 65% | 65% | DAU/MAU: | DAU/MAU: | DAU/MAU: | 65% | 65% | 65% | 65% | 65% | 65% | 65% | 65% | 65% | 66% | 66% | 66% | 65% | 65% | 65% | 66% | 66% | 66% | 66% | 66% | 66% | 66% | 66% | 66% | 66% | 66% | 66%,2,60,C:\AI_Stock_Agent\data\sec_filings\META\000132680123000013\meta-20221231.htm
META,2024,15,financial_statements_area,True,"We calculate our revenue by user geography based on our estimate of the geography in which ad impressions are delivered, virtual and digital goods are purchased, or consumer hardware products are shipped. We define ARPU as our total revenue in a given geography during a given quarter, divided by the average of the number of MAUs in the geography at the beginning and end of the quarter. While ARPU includes all sources of revenue, the number of MAUs used in this calculation only includes users of Facebook and Messenger as described in the definition of MAU above. While the share of revenue from users who are not also Facebook or Messenger MAUs has grown over time, we estimate that revenue from users who are Facebook or Messenger MAUs represents the substantial majority of our total revenue. See ""Average Revenue Per Person (ARPP)"" above for our estimates of trends in our monetization of our Family products. The geography of our users affects our revenue and financial results because we currently monetize users in different geographies at different average rates. Our revenue and ARPU in regions such as United States & Canada and Europe are relatively higher primarily due to the size and maturity of those online and mobile advertising markets. For example, ARPU in 2022 in the United States & Canada region was more than 11 times higher than in the Asia-Pacific region.","esented the top three sources of growth in DAUs during December 2022, relative to the same period in 2021. || Monthly Active Users (MAUs). || We define a monthly active user as a registered || and logged-in || Facebook user who visited Facebook through our website or a mobile device, or used our Messenger application (and is also a registered Facebook user), in the last 30 days as of the date of measurement. MAUs are a measure of the size of our global active user community on Facebook. || As of December 31, 2022, we had 2.96 billion MAUs, an increase of 2% from December 31, 2021. Users in India, Nigeria, and Bangladesh represented the top three sources of growth in 2022, relative to the same period in 2021. || Trends in Our Monetization by Facebook User Geography || We calculate our revenue by user geography based on our estimate of the geography in which ad impressions are delivered, virtual and digital goods are purchased, or consumer hardware products are shipped. We define ARPU as our total revenue in a given geography during a given quarter, divided by the average of the number of MAUs in the geography at the beginning and end of the quarter. While ARPU includes all sources of revenue, the number of MAUs used in this calculation only includes users of Facebook and Messenger as described in the definition of MAU above. While the share of revenue from users who are not also Facebook or Messenger MAUs has grown over time, we estimate that revenue from users who are Facebook or Messenger MAUs represents the substantial majority of our total revenue. See ""Average Revenue Per Person (ARPP)"" above for our estimates of trends in our monetization of our Family products. The geography of our users affects our revenue and financial results because we currently monetize users in different geographies at different average rates. Our revenue and ARPU in regions such as United States & Canada and Europe are relatively higher primarily due to the size and maturity of those online and mobile advertising markets. For example, ARPU in 2022 in the United States & Canada region was more than 11 times higher than in the Asia-Pacific region.",ARPU: | ARPU: | ARPU: | $10.14 | $10.14 | $9.27 | $9.27 | $10.12 | $10.12 | $10.00 | $10.00 | $10.00 | $11.57 | $11.57 | $11.57 | $9.54 | $9.54 | $9.54 | $9.82 | $9.82 | $9.82 | $9.41 | $9.41 | $9.41 | $10.86 | $10.86 | $10.86,2,30,C:\AI_Stock_Agent\data\sec_filings\META\000132680123000013\meta-20221231.htm
META,2024,16,financial_statements_area,True,"We calculate our revenue by user geography based on our estimate of the geography in which ad impressions are delivered, virtual and digital goods are purchased, or consumer hardware products are shipped. We define ARPU as our total revenue in a given geography during a given quarter, divided by the average of the number of MAUs in the geography at the beginning and end of the quarter. While ARPU includes all sources of revenue, the number of MAUs used in this calculation only includes users of Facebook and Messenger as described in the definition of MAU above. While the share of revenue from users who are not also Facebook or Messenger MAUs has grown over time, we estimate that revenue from users who are Facebook or Messenger MAUs represents the substantial majority of our total revenue. See ""Average Revenue Per Person (ARPP)"" above for our estimates of trends in our monetization of our Family products. The geography of our users affects our revenue and financial results because we currently monetize users in different geographies at different average rates. Our revenue and ARPU in regions such as United States & Canada and Europe are relatively higher primarily due to the size and maturity of those online and mobile advertising markets. For example, ARPU in 2022 in the United States & Canada region was more than 11 times higher than in the Asia-Pacific region.","esented the top three sources of growth in DAUs during December 2022, relative to the same period in 2021. || Monthly Active Users (MAUs). || We define a monthly active user as a registered || and logged-in || Facebook user who visited Facebook through our website or a mobile device, or used our Messenger application (and is also a registered Facebook user), in the last 30 days as of the date of measurement. MAUs are a measure of the size of our global active user community on Facebook. || As of December 31, 2022, we had 2.96 billion MAUs, an increase of 2% from December 31, 2021. Users in India, Nigeria, and Bangladesh represented the top three sources of growth in 2022, relative to the same period in 2021. || Trends in Our Monetization by Facebook User Geography || We calculate our revenue by user geography based on our estimate of the geography in which ad impressions are delivered, virtual and digital goods are purchased, or consumer hardware products are shipped. We define ARPU as our total revenue in a given geography during a given quarter, divided by the average of the number of MAUs in the geography at the beginning and end of the quarter. While ARPU includes all sources of revenue, the number of MAUs used in this calculation only includes users of Facebook and Messenger as described in the definition of MAU above. While the share of revenue from users who are not also Facebook or Messenger MAUs has grown over time, we estimate that revenue from users who are Facebook or Messenger MAUs represents the substantial majority of our total revenue. See ""Average Revenue Per Person (ARPP)"" above for our estimates of trends in our monetization of our Family products. The geography of our users affects our revenue and financial results because we currently monetize users in different geographies at different average rates. Our revenue and ARPU in regions such as United States & Canada and Europe are relatively higher primarily due to the size and maturity of those online and mobile advertising markets. For example, ARPU in 2022 in the United States & Canada region was more than 11 times higher than in the Asia-Pacific region.",ARPU: | ARPU: | ARPU: | $ | 53.56 | $ | 48.03 | $ | 53.01 | $ | 52.34 | $ | 60.57 | $48.29 | $48.29 | $48.29 | $50.25 | $50.25 | $50.25 | $49.13 | $49.13 | $49.13 | $58.77 | $58.77 | $58.77 | ARPU: | ARPU: | ARPU: | $16.87 | $16.87 | $16.87 | $15.49 | $15.49 | $15.49 | $17.23 | $17.23 | $17.23 | $16.50 | $16.50 | $16.50 | $19.68 | $19.68 | $19.68 | $15.35 | $15.35 | $15.35 | $15.64 | $15.64 | $15.64 | $14.23 | $14.23 | $14.23 | $17.29 | $17.29 | $17.29,2,63,C:\AI_Stock_Agent\data\sec_filings\META\000132680123000013\meta-20221231.htm
META,2024,17,financial_statements_area,True,"We calculate our revenue by user geography based on our estimate of the geography in which ad impressions are delivered, virtual and digital goods are purchased, or consumer hardware products are shipped. We define ARPU as our total revenue in a given geography during a given quarter, divided by the average of the number of MAUs in the geography at the beginning and end of the quarter. While ARPU includes all sources of revenue, the number of MAUs used in this calculation only includes users of Facebook and Messenger as described in the definition of MAU above. While the share of revenue from users who are not also Facebook or Messenger MAUs has grown over time, we estimate that revenue from users who are Facebook or Messenger MAUs represents the substantial majority of our total revenue. See ""Average Revenue Per Person (ARPP)"" above for our estimates of trends in our monetization of our Family products. The geography of our users affects our revenue and financial results because we currently monetize users in different geographies at different average rates. Our revenue and ARPU in regions such as United States & Canada and Europe are relatively higher primarily due to the size and maturity of those online and mobile advertising markets. For example, ARPU in 2022 in the United States & Canada region was more than 11 times higher than in the Asia-Pacific region.","esented the top three sources of growth in DAUs during December 2022, relative to the same period in 2021. || Monthly Active Users (MAUs). || We define a monthly active user as a registered || and logged-in || Facebook user who visited Facebook through our website or a mobile device, or used our Messenger application (and is also a registered Facebook user), in the last 30 days as of the date of measurement. MAUs are a measure of the size of our global active user community on Facebook. || As of December 31, 2022, we had 2.96 billion MAUs, an increase of 2% from December 31, 2021. Users in India, Nigeria, and Bangladesh represented the top three sources of growth in 2022, relative to the same period in 2021. || Trends in Our Monetization by Facebook User Geography || We calculate our revenue by user geography based on our estimate of the geography in which ad impressions are delivered, virtual and digital goods are purchased, or consumer hardware products are shipped. We define ARPU as our total revenue in a given geography during a given quarter, divided by the average of the number of MAUs in the geography at the beginning and end of the quarter. While ARPU includes all sources of revenue, the number of MAUs used in this calculation only includes users of Facebook and Messenger as described in the definition of MAU above. While the share of revenue from users who are not also Facebook or Messenger MAUs has grown over time, we estimate that revenue from users who are Facebook or Messenger MAUs represents the substantial majority of our total revenue. See ""Average Revenue Per Person (ARPP)"" above for our estimates of trends in our monetization of our Family products. The geography of our users affects our revenue and financial results because we currently monetize users in different geographies at different average rates. Our revenue and ARPU in regions such as United States & Canada and Europe are relatively higher primarily due to the size and maturity of those online and mobile advertising markets. For example, ARPU in 2022 in the United States & Canada region was more than 11 times higher than in the Asia-Pacific region.",ARPU: | ARPU: | ARPU: | $4.05 | $4.05 | $4.05 | $3.94 | $3.94 | $3.94 | $4.16 | $4.16 | $4.16 | $4.30 | $4.30 | $4.30 | $4.89 | $4.89 | $4.89 | $4.47 | $4.47 | $4.47 | $4.54 | $4.54 | $4.54 | $4.42 | $4.42 | $4.42 | $4.61 | $4.61 | $4.61 | ARPU: | ARPU: | ARPU: | $2.77 | $2.77 | $2.77 | $2.64 | $2.64 | $2.64 | $3.05 | $3.05 | $3.05 | $3.14 | $3.14 | $3.14 | $3.43 | $3.43 | $3.43 | $3.14 | $3.14 | $3.14 | $3.35 | $3.35 | $3.35 | $3.21 | $3.21 | $3.21 | $3.52 | $3.52 | $3.52,2,60,C:\AI_Stock_Agent\data\sec_filings\META\000132680123000013\meta-20221231.htm
META,2024,18,primary_financial_statements,True,The following table sets forth our consolidated statements of income data (in millions):,"Research and development expenses consist primarily of payroll and related expenses which include share-based compensation, facilities-related costs for employees on our engineering and technical teams who are responsible for developing new products as well as improving existing products, RL technology development costs, and professional services. || Marketing and sales. || Marketing and sales expenses consist mostly of marketing and promotional expenses as well as payroll and related expenses which include share-based compensation for our employees engaged in sales, sales support, marketing, business development, and customer service functions. Our marketing and sales expenses also include professional services such as content reviewers to support our community and product operations. || General and administrative. || General and administrative expenses consist primarily of payroll and related expenses which include share-based compensation for certain of our executives as well as our legal, finance, human resources, corporate communications and policy, and other administrative employees; legal-related costs, which include estimated fines, settlements, or other losses in connection with legal and related matters, as well as other legal fees; professional services, and other taxes, such as digital services taxes, other tax levies. || Results of Operations || In this section, we discuss the results of our operations for the year ended December 31, 2022 compared to the year ended December 31, 2021. For a discussion of the year ended December 31, 2021 compared to the year ended December 31, 2020, please refer to Part II, Item 7, ""Management's Discussion and Analysis of Financial Condition and Results of Operations"" in our Annual Report on Form 10-K for the year ended December 31, 2021. || The following table sets forth our consolidated statements of income data (in millions):","Year Ended December 31, | Year Ended December 31, | Year Ended December 31, | Year Ended December 31, | Year Ended December 31, | Year Ended December 31, | Year Ended December 31, | Year Ended December 31, | Year Ended December 31, | Year Ended December 31, | Year Ended December 31, | Year Ended December 31, | Year Ended December 31, | Year Ended December 31, | Year Ended December 31, || 2022 | 2022 | 2022 | 2021 | 2021 | 2021 | 2020 | 2020 | 2020 || Revenue | Revenue | Revenue | $ | 116609 | $ | 117929 | $ | 85965 || Costs and expenses: | Costs and expenses: | Costs and expenses:",15,18,C:\AI_Stock_Agent\data\sec_filings\META\000132680123000013\meta-20221231.htm
META,2024,19,primary_financial_statements,True,The following table sets forth our consolidated statements of income data (as a percentage of revenue),"Marketing and sales. || Marketing and sales expenses consist mostly of marketing and promotional expenses as well as payroll and related expenses which include share-based compensation for our employees engaged in sales, sales support, marketing, business development, and customer service functions. Our marketing and sales expenses also include professional services such as content reviewers to support our community and product operations. || General and administrative. || General and administrative expenses consist primarily of payroll and related expenses which include share-based compensation for certain of our executives as well as our legal, finance, human resources, corporate communications and policy, and other administrative employees; legal-related costs, which include estimated fines, settlements, or other losses in connection with legal and related matters, as well as other legal fees; professional services, and other taxes, such as digital services taxes, other tax levies. || Results of Operations || In this section, we discuss the results of our operations for the year ended December 31, 2022 compared to the year ended December 31, 2021. For a discussion of the year ended December 31, 2021 compared to the year ended December 31, 2020, please refer to Part II, Item 7, ""Management's Discussion and Analysis of Financial Condition and Results of Operations"" in our Annual Report on Form 10-K for the year ended December 31, 2021. || The following table sets forth our consolidated statements of income data (in millions): || The following table sets forth our consolidated statements of income data (as a percentage of revenue)","Year Ended December 31, | Year Ended December 31, | Year Ended December 31, | Year Ended December 31, | Year Ended December 31, | Year Ended December 31, | Year Ended December 31, | Year Ended December 31, | Year Ended December 31, | Year Ended December 31, | Year Ended December 31, | Year Ended December 31, | Year Ended December 31, | Year Ended December 31, | Year Ended December 31, || 2022 | 2022 | 2022 | 2021 | 2021 | 2021 | 2020 | 2020 | 2020 || Revenue | Revenue | Revenue | 100 | 100 | % | 100 | 100 | % | 100 | 100 | % || Costs and expenses: | Costs and expenses: | Costs and expenses:",15,18,C:\AI_Stock_Agent\data\sec_filings\META\000132680123000013\meta-20221231.htm
META,2024,20,primary_financial_statements,True,The following table sets forth our consolidated statements of income data (as a percentage of revenue),"Results of Operations || In this section, we discuss the results of our operations for the year ended December 31, 2022 compared to the year ended December 31, 2021. For a discussion of the year ended December 31, 2021 compared to the year ended December 31, 2020, please refer to Part II, Item 7, ""Management's Discussion and Analysis of Financial Condition and Results of Operations"" in our Annual Report on Form 10-K for the year ended December 31, 2021. || The following table sets forth our consolidated statements of income data (in millions): || The following table sets forth our consolidated statements of income data (as a percentage of revenue) || _________________________ || Percentages have been rounded for presentation purposes and may differ from unrounded results. || Revenue || The following table sets forth our revenue by source and by segment. For comparative purposes, amounts for the year ended December 31, 2020 have been recast:","Year Ended December 31, | Year Ended December 31, | Year Ended December 31, | Year Ended December 31, | Year Ended December 31, | Year Ended December 31, | Year Ended December 31, | Year Ended December 31, | Year Ended December 31, | Year Ended December 31, | Year Ended December 31, | Year Ended December 31, | Year Ended December 31, | Year Ended December 31, | Year Ended December 31, || 2022 | 2022 | 2022 | 2021 | 2021 | 2021 | 2020 | 2020 | 2020 | 2022 vs 2021 % change | 2022 vs 2021 % change | 2022 vs 2021 % change | 2021 vs 2020 % change | 2021 vs 2020 % change | 2021 vs 2020 % change || (in millions, except percentages) | (in millions, except percentages) | (in millions, except percentages) | (in millions, except percentages) | (in millions, except percentages) | (in millions, except percentages) | (in millions, except percentages) | (in millions, except percentages) | (in millions, except percentages) | (in millions, except percentages) | (in millions, except percentages) | (in millions, except percentages) | (in millions, except percentages) | (in millions, except percentages) | (in millions, except percentages) | (in millions, except percentages) | (in millions, except percentages) | (in millions, except percentages) | (in millions, except percentages) | (in millions, except percentages) | (in millions, except percentages) | (in millions, except percentages) | (in millions, except percentages) | (in millions, except percentages) | (in millions, except percentages) | (in millions, except percentages) | (in millions, except percentages)",10,30,C:\AI_Stock_Agent\data\sec_filings\META\000132680123000013\meta-20221231.htm
META,2024,21,primary_financial_statements,True,Cost of revenue,"RL revenue in 2022 decreased $115 million, or 5%, compared to 2021. The decrease in RL revenue was driven by a decrease in the volume of Meta Quest sales. || Revenue Seasonality and Customer Concentration || Revenue is traditionally seasonally strong in the fourth quarter of each year due in part to seasonal holiday demand. We believe that this seasonality in both advertising revenue and RL consumer hardware sales affects our quarterly results, which generally reflect significant growth in revenue between the third and fourth quarters and a decline between the fourth and subsequent first quarters. For instance, our total revenue increased 16%, 16%, and 31% between the third and fourth quarters of 2022, 2021, and 2020, respectively, while total revenue for the first quarters of 2022, 2021, and 2020 declined 17%, 7%, and 16% compared to the fourth quarters of 2021, 2020, and 2019, respectively. || No customer represented 10% or more of total revenue during the years ended December 31, 2022, 2021, and 2020. || Foreign Exchange Impact on Revenue || The general strengthening of the U.S. dollar relative to certain foreign currencies in the full year 2022 compared to the same period in 2021 had an unfavorable impact on revenue. If we had translated revenue for the full year 2022 using the prior || year's monthly exchange rates for our settlement or billing currencies other than the U.S. dollar, our total revenue and advertising revenue would have been $122.57 billion and $119.54 billion, respectively. Using these constant rates, total revenue and advertising revenue would have been $5.96 billion and $5.90 billion higher than actual total revenue and advertising revenue, respectively, for the full year 2022. Using the same constant rates, full year 2022 total revenue and advertising revenue would have been $4.64 billion and $4.60 billion, respectively, higher than actual total revenue and advertising revenue for the full year || Cost of revenue","Year Ended December 31, | Year Ended December 31, | Year Ended December 31, | Year Ended December 31, | Year Ended December 31, | Year Ended December 31, | Year Ended December 31, | Year Ended December 31, | Year Ended December 31, | Year Ended December 31, | Year Ended December 31, | Year Ended December 31, | Year Ended December 31, | Year Ended December 31, | Year Ended December 31, || 2022 | 2022 | 2022 | 2021 | 2021 | 2021 | 2020 | 2020 | 2020 | 2022 vs 2021 % change | 2022 vs 2021 % change | 2022 vs 2021 % change | 2021 vs 2020 % change | 2021 vs 2020 % change | 2021 vs 2020 % change || (in millions, except percentages) | (in millions, except percentages) | (in millions, except percentages) | (in millions, except percentages) | (in millions, except percentages) | (in millions, except percentages) | (in millions, except percentages) | (in millions, except percentages) | (in millions, except percentages) | (in millions, except percentages) | (in millions, except percentages) | (in millions, except percentages) | (in millions, except percentages) | (in millions, except percentages) | (in millions, except percentages) | (in millions, except percentages) | (in millions, except percentages) | (in millions, except percentages) | (in millions, except percentages) | (in millions, except percentages) | (in millions, except percentages) | (in millions, except percentages) | (in millions, except percentages) | (in millions, except percentages) | (in millions, except percentages) | (in millions, except percentages) | (in millions, except percentages)",7,30,C:\AI_Stock_Agent\data\sec_filings\META\000132680123000013\meta-20221231.htm
META,2024,22,financial_statements_area,True,Research and development,"No customer represented 10% or more of total revenue during the years ended December 31, 2022, 2021, and 2020. || Foreign Exchange Impact on Revenue || The general strengthening of the U.S. dollar relative to certain foreign currencies in the full year 2022 compared to the same period in 2021 had an unfavorable impact on revenue. If we had translated revenue for the full year 2022 using the prior || year's monthly exchange rates for our settlement or billing currencies other than the U.S. dollar, our total revenue and advertising revenue would have been $122.57 billion and $119.54 billion, respectively. Using these constant rates, total revenue and advertising revenue would have been $5.96 billion and $5.90 billion higher than actual total revenue and advertising revenue, respectively, for the full year 2022. Using the same constant rates, full year 2022 total revenue and advertising revenue would have been $4.64 billion and $4.60 billion, respectively, higher than actual total revenue and advertising revenue for the full year || Cost of revenue || Cost of revenue in 2022 increased $2.60 billion, or 11%, compared to 2021. The increase was mainly due to an increase in operational expenses related to our data centers and technical infrastructure, adjusted for a decrease in the depreciation growth rate due to extensions in the useful lives of servers and network assets. In addition, we recorded $1.34 billion of abandonment charges related to data center assets. These increases were partially offset by a decrease in RL inventory cost including lower losses on purchase commitments. || See Note 1 — Summary of Significant Accounting Policies and Note 3 — Restructuring in the notes to the consolidated financial statements included in Part II, Item 8, ""Financial Statements and Supplementary Data"" of this Annual Report on Form 10-K for additional information regarding changes in the estimated useful life of our servers and network assets as well as the abandonment charges related to data center assets, respectively. || Research and development","Year Ended December 31, | Year Ended December 31, | Year Ended December 31, | Year Ended December 31, | Year Ended December 31, | Year Ended December 31, | Year Ended December 31, | Year Ended December 31, | Year Ended December 31, | Year Ended December 31, | Year Ended December 31, | Year Ended December 31, | Year Ended December 31, | Year Ended December 31, | Year Ended December 31, || 2022 | 2022 | 2022 | 2021 | 2021 | 2021 | 2020 | 2020 | 2020 | 2022 vs 2021 % change | 2022 vs 2021 % change | 2022 vs 2021 % change | 2021 vs 2020 % change | 2021 vs 2020 % change | 2021 vs 2020 % change || (in millions, except percentages) | (in millions, except percentages) | (in millions, except percentages) | (in millions, except percentages) | (in millions, except percentages) | (in millions, except percentages) | (in millions, except percentages) | (in millions, except percentages) | (in millions, except percentages) | (in millions, except percentages) | (in millions, except percentages) | (in millions, except percentages) | (in millions, except percentages) | (in millions, except percentages) | (in millions, except percentages) | (in millions, except percentages) | (in millions, except percentages) | (in millions, except percentages) | (in millions, except percentages) | (in millions, except percentages) | (in millions, except percentages) | (in millions, except percentages) | (in millions, except percentages) | (in millions, except percentages) | (in millions, except percentages) | (in millions, except percentages) | (in millions, except percentages)",7,30,C:\AI_Stock_Agent\data\sec_filings\META\000132680123000013\meta-20221231.htm
META,2024,23,financial_statements_area,True,Marketing and sales,"The general strengthening of the U.S. dollar relative to certain foreign currencies in the full year 2022 compared to the same period in 2021 had an unfavorable impact on revenue. If we had translated revenue for the full year 2022 using the prior || year's monthly exchange rates for our settlement or billing currencies other than the U.S. dollar, our total revenue and advertising revenue would have been $122.57 billion and $119.54 billion, respectively. Using these constant rates, total revenue and advertising revenue would have been $5.96 billion and $5.90 billion higher than actual total revenue and advertising revenue, respectively, for the full year 2022. Using the same constant rates, full year 2022 total revenue and advertising revenue would have been $4.64 billion and $4.60 billion, respectively, higher than actual total revenue and advertising revenue for the full year || Cost of revenue || Cost of revenue in 2022 increased $2.60 billion, or 11%, compared to 2021. The increase was mainly due to an increase in operational expenses related to our data centers and technical infrastructure, adjusted for a decrease in the depreciation growth rate due to extensions in the useful lives of servers and network assets. In addition, we recorded $1.34 billion of abandonment charges related to data center assets. These increases were partially offset by a decrease in RL inventory cost including lower losses on purchase commitments. || See Note 1 — Summary of Significant Accounting Policies and Note 3 — Restructuring in the notes to the consolidated financial statements included in Part II, Item 8, ""Financial Statements and Supplementary Data"" of this Annual Report on Form 10-K for additional information regarding changes in the estimated useful life of our servers and network assets as well as the abandonment charges related to data center assets, respectively. || Research and development || Research and development expenses in 2022 increased $10.68 billion, or 43%, compared to 2021. The increase was mainly due to higher payroll and related expenses and $1.31 billion impairment charges to leases and leasehold improvements as part of our restructuring efforts. Our payroll and related expenses increased as a result of a 26% increase in employee headcount from December 31, 2021 to December 31, 2022 in engineering and other technical functions supporting our continued investment in our family of products and RL. || Marketing and sales","Year Ended December 31, | Year Ended December 31, | Year Ended December 31, | Year Ended December 31, | Year Ended December 31, | Year Ended December 31, | Year Ended December 31, | Year Ended December 31, | Year Ended December 31, | Year Ended December 31, | Year Ended December 31, | Year Ended December 31, | Year Ended December 31, | Year Ended December 31, | Year Ended December 31, || 2022 | 2022 | 2022 | 2021 | 2021 | 2021 | 2020 | 2020 | 2020 | 2022 vs 2021 % change | 2022 vs 2021 % change | 2022 vs 2021 % change | 2021 vs 2020 % change | 2021 vs 2020 % change | 2021 vs 2020 % change || (in millions, except percentages) | (in millions, except percentages) | (in millions, except percentages) | (in millions, except percentages) | (in millions, except percentages) | (in millions, except percentages) | (in millions, except percentages) | (in millions, except percentages) | (in millions, except percentages) | (in millions, except percentages) | (in millions, except percentages) | (in millions, except percentages) | (in millions, except percentages) | (in millions, except percentages) | (in millions, except percentages) | (in millions, except percentages) | (in millions, except percentages) | (in millions, except percentages) | (in millions, except percentages) | (in millions, except percentages) | (in millions, except percentages) | (in millions, except percentages) | (in millions, except percentages) | (in millions, except percentages) | (in millions, except percentages) | (in millions, except percentages) | (in millions, except percentages)",7,30,C:\AI_Stock_Agent\data\sec_filings\META\000132680123000013\meta-20221231.htm
META,2024,24,financial_statements_area,True,General and administrative,"Cost of revenue || Cost of revenue in 2022 increased $2.60 billion, or 11%, compared to 2021. The increase was mainly due to an increase in operational expenses related to our data centers and technical infrastructure, adjusted for a decrease in the depreciation growth rate due to extensions in the useful lives of servers and network assets. In addition, we recorded $1.34 billion of abandonment charges related to data center assets. These increases were partially offset by a decrease in RL inventory cost including lower losses on purchase commitments. || See Note 1 — Summary of Significant Accounting Policies and Note 3 — Restructuring in the notes to the consolidated financial statements included in Part II, Item 8, ""Financial Statements and Supplementary Data"" of this Annual Report on Form 10-K for additional information regarding changes in the estimated useful life of our servers and network assets as well as the abandonment charges related to data center assets, respectively. || Research and development || Research and development expenses in 2022 increased $10.68 billion, or 43%, compared to 2021. The increase was mainly due to higher payroll and related expenses and $1.31 billion impairment charges to leases and leasehold improvements as part of our restructuring efforts. Our payroll and related expenses increased as a result of a 26% increase in employee headcount from December 31, 2021 to December 31, 2022 in engineering and other technical functions supporting our continued investment in our family of products and RL. || Marketing and sales || Marketing and sales expenses in 2022 increased $1.22 billion, or 9%, compared to 2021. The increase was mostly due to increases in payroll and related expenses and $404 million impairment charges to leases and leasehold improvements as part of our restructuring efforts. || General and administrative","Year Ended December 31, | Year Ended December 31, | Year Ended December 31, | Year Ended December 31, | Year Ended December 31, | Year Ended December 31, | Year Ended December 31, | Year Ended December 31, | Year Ended December 31, | Year Ended December 31, | Year Ended December 31, | Year Ended December 31, | Year Ended December 31, | Year Ended December 31, | Year Ended December 31, || 2022 | 2022 | 2022 | 2021 | 2021 | 2021 | 2020 | 2020 | 2020 | 2022 vs 2021 % change | 2022 vs 2021 % change | 2022 vs 2021 % change | 2021 vs 2020 % change | 2021 vs 2020 % change | 2021 vs 2020 % change || (in millions, except percentages) | (in millions, except percentages) | (in millions, except percentages) | (in millions, except percentages) | (in millions, except percentages) | (in millions, except percentages) | (in millions, except percentages) | (in millions, except percentages) | (in millions, except percentages) | (in millions, except percentages) | (in millions, except percentages) | (in millions, except percentages) | (in millions, except percentages) | (in millions, except percentages) | (in millions, except percentages) | (in millions, except percentages) | (in millions, except percentages) | (in millions, except percentages) | (in millions, except percentages) | (in millions, except percentages) | (in millions, except percentages) | (in millions, except percentages) | (in millions, except percentages) | (in millions, except percentages) | (in millions, except percentages) | (in millions, except percentages) | (in millions, except percentages)",7,30,C:\AI_Stock_Agent\data\sec_filings\META\000132680123000013\meta-20221231.htm
META,2024,25,financial_statements_area,True,"The following table sets forth income (loss) from operations by segment. For comparative purposes, amounts for the year ended December 31, 2020 have been recast:","Research and development expenses in 2022 increased $10.68 billion, or 43%, compared to 2021. The increase was mainly due to higher payroll and related expenses and $1.31 billion impairment charges to leases and leasehold improvements as part of our restructuring efforts. Our payroll and related expenses increased as a result of a 26% increase in employee headcount from December 31, 2021 to December 31, 2022 in engineering and other technical functions supporting our continued investment in our family of products and RL. || Marketing and sales || Marketing and sales expenses in 2022 increased $1.22 billion, or 9%, compared to 2021. The increase was mostly due to increases in payroll and related expenses and $404 million impairment charges to leases and leasehold improvements as part of our restructuring efforts. || General and administrative || General and administrative expenses in 2022 increased $1.99 billion, or 20%, compared to 2021. The increase was primarily due to increases in payroll and related expenses and $426 million impairment charges to leases and leasehold improvements as part of our restructuring efforts. Our payroll and related expenses increased as a result of a 20% increase in employee headcount from December 31, 2021 to December 31, 2022 in our general and administrative functions. || See Note 3 — Restructuring in the notes to the consolidated financial statements included in Part II, Item 8, ""Financial Statements and Supplementary Data"" of this Annual Report on Form 10-K for additional information regarding impairment charges to leases and leasehold improvements. || Segment profitability || The following table sets forth income (loss) from operations by segment. For comparative purposes, amounts for the year ended December 31, 2020 have been recast:","Year Ended December 31, | Year Ended December 31, | Year Ended December 31, | Year Ended December 31, | Year Ended December 31, | Year Ended December 31, | Year Ended December 31, | Year Ended December 31, | Year Ended December 31, | Year Ended December 31, | Year Ended December 31, | Year Ended December 31, | Year Ended December 31, | Year Ended December 31, | Year Ended December 31, || 2022 | 2022 | 2022 | 2021 | 2021 | 2021 | 2020 | 2020 | 2020 | 2022 vs 2021 % change | 2022 vs 2021 % change | 2022 vs 2021 % change | 2021 vs 2020 % change | 2021 vs 2020 % change | 2021 vs 2020 % change || (in millions, except percentages) | (in millions, except percentages) | (in millions, except percentages) | (in millions, except percentages) | (in millions, except percentages) | (in millions, except percentages) | (in millions, except percentages) | (in millions, except percentages) | (in millions, except percentages) | (in millions, except percentages) | (in millions, except percentages) | (in millions, except percentages) | (in millions, except percentages) | (in millions, except percentages) | (in millions, except percentages) | (in millions, except percentages) | (in millions, except percentages) | (in millions, except percentages) | (in millions, except percentages) | (in millions, except percentages) | (in millions, except percentages) | (in millions, except percentages) | (in millions, except percentages) | (in millions, except percentages) | (in millions, except percentages) | (in millions, except percentages) | (in millions, except percentages)",8,30,C:\AI_Stock_Agent\data\sec_filings\META\000132680123000013\meta-20221231.htm
META,2024,26,financial_statements_area,True,"Interest and other income (expense), net",". The decrease was due to an increase in FoA total costs and expenses, primarily due to || an increase in payroll and related expenses as a result of higher employee headcount, additional charges recorded related to our restructuring efforts and an increase in costs related to our data centers and technical infrastructure. || See Note 3 — Restructuring in the notes to the consolidated financial statements included in Part II, Item 8, ""Financial Statements and Supplementary Data"" of this Annual Report on Form 10-K for additional information. || Reality Labs || RL loss from operations || 2022 increased $3.52 billion, or 35%, compared to || 2021. The increase in loss from operations was mainly driven by increases in payroll and related expenses and research and development expenses, partially offset by a decrease in RL inventory cost including lower losses on purchase commitments. || Interest and other income (expense), net","Year Ended December 31, | Year Ended December 31, | Year Ended December 31, | Year Ended December 31, | Year Ended December 31, | Year Ended December 31, | Year Ended December 31, | Year Ended December 31, | Year Ended December 31, | Year Ended December 31, | Year Ended December 31, | Year Ended December 31, | Year Ended December 31, | Year Ended December 31, | Year Ended December 31, || 2022 | 2022 | 2022 | 2021 | 2021 | 2021 | 2020 | 2020 | 2020 | 2022 vs 2021 % change | 2022 vs 2021 % change | 2022 vs 2021 % change | 2021 vs 2020 % change | 2021 vs 2020 % change | 2021 vs 2020 % change || (in millions, except percentages) | (in millions, except percentages) | (in millions, except percentages) | (in millions, except percentages) | (in millions, except percentages) | (in millions, except percentages) | (in millions, except percentages) | (in millions, except percentages) | (in millions, except percentages) | (in millions, except percentages) | (in millions, except percentages) | (in millions, except percentages) | (in millions, except percentages) | (in millions, except percentages) | (in millions, except percentages) | (in millions, except percentages) | (in millions, except percentages) | (in millions, except percentages) | (in millions, except percentages) | (in millions, except percentages) | (in millions, except percentages) | (in millions, except percentages) | (in millions, except percentages) | (in millions, except percentages) | (in millions, except percentages) | (in millions, except percentages) | (in millions, except percentages)",9,30,C:\AI_Stock_Agent\data\sec_filings\META\000132680123000013\meta-20221231.htm
META,2024,27,financial_statements_area,True,Provision for income taxes,"See Note 3 — Restructuring in the notes to the consolidated financial statements included in Part II, Item 8, ""Financial Statements and Supplementary Data"" of this Annual Report on Form 10-K for additional information. || Reality Labs || RL loss from operations || 2022 increased $3.52 billion, or 35%, compared to || 2021. The increase in loss from operations was mainly driven by increases in payroll and related expenses and research and development expenses, partially offset by a decrease in RL inventory cost including lower losses on purchase commitments. || Interest and other income (expense), net || Interest and other income (expense), net in 2022 decreased $656 million, or 124%, compared to 2021. The decrease was mostly due to a decrease in other income (expense), net related to higher unrealized losses recognized for our equity investments and an increase in interest expense recognized on long-term debt. || Provision for income taxes","Year Ended December 31, | Year Ended December 31, | Year Ended December 31, | Year Ended December 31, | Year Ended December 31, | Year Ended December 31, | Year Ended December 31, | Year Ended December 31, | Year Ended December 31, | Year Ended December 31, | Year Ended December 31, | Year Ended December 31, | Year Ended December 31, | Year Ended December 31, | Year Ended December 31, || 2022 | 2022 | 2022 | 2021 | 2021 | 2021 | 2020 | 2020 | 2020 | 2022 vs 2021 % change | 2022 vs 2021 % change | 2022 vs 2021 % change | 2021 vs 2020 % change | 2021 vs 2020 % change | 2021 vs 2020 % change || (in millions, except percentages) | (in millions, except percentages) | (in millions, except percentages) | (in millions, except percentages) | (in millions, except percentages) | (in millions, except percentages) | (in millions, except percentages) | (in millions, except percentages) | (in millions, except percentages) | (in millions, except percentages) | (in millions, except percentages) | (in millions, except percentages) | (in millions, except percentages) | (in millions, except percentages) | (in millions, except percentages) | (in millions, except percentages) | (in millions, except percentages) | (in millions, except percentages) | (in millions, except percentages) | (in millions, except percentages) | (in millions, except percentages) | (in millions, except percentages) | (in millions, except percentages) | (in millions, except percentages) | (in millions, except percentages) | (in millions, except percentages) | (in millions, except percentages)",7,30,C:\AI_Stock_Agent\data\sec_filings\META\000132680123000013\meta-20221231.htm
META,2024,28,notes_to_financial_statements,True,The following table presents our cash flows (in millions):,"Unrecognized Tax Benefits || . As of December 31, 2022, we had net uncertain tax positions of $5.49 billion which were accrued as other liabilities. These unrecognized tax benefits were predominantly accrued for uncertainties related to transfer pricing with our foreign subsidiaries, which includes licensing of intellectual property, providing services and other transactions, as well as for uncertainties regarding the utilization of our research tax credits. The ultimate settlement of the liabilities will depend upon resolution of tax audits, litigation, or events that would otherwise change the assessment of such items. Based upon the status of litigation described below and the current status of tax audits in various jurisdictions, we do not anticipate a material change to such amounts within the next 12 months. || See Note 16 — Income Taxes in the notes to consolidated financial statements included in Part II, Item 8, ""Financial Statements and Supplementary Data"" of this Annual Report on Form 10-K for additional information regarding income tax contingencies. || Liquidity and Capital Resources || Our principal sources of liquidity are our cash and cash equivalents, marketable securities, and cash generated from operations. Cash and cash equivalents and marketable securities consist mostly of cash on deposit with banks, investments in money market funds, U.S. government securities, U.S. government agency securities, and investment grade corporate debt securities. Cash and cash equivalents and marketable securities were $40.74 billion as of December 31, 2022, a decrease of $7.26 billion from December 31, 2021. The majority of the decrease was due to $32.04 billion for capital expenditures, including principal payments on finance leases, $27.96 billion repurchases of our Class A common stock, $3.60 billion of taxes paid related to net share settlement of employee restricted stock unit (RSU) awards, and $1.31 billion for acquisitions of businesses and intangible assets. These decreases were partially offset by $50.48 billion of cash generated from operations and $9.92 billion of net proceeds from the issuance of fixed-rate senior notes (the ""Notes"") in August 2022. || Cash paid for income taxes was $6.41 billion for the year ended December 31, 2022. As of December 31, 2022, our federal net operating loss carryforward was $196 million and our federal tax credit carryforward was $276 million. We anticipate the utilization of most of these net operating losses and credits within the next two years. || Our board of directors has authorized a share repurchase program of our Class A common stock, which commenced in January 2017 and does not have an expiration date. In 2022, we repurchased and subsequently retired 161 million shares of our Class A common stock for an aggregate amount of $27.93 billion. As of December 31, 2022, $10.87 billion remained available and authorized for repurchases. In January 2023, an additional $40 billion of repurchases was authorized under this program. || The following table presents our cash flows (in millions):","Year Ended December 31, | Year Ended December 31, | Year Ended December 31, | Year Ended December 31, | Year Ended December 31, | Year Ended December 31, | Year Ended December 31, | Year Ended December 31, | Year Ended December 31, | Year Ended December 31, | Year Ended December 31, | Year Ended December 31, | Year Ended December 31, | Year Ended December 31, | Year Ended December 31, || 2022 | 2022 | 2022 | 2021 | 2021 | 2021 | 2020 | 2020 | 2020 || Net cash provided by operating activities | Net cash provided by operating activities | Net cash provided by operating activities | $ | 50475 | $ | 57683 | $ | 38747 || Net cash used in investing activities | Net cash used in investing activities | Net cash used in investing activities | $ | (28,970) | $ | (7,570) | $ | (30,059)",10,18,C:\AI_Stock_Agent\data\sec_filings\META\000132680123000013\meta-20221231.htm
META,2024,29,financial_statements_area,True,"The following is a reconciliation of FCF to the most comparable GAAP measure, net cash provided by operating activities (in millions):","In addition to other financial measures presented in accordance with U.S. GAAP, we monitor free cash flow (FCF) as a non-GAAP measure to manage our business, make planning decisions, evaluate our performance, and allocate resources. We define FCF as net cash provided by operating activities reduced by net purchases of property and equipment and principal payments on finance leases. || We believe that FCF is one of the key financial indicators of our business performance over the long term and provides useful information regarding how cash provided by operating activities compares to the property and equipment investments required to maintain and grow our business. || We have chosen our definition for FCF because we believe that this methodology can provide useful supplemental information to help investors better understand underlying trends in our business. We use FCF in discussions with our senior management and board of directors. || FCF has limitations as an analytical tool, and you should not consider it in isolation or as a substitute for analysis of other GAAP financial measures, such as net cash provided by operating activities. FCF is not intended to represent our residual cash flow available for discretionary expenses. Some of the limitations of FCF are: || FCF does not reflect our future contractual commitments; and || other companies in our industry present similarly titled measures differently than we do, limiting their usefulness as comparative measures. || Management compensates for the inherent limitations associated with using the FCF measure through disclosure of such limitations, presentation of our financial statements in accordance with GAAP, and reconciliation of FCF to the most directly comparable GAAP measure, net cash provided by operating activities, as presented below. || The following is a reconciliation of FCF to the most comparable GAAP measure, net cash provided by operating activities (in millions):","Year Ended December 31, | Year Ended December 31, | Year Ended December 31, | Year Ended December 31, | Year Ended December 31, | Year Ended December 31, | Year Ended December 31, | Year Ended December 31, | Year Ended December 31, | Year Ended December 31, | Year Ended December 31, | Year Ended December 31, | Year Ended December 31, | Year Ended December 31, | Year Ended December 31, || 2022 | 2022 | 2022 | 2021 | 2021 | 2021 | 2020 | 2020 | 2020 || Net cash provided by operating activities | Net cash provided by operating activities | Net cash provided by operating activities | $ | 50475 | $ | 57683 | $ | 38747 || Purchases of property and equipment, net | Purchases of property and equipment, net | Purchases of property and equipment, net | (31,186) | (31,186) | (18,567) | (18,567) | (15,115) | (15,115)",7,18,C:\AI_Stock_Agent\data\sec_filings\META\000132680123000013\meta-20221231.htm
META,2024,30,financial_statements_area,True,INDEX TO CONSOLIDATED FINANCIAL STATEMENTS,"Equity Price Risk || Our equity investments are substantially all in non-marketable equity securities and are subject to equity price risks that could have a material impact on the carrying value of our holdings. || Our non-marketable equity securities are investments in privately-held companies without readily determinable fair values. We elected to account for most of our non-marketable equity securities using the measurement alternative, which is cost, less any impairment, adjusted for changes in fair value resulting from observable transactions for identical or similar investments of the same issuer. We perform a qualitative assessment at each reporting date to determine whether there are triggering events for impairment. The qualitative assessment considers factors such as, but not limited to, the investee's financial condition and business outlook; industry and sector performance; economic or technological environment; and other relevant events and factors affecting the investee. Valuations of our non-marketable equity securities are complex due to the lack of readily available market data and observable transactions. Uncertainties in the global economic climate and financial markets could adversely impact the valuation of these companies we invest in and, therefore, result in a material impairment or downward adjustment in our investments. Our total non-marketable equity securities had a carrying value of $6.20 billion and $6.78 billion as of December 31, 2022 and 2021, respectively. || For additional information, see Note 1 — Summary of Significant Accounting Policies, Note 6 — Non-marketable Equity Securities, Note 7 — Fair Value Measurements, and Note 11 — Long-term Debt in the notes to the consolidated financial statements included in Part II, Item 8, ""Financial Statements and Supplementary Data"" and Part II, Item 7, ""Management’s Discussion and Analysis of Financial Conditions and Results of Operations — Critical Accounting Policies and Estimates"" contained in this Annual Report on Form 10-K. || Item 8. || Financial Statements and Supplementary Data || META PLATFORMS, INC. || INDEX TO CONSOLIDATED FINANCIAL STATEMENTS",Page | Page | Page || Reports of Independent Registered Public Accounting Firm (PCAOB ID No. 42) | Reports of Independent Registered Public Accounting Firm (PCAOB ID No. 42) | Reports of Independent Registered Public Accounting Firm (PCAOB ID No. 42) | 81 | 81 | 81 || Consolidated Financial Statements: | Consolidated Financial Statements: | Consolidated Financial Statements: || Consolidated Balance Sheets | Consolidated Balance Sheets | Consolidated Balance Sheets | 85 | 85 | 85,10,6,C:\AI_Stock_Agent\data\sec_filings\META\000132680123000013\meta-20221231.htm
META,2024,31,financial_statements_area,True,"We have audited the accompanying consolidated balance sheets of Meta Platforms, Inc. (the Company) as of December 31, 2022 and 2021, the related consolidated statements of income, comprehensive income, stockholders' equity and cash flows for each of the three years in the period ended December 31, 2022, and the related notes (collectively referred to as the ""consolidated financial statements""). In our opinion, the consolidated financial statements present fairly, in all material respects, the financial position of the Company at December 31, 2022 and 2021, and the results of its operations and its cash flows for each of the three years in the period ended December 31, 2022, in conformity with U.S. generally accepted accounting principles.","Opinion on the Financial Statements || We have audited the accompanying consolidated balance sheets of Meta Platforms, Inc. (the Company) as of December 31, 2022 and 2021, the related consolidated statements of income, comprehensive income, stockholders' equity and cash flows for each of the three years in the period ended December 31, 2022, and the related notes (collectively referred to as the ""consolidated financial statements""). In our opinion, the consolidated financial statements present fairly, in all material respects, the financial position of the Company at December 31, 2022 and 2021, and the results of its operations and its cash flows for each of the three years in the period ended December 31, 2022, in conformity with U.S. generally accepted accounting principles. || We also have audited, in accordance with the standards of the Public Company Accounting Oversight Board (United States) (PCAOB), the Company's internal control over financial reporting as of December 31, 2022, based on criteria established in Internal Control – Integrated Framework issued by the Committee of Sponsoring Organizations of the Treadway Commission (2013 framework), and our report dated February 1, 2023, expressed an unqualified opinion thereon. || Basis for Opinion || These financial statements are the responsibility of the Company's management. Our responsibility is to express an opinion on the Company's financial statements based on our audits. We are a public accounting firm registered with the PCAOB and are required to be independent with respect to the Company in accordance with the U.S. federal securities laws and the applicable rules and regulations of the Securities and Exchange Commission and the PCAOB. || We conducted our audits in accordance with the standards of the PCAOB. Those standards require that we plan and perform the audit to obtain reasonable assurance about whether the financial statements are free of material misstatement, whether due to error or fraud. Our audits included performing procedures to assess the risks of material misstatement of the financial statements, whether due to error or fraud, and performing procedures that respond to those risks. Such procedures included examining, on a test basis, evidence regarding the amounts and disclosures in the financial statements. Our audits also included evaluating the accounting principles used and significant estimates made by management, as well as evaluating the overall presentation of the financial statements. We believe that our audits provide a reasonable basis for our opinion. || Critical Audit Matters || The critical audit matters communicated below are matters arising from the current period audit of the financial statements that were communicated or required to be communicated to the Audit & Risk Oversight Committee and that: (1) relate to accounts or disclosures that are material to the financial statements and (2) involved our especially challenging, subjective or complex judgments. The communication of critical audit matters does not alter in any way our opinion on the consolidated financial statements, taken as a whole, and we are not, by communicating the critical audit matters below, providing separate opinions on the critical audit matters or on the accounts or disclosures to which they relate.","Loss Contingencies | Loss Contingencies | Loss Contingencies || Description of the Matter | Description of the Matter | Description of the Matter | As described in Note 13 to the consolidated financial statements, the Company is party to various legal proceedings, claims, and regulatory or government inquiries and investigations. The Company accrues a liability when it believes a loss is probable and the amount can be reasonably estimated. In addition, the Company believes it is reasonably possible that it will incur a loss in some of these cases, actions or inquiries described above. When applicable, the Company discloses an estimate of the amount of loss or range of possible loss that may be incurred. However, for certain other matters, the Company discloses that the amount of such losses or a range of possible losses cannot be reasonably estimated at this time.Auditing the Company's accounting for, and disclosure of, these loss contingencies was especially challenging due to the significant judgment required to evaluate management's assessments of the likelihood of a loss, and their estimate of the potential amount or range of such losses. | As described in Note 13 to the consolidated financial statements, the Company is party to various legal proceedings, claims, and regulatory or government inquiries and investigations. The Company accrues a liability when it believes a loss is probable and the amount can be reasonably estimated. In addition, the Company believes it is reasonably possible that it will incur a loss in some of these cases, actions or inquiries described above. When applicable, the Company discloses an estimate of the amount of loss or range of possible loss that may be incurred. However, for certain other matters, the Company discloses that the amount of such losses or a range of possible losses cannot be reasonably estimated at this time.Auditing the Company's accounting for, and disclosure of, these loss contingencies was especially challenging due to the significant judgment required to evaluate management's assessments of the likelihood of a loss, and their estimate of the potential amount or range of such losses. | As described in Note 13 to the consolidated financial statements, the Company is party to various legal proceedings, claims, and regulatory or government inquiries and investigations. The Company accrues a liability when it believes a loss is probable and the amount can be reasonably estimated. In addition, the Company believes it is reasonably possible that it will incur a loss in some of these cases, actions or inquiries described above. When applicable, the Company discloses an estimate of the amount of loss or range of possible loss that may be incurred. However, for certain other matters, the Company discloses that the amount of such losses or a range of possible losses cannot be reasonably estimated at this time.Auditing the Company's accounting for, and disclosure of, these loss contingencies was especially challenging due to the significant judgment required to evaluate management's assessments of the likelihood of a loss, and their estimate of the potential amount or range of such losses. || How We Addressed the Matter in Our Audit | How We Addressed the Matter in Our Audit | How We Addressed the Matter in Our Audit | We obtained an understanding, evaluated the design and tested the operating effectiveness of controls over the identification and evaluation of these matters, including controls relating to the Company's assessment of the likelihood that a loss will be realized and their ability to reasonably estimate the potential range of possible losses. To test the Company's assessment of the probability of incurrence of a loss, whether the loss was reasonably estimable, and the conclusion and disclosure regarding any range of possible losses, including when the Company believes it cannot be reasonably estimated at this time, we read the minutes or a summary of the meetings of the committees of the board of directors, read the proceedings, claims, and regulatory, or government inquiries and investigations, or summaries as we deemed appropriate, requested and received internal and external legal counsel confirmation letters, met with internal and external legal counsel to discuss the nature of the various matters, and obtained representations from management. We also evaluated the appropriateness of the related disclosures included in Note 13 to the consolidated financial statements. | We obtained an understanding, evaluated the design and tested the operating effectiveness of controls over the identification and evaluation of these matters, including controls relating to the Company's assessment of the likelihood that a loss will be realized and their ability to reasonably estimate the potential range of possible losses. To test the Company's assessment of the probability of incurrence of a loss, whether the loss was reasonably estimable, and the conclusion and disclosure regarding any range of possible losses, including when the Company believes it cannot be reasonably estimated at this time, we read the minutes or a summary of the meetings of the committees of the board of directors, read the proceedings, claims, and regulatory, or government inquiries and investigations, or summaries as we deemed appropriate, requested and received internal and external legal counsel confirmation letters, met with internal and external legal counsel to discuss the nature of the various matters, and obtained representations from management. We also evaluated the appropriateness of the related disclosures included in Note 13 to the consolidated financial statements. | We obtained an understanding, evaluated the design and tested the operating effectiveness of controls over the identification and evaluation of these matters, including controls relating to the Company's assessment of the likelihood that a loss will be realized and their ability to reasonably estimate the potential range of possible losses. To test the Company's assessment of the probability of incurrence of a loss, whether the loss was reasonably estimable, and the conclusion and disclosure regarding any range of possible losses, including when the Company believes it cannot be reasonably estimated at this time, we read the minutes or a summary of the meetings of the committees of the board of directors, read the proceedings, claims, and regulatory, or government inquiries and investigations, or summaries as we deemed appropriate, requested and received internal and external legal counsel confirmation letters, met with internal and external legal counsel to discuss the nature of the various matters, and obtained representations from management. We also evaluated the appropriateness of the related disclosures included in Note 13 to the consolidated financial statements.",5,6,C:\AI_Stock_Agent\data\sec_filings\META\000132680123000013\meta-20221231.htm
META,2024,32,financial_statements_area,True,"We have audited the accompanying consolidated balance sheets of Meta Platforms, Inc. (the Company) as of December 31, 2022 and 2021, the related consolidated statements of income, comprehensive income, stockholders' equity and cash flows for each of the three years in the period ended December 31, 2022, and the related notes (collectively referred to as the ""consolidated financial statements""). In our opinion, the consolidated financial statements present fairly, in all material respects, the financial position of the Company at December 31, 2022 and 2021, and the results of its operations and its cash flows for each of the three years in the period ended December 31, 2022, in conformity with U.S. generally accepted accounting principles.","Opinion on the Financial Statements || We have audited the accompanying consolidated balance sheets of Meta Platforms, Inc. (the Company) as of December 31, 2022 and 2021, the related consolidated statements of income, comprehensive income, stockholders' equity and cash flows for each of the three years in the period ended December 31, 2022, and the related notes (collectively referred to as the ""consolidated financial statements""). In our opinion, the consolidated financial statements present fairly, in all material respects, the financial position of the Company at December 31, 2022 and 2021, and the results of its operations and its cash flows for each of the three years in the period ended December 31, 2022, in conformity with U.S. generally accepted accounting principles. || We also have audited, in accordance with the standards of the Public Company Accounting Oversight Board (United States) (PCAOB), the Company's internal control over financial reporting as of December 31, 2022, based on criteria established in Internal Control – Integrated Framework issued by the Committee of Sponsoring Organizations of the Treadway Commission (2013 framework), and our report dated February 1, 2023, expressed an unqualified opinion thereon. || Basis for Opinion || These financial statements are the responsibility of the Company's management. Our responsibility is to express an opinion on the Company's financial statements based on our audits. We are a public accounting firm registered with the PCAOB and are required to be independent with respect to the Company in accordance with the U.S. federal securities laws and the applicable rules and regulations of the Securities and Exchange Commission and the PCAOB. || We conducted our audits in accordance with the standards of the PCAOB. Those standards require that we plan and perform the audit to obtain reasonable assurance about whether the financial statements are free of material misstatement, whether due to error or fraud. Our audits included performing procedures to assess the risks of material misstatement of the financial statements, whether due to error or fraud, and performing procedures that respond to those risks. Such procedures included examining, on a test basis, evidence regarding the amounts and disclosures in the financial statements. Our audits also included evaluating the accounting principles used and significant estimates made by management, as well as evaluating the overall presentation of the financial statements. We believe that our audits provide a reasonable basis for our opinion. || Critical Audit Matters || The critical audit matters communicated below are matters arising from the current period audit of the financial statements that were communicated or required to be communicated to the Audit & Risk Oversight Committee and that: (1) relate to accounts or disclosures that are material to the financial statements and (2) involved our especially challenging, subjective or complex judgments. The communication of critical audit matters does not alter in any way our opinion on the consolidated financial statements, taken as a whole, and we are not, by communicating the critical audit matters below, providing separate opinions on the critical audit matters or on the accounts or disclosures to which they relate.","Uncertain Tax Positions | Uncertain Tax Positions | Uncertain Tax Positions || Description of the Matter | Description of the Matter | Description of the Matter | As discussed in Note 16 to the consolidated financial statements, the Company has received certain notices from the Internal Revenue Service (IRS) related to transfer pricing agreements with the Company's foreign subsidiaries for certain periods examined. The IRS has stated that it will also apply its position to tax years subsequent to those examined. If the IRS prevails in its position, it could result in an additional federal tax liability, plus interest and any penalties asserted. The Company uses judgment to (1) determine whether a tax position's technical merits are more-likely-than-not to be sustained and (2) measure the amount of tax benefit that qualifies for recognition.Auditing the Company's accounting for, and disclosure of, these uncertain tax positions was especially challenging due to the significant judgment required to assess management's evaluation of technical merits and the measurement of the tax position based on interpretations of tax laws and legal rulings. | As discussed in Note 16 to the consolidated financial statements, the Company has received certain notices from the Internal Revenue Service (IRS) related to transfer pricing agreements with the Company's foreign subsidiaries for certain periods examined. The IRS has stated that it will also apply its position to tax years subsequent to those examined. If the IRS prevails in its position, it could result in an additional federal tax liability, plus interest and any penalties asserted. The Company uses judgment to (1) determine whether a tax position's technical merits are more-likely-than-not to be sustained and (2) measure the amount of tax benefit that qualifies for recognition.Auditing the Company's accounting for, and disclosure of, these uncertain tax positions was especially challenging due to the significant judgment required to assess management's evaluation of technical merits and the measurement of the tax position based on interpretations of tax laws and legal rulings. | As discussed in Note 16 to the consolidated financial statements, the Company has received certain notices from the Internal Revenue Service (IRS) related to transfer pricing agreements with the Company's foreign subsidiaries for certain periods examined. The IRS has stated that it will also apply its position to tax years subsequent to those examined. If the IRS prevails in its position, it could result in an additional federal tax liability, plus interest and any penalties asserted. The Company uses judgment to (1) determine whether a tax position's technical merits are more-likely-than-not to be sustained and (2) measure the amount of tax benefit that qualifies for recognition.Auditing the Company's accounting for, and disclosure of, these uncertain tax positions was especially challenging due to the significant judgment required to assess management's evaluation of technical merits and the measurement of the tax position based on interpretations of tax laws and legal rulings. || How We Addressed the Matter in Our Audit | How We Addressed the Matter in Our Audit | How We Addressed the Matter in Our Audit | We obtained an understanding, evaluated the design and tested the operating effectiveness of controls over the Company's process to assess the technical merits of tax positions related to these transfer pricing agreements and to measure the benefit of those tax positions. As part of our audit procedures over the Company's accounting for these positions, we involved our tax professionals to assist with our assessment of the technical merits of the Company's tax positions. This included assessing the Company's correspondence with the relevant tax authorities, evaluating income tax opinions or other third-party advice obtained by the Company, and requesting and receiving confirmation letters from third-party advisors. We also used our knowledge of, and experience with, the application of international and local income tax laws by the relevant income tax authorities to evaluate the Company's accounting for those tax positions. We analyzed the Company's assumptions and data used to determine the amount of the federal tax liability recognized and tested the mathematical accuracy of the underlying data and calculations. We also evaluated the appropriateness of the related disclosures included in Note 16 to the consolidated financial statements in relation to these matters. | We obtained an understanding, evaluated the design and tested the operating effectiveness of controls over the Company's process to assess the technical merits of tax positions related to these transfer pricing agreements and to measure the benefit of those tax positions. As part of our audit procedures over the Company's accounting for these positions, we involved our tax professionals to assist with our assessment of the technical merits of the Company's tax positions. This included assessing the Company's correspondence with the relevant tax authorities, evaluating income tax opinions or other third-party advice obtained by the Company, and requesting and receiving confirmation letters from third-party advisors. We also used our knowledge of, and experience with, the application of international and local income tax laws by the relevant income tax authorities to evaluate the Company's accounting for those tax positions. We analyzed the Company's assumptions and data used to determine the amount of the federal tax liability recognized and tested the mathematical accuracy of the underlying data and calculations. We also evaluated the appropriateness of the related disclosures included in Note 16 to the consolidated financial statements in relation to these matters. | We obtained an understanding, evaluated the design and tested the operating effectiveness of controls over the Company's process to assess the technical merits of tax positions related to these transfer pricing agreements and to measure the benefit of those tax positions. As part of our audit procedures over the Company's accounting for these positions, we involved our tax professionals to assist with our assessment of the technical merits of the Company's tax positions. This included assessing the Company's correspondence with the relevant tax authorities, evaluating income tax opinions or other third-party advice obtained by the Company, and requesting and receiving confirmation letters from third-party advisors. We also used our knowledge of, and experience with, the application of international and local income tax laws by the relevant income tax authorities to evaluate the Company's accounting for those tax positions. We analyzed the Company's assumptions and data used to determine the amount of the federal tax liability recognized and tested the mathematical accuracy of the underlying data and calculations. We also evaluated the appropriateness of the related disclosures included in Note 16 to the consolidated financial statements in relation to these matters.",4,6,C:\AI_Stock_Agent\data\sec_filings\META\000132680123000013\meta-20221231.htm
META,2024,33,primary_financial_statements,True,CONSOLIDATED BALANCE SHEETS,"Definition and Limitations of Internal Control Over Financial Reporting || A company's internal control over financial reporting is a process designed to provide reasonable assurance regarding the reliability of financial reporting and the preparation of financial statements for external purposes in accordance with generally accepted accounting principles. A company's internal control over financial reporting includes those policies and procedures that (1) pertain to the maintenance of records that, in reasonable detail, accurately and fairly reflect the transactions and dispositions of the assets of the company; (2) provide reasonable assurance that transactions are recorded as necessary to permit preparation of financial statements in accordance with generally accepted accounting principles, and that receipts and expenditures of the company are being made only in accordance with authorizations of management and directors of the company; and (3) provide reasonable assurance regarding prevention or timely detection of unauthorized acquisition, use, or disposition of the company's assets that could have a material effect on the financial statements. || Because of its inherent limitations, internal control over financial reporting may not prevent or detect misstatements. Also, projections of any evaluation of effectiveness to future periods are subject to the risk that controls may become inadequate because of changes in conditions, or that the degree of compliance with the policies or procedures may deteriorate. || /s/ || February 1, 2023 || META PLATFORMS, INC. || CONSOLIDATED BALANCE SHEETS || (In millions, except for number of shares and par value)","December 31, | December 31, | December 31, | December 31, | December 31, | December 31, | December 31, | December 31, | December 31, || 2022 | 2022 | 2022 | 2021 | 2021 | 2021 || Assets | Assets | Assets || Current assets: | Current assets: | Current assets:",37,12,C:\AI_Stock_Agent\data\sec_filings\META\000132680123000013\meta-20221231.htm
META,2024,34,primary_financial_statements,True,CONSOLIDATED STATEMENTS OF INCOME,"February 1, 2023 || META PLATFORMS, INC. || CONSOLIDATED BALANCE SHEETS || (In millions, except for number of shares and par value) || See Accompanying Notes to Consolidated Financial Statements. || META PLATFORMS, INC. || CONSOLIDATED STATEMENTS OF INCOME || (In millions, except per share amounts)","Year Ended December 31, | Year Ended December 31, | Year Ended December 31, | Year Ended December 31, | Year Ended December 31, | Year Ended December 31, | Year Ended December 31, | Year Ended December 31, | Year Ended December 31, | Year Ended December 31, | Year Ended December 31, | Year Ended December 31, | Year Ended December 31, | Year Ended December 31, | Year Ended December 31, || 2022 | 2022 | 2022 | 2021 | 2021 | 2021 | 2020 | 2020 | 2020 || Revenue | Revenue | Revenue | $ | 116609 | $ | 117929 | $ | 85965 || Costs and expenses: | Costs and expenses: | Costs and expenses:",28,18,C:\AI_Stock_Agent\data\sec_filings\META\000132680123000013\meta-20221231.htm
META,2024,35,primary_financial_statements,True,CONSOLIDATED STATEMENTS OF COMPREHENSIVE INCOME,"See Accompanying Notes to Consolidated Financial Statements. || META PLATFORMS, INC. || CONSOLIDATED STATEMENTS OF INCOME || (In millions, except per share amounts) || See Accompanying Notes to Consolidated Financial Statements. || META PLATFORMS, INC. || CONSOLIDATED STATEMENTS OF COMPREHENSIVE INCOME || (In millions)","Year Ended December 31, | Year Ended December 31, | Year Ended December 31, | Year Ended December 31, | Year Ended December 31, | Year Ended December 31, | Year Ended December 31, | Year Ended December 31, | Year Ended December 31, | Year Ended December 31, | Year Ended December 31, | Year Ended December 31, | Year Ended December 31, | Year Ended December 31, | Year Ended December 31, || 2022 | 2022 | 2022 | 2021 | 2021 | 2021 | 2020 | 2020 | 2020 || Net income | Net income | Net income | $ | 23200 | $ | 39370 | $ | 29146 || Other comprehensive income (loss): | Other comprehensive income (loss): | Other comprehensive income (loss):",8,18,C:\AI_Stock_Agent\data\sec_filings\META\000132680123000013\meta-20221231.htm
META,2024,36,primary_financial_statements,True,CONSOLIDATED STATEMENTS OF STOCKHOLDERS' EQUITY,"See Accompanying Notes to Consolidated Financial Statements. || META PLATFORMS, INC. || CONSOLIDATED STATEMENTS OF COMPREHENSIVE INCOME || (In millions) || See Accompanying Notes to Consolidated Financial Statements. || META PLATFORMS, INC. || CONSOLIDATED STATEMENTS OF STOCKHOLDERS' EQUITY || (In millions)","Class A and Class B Common Stock | Class A and Class B Common Stock | Class A and Class B Common Stock | Class A and Class B Common Stock | Class A and Class B Common Stock | Class A and Class B Common Stock | Class A and Class B Common Stock | Class A and Class B Common Stock | Class A and Class B Common Stock | Additional Paid-In Capital | Additional Paid-In Capital | Additional Paid-In Capital | Accumulated Other Comprehensive Income (Loss) | Accumulated Other Comprehensive Income (Loss) | Accumulated Other Comprehensive Income (Loss) | Retained Earnings | Retained Earnings | Retained Earnings | Total Stockholders' Equity | Total Stockholders' Equity | Total Stockholders' Equity || Shares | Shares | Shares | Par Value | Par Value | Par Value | Additional Paid-In Capital | Additional Paid-In Capital | Additional Paid-In Capital | Accumulated Other Comprehensive Income (Loss) | Accumulated Other Comprehensive Income (Loss) | Accumulated Other Comprehensive Income (Loss) | Retained Earnings | Retained Earnings | Retained Earnings | Total Stockholders' Equity | Total Stockholders' Equity | Total Stockholders' Equity || Balances at December 31, 2019 | Balances at December 31, 2019 | Balances at December 31, 2019 | 2852 | 2852 | $ | — | $ | 45851 | $ | (489) | $ | 55692 | $ | 101054 || Issuance of common stock | Issuance of common stock | Issuance of common stock | 38 | 38 | — | — | — | — | — | — | — | — | — | —",25,36,C:\AI_Stock_Agent\data\sec_filings\META\000132680123000013\meta-20221231.htm
META,2024,37,primary_financial_statements,True,CONSOLIDATED STATEMENTS OF CASH FLOWS,"See Accompanying Notes to Consolidated Financial Statements. || META PLATFORMS, INC. || CONSOLIDATED STATEMENTS OF STOCKHOLDERS' EQUITY || (In millions) || See Accompanying Notes to Consolidated Financial Statements. || META PLATFORMS, INC. || CONSOLIDATED STATEMENTS OF CASH FLOWS || (In millions)","Year Ended December 31, | Year Ended December 31, | Year Ended December 31, | Year Ended December 31, | Year Ended December 31, | Year Ended December 31, | Year Ended December 31, | Year Ended December 31, | Year Ended December 31, | Year Ended December 31, | Year Ended December 31, | Year Ended December 31, | Year Ended December 31, | Year Ended December 31, | Year Ended December 31, || 2022 | 2022 | 2022 | 2021 | 2021 | 2021 | 2020 | 2020 | 2020 || Cash flows from operating activities | Cash flows from operating activities | Cash flows from operating activities || Net income | Net income | Net income | $ | 23200 | $ | 39370 | $ | 29146",51,18,C:\AI_Stock_Agent\data\sec_filings\META\000132680123000013\meta-20221231.htm
META,2024,38,primary_financial_statements,True,CONSOLIDATED STATEMENTS OF CASH FLOWS,"See Accompanying Notes to Consolidated Financial Statements. || META PLATFORMS, INC. || CONSOLIDATED STATEMENTS OF CASH FLOWS || (In millions) || See Accompanying Notes to Consolidated Financial Statements. || META PLATFORMS, INC. || CONSOLIDATED STATEMENTS OF CASH FLOWS || (In millions)","Year Ended December 31, | Year Ended December 31, | Year Ended December 31, | Year Ended December 31, | Year Ended December 31, | Year Ended December 31, | Year Ended December 31, | Year Ended December 31, | Year Ended December 31, | Year Ended December 31, | Year Ended December 31, | Year Ended December 31, | Year Ended December 31, | Year Ended December 31, | Year Ended December 31, || 2022 | 2022 | 2022 | 2021 | 2021 | 2021 | 2020 | 2020 | 2020 || Supplemental cash flow data | Supplemental cash flow data | Supplemental cash flow data || Cash paid for income taxes, net | Cash paid for income taxes, net | Cash paid for income taxes, net | $ | 6407 | $ | 8525 | $ | 4229",10,18,C:\AI_Stock_Agent\data\sec_filings\META\000132680123000013\meta-20221231.htm
META,2024,39,financial_statements_area,True,The estimated useful lives of property and equipment and amortization periods of finance lease right-of-use assets are described below:,"- Observable inputs other than quoted prices in active markets for identical assets and liabilities, quoted prices for identical or similar assets or liabilities in inactive markets, or other inputs that are observable or can be corroborated by observable market data for substantially the full term of the assets or liabilities. || Level 3 || - Inputs that are generally unobservable and typically reflect management's estimate of assumptions that market participants would use in pricing the asset or liability. || Our cash equivalents and marketable debt securities are classified within Level 1 or Level 2 of the fair value hierarchy because their fair value is derived from quoted market prices or alternative pricing sources and models utilizing observable market inputs. Our marketable equity securities are publicly traded stocks measured at fair value and classified within Level 1 in the fair value hierarchy because we use quoted prices for identical assets in active markets to estimate their fair value. Certain other assets are classified within Level 3 because factors used to develop the estimated fair value are unobservable inputs that are not supported by market activity. || As of December 31, 2022 and 2021, the allowances for accounts receivable were immaterial. || Property and Equipment || Property and equipment, which includes amounts recorded under finance leases, which are amortized, are stated at cost less accumulated depreciation. Depreciation is computed using the straight-line method over the estimated useful lives of the assets or the remaining lease term, whichever is shorter. || The estimated useful lives of property and equipment and amortization periods of finance lease right-of-use assets are described below:",Property and Equipment | Property and Equipment | Property and Equipment | Useful Life/ Amortization period | Useful Life/ Amortization period | Useful Life/ Amortization period || Servers and network assets | Servers and network assets | Servers and network assets | Four to Five years | Four to Five years | Four to Five years || Buildings | Buildings | Buildings | 25 to 30 years | 25 to 30 years | 25 to 30 years || Equipment and other | Equipment and other | Equipment and other | One to 25 years | One to 25 years | One to 25 years,7,9,C:\AI_Stock_Agent\data\sec_filings\META\000132680123000013\meta-20221231.htm
META,2024,40,financial_statements_area,True,have been recast:,"(ASU 2022-03), which clarifies and amends the guidance of measuring the fair value of equity securities subject to contractual restrictions that prohibit the sale of the equity securities. The adoption of this new standard did not have a material impact on our consolidated financial statements. || On October 1, 2022, we adopted ASU No. 2021-10, || Government Assistance (Topic 832): Disclosure by Business Entities about Government Assistance || (ASU 2021-10), which improves the transparency of government assistance received || Note 2. || Revenue disaggregated by revenue source and by segment consists of the following (in millions). For comparative purposes, || amounts for the year ended December 31, 2020 || have been recast:","Year Ended December 31, | Year Ended December 31, | Year Ended December 31, | Year Ended December 31, | Year Ended December 31, | Year Ended December 31, | Year Ended December 31, | Year Ended December 31, | Year Ended December 31, | Year Ended December 31, | Year Ended December 31, | Year Ended December 31, | Year Ended December 31, | Year Ended December 31, | Year Ended December 31, || 2022 | 2022 | 2022 | 2021 | 2021 | 2021 | 2020 | 2020 | 2020 || Advertising | Advertising | Advertising | $ | 113642 | $ | 114934 | $ | 84169 || Other revenue | Other revenue | Other revenue | 808 | 808 | 721 | 721 | 657 | 657",8,18,C:\AI_Stock_Agent\data\sec_filings\META\000132680123000013\meta-20221231.htm
META,2024,41,financial_statements_area,True,"addresses of our customers, consists of the following (in millions):","Government Assistance (Topic 832): Disclosure by Business Entities about Government Assistance || (ASU 2021-10), which improves the transparency of government assistance received || Note 2. || Revenue disaggregated by revenue source and by segment consists of the following (in millions). For comparative purposes, || amounts for the year ended December 31, 2020 || have been recast: || Revenue disaggregated by geography, based on the || addresses of our customers, consists of the following (in millions):","Year Ended December 31, | Year Ended December 31, | Year Ended December 31, | Year Ended December 31, | Year Ended December 31, | Year Ended December 31, | Year Ended December 31, | Year Ended December 31, | Year Ended December 31, | Year Ended December 31, | Year Ended December 31, | Year Ended December 31, | Year Ended December 31, | Year Ended December 31, | Year Ended December 31, || 2022 | 2022 | 2022 | 2021 | 2021 | 2021 | 2020 | 2020 | 2020 || United States and Canada (1) | United States and Canada (1) | United States and Canada (1) | $ | 50150 | $ | 51541 | $ | 38433 || Europe (2) | Europe (2) | Europe (2) | 26681 | 26681 | 29057 | 29057 | 20349 | 20349",8,18,C:\AI_Stock_Agent\data\sec_filings\META\000132680123000013\meta-20221231.htm
META,2024,42,financial_statements_area,True,(in millions),"Europe includes Russia and Turkey, and Rest of World includes Africa, Latin America, and the Middle East. || Note 3. || During the year ended December 31, 2022, we initiated several measures to pursue greater cost efficiency and to realign our business and strategic priorities. || Beginning in the third quarter of 2022, as a part of our facilities consolidation strategy, we made a decision to sublease, early terminate, or abandon several office buildings under operating leases to align our real property lease arrangements with our anticipated operating needs. As a result, we recorded impairment charges for the related operating lease right-of-use (ROU) assets and leasehold improvements. || In November 2022, we announced a layoff of approximately of our employees across the FoA and RL segments. As a result, we recorded severance and other personnel related expenses for the impacted employees. || In December 2022, we reevaluated our data center investment strategy to improve efficiency and further advance our efforts around artificial intelligence. As a result, we decided to pivot several of our data center building projects to a next generation design while also canceling multiple existing data center projects. This strategy led to abandonment charges of the related data center assets. || A summary of our restructuring charges for the year ended December 31, 2022 by major activity type is as follows || (in millions)",Facilities Consolidation (1) | Facilities Consolidation (1) | Facilities Consolidation (1) | Severance and Other Personnel Costs | Severance and Other Personnel Costs | Severance and Other Personnel Costs | Data Center Assets | Data Center Assets | Data Center Assets | Total | Total | Total || Cost of revenue | Cost of revenue | Cost of revenue | $ | 154 | $ | — | $ | 1341 | $ | 1495 || Research and development | Research and development | Research and development | 1311 | 1311 | 408 | 408 | — | — | 1719 | 1719 || Marketing and sales | Marketing and sales | Marketing and sales | 404 | 404 | 234 | 234 | — | — | 638 | 638,7,36,C:\AI_Stock_Agent\data\sec_filings\META\000132680123000013\meta-20221231.htm
META,2024,43,primary_financial_statements,True,"on the consolidated balance sheets,","A summary of our restructuring charges for the year ended December 31, 2022 by major activity type is as follows || (in millions) || ________________________ || Facilities consolidation includes impairment charges and accelerated expenses related to certain operating lease ROU assets and leasehold improvements. || Total restructuring charges recorded under our FoA segment were $ billion and RL segment were $ million. || The following table is a summary of the changes in the severance and other personnel liabilities, included within accrued expenses and other current liabilities || on the consolidated balance sheets, || related to the workforce reduction (in millions):","Balance as of January 1, 2022 | Balance as of January 1, 2022 | Balance as of January 1, 2022 | $ | — || Severance and other personnel costs | Severance and other personnel costs | Severance and other personnel costs | 975 | 975 || Cash payments during the period | Cash payments during the period | Cash payments during the period | (203) | (203) || Balance as of December 31, 2022 (1) | Balance as of December 31, 2022 (1) | Balance as of December 31, 2022 (1) | $ | 772",5,6,C:\AI_Stock_Agent\data\sec_filings\META\000132680123000013\meta-20221231.htm
META,2024,44,primary_financial_statements,True,"The numerators and denominators of the basic and diluted EPS computations for our common stock are calculated as follows (in millions, except per share amounts):","We expect the remaining severance and termination related liabilities to be substantially paid out in cash during the first half of 2023. || Note 4. || We compute earnings per share (EPS) of Class A and Class B common stock using the two-class method. As the liquidation and dividend rights for both Class A and Class B common stock are identical, the undistributed earnings are allocated on a proportionate basis to the weighted-average number of common shares outstanding for the period. || Basic EPS is computed by dividing net income by the weighted-average number of shares of our Class A and Class B common stock outstanding. For the calculation of diluted EPS, net income for basic EPS is adjusted by the effect of dilutive securities, including awards under our equity compensation plan. || In addition, the computation of the diluted EPS of Class A common stock assumes the conversion of our Class B common stock to Class A common stock, while the diluted EPS of Class B common stock does not assume the conversion of those shares to Class A common stock. Diluted EPS is computed by dividing the resulting net income by the weighted-average number of fully diluted common shares outstanding. || For the year ended December 31, 2022, approximately million shares of Class A common stock equivalents of restricted stock units (RSUs) were excluded from the diluted EPS calculation as including them would have an anti-dilutive effect. RSUs with anti-dilutive effect were not material for the years ended December 31, 2021 and 2020. || Basic and diluted EPS are the same for each class of common stock because they are entitled to the same liquidation and dividend rights. || The numerators and denominators of the basic and diluted EPS computations for our common stock are calculated as follows (in millions, except per share amounts):","Year Ended December 31, | Year Ended December 31, | Year Ended December 31, | Year Ended December 31, | Year Ended December 31, | Year Ended December 31, | Year Ended December 31, | Year Ended December 31, | Year Ended December 31, | Year Ended December 31, | Year Ended December 31, | Year Ended December 31, | Year Ended December 31, | Year Ended December 31, | Year Ended December 31, | Year Ended December 31, | Year Ended December 31, | Year Ended December 31, | Year Ended December 31, | Year Ended December 31, | Year Ended December 31, | Year Ended December 31, | Year Ended December 31, | Year Ended December 31, | Year Ended December 31, | Year Ended December 31, | Year Ended December 31, | Year Ended December 31, | Year Ended December 31, | Year Ended December 31, | Year Ended December 31, | Year Ended December 31, | Year Ended December 31, || 2022 | 2022 | 2022 | 2022 | 2022 | 2022 | 2022 | 2022 | 2022 | 2021 | 2021 | 2021 | 2021 | 2021 | 2021 | 2021 | 2021 | 2021 | 2020 | 2020 | 2020 | 2020 | 2020 | 2020 | 2020 | 2020 | 2020 || Class A | Class A | Class A | Class B | Class B | Class B | Class A | Class A | Class A | Class B | Class B | Class B | Class A | Class A | Class A | ClassB | ClassB | ClassB || Basic EPS: | Basic EPS: | Basic EPS:",23,36,C:\AI_Stock_Agent\data\sec_filings\META\000132680123000013\meta-20221231.htm
META,2024,45,primary_financial_statements,True,"The following table sets forth cash, cash equivalents, marketable securities and restricted cash (in millions):","We compute earnings per share (EPS) of Class A and Class B common stock using the two-class method. As the liquidation and dividend rights for both Class A and Class B common stock are identical, the undistributed earnings are allocated on a proportionate basis to the weighted-average number of common shares outstanding for the period. || Basic EPS is computed by dividing net income by the weighted-average number of shares of our Class A and Class B common stock outstanding. For the calculation of diluted EPS, net income for basic EPS is adjusted by the effect of dilutive securities, including awards under our equity compensation plan. || In addition, the computation of the diluted EPS of Class A common stock assumes the conversion of our Class B common stock to Class A common stock, while the diluted EPS of Class B common stock does not assume the conversion of those shares to Class A common stock. Diluted EPS is computed by dividing the resulting net income by the weighted-average number of fully diluted common shares outstanding. || For the year ended December 31, 2022, approximately million shares of Class A common stock equivalents of restricted stock units (RSUs) were excluded from the diluted EPS calculation as including them would have an anti-dilutive effect. RSUs with anti-dilutive effect were not material for the years ended December 31, 2021 and 2020. || Basic and diluted EPS are the same for each class of common stock because they are entitled to the same liquidation and dividend rights. || The numerators and denominators of the basic and diluted EPS computations for our common stock are calculated as follows (in millions, except per share amounts): || Note 5. || The following table sets forth cash, cash equivalents, marketable securities and restricted cash (in millions):","December 31, | December 31, | December 31, | December 31, | December 31, | December 31, | December 31, | December 31, | December 31, || 2022 | 2022 | 2022 | 2021 | 2021 | 2021 || Cash and cash equivalents: | Cash and cash equivalents: | Cash and cash equivalents: || Cash | Cash | Cash | $ | 6176 | $ | 7308",24,12,C:\AI_Stock_Agent\data\sec_filings\META\000132680123000013\meta-20221231.htm
META,2024,46,primary_financial_statements,True,"The following table summarizes our available-for-sale marketable debt securities and cash equivalents with unrealized losses as of December 31, 2022 and 2021, aggregated by major security type and the length of time that individual securities have been in a continuous loss position (in millions):","Basic EPS is computed by dividing net income by the weighted-average number of shares of our Class A and Class B common stock outstanding. For the calculation of diluted EPS, net income for basic EPS is adjusted by the effect of dilutive securities, including awards under our equity compensation plan. || In addition, the computation of the diluted EPS of Class A common stock assumes the conversion of our Class B common stock to Class A common stock, while the diluted EPS of Class B common stock does not assume the conversion of those shares to Class A common stock. Diluted EPS is computed by dividing the resulting net income by the weighted-average number of fully diluted common shares outstanding. || For the year ended December 31, 2022, approximately million shares of Class A common stock equivalents of restricted stock units (RSUs) were excluded from the diluted EPS calculation as including them would have an anti-dilutive effect. RSUs with anti-dilutive effect were not material for the years ended December 31, 2021 and 2020. || Basic and diluted EPS are the same for each class of common stock because they are entitled to the same liquidation and dividend rights. || The numerators and denominators of the basic and diluted EPS computations for our common stock are calculated as follows (in millions, except per share amounts): || Note 5. || The following table sets forth cash, cash equivalents, marketable securities and restricted cash (in millions): || The following table summarizes our available-for-sale marketable debt securities and cash equivalents with unrealized losses as of December 31, 2022 and 2021, aggregated by major security type and the length of time that individual securities have been in a continuous loss position (in millions):","December 31, 2022 | December 31, 2022 | December 31, 2022 | December 31, 2022 | December 31, 2022 | December 31, 2022 | December 31, 2022 | December 31, 2022 | December 31, 2022 | December 31, 2022 | December 31, 2022 | December 31, 2022 | December 31, 2022 | December 31, 2022 | December 31, 2022 | December 31, 2022 | December 31, 2022 | December 31, 2022 | December 31, 2022 | December 31, 2022 | December 31, 2022 | December 31, 2022 | December 31, 2022 | December 31, 2022 | December 31, 2022 | December 31, 2022 | December 31, 2022 | December 31, 2022 | December 31, 2022 | December 31, 2022 | December 31, 2022 | December 31, 2022 | December 31, 2022 || Less than 12 months | Less than 12 months | Less than 12 months | Less than 12 months | Less than 12 months | Less than 12 months | Less than 12 months | Less than 12 months | Less than 12 months | 12 months or greater | 12 months or greater | 12 months or greater | 12 months or greater | 12 months or greater | 12 months or greater | 12 months or greater | 12 months or greater | 12 months or greater | Total | Total | Total | Total | Total | Total | Total | Total | Total || Fair Value | Fair Value | Fair Value | Unrealized Losses | Unrealized Losses | Unrealized Losses | Fair Value | Fair Value | Fair Value | Unrealized Losses | Unrealized Losses | Unrealized Losses | Fair Value | Fair Value | Fair Value | Unrealized Losses | Unrealized Losses | Unrealized Losses || U.S. government securities | U.S. government securities | U.S. government securities | $ | 5008 | $ | (234) | $ | 3499 | $ | (247) | $ | 8507 | $ | (481)",8,36,C:\AI_Stock_Agent\data\sec_filings\META\000132680123000013\meta-20221231.htm
META,2024,47,primary_financial_statements,True,"The following table summarizes our available-for-sale marketable debt securities and cash equivalents with unrealized losses as of December 31, 2022 and 2021, aggregated by major security type and the length of time that individual securities have been in a continuous loss position (in millions):","Basic EPS is computed by dividing net income by the weighted-average number of shares of our Class A and Class B common stock outstanding. For the calculation of diluted EPS, net income for basic EPS is adjusted by the effect of dilutive securities, including awards under our equity compensation plan. || In addition, the computation of the diluted EPS of Class A common stock assumes the conversion of our Class B common stock to Class A common stock, while the diluted EPS of Class B common stock does not assume the conversion of those shares to Class A common stock. Diluted EPS is computed by dividing the resulting net income by the weighted-average number of fully diluted common shares outstanding. || For the year ended December 31, 2022, approximately million shares of Class A common stock equivalents of restricted stock units (RSUs) were excluded from the diluted EPS calculation as including them would have an anti-dilutive effect. RSUs with anti-dilutive effect were not material for the years ended December 31, 2021 and 2020. || Basic and diluted EPS are the same for each class of common stock because they are entitled to the same liquidation and dividend rights. || The numerators and denominators of the basic and diluted EPS computations for our common stock are calculated as follows (in millions, except per share amounts): || Note 5. || The following table sets forth cash, cash equivalents, marketable securities and restricted cash (in millions): || The following table summarizes our available-for-sale marketable debt securities and cash equivalents with unrealized losses as of December 31, 2022 and 2021, aggregated by major security type and the length of time that individual securities have been in a continuous loss position (in millions):","December 31, 2021 | December 31, 2021 | December 31, 2021 | December 31, 2021 | December 31, 2021 | December 31, 2021 | December 31, 2021 | December 31, 2021 | December 31, 2021 | December 31, 2021 | December 31, 2021 | December 31, 2021 | December 31, 2021 | December 31, 2021 | December 31, 2021 | December 31, 2021 | December 31, 2021 | December 31, 2021 | December 31, 2021 | December 31, 2021 | December 31, 2021 | December 31, 2021 | December 31, 2021 | December 31, 2021 | December 31, 2021 | December 31, 2021 | December 31, 2021 | December 31, 2021 | December 31, 2021 | December 31, 2021 | December 31, 2021 | December 31, 2021 | December 31, 2021 || Less than 12 months | Less than 12 months | Less than 12 months | Less than 12 months | Less than 12 months | Less than 12 months | Less than 12 months | Less than 12 months | Less than 12 months | 12 months or greater | 12 months or greater | 12 months or greater | 12 months or greater | 12 months or greater | 12 months or greater | 12 months or greater | 12 months or greater | 12 months or greater | Total | Total | Total | Total | Total | Total | Total | Total | Total || Fair Value | Fair Value | Fair Value | Unrealized Losses | Unrealized Losses | Unrealized Losses | Fair Value | Fair Value | Fair Value | Unrealized Losses | Unrealized Losses | Unrealized Losses | Fair Value | Fair Value | Fair Value | Unrealized Losses | Unrealized Losses | Unrealized Losses || U.S. government securities | U.S. government securities | U.S. government securities | $ | 5184 | $ | (38) | $ | 30 | $ | — | $ | 5214 | $ | (38)",8,36,C:\AI_Stock_Agent\data\sec_filings\META\000132680123000013\meta-20221231.htm
META,2024,48,primary_financial_statements,True,The following table classifies our marketable debt securities by contractual maturities (in millions):,"For the year ended December 31, 2022, approximately million shares of Class A common stock equivalents of restricted stock units (RSUs) were excluded from the diluted EPS calculation as including them would have an anti-dilutive effect. RSUs with anti-dilutive effect were not material for the years ended December 31, 2021 and 2020. || Basic and diluted EPS are the same for each class of common stock because they are entitled to the same liquidation and dividend rights. || The numerators and denominators of the basic and diluted EPS computations for our common stock are calculated as follows (in millions, except per share amounts): || Note 5. || The following table sets forth cash, cash equivalents, marketable securities and restricted cash (in millions): || The following table summarizes our available-for-sale marketable debt securities and cash equivalents with unrealized losses as of December 31, 2022 and 2021, aggregated by major security type and the length of time that individual securities have been in a continuous loss position (in millions): || The increase in the gross unrealized losses for the year ended December 31, 2022 is due to higher interest rates. The allowance for credit losses and the gross unrealized gains on our marketable debt securities was not material as of December 31, 2022 and 2021. || The following table classifies our marketable debt securities by contractual maturities (in millions):","December 31, 2022 | December 31, 2022 | December 31, 2022 || Due within one year | Due within one year | Due within one year | $ | 4170 || Due after one year to five years | Due after one year to five years | Due after one year to five years | 21862 | 21862 || Total | Total | Total | $ | 26032",5,12,C:\AI_Stock_Agent\data\sec_filings\META\000132680123000013\meta-20221231.htm
META,2024,49,primary_financial_statements,True,Our non-marketable equity securities are investments in privately-held companies without readily determinable fair values.,"The numerators and denominators of the basic and diluted EPS computations for our common stock are calculated as follows (in millions, except per share amounts): || Note 5. || The following table sets forth cash, cash equivalents, marketable securities and restricted cash (in millions): || The following table summarizes our available-for-sale marketable debt securities and cash equivalents with unrealized losses as of December 31, 2022 and 2021, aggregated by major security type and the length of time that individual securities have been in a continuous loss position (in millions): || The increase in the gross unrealized losses for the year ended December 31, 2022 is due to higher interest rates. The allowance for credit losses and the gross unrealized gains on our marketable debt securities was not material as of December 31, 2022 and 2021. || The following table classifies our marketable debt securities by contractual maturities (in millions): || Note 6. || Our non-marketable equity securities are investments in privately-held companies without readily determinable fair values.","December 31, | December 31, | December 31, | December 31, | December 31, | December 31, | December 31, | December 31, | December 31, || 2022 | 2022 | 2022 | 2021 | 2021 | 2021 || Non-marketable equity securities under measurement alternative: | Non-marketable equity securities under measurement alternative: | Non-marketable equity securities under measurement alternative: || Initial cost | Initial cost | Initial cost | $ | 6388 | 6388 | $ | 6480 | 6480",10,12,C:\AI_Stock_Agent\data\sec_filings\META\000132680123000013\meta-20221231.htm
META,2024,50,primary_financial_statements,True,The following table summarizes our assets measured at fair value on a recurring basis and the classification by level of input within the fair value hierarchy (in millions):,"The following table sets forth cash, cash equivalents, marketable securities and restricted cash (in millions): || The following table summarizes our available-for-sale marketable debt securities and cash equivalents with unrealized losses as of December 31, 2022 and 2021, aggregated by major security type and the length of time that individual securities have been in a continuous loss position (in millions): || The increase in the gross unrealized losses for the year ended December 31, 2022 is due to higher interest rates. The allowance for credit losses and the gross unrealized gains on our marketable debt securities was not material as of December 31, 2022 and 2021. || The following table classifies our marketable debt securities by contractual maturities (in millions): || Note 6. || Our non-marketable equity securities are investments in privately-held companies without readily determinable fair values. || Note 7. || The following table summarizes our assets measured at fair value on a recurring basis and the classification by level of input within the fair value hierarchy (in millions):","Fair Value Measurement at Reporting Date Using | Fair Value Measurement at Reporting Date Using | Fair Value Measurement at Reporting Date Using | Fair Value Measurement at Reporting Date Using | Fair Value Measurement at Reporting Date Using | Fair Value Measurement at Reporting Date Using | Fair Value Measurement at Reporting Date Using | Fair Value Measurement at Reporting Date Using | Fair Value Measurement at Reporting Date Using | Fair Value Measurement at Reporting Date Using | Fair Value Measurement at Reporting Date Using | Fair Value Measurement at Reporting Date Using | Fair Value Measurement at Reporting Date Using | Fair Value Measurement at Reporting Date Using | Fair Value Measurement at Reporting Date Using || Description | Description | Description | December 31, 2022 | December 31, 2022 | December 31, 2022 | Quoted Prices in Active Markets for Identical Assets (Level 1) | Quoted Prices in Active Markets for Identical Assets (Level 1) | Quoted Prices in Active Markets for Identical Assets (Level 1) | Significant Other Observable Inputs (Level 2) | Significant Other Observable Inputs (Level 2) | Significant Other Observable Inputs (Level 2) | Significant Unobservable Inputs (Level 3) | Significant Unobservable Inputs (Level 3) | Significant Unobservable Inputs (Level 3) || Cash equivalents: | Cash equivalents: | Cash equivalents: || Money market funds | Money market funds | Money market funds | $ | 8305 | $ | 8305 | $ | — | $ | —",17,33,C:\AI_Stock_Agent\data\sec_filings\META\000132680123000013\meta-20221231.htm
META,2024,51,primary_financial_statements,True,The following table summarizes our assets measured at fair value on a recurring basis and the classification by level of input within the fair value hierarchy (in millions):,"The following table sets forth cash, cash equivalents, marketable securities and restricted cash (in millions): || The following table summarizes our available-for-sale marketable debt securities and cash equivalents with unrealized losses as of December 31, 2022 and 2021, aggregated by major security type and the length of time that individual securities have been in a continuous loss position (in millions): || The increase in the gross unrealized losses for the year ended December 31, 2022 is due to higher interest rates. The allowance for credit losses and the gross unrealized gains on our marketable debt securities was not material as of December 31, 2022 and 2021. || The following table classifies our marketable debt securities by contractual maturities (in millions): || Note 6. || Our non-marketable equity securities are investments in privately-held companies without readily determinable fair values. || Note 7. || The following table summarizes our assets measured at fair value on a recurring basis and the classification by level of input within the fair value hierarchy (in millions):","Fair Value Measurement at Reporting Date Using | Fair Value Measurement at Reporting Date Using | Fair Value Measurement at Reporting Date Using | Fair Value Measurement at Reporting Date Using | Fair Value Measurement at Reporting Date Using | Fair Value Measurement at Reporting Date Using | Fair Value Measurement at Reporting Date Using | Fair Value Measurement at Reporting Date Using | Fair Value Measurement at Reporting Date Using | Fair Value Measurement at Reporting Date Using | Fair Value Measurement at Reporting Date Using | Fair Value Measurement at Reporting Date Using | Fair Value Measurement at Reporting Date Using | Fair Value Measurement at Reporting Date Using | Fair Value Measurement at Reporting Date Using || Description | Description | Description | December 31, 2021 | December 31, 2021 | December 31, 2021 | Quoted Prices in Active Markets for Identical Assets (Level 1) | Quoted Prices in Active Markets for Identical Assets (Level 1) | Quoted Prices in Active Markets for Identical Assets (Level 1) | Significant Other Observable Inputs (Level 2) | Significant Other Observable Inputs (Level 2) | Significant Other Observable Inputs (Level 2) | Significant Unobservable Inputs (Level 3) | Significant Unobservable Inputs (Level 3) | Significant Unobservable Inputs (Level 3) || Cash equivalents: | Cash equivalents: | Cash equivalents: || Money market funds | Money market funds | Money market funds | $ | 8850 | $ | 8850 | $ | — | $ | —",16,33,C:\AI_Stock_Agent\data\sec_filings\META\000132680123000013\meta-20221231.htm
META,2024,52,primary_financial_statements,True,"Property and equipment, net consists of the following (in millions):","Our non-marketable equity securities are investments in privately-held companies without readily determinable fair values. || Note 7. || The following table summarizes our assets measured at fair value on a recurring basis and the classification by level of input within the fair value hierarchy (in millions): || We classify our cash equivalents and marketable debt securities within Level 1 or Level 2 because we use quoted market prices or alternative pricing sources and models utilizing market observable inputs to determine their fair value. Our marketable equity securities are publicly traded stocks measured at fair value and classified within Level 1 in the fair value hierarchy || because we use quoted prices for identical assets in active markets to estimate their fair value. || Certain other assets are classified within Level 3 because factors used to develop the estimated fair value are unobservable inputs that are not supported by market activity. || Note 8. || Property and equipment, net consists of the following (in millions):","December 31, | December 31, | December 31, | December 31, | December 31, | December 31, | December 31, | December 31, | December 31, || 2022 | 2022 | 2022 | 2021 | 2021 | 2021 || Land | Land | Land | $ | 1874 | $ | 1688 || Servers and network assets | Servers and network assets | Servers and network assets | 34330 | 34330 | 25584 | 25584",13,12,C:\AI_Stock_Agent\data\sec_filings\META\000132680123000013\meta-20221231.htm
META,2024,53,primary_financial_statements,True,The components of lease costs are as follows (in millions):,"Certain other assets are classified within Level 3 because factors used to develop the estimated fair value are unobservable inputs that are not supported by market activity. || Note 8. || Property and equipment, net consists of the following (in millions): || Construction in progress includes costs mostly related to construction of data centers, network infrastructure, servers, and office facilities. As of December 31, 2022, construction in progress also includes $ billion of servers and network assets components stored by our suppliers until required by our design manufacturers to fulfill certain purchase orders. || Depreciation expense on property and equipment was $ billion, $ billion, and $ billion for the years ended December 31, 2022, 2021, and 2020, respectively. The majority of the property and equipment depreciation expense was from servers and network assets depreciation of $ billion, $ billion, and $ billion for the years ended December 31, 2022, 2021, and 2020, respectively. For additional information regarding changes in the estimated useful life of our servers and network assets, see Note 1 — Summary of Significant Accounting Policies. || Note 9. || We have entered into various non-cancelable operating lease agreements mostly for certain of our offices, data centers, colocations, and land. We have also entered into various non-cancelable finance lease agreements mostly for certain network infrastructure. Our leases have original lease periods expiring between 2023 and 2093. Many leases include one or more options to renew. We do not assume renewals in our determination of the lease term unless the renewals are deemed to be reasonably assured. Our lease agreements generally do not contain any material residual value guarantees or material restrictive covenants. || The components of lease costs are as follows (in millions):","Year Ended December 31, | Year Ended December 31, | Year Ended December 31, | Year Ended December 31, | Year Ended December 31, | Year Ended December 31, | Year Ended December 31, | Year Ended December 31, | Year Ended December 31, | Year Ended December 31, | Year Ended December 31, | Year Ended December 31, | Year Ended December 31, | Year Ended December 31, | Year Ended December 31, || 2022 | 2022 | 2022 | 2021 | 2021 | 2021 | 2020 | 2020 | 2020 || Finance lease cost: | Finance lease cost: | Finance lease cost: || Amortization of right-of-use assets | Amortization of right-of-use assets | Amortization of right-of-use assets | $ | 380 | $ | 344 | $ | 259",9,18,C:\AI_Stock_Agent\data\sec_filings\META\000132680123000013\meta-20221231.htm
META,2024,54,primary_financial_statements,True,Supplemental balance sheet information related to leases is as follows:,"Property and equipment, net consists of the following (in millions): || Construction in progress includes costs mostly related to construction of data centers, network infrastructure, servers, and office facilities. As of December 31, 2022, construction in progress also includes $ billion of servers and network assets components stored by our suppliers until required by our design manufacturers to fulfill certain purchase orders. || Depreciation expense on property and equipment was $ billion, $ billion, and $ billion for the years ended December 31, 2022, 2021, and 2020, respectively. The majority of the property and equipment depreciation expense was from servers and network assets depreciation of $ billion, $ billion, and $ billion for the years ended December 31, 2022, 2021, and 2020, respectively. For additional information regarding changes in the estimated useful life of our servers and network assets, see Note 1 — Summary of Significant Accounting Policies. || Note 9. || We have entered into various non-cancelable operating lease agreements mostly for certain of our offices, data centers, colocations, and land. We have also entered into various non-cancelable finance lease agreements mostly for certain network infrastructure. Our leases have original lease periods expiring between 2023 and 2093. Many leases include one or more options to renew. We do not assume renewals in our determination of the lease term unless the renewals are deemed to be reasonably assured. Our lease agreements generally do not contain any material residual value guarantees or material restrictive covenants. || The components of lease costs are as follows (in millions): || During the year ended December 31, 2022, we also recorded $ billion impairment loss for operating lease ROU assets as a part of our facilities consolidation restructuring efforts. For additional information, see Note 3 — Restructuring. || Supplemental balance sheet information related to leases is as follows:","December 31, | December 31, | December 31, | December 31, | December 31, | December 31, | December 31, | December 31, | December 31, || 2022 | 2022 | 2022 | 2021 | 2021 | 2021 || Weighted-average remaining lease term: | Weighted-average remaining lease term: | Weighted-average remaining lease term: || Finance leases | Finance leases | Finance leases | 14.4 years | 14.4 years | 14.4 years | 13.9 years | 13.9 years | 13.9 years",9,12,C:\AI_Stock_Agent\data\sec_filings\META\000132680123000013\meta-20221231.htm
META,2024,55,primary_financial_statements,True,"The following is a schedule, by years, of maturities of lease liabilities as of December 31, 2022 (in millions):","Construction in progress includes costs mostly related to construction of data centers, network infrastructure, servers, and office facilities. As of December 31, 2022, construction in progress also includes $ billion of servers and network assets components stored by our suppliers until required by our design manufacturers to fulfill certain purchase orders. || Depreciation expense on property and equipment was $ billion, $ billion, and $ billion for the years ended December 31, 2022, 2021, and 2020, respectively. The majority of the property and equipment depreciation expense was from servers and network assets depreciation of $ billion, $ billion, and $ billion for the years ended December 31, 2022, 2021, and 2020, respectively. For additional information regarding changes in the estimated useful life of our servers and network assets, see Note 1 — Summary of Significant Accounting Policies. || Note 9. || We have entered into various non-cancelable operating lease agreements mostly for certain of our offices, data centers, colocations, and land. We have also entered into various non-cancelable finance lease agreements mostly for certain network infrastructure. Our leases have original lease periods expiring between 2023 and 2093. Many leases include one or more options to renew. We do not assume renewals in our determination of the lease term unless the renewals are deemed to be reasonably assured. Our lease agreements generally do not contain any material residual value guarantees or material restrictive covenants. || The components of lease costs are as follows (in millions): || During the year ended December 31, 2022, we also recorded $ billion impairment loss for operating lease ROU assets as a part of our facilities consolidation restructuring efforts. For additional information, see Note 3 — Restructuring. || Supplemental balance sheet information related to leases is as follows: || The following is a schedule, by years, of maturities of lease liabilities as of December 31, 2022 (in millions):",Operating Leases | Operating Leases | Operating Leases | Finance Leases | Finance Leases | Finance Leases || 2023 | 2023 | 2023 | $ | 1739 | $ | 146 || 2024 | 2024 | 2024 | 2034 | 2034 | 57 | 57 || 2025 | 2025 | 2025 | 1771 | 1771 | 57 | 57,15,12,C:\AI_Stock_Agent\data\sec_filings\META\000132680123000013\meta-20221231.htm
META,2024,56,primary_financial_statements,True,Supplemental cash flow information related to leases is as follows (in millions):,"We have entered into various non-cancelable operating lease agreements mostly for certain of our offices, data centers, colocations, and land. We have also entered into various non-cancelable finance lease agreements mostly for certain network infrastructure. Our leases have original lease periods expiring between 2023 and 2093. Many leases include one or more options to renew. We do not assume renewals in our determination of the lease term unless the renewals are deemed to be reasonably assured. Our lease agreements generally do not contain any material residual value guarantees or material restrictive covenants. || The components of lease costs are as follows (in millions): || During the year ended December 31, 2022, we also recorded $ billion impairment loss for operating lease ROU assets as a part of our facilities consolidation restructuring efforts. For additional information, see Note 3 — Restructuring. || Supplemental balance sheet information related to leases is as follows: || The following is a schedule, by years, of maturities of lease liabilities as of December 31, 2022 (in millions): || _________________ || The table above does not include lease payments that were not fixed at commencement or lease modification. As of December 31, 2022, we have additional operating and finance leases, that have not yet commenced, with lease obligations of approximately $ billion and $ billion, respectively, mostly for data centers, offices, network infrastructure, and colocations. These operating and finance leases will commence between 2023 and 2028 with lease terms of greater than to years. || Supplemental cash flow information related to leases is as follows (in millions):","Year Ended December 31, | Year Ended December 31, | Year Ended December 31, | Year Ended December 31, | Year Ended December 31, | Year Ended December 31, | Year Ended December 31, | Year Ended December 31, | Year Ended December 31, | Year Ended December 31, | Year Ended December 31, | Year Ended December 31, | Year Ended December 31, | Year Ended December 31, | Year Ended December 31, || 2022 | 2022 | 2022 | 2021 | 2021 | 2021 | 2020 | 2020 | 2020 || Cash paid for amounts included in the measurement of lease liabilities: | Cash paid for amounts included in the measurement of lease liabilities: | Cash paid for amounts included in the measurement of lease liabilities: || Operating cash flows for operating leases | Operating cash flows for operating leases | Operating cash flows for operating leases | $ | 1654 | $ | 1406 | $ | 1208",10,18,C:\AI_Stock_Agent\data\sec_filings\META\000132680123000013\meta-20221231.htm
META,2024,57,primary_financial_statements,True,"Changes in the carrying amount of goodwill by reportable segment for the years ended December 31, 2022 and 2021 are as follows (in millions):","During the year ended December 31, 2022, we also recorded $ billion impairment loss for operating lease ROU assets as a part of our facilities consolidation restructuring efforts. For additional information, see Note 3 — Restructuring. || Supplemental balance sheet information related to leases is as follows: || The following is a schedule, by years, of maturities of lease liabilities as of December 31, 2022 (in millions): || _________________ || The table above does not include lease payments that were not fixed at commencement or lease modification. As of December 31, 2022, we have additional operating and finance leases, that have not yet commenced, with lease obligations of approximately $ billion and $ billion, respectively, mostly for data centers, offices, network infrastructure, and colocations. These operating and finance leases will commence between 2023 and 2028 with lease terms of greater than to years. || Supplemental cash flow information related to leases is as follows (in millions): || Note 10. || Changes in the carrying amount of goodwill by reportable segment for the years ended December 31, 2022 and 2021 are as follows (in millions):","Family of Apps | Family of Apps | Family of Apps | Reality Labs | Reality Labs | Reality Labs | Total | Total | Total || Goodwill at December 31, 2020 | Goodwill at December 31, 2020 | Goodwill at December 31, 2020 | $ | 19050 || Acquisitions | Acquisitions | Acquisitions | 210 | 210 || Adjustments/transfer | Adjustments/transfer | Adjustments/transfer | (191) | (191)",13,18,C:\AI_Stock_Agent\data\sec_filings\META\000132680123000013\meta-20221231.htm
META,2024,58,primary_financial_statements,True,The following table sets forth the major categories of the intangible assets and the weighted-average remaining useful lives for those assets that are not already fully amortized (in millions):,"_________________ || The table above does not include lease payments that were not fixed at commencement or lease modification. As of December 31, 2022, we have additional operating and finance leases, that have not yet commenced, with lease obligations of approximately $ billion and $ billion, respectively, mostly for data centers, offices, network infrastructure, and colocations. These operating and finance leases will commence between 2023 and 2028 with lease terms of greater than to years. || Supplemental cash flow information related to leases is as follows (in millions): || Note 10. || Changes in the carrying amount of goodwill by reportable segment for the years ended December 31, 2022 and 2021 are as follows (in millions): || _________________________ || Represents reallocation of goodwill as a result of our change in segments in the fourth quarter of 2021. See Note 17 — Segment and Geographical Information for further details. || The following table sets forth the major categories of the intangible assets and the weighted-average remaining useful lives for those assets that are not already fully amortized (in millions):","December 31, 2022 | December 31, 2022 | December 31, 2022 | December 31, 2022 | December 31, 2022 | December 31, 2022 | December 31, 2022 | December 31, 2022 | December 31, 2022 | December 31, 2022 | December 31, 2022 | December 31, 2022 | December 31, 2022 | December 31, 2022 | December 31, 2022 | December 31, 2021 | December 31, 2021 | December 31, 2021 | December 31, 2021 | December 31, 2021 | December 31, 2021 | December 31, 2021 | December 31, 2021 | December 31, 2021 | December 31, 2021 | December 31, 2021 | December 31, 2021 | December 31, 2021 | December 31, 2021 | December 31, 2021 || Weighted-Average Remaining Useful Lives (in years) | Weighted-Average Remaining Useful Lives (in years) | Weighted-Average Remaining Useful Lives (in years) | Gross Carrying Amount | Gross Carrying Amount | Gross Carrying Amount | Accumulated Amortization | Accumulated Amortization | Accumulated Amortization | Net Carrying Amount | Net Carrying Amount | Net Carrying Amount | Gross Carrying Amount | Gross Carrying Amount | Gross Carrying Amount | Accumulated Amortization | Accumulated Amortization | Accumulated Amortization | Net Carrying Amount | Net Carrying Amount | Net Carrying Amount || Acquired technology | Acquired technology | Acquired technology | 5.2 | 5.2 | 5.2 | $ | 507 | $ | (144) | $ | 363 | $ | 1412 | $ | (1,169) | $ | 243",11,42,C:\AI_Stock_Agent\data\sec_filings\META\000132680123000013\meta-20221231.htm
META,2024,59,primary_financial_statements,True,"As of December 31, 2022, expected amortization expense for the unamortized finite-lived intangible assets for the next five years and thereafter is as follows (in millions):","Supplemental cash flow information related to leases is as follows (in millions): || Note 10. || Changes in the carrying amount of goodwill by reportable segment for the years ended December 31, 2022 and 2021 are as follows (in millions): || _________________________ || Represents reallocation of goodwill as a result of our change in segments in the fourth quarter of 2021. See Note 17 — Segment and Geographical Information for further details. || The following table sets forth the major categories of the intangible assets and the weighted-average remaining useful lives for those assets that are not already fully amortized (in millions): || Amortization expense of intangible assets for the years ended December 31, 2022, 2021, and 2020 was $ million, $ million, and $ million, respectively. || As of December 31, 2022, expected amortization expense for the unamortized finite-lived intangible assets for the next five years and thereafter is as follows (in millions):",2023 | 2023 | 2023 | $ | 153.0 || 2024 | 2024 | 2024 | 126 | 126.0 || 2025 | 2025 | 2025 | 83 | 83.0 || 2026 | 2026 | 2026 | 44 | 44.0,8,6,C:\AI_Stock_Agent\data\sec_filings\META\000132680123000013\meta-20221231.htm
META,2024,60,primary_financial_statements,True,"The following table summarizes the Notes and the carrying amount of our debt as of December 31, 2022 (in millions, except percentages):","Represents reallocation of goodwill as a result of our change in segments in the fourth quarter of 2021. See Note 17 — Segment and Geographical Information for further details. || The following table sets forth the major categories of the intangible assets and the weighted-average remaining useful lives for those assets that are not already fully amortized (in millions): || Amortization expense of intangible assets for the years ended December 31, 2022, 2021, and 2020 was $ million, $ million, and $ million, respectively. || As of December 31, 2022, expected amortization expense for the unamortized finite-lived intangible assets for the next five years and thereafter is as follows (in millions): || Note 11. || In August 2022, we issued an aggregate of $ billion principal amount of fixed-rate senior unsecured notes in four series (the “Original Notes”) in a private offering to qualified institutional buyers and certain non-U.S. persons. The proceeds from this offering, net of discounts and debt issuance costs, was $ billion. We intend to use the net proceeds from the offering for general corporate purposes, which may include, but are not limited to, capital expenditures, repurchases of outstanding shares of our common stock, acquisitions, or investments. In connection with the offering, we entered into a registration rights agreement (the ""Registration Rights Agreement"") providing for the filing of a registration statement with the Securities and Exchange Commission in order to exchange the Original Notes for registered notes having substantially the same terms. || On November 29, 2022, we commenced an offer to exchange (the ""Exchange Offer"") the Original Notes for new registered notes (the ""Exchange Notes"" and, together with the Original Notes, the ""Notes"") in order to fulfill our obligations under the Registration Rights Agreement. The Exchange Offer expired on December 28, 2022 and settled on December 29, 2022. We did not receive any proceeds from the Exchange Offer, and the aggregate principal amount of the Exchange Notes that were issued was equal to the aggregate principal amount of the Original Notes that were surrendered pursuant to the Exchange Offer. Each series of the Exchange Notes is part of the same series of the applicable series of the Original Notes and the terms of the Exchange Notes offered in the Exchange Offer are substantially identical to the terms of the respective series of the Original Notes, except that the Exchange Notes are registered under the Securities Act, and certain transfer restrictions, registration rights, and additional interest provisions relating to the Original Notes do not apply to the Exchange Notes. The Notes of each series rank equally with each other and we are not subject to any financial covenants. We may redeem each series of the Notes at any time in whole or in part, at specified redemption prices. || The following table summarizes the Notes and the carrying amount of our debt as of December 31, 2022 (in millions, except percentages):","Maturity | Maturity | Maturity | Stated Interest Rate | Stated Interest Rate | Stated Interest Rate | Effective Interest Rate | Effective Interest Rate | Effective Interest Rate | December 31, 2022 | December 31, 2022 | December 31, 2022 || 2027 Notes | 2027 Notes | 2027 Notes | 2027 | 2027 | 2027 | 3.50% | 3.50% | 3.50% | 3.63% | 3.63% | 3.63% | $ | 2750 || 2032 Notes | 2032 Notes | 2032 Notes | 2032 | 2032 | 2032 | 3.85% | 3.85% | 3.85% | 3.92% | 3.92% | 3.92% | 3000 | 3000 || 2052 Notes | 2052 Notes | 2052 Notes | 2052 | 2052 | 2052 | 4.45% | 4.45% | 4.45% | 4.51% | 4.51% | 4.51% | 2750 | 2750",9,24,C:\AI_Stock_Agent\data\sec_filings\META\000132680123000013\meta-20221231.htm
META,2024,61,primary_financial_statements,True,"As of December 31, 2022, future principal payments for the Notes, by year, are as follows (in millions):","As of December 31, 2022, expected amortization expense for the unamortized finite-lived intangible assets for the next five years and thereafter is as follows (in millions): || Note 11. || In August 2022, we issued an aggregate of $ billion principal amount of fixed-rate senior unsecured notes in four series (the “Original Notes”) in a private offering to qualified institutional buyers and certain non-U.S. persons. The proceeds from this offering, net of discounts and debt issuance costs, was $ billion. We intend to use the net proceeds from the offering for general corporate purposes, which may include, but are not limited to, capital expenditures, repurchases of outstanding shares of our common stock, acquisitions, or investments. In connection with the offering, we entered into a registration rights agreement (the ""Registration Rights Agreement"") providing for the filing of a registration statement with the Securities and Exchange Commission in order to exchange the Original Notes for registered notes having substantially the same terms. || On November 29, 2022, we commenced an offer to exchange (the ""Exchange Offer"") the Original Notes for new registered notes (the ""Exchange Notes"" and, together with the Original Notes, the ""Notes"") in order to fulfill our obligations under the Registration Rights Agreement. The Exchange Offer expired on December 28, 2022 and settled on December 29, 2022. We did not receive any proceeds from the Exchange Offer, and the aggregate principal amount of the Exchange Notes that were issued was equal to the aggregate principal amount of the Original Notes that were surrendered pursuant to the Exchange Offer. Each series of the Exchange Notes is part of the same series of the applicable series of the Original Notes and the terms of the Exchange Notes offered in the Exchange Offer are substantially identical to the terms of the respective series of the Original Notes, except that the Exchange Notes are registered under the Securities Act, and certain transfer restrictions, registration rights, and additional interest provisions relating to the Original Notes do not apply to the Exchange Notes. The Notes of each series rank equally with each other and we are not subject to any financial covenants. We may redeem each series of the Notes at any time in whole or in part, at specified redemption prices. || The following table summarizes the Notes and the carrying amount of our debt as of December 31, 2022 (in millions, except percentages): || Interest on each of the Notes is payable semi-annually in arrears in February and August of each year, commencing in February 2023. The effective interest rates include the interest rates stated on the Notes and amortization of the discounts and issuance costs. For the year ended December 31, 2022, interest expense recognized on the debt was $ million. || The total estimated fair value of our outstanding debt was $ billion as of December 31, 2022. The fair value was determined based on the closing trading price per $100 of the Notes as of December 31, 2022 and is categorized accordingly as Level 2 in the fair value hierarchy. || As of December 31, 2022, future principal payments for the Notes, by year, are as follows (in millions):",2023 through 2026 | 2023 through 2026 | 2023 through 2026 | $ | — || 2027 | 2027 | 2027 | 2750 | 2750 || Thereafter | Thereafter | Thereafter | 7250 | 7250 || Total outstanding debt | Total outstanding debt | Total outstanding debt | $ | 10000,5,6,C:\AI_Stock_Agent\data\sec_filings\META\000132680123000013\meta-20221231.htm
META,2024,62,primary_financial_statements,True,The components of accrued expenses and other current liabilities are as follows (in millions):,"In August 2022, we issued an aggregate of $ billion principal amount of fixed-rate senior unsecured notes in four series (the “Original Notes”) in a private offering to qualified institutional buyers and certain non-U.S. persons. The proceeds from this offering, net of discounts and debt issuance costs, was $ billion. We intend to use the net proceeds from the offering for general corporate purposes, which may include, but are not limited to, capital expenditures, repurchases of outstanding shares of our common stock, acquisitions, or investments. In connection with the offering, we entered into a registration rights agreement (the ""Registration Rights Agreement"") providing for the filing of a registration statement with the Securities and Exchange Commission in order to exchange the Original Notes for registered notes having substantially the same terms. || On November 29, 2022, we commenced an offer to exchange (the ""Exchange Offer"") the Original Notes for new registered notes (the ""Exchange Notes"" and, together with the Original Notes, the ""Notes"") in order to fulfill our obligations under the Registration Rights Agreement. The Exchange Offer expired on December 28, 2022 and settled on December 29, 2022. We did not receive any proceeds from the Exchange Offer, and the aggregate principal amount of the Exchange Notes that were issued was equal to the aggregate principal amount of the Original Notes that were surrendered pursuant to the Exchange Offer. Each series of the Exchange Notes is part of the same series of the applicable series of the Original Notes and the terms of the Exchange Notes offered in the Exchange Offer are substantially identical to the terms of the respective series of the Original Notes, except that the Exchange Notes are registered under the Securities Act, and certain transfer restrictions, registration rights, and additional interest provisions relating to the Original Notes do not apply to the Exchange Notes. The Notes of each series rank equally with each other and we are not subject to any financial covenants. We may redeem each series of the Notes at any time in whole or in part, at specified redemption prices. || The following table summarizes the Notes and the carrying amount of our debt as of December 31, 2022 (in millions, except percentages): || Interest on each of the Notes is payable semi-annually in arrears in February and August of each year, commencing in February 2023. The effective interest rates include the interest rates stated on the Notes and amortization of the discounts and issuance costs. For the year ended December 31, 2022, interest expense recognized on the debt was $ million. || The total estimated fair value of our outstanding debt was $ billion as of December 31, 2022. The fair value was determined based on the closing trading price per $100 of the Notes as of December 31, 2022 and is categorized accordingly as Level 2 in the fair value hierarchy. || As of December 31, 2022, future principal payments for the Notes, by year, are as follows (in millions): || Note 12. || The components of accrued expenses and other current liabilities are as follows (in millions):","December 31, | December 31, | December 31, | December 31, | December 31, | December 31, | December 31, | December 31, | December 31, || 2022 | 2022 | 2022 | 2021 | 2021 | 2021 || Legal-related accruals (1) | Legal-related accruals (1) | Legal-related accruals (1) | $ | 4795 | $ | 3254 || Accrued compensation and benefits | Accrued compensation and benefits | Accrued compensation and benefits | 4591 | 4591 | 3152 | 3152",9,12,C:\AI_Stock_Agent\data\sec_filings\META\000132680123000013\meta-20221231.htm
META,2024,63,primary_financial_statements,True,The components of other liabilities are as follows (in millions):,"As of December 31, 2022, future principal payments for the Notes, by year, are as follows (in millions): || Note 12. || The components of accrued expenses and other current liabilities are as follows (in millions): || _________________________ || Includes accruals for estimated fines, settlements, or other losses in connection with legal and related matters, as well as other legal fees. For further information, see || Legal and Related Matters || in Note 13 — Commitments and Contingencies. || The components of other liabilities are as follows (in millions):","December 31, | December 31, | December 31, | December 31, | December 31, | December 31, | December 31, | December 31, | December 31, || 2022 | 2022 | 2022 | 2021 | 2021 | 2021 || Income tax payable | Income tax payable | Income tax payable | $ | 6645 | $ | 5938",7,12,C:\AI_Stock_Agent\data\sec_filings\META\000132680123000013\meta-20221231.htm
META,2024,64,primary_financial_statements,True,"We have $ billion of non-cancelable contractual commitments as of December 31, 2022, which are primarily related to our investments in network infrastructure, servers, and consumer hardware products in Reality Labs.","Legal and Related Matters || in Note 13 — Commitments and Contingencies. || The components of other liabilities are as follows (in millions): || Note 13. || Guarantee || In 2018, we established a multi-currency notional cash pool for certain of our entities with a third-party bank provider, which was terminated on December 2, 2022. As a result, the parental guarantee by Meta Platforms, Inc. was no longer required. || Contractual Commitments || We have $ billion of non-cancelable contractual commitments as of December 31, 2022, which are primarily related to our investments in network infrastructure, servers, and consumer hardware products in Reality Labs.",2023 | 2023 | 2023 | $ | 13203.0 || 2024 | 2024 | 2024 | 2295 | 2295.0 || 2025 | 2025 | 2025 | 1434 | 1434.0 || 2026 | 2026 | 2026 | 265 | 265.0,8,6,C:\AI_Stock_Agent\data\sec_filings\META\000132680123000013\meta-20221231.htm
META,2024,65,financial_statements_area,True,"The following table summarizes the activities for our unvested RSUs for the year ended December 31, 2022:","Our board of directors has authorized a share repurchase program of our Class A common stock, which commenced in January 2017 and does not have an expiration date. As of December 31, 2021, $ billion remained available and authorized for repurchases under this program. In 2022, we repurchased and subsequently retired million shares of our Class A common stock for an aggregate amount of $ billion. As of December 31, 2022, $ billion remained available and authorized for repurchases. In January 2023, an additional $ billion of repurchases was authorized under this program. || The timing and actual number of shares repurchased under the repurchase program depend on a variety of factors, including price, general business and market conditions, and other investment opportunities, and shares may be repurchased through open market purchases or privately negotiated transactions, including through the use of trading plans intended to qualify under Rule 10b5-1 under the Securities Exchange Act of 1934, as amended. || Share-based Compensation Plan || We have active share-based employee compensation plan, the 2012 Equity Incentive Plan (Amended 2012 Plan), which was amended in each of June 2016, February 2018, and December 2022. Our Amended 2012 Plan provides for the issuance of incentive and nonqualified stock options, restricted stock awards, stock appreciation rights, RSUs, performance shares, and stock bonuses to qualified employees, directors, and consultants. Shares that are withheld in connection with the net settlement of RSUs or forfeited are added to the reserves of the Amended 2012 Plan. || As of December 31, 2022, there were million shares of our Class A common stock reserved for future issuance under our Amended 2012 Plan. Pursuant to the automatic increase provision under our Amended 2012 Plan, the number of shares reserved for issuance increases automatically on January 1 of each of the calendar years during the term of the Amended 2012 Plan, which will continue through April 2026, by a number of shares of Class A common stock equal to the lesser of (i) % of the total issued and outstanding shares of our Class A common stock as of the immediately preceding || December 31st or (ii) a number of shares determined by our board of directors. Pursuant to this automatic increase provision, our board of directors approved an increase of million shares of Class A common stock reserved for issuance, effective January 1, 2023. || In December 2022, our board of directors approved an amendment to our Amended 2012 Plan to increase the number of shares reserved for issuance under the Amended 2012 Plan by million shares, effective March 1, 2023 (Plan Amendment). The Plan Amendment was also approved by holders of a majority of the voting power of our outstanding capital stock in December 2022. || The following table summarizes the activities for our unvested RSUs for the year ended December 31, 2022:","Number of Shares | Number of Shares | Number of Shares | Weighted-Average Grant Date Fair Value Per Share | Weighted-Average Grant Date Fair Value Per Share | Weighted-Average Grant Date Fair Value Per Share || (in thousands) | (in thousands) | (in thousands) || Unvested at December 31, 2021 | Unvested at December 31, 2021 | Unvested at December 31, 2021 | 98848 | 98848 | $ | 244.32 || Granted | Granted | Granted | 106693 | 106693 | $ | 195.66",8,12,C:\AI_Stock_Agent\data\sec_filings\META\000132680123000013\meta-20221231.htm
META,2024,66,financial_statements_area,True,"The following table presents the detail of interest and other income (expense), net (in millions):","As of December 31, 2022, there were million shares of our Class A common stock reserved for future issuance under our Amended 2012 Plan. Pursuant to the automatic increase provision under our Amended 2012 Plan, the number of shares reserved for issuance increases automatically on January 1 of each of the calendar years during the term of the Amended 2012 Plan, which will continue through April 2026, by a number of shares of Class A common stock equal to the lesser of (i) % of the total issued and outstanding shares of our Class A common stock as of the immediately preceding || December 31st or (ii) a number of shares determined by our board of directors. Pursuant to this automatic increase provision, our board of directors approved an increase of million shares of Class A common stock reserved for issuance, effective January 1, 2023. || In December 2022, our board of directors approved an amendment to our Amended 2012 Plan to increase the number of shares reserved for issuance under the Amended 2012 Plan by million shares, effective March 1, 2023 (Plan Amendment). The Plan Amendment was also approved by holders of a majority of the voting power of our outstanding capital stock in December 2022. || The following table summarizes the activities for our unvested RSUs for the year ended December 31, 2022: || The weighted-average grant date fair value of RSUs granted in the years ended December 31, 2021 and 2020 was $ and $ , respectively. The fair value as of the respective vesting dates of RSUs that vested during the years ended December 31, 2022, 2021, and 2020 was $ billion, $ billion, and $ billion, respectively. The income tax benefit recognized related to awards vested during the years ended December 31, 2022, 2021, and 2020 was $ billion, $ billion, and $ billion, respectively. || As of December 31, 2022, there was $ billion of unrecognized share-based compensation expense related to RSU awards. This unrecognized compensation expense is expected to be recognized over a weighted-average period of approximately based on vesting under the award service conditions. || Note 15. || The following table presents the detail of interest and other income (expense), net (in millions):","Year Ended December 31, | Year Ended December 31, | Year Ended December 31, | Year Ended December 31, | Year Ended December 31, | Year Ended December 31, | Year Ended December 31, | Year Ended December 31, | Year Ended December 31, | Year Ended December 31, | Year Ended December 31, | Year Ended December 31, | Year Ended December 31, | Year Ended December 31, | Year Ended December 31, || 2022 | 2022 | 2022 | 2021 | 2021 | 2021 | 2020 | 2020 | 2020 || Interest income, net | Interest income, net | Interest income, net | $ | 276 | $ | 461 | $ | 672 || Foreign currency exchange losses, net | Foreign currency exchange losses, net | Foreign currency exchange losses, net | (81) | (81) | (140) | (140) | (129) | (129)",7,18,C:\AI_Stock_Agent\data\sec_filings\META\000132680123000013\meta-20221231.htm
META,2024,67,financial_statements_area,True,The components of income before provision for income taxes are as follows (in millions):,"In December 2022, our board of directors approved an amendment to our Amended 2012 Plan to increase the number of shares reserved for issuance under the Amended 2012 Plan by million shares, effective March 1, 2023 (Plan Amendment). The Plan Amendment was also approved by holders of a majority of the voting power of our outstanding capital stock in December 2022. || The following table summarizes the activities for our unvested RSUs for the year ended December 31, 2022: || The weighted-average grant date fair value of RSUs granted in the years ended December 31, 2021 and 2020 was $ and $ , respectively. The fair value as of the respective vesting dates of RSUs that vested during the years ended December 31, 2022, 2021, and 2020 was $ billion, $ billion, and $ billion, respectively. The income tax benefit recognized related to awards vested during the years ended December 31, 2022, 2021, and 2020 was $ billion, $ billion, and $ billion, respectively. || As of December 31, 2022, there was $ billion of unrecognized share-based compensation expense related to RSU awards. This unrecognized compensation expense is expected to be recognized over a weighted-average period of approximately based on vesting under the award service conditions. || Note 15. || The following table presents the detail of interest and other income (expense), net (in millions): || Note 16. || The components of income before provision for income taxes are as follows (in millions):","Year Ended December 31, | Year Ended December 31, | Year Ended December 31, | Year Ended December 31, | Year Ended December 31, | Year Ended December 31, | Year Ended December 31, | Year Ended December 31, | Year Ended December 31, | Year Ended December 31, | Year Ended December 31, | Year Ended December 31, | Year Ended December 31, | Year Ended December 31, | Year Ended December 31, || 2022 | 2022 | 2022 | 2021 | 2021 | 2021 | 2020 | 2020 | 2020 || Domestic | Domestic | Domestic | $ | 25025 | $ | 43669 | $ | 24233 || Foreign | Foreign | Foreign | 3794 | 3794 | 3615 | 3615 | 8947 | 8947",6,18,C:\AI_Stock_Agent\data\sec_filings\META\000132680123000013\meta-20221231.htm
META,2024,68,financial_statements_area,True,The components of income before provision for income taxes are as follows (in millions):,"In December 2022, our board of directors approved an amendment to our Amended 2012 Plan to increase the number of shares reserved for issuance under the Amended 2012 Plan by million shares, effective March 1, 2023 (Plan Amendment). The Plan Amendment was also approved by holders of a majority of the voting power of our outstanding capital stock in December 2022. || The following table summarizes the activities for our unvested RSUs for the year ended December 31, 2022: || The weighted-average grant date fair value of RSUs granted in the years ended December 31, 2021 and 2020 was $ and $ , respectively. The fair value as of the respective vesting dates of RSUs that vested during the years ended December 31, 2022, 2021, and 2020 was $ billion, $ billion, and $ billion, respectively. The income tax benefit recognized related to awards vested during the years ended December 31, 2022, 2021, and 2020 was $ billion, $ billion, and $ billion, respectively. || As of December 31, 2022, there was $ billion of unrecognized share-based compensation expense related to RSU awards. This unrecognized compensation expense is expected to be recognized over a weighted-average period of approximately based on vesting under the award service conditions. || Note 15. || The following table presents the detail of interest and other income (expense), net (in millions): || Note 16. || The components of income before provision for income taxes are as follows (in millions):","Year Ended December 31, | Year Ended December 31, | Year Ended December 31, | Year Ended December 31, | Year Ended December 31, | Year Ended December 31, | Year Ended December 31, | Year Ended December 31, | Year Ended December 31, | Year Ended December 31, | Year Ended December 31, | Year Ended December 31, | Year Ended December 31, | Year Ended December 31, | Year Ended December 31, || 2022 | 2022 | 2022 | 2021 | 2021 | 2021 | 2020 | 2020 | 2020 || Current: | Current: | Current: || Federal | Federal | Federal | $ | 6094 | $ | 4971 | $ | 3297",15,18,C:\AI_Stock_Agent\data\sec_filings\META\000132680123000013\meta-20221231.htm
META,2024,69,financial_statements_area,True,A reconciliation of the U.S. federal statutory income tax rates to our effective tax rate is as follows (in percentages):,"The following table summarizes the activities for our unvested RSUs for the year ended December 31, 2022: || The weighted-average grant date fair value of RSUs granted in the years ended December 31, 2021 and 2020 was $ and $ , respectively. The fair value as of the respective vesting dates of RSUs that vested during the years ended December 31, 2022, 2021, and 2020 was $ billion, $ billion, and $ billion, respectively. The income tax benefit recognized related to awards vested during the years ended December 31, 2022, 2021, and 2020 was $ billion, $ billion, and $ billion, respectively. || As of December 31, 2022, there was $ billion of unrecognized share-based compensation expense related to RSU awards. This unrecognized compensation expense is expected to be recognized over a weighted-average period of approximately based on vesting under the award service conditions. || Note 15. || The following table presents the detail of interest and other income (expense), net (in millions): || Note 16. || The components of income before provision for income taxes are as follows (in millions): || A reconciliation of the U.S. federal statutory income tax rates to our effective tax rate is as follows (in percentages):","Year Ended December 31, | Year Ended December 31, | Year Ended December 31, | Year Ended December 31, | Year Ended December 31, | Year Ended December 31, | Year Ended December 31, | Year Ended December 31, | Year Ended December 31, | Year Ended December 31, | Year Ended December 31, | Year Ended December 31, | Year Ended December 31, | Year Ended December 31, | Year Ended December 31, || 2022 | 2022 | 2022 | 2021 | 2021 | 2021 | 2020 | 2020 | 2020 || U.S. federal statutory income tax rate | U.S. federal statutory income tax rate | U.S. federal statutory income tax rate | 21.0 | 21.0 | % | 21.0 | 21.0 | % | 21.0 | 21.0 | % || State income taxes, net of federal benefit | State income taxes, net of federal benefit | State income taxes, net of federal benefit | 1.0 | 1.0 | 1.0 | 1.0 | 0.8 | 0.8",12,18,C:\AI_Stock_Agent\data\sec_filings\META\000132680123000013\meta-20221231.htm
META,2024,70,financial_statements_area,True,Our deferred tax assets (liabilities) are as follows (in millions):,"The weighted-average grant date fair value of RSUs granted in the years ended December 31, 2021 and 2020 was $ and $ , respectively. The fair value as of the respective vesting dates of RSUs that vested during the years ended December 31, 2022, 2021, and 2020 was $ billion, $ billion, and $ billion, respectively. The income tax benefit recognized related to awards vested during the years ended December 31, 2022, 2021, and 2020 was $ billion, $ billion, and $ billion, respectively. || As of December 31, 2022, there was $ billion of unrecognized share-based compensation expense related to RSU awards. This unrecognized compensation expense is expected to be recognized over a weighted-average period of approximately based on vesting under the award service conditions. || Note 15. || The following table presents the detail of interest and other income (expense), net (in millions): || Note 16. || The components of income before provision for income taxes are as follows (in millions): || A reconciliation of the U.S. federal statutory income tax rates to our effective tax rate is as follows (in percentages): || Our deferred tax assets (liabilities) are as follows (in millions):","December 31, | December 31, | December 31, | December 31, | December 31, | December 31, | December 31, | December 31, | December 31, || 2022 | 2022 | 2022 | 2021 | 2021 | 2021 || Deferred tax assets: | Deferred tax assets: | Deferred tax assets: || Loss carryforwards | Loss carryforwards | Loss carryforwards | $ | 234 | $ | 2443",21,12,C:\AI_Stock_Agent\data\sec_filings\META\000132680123000013\meta-20221231.htm
META,2024,71,financial_statements_area,True,The following table reflects changes in the gross unrecognized tax benefits (in millions):,"Note 16. || The components of income before provision for income taxes are as follows (in millions): || A reconciliation of the U.S. federal statutory income tax rates to our effective tax rate is as follows (in percentages): || Our deferred tax assets (liabilities) are as follows (in millions): || The valuation allowance was approximately $ billion and $ billion as of December 31, 2022 and 2021, respectively, primarily related to U.S. state tax credit carryforwards, U.S. foreign tax credits, unrealized losses in securities and investments, and certain foreign tax attributes for which we do not believe a tax benefit is more likely than not to be realized. || As of December 31, 2022, the U.S. federal and state net operating loss carryforwards were $ million and $ billion, which will begin to expire in 2035 and 2032, respectively, if not utilized. We have federal tax credit carryforwards of $ million, which will begin to expire in 2029, if not utilized, and state tax credit carryforwards of $ billion, most of which do not expire. || Utilization of our net operating loss and tax credit carryforwards may be subject to substantial annual limitations due to the ownership change limitations provided by the Internal Revenue Code and similar state provisions. Such annual limitations could result in the expiration of the net operating loss and tax credit carryforwards before their utilization. The events that may cause ownership changes include, but are not limited to, a cumulative stock ownership change of greater than % over a period. || The following table reflects changes in the gross unrecognized tax benefits (in millions):","Year Ended December 31, | Year Ended December 31, | Year Ended December 31, | Year Ended December 31, | Year Ended December 31, | Year Ended December 31, | Year Ended December 31, | Year Ended December 31, | Year Ended December 31, | Year Ended December 31, | Year Ended December 31, | Year Ended December 31, | Year Ended December 31, | Year Ended December 31, | Year Ended December 31, || 2022 | 2022 | 2022 | 2021 | 2021 | 2021 | 2020 | 2020 | 2020 || Gross unrecognized tax benefits ‑ beginning of period | Gross unrecognized tax benefits ‑ beginning of period | Gross unrecognized tax benefits ‑ beginning of period | $ | 9807 | $ | 8692 | $ | 7863 || Increases related to prior year tax positions | Increases related to prior year tax positions | Increases related to prior year tax positions | 210 | 210 | 328 | 328 | 356 | 356",9,18,C:\AI_Stock_Agent\data\sec_filings\META\000132680123000013\meta-20221231.htm
META,2024,72,primary_financial_statements,True,have been recast:,"Note 17. || Beginning in the fourth quarter of 2021, we report our financial results for our reportable segments: Family of Apps (FoA) and Reality Labs (RL). FoA includes Facebook, Instagram, Messenger, WhatsApp, and other services. RL includes augmented and virtual reality related consumer hardware, software, and content. Our operating segments are the same as our reportable segments. || Our Chief Executive Officer is our chief operating decision maker (CODM) || , who allocates resources to and assesses the performance of each operating segment using information about the operating segment's revenue and income (loss) from operations. Our CODM does not evaluate operating segments using asset or liability information. || Revenue and costs and expenses are generally directly attributed to our segments. These costs and expenses include certain product development related operating expenses, costs associated with partnership arrangements, consumer hardware product costs, content costs, and legal-related costs. Indirect costs are allocated to segments based on a reasonable allocation methodology, when such costs are significant to the performance measures of the operating segments. Indirect cost of revenue is allocated to our segments based on usage, such as costs related to the operation of our data centers and technical infrastructure. Indirect operating expenses, such as facilities, information technology, certain shared research and development activities, recruiting, and physical security expenses, are mostly allocated based on headcount. || The following table sets forth our segment information of revenue and income (loss) from operations (in millions). For comparative purposes, || amounts for the year ended December 31, 2020 || have been recast:","Year Ended December 31, | Year Ended December 31, | Year Ended December 31, | Year Ended December 31, | Year Ended December 31, | Year Ended December 31, | Year Ended December 31, | Year Ended December 31, | Year Ended December 31, | Year Ended December 31, | Year Ended December 31, | Year Ended December 31, | Year Ended December 31, | Year Ended December 31, | Year Ended December 31, || 2022 | 2022 | 2022 | 2021 | 2021 | 2021 | 2020 | 2020 | 2020 || Revenue: | Revenue: | Revenue: || Family of Apps | Family of Apps | Family of Apps | $ | 114450 | $ | 115655 | $ | 84826",12,18,C:\AI_Stock_Agent\data\sec_filings\META\000132680123000013\meta-20221231.htm
META,2024,73,primary_financial_statements,True,"The following table sets forth our long-lived assets by geographic area, which consist of property and equipment, net and operating lease right-of-use assets (in millions):",", who allocates resources to and assesses the performance of each operating segment using information about the operating segment's revenue and income (loss) from operations. Our CODM does not evaluate operating segments using asset or liability information. || Revenue and costs and expenses are generally directly attributed to our segments. These costs and expenses include certain product development related operating expenses, costs associated with partnership arrangements, consumer hardware product costs, content costs, and legal-related costs. Indirect costs are allocated to segments based on a reasonable allocation methodology, when such costs are significant to the performance measures of the operating segments. Indirect cost of revenue is allocated to our segments based on usage, such as costs related to the operation of our data centers and technical infrastructure. Indirect operating expenses, such as facilities, information technology, certain shared research and development activities, recruiting, and physical security expenses, are mostly allocated based on headcount. || The following table sets forth our segment information of revenue and income (loss) from operations (in millions). For comparative purposes, || amounts for the year ended December 31, 2020 || have been recast: || For information regarding revenue disaggregated by geography, see || Note 2 — Revenue || The following table sets forth our long-lived assets by geographic area, which consist of property and equipment, net and operating lease right-of-use assets (in millions):","December 31, | December 31, | December 31, | December 31, | December 31, | December 31, | December 31, | December 31, | December 31, || 2022 | 2022 | 2022 | 2021 | 2021 | 2021 || United States | United States | United States | $ | 76334 | $ | 55497 || Rest of the world (1) | Rest of the world (1) | Rest of the world (1) | 15857 | 15857 | 14467 | 14467",6,12,C:\AI_Stock_Agent\data\sec_filings\META\000132680123000013\meta-20221231.htm
META,2024,74,financial_statements_area,True,1. Consolidated Financial Statements:,"Item 14. || Principal Accountant Fees and Services || The information required by this item is incorporated by reference to our Proxy Statement for the 2023 Annual Meeting of Stockholders to be filed with the SEC within 120 days of the fiscal year ended December 31, 2022. || PART IV || Item 15. || Exhibit and Financial Statement Schedules || We have filed the following documents as part of this Form 10-K: || 1. Consolidated Financial Statements:",Page | Page | Page || Reports of Independent Registered Public Accounting Firm (PCAOB ID No. 42) | Reports of Independent Registered Public Accounting Firm (PCAOB ID No. 42) | Reports of Independent Registered Public Accounting Firm (PCAOB ID No. 42) | 81 | 81 | 81 || Consolidated Balance Sheets | Consolidated Balance Sheets | Consolidated Balance Sheets | 85 | 85 | 85 || Consolidated Statements of Income | Consolidated Statements of Income | Consolidated Statements of Income | 86 | 86 | 86,9,6,C:\AI_Stock_Agent\data\sec_filings\META\000132680123000013\meta-20221231.htm
META,2024,75,financial_statements_area,True,3. Exhibits,"PART IV || Item 15. || Exhibit and Financial Statement Schedules || We have filed the following documents as part of this Form 10-K: || 1. Consolidated Financial Statements: || 2. Financial Statement Schedules || All schedules have been omitted because they are not required, not applicable, not present in amounts sufficient to require submission of the schedule, or the required information is otherwise included. || 3. Exhibits","Exhibit | Exhibit | Exhibit | Incorporated by Reference | Incorporated by Reference | Incorporated by Reference | Incorporated by Reference | Incorporated by Reference | Incorporated by Reference | Incorporated by Reference | Incorporated by Reference | Incorporated by Reference | Incorporated by Reference | Incorporated by Reference | Incorporated by Reference | Incorporated by Reference | Incorporated by Reference | Incorporated by Reference | Incorporated by Reference | Incorporated by Reference | Incorporated by Reference | Incorporated by Reference | Incorporated by Reference | Incorporated by Reference | Filed Herewith | Filed Herewith | Filed Herewith || Number | Number | Number | Exhibit Description | Exhibit Description | Exhibit Description | Form | Form | Form | File No. | File No. | File No. | Exhibit | Exhibit | Exhibit | Filing Date | Filing Date | Filing Date | Filed Herewith | Filed Herewith | Filed Herewith || 3.1 | 3.1 | 3.1 | Amended and Restated Certificate of Incorporation. | Amended and Restated Certificate of Incorporation. | Amended and Restated Certificate of Incorporation. | 8-K | 8-K | 8-K | 001-35551 | 001-35551 | 001-35551 | 3.1 | 3.1 | 3.1 | October 28, 2021 | October 28, 2021 | October 28, 2021",18,39,C:\AI_Stock_Agent\data\sec_filings\META\000132680123000013\meta-20221231.htm
META,2024,76,financial_statements_area,True,3. Exhibits,"PART IV || Item 15. || Exhibit and Financial Statement Schedules || We have filed the following documents as part of this Form 10-K: || 1. Consolidated Financial Statements: || 2. Financial Statement Schedules || All schedules have been omitted because they are not required, not applicable, not present in amounts sufficient to require submission of the schedule, or the required information is otherwise included. || 3. Exhibits","Exhibit | Exhibit | Exhibit | Incorporated by Reference | Incorporated by Reference | Incorporated by Reference | Incorporated by Reference | Incorporated by Reference | Incorporated by Reference | Incorporated by Reference | Incorporated by Reference | Incorporated by Reference | Incorporated by Reference | Incorporated by Reference | Incorporated by Reference | Incorporated by Reference | Incorporated by Reference | Incorporated by Reference | Incorporated by Reference | Incorporated by Reference | Incorporated by Reference | Incorporated by Reference | Incorporated by Reference | Incorporated by Reference | Filed Herewith | Filed Herewith | Filed Herewith || Number | Number | Number | Exhibit Description | Exhibit Description | Exhibit Description | Form | Form | Form | File No. | File No. | File No. | Exhibit | Exhibit | Exhibit | Filing Date | Filing Date | Filing Date | Filed Herewith | Filed Herewith | Filed Herewith || 10.2(F)+ | 10.2(F)+ | 10.2(F)+ | 2012 Equity Incentive Plan forms of award agreements (Additional Forms). | 2012 Equity Incentive Plan forms of award agreements (Additional Forms). | 2012 Equity Incentive Plan forms of award agreements (Additional Forms). | 10-Q | 10-Q | 10-Q | 001-35551 | 001-35551 | 001-35551 | 10.2 | 10.2 | 10.2 | April 26, 2018 | April 26, 2018 | April 26, 2018",26,39,C:\AI_Stock_Agent\data\sec_filings\META\000132680123000013\meta-20221231.htm
META,2024,77,financial_statements_area,True,3. Exhibits,"PART IV || Item 15. || Exhibit and Financial Statement Schedules || We have filed the following documents as part of this Form 10-K: || 1. Consolidated Financial Statements: || 2. Financial Statement Schedules || All schedules have been omitted because they are not required, not applicable, not present in amounts sufficient to require submission of the schedule, or the required information is otherwise included. || 3. Exhibits","Exhibit | Exhibit | Exhibit | Incorporated by Reference | Incorporated by Reference | Incorporated by Reference | Incorporated by Reference | Incorporated by Reference | Incorporated by Reference | Incorporated by Reference | Incorporated by Reference | Incorporated by Reference | Incorporated by Reference | Incorporated by Reference | Incorporated by Reference | Incorporated by Reference | Incorporated by Reference | Incorporated by Reference | Incorporated by Reference | Incorporated by Reference | Incorporated by Reference | Incorporated by Reference | Incorporated by Reference | Incorporated by Reference | Filed Herewith | Filed Herewith | Filed Herewith || Number | Number | Number | Exhibit Description | Exhibit Description | Exhibit Description | Form | Form | Form | File No. | File No. | File No. | Exhibit | Exhibit | Exhibit | Filing Date | Filing Date | Filing Date | Filed Herewith | Filed Herewith | Filed Herewith || 32.2# | 32.2# | 32.2# | Certification of Susan Li, Chief Financial Officer, pursuant to 18 U.S.C. Section 1350, as adopted pursuant to Section 906 of the Sarbanes-Oxley Act of 2002. | Certification of Susan Li, Chief Financial Officer, pursuant to 18 U.S.C. Section 1350, as adopted pursuant to Section 906 of the Sarbanes-Oxley Act of 2002. | Certification of Susan Li, Chief Financial Officer, pursuant to 18 U.S.C. Section 1350, as adopted pursuant to Section 906 of the Sarbanes-Oxley Act of 2002. | X | X | X",12,39,C:\AI_Stock_Agent\data\sec_filings\META\000132680123000013\meta-20221231.htm
META,2024,78,financial_statements_area,True,"Pursuant to the requirements of Section 13 or 15(d) of the Securities Exchange Act of 1934, the Registrant has duly caused this Annual Report on Form 10-K to be signed on its behalf by the undersigned, thereunto duly authorized, in the City of Menlo Park, State of California, on this 1st day of February 2023.","3. Exhibits || + Indicates a management contract or compensatory plan. || # This certification is deemed not filed for purposes of Section 18 of the Securities Exchange Act of 1934, as amended (Exchange Act), or otherwise subject to the liability of that section, nor shall it be deemed incorporated by reference into any filing under the Securities Act of 1933, as amended, or the Exchange Act. || Item 16. || Form 10-K Summary || None. || SIGNATURES || Pursuant to the requirements of Section 13 or 15(d) of the Securities Exchange Act of 1934, the Registrant has duly caused this Annual Report on Form 10-K to be signed on its behalf by the undersigned, thereunto duly authorized, in the City of Menlo Park, State of California, on this 1st day of February 2023.","META PLATFORMS, INC. | META PLATFORMS, INC. | META PLATFORMS, INC. || Date: | Date: | Date: | February 1, 2023 | February 1, 2023 | February 1, 2023 | /s/ Susan Li | /s/ Susan Li | /s/ Susan Li || Susan Li | Susan Li | Susan Li",7,12,C:\AI_Stock_Agent\data\sec_filings\META\000132680123000013\meta-20221231.htm
META,2024,79,financial_statements_area,True,"Pursuant to the requirements of the Securities Exchange Act of 1934, this Annual Report on Form 10-K has been signed by the following persons on behalf of the Registrant and in the capacities and on the dates indicated:","Item 16. || Form 10-K Summary || None. || SIGNATURES || Pursuant to the requirements of Section 13 or 15(d) of the Securities Exchange Act of 1934, the Registrant has duly caused this Annual Report on Form 10-K to be signed on its behalf by the undersigned, thereunto duly authorized, in the City of Menlo Park, State of California, on this 1st day of February 2023. || POWER OF ATTORNEY || KNOW ALL PERSONS BY THESE PRESENTS, that each person whose signature appears below constitutes and appoints Susan Li and Katherine R. Kelly, and each of them, as his or her true and lawful attorneys-in-fact and agents, with full power of substitution and resubstitution, for him or her and in his or her name, place and stead, in any and all capacities, to sign any and all amendments to this Annual Report on Form 10-K, and to file the same, with all exhibits thereto, and other documents in connection therewith, with the Securities and Exchange Commission, granting unto said attorneys-in-fact and agents, and each of them, full power and authority to do and perform each and every act and thing requisite and necessary to be done in connection therewith, as fully to all intents and purposes as he or she might or could do in person, hereby ratifying and confirming that all said attorneys-in-fact and agents, or any of them or their or his or her substitute or substitutes, may lawfully do or cause to be done by virtue hereof. || Pursuant to the requirements of the Securities Exchange Act of 1934, this Annual Report on Form 10-K has been signed by the following persons on behalf of the Registrant and in the capacities and on the dates indicated:","Signature | Signature | Signature | Title | Title | Title | Date | Date | Date || /s/ Mark Zuckerberg | /s/ Mark Zuckerberg | /s/ Mark Zuckerberg | Chairman and Chief Executive Officer(Principal Executive Officer) | Chairman and Chief Executive Officer(Principal Executive Officer) | Chairman and Chief Executive Officer(Principal Executive Officer) | February 1, 2023 | February 1, 2023 | February 1, 2023 || Mark Zuckerberg | Mark Zuckerberg | Mark Zuckerberg | Chairman and Chief Executive Officer(Principal Executive Officer) | Chairman and Chief Executive Officer(Principal Executive Officer) | Chairman and Chief Executive Officer(Principal Executive Officer)",35,15,C:\AI_Stock_Agent\data\sec_filings\META\000132680123000013\meta-20221231.htm
