ticker,form,report_date,filing_date,accession_number,locked_package_exists,manifest_exists,primary_document,detected_format,selected_entry_point,standalone_instance_candidate_count,warehouse_runs_count,latest_run_status,recorded_counts_match_physical,valid_nonzero_warehouse_load,category,evidence
AMZN,10-K,2020-12-31,2021-02-03,0001018724-21-000004,True,True,amzn-20201231.htm,INLINE_XBRL,C:\AI_Stock_Agent\data\sec_filings_locked\AMZN\000101872421000004\amzn-20201231.htm,,1,PASS,True,True,VALID_INLINE_XBRL,"status=PASS, physical counts non-zero and internally consistent, recorded counts match physical: {'xbrl_facts': 1404, 'xbrl_contexts': 311, 'xbrl_units': 7, 'xbrl_concepts': 1277, 'xbrl_labels': 1662, 'xbrl_presentation_relationships': 913, 'xbrl_calculation_relationships': 280, 'xbrl_definition_relationships': 1048, 'xbrl_roles': 147}"
AMZN,10-Q,2021-03-31,2021-04-30,0001018724-21-000010,True,True,amzn-20210331.htm,INLINE_XBRL,C:\AI_Stock_Agent\data\sec_filings_locked\AMZN\000101872421000010\amzn-20210331.htm,,1,PASS,True,True,VALID_INLINE_XBRL,"status=PASS, physical counts non-zero and internally consistent, recorded counts match physical: {'xbrl_facts': 773, 'xbrl_contexts': 142, 'xbrl_units': 7, 'xbrl_concepts': 1031, 'xbrl_labels': 1115, 'xbrl_presentation_relationships': 544, 'xbrl_calculation_relationships': 237, 'xbrl_definition_relationships': 791, 'xbrl_roles': 85}"
AMZN,10-Q,2021-06-30,2021-07-30,0001018724-21-000020,True,True,amzn-20210630.htm,INLINE_XBRL,C:\AI_Stock_Agent\data\sec_filings_locked\AMZN\000101872421000020\amzn-20210630.htm,,1,PASS,True,True,VALID_INLINE_XBRL,"status=PASS, physical counts non-zero and internally consistent, recorded counts match physical: {'xbrl_facts': 1066, 'xbrl_contexts': 204, 'xbrl_units': 7, 'xbrl_concepts': 1059, 'xbrl_labels': 1169, 'xbrl_presentation_relationships': 566, 'xbrl_calculation_relationships': 237, 'xbrl_definition_relationships': 818, 'xbrl_roles': 88}"
AMZN,10-Q,2021-09-30,2021-10-29,0001018724-21-000028,True,True,amzn-20210930.htm,INLINE_XBRL,C:\AI_Stock_Agent\data\sec_filings_locked\AMZN\000101872421000028\amzn-20210930.htm,,1,PASS,True,True,VALID_INLINE_XBRL,"status=PASS, physical counts non-zero and internally consistent, recorded counts match physical: {'xbrl_facts': 1055, 'xbrl_contexts': 203, 'xbrl_units': 7, 'xbrl_concepts': 1051, 'xbrl_labels': 1153, 'xbrl_presentation_relationships': 562, 'xbrl_calculation_relationships': 237, 'xbrl_definition_relationships': 814, 'xbrl_roles': 85}"
AMZN,10-K,2021-12-31,2022-02-04,0001018724-22-000005,True,True,amzn-20211231.htm,INLINE_XBRL,C:\AI_Stock_Agent\data\sec_filings_locked\AMZN\000101872422000005\amzn-20211231.htm,,1,PASS,True,True,VALID_INLINE_XBRL,"status=PASS, physical counts non-zero and internally consistent, recorded counts match physical: {'xbrl_facts': 1394, 'xbrl_contexts': 320, 'xbrl_units': 7, 'xbrl_concepts': 1305, 'xbrl_labels': 1724, 'xbrl_presentation_relationships': 941, 'xbrl_calculation_relationships': 284, 'xbrl_definition_relationships': 1089, 'xbrl_roles': 147}"
AMZN,10-Q,2022-03-31,2022-04-29,0001018724-22-000013,True,True,amzn-20220331.htm,INLINE_XBRL,C:\AI_Stock_Agent\data\sec_filings_locked\AMZN\000101872422000013\amzn-20220331.htm,,1,PASS,True,True,VALID_INLINE_XBRL,"status=PASS, physical counts non-zero and internally consistent, recorded counts match physical: {'xbrl_facts': 831, 'xbrl_contexts': 166, 'xbrl_units': 7, 'xbrl_concepts': 1079, 'xbrl_labels': 1222, 'xbrl_presentation_relationships': 608, 'xbrl_calculation_relationships': 234, 'xbrl_definition_relationships': 862, 'xbrl_roles': 90}"
AMZN,10-Q,2022-06-30,2022-07-29,0001018724-22-000019,True,True,amzn-20220630.htm,INLINE_XBRL,C:\AI_Stock_Agent\data\sec_filings_locked\AMZN\000101872422000019\amzn-20220630.htm,,1,PASS,True,True,VALID_INLINE_XBRL,"status=PASS, physical counts non-zero and internally consistent, recorded counts match physical: {'xbrl_facts': 1129, 'xbrl_contexts': 241, 'xbrl_units': 7, 'xbrl_concepts': 1078, 'xbrl_labels': 1253, 'xbrl_presentation_relationships': 630, 'xbrl_calculation_relationships': 234, 'xbrl_definition_relationships': 868, 'xbrl_roles': 93}"
AMZN,10-Q,2022-09-30,2022-10-28,0001018724-22-000023,True,True,amzn-20220930.htm,INLINE_XBRL,C:\AI_Stock_Agent\data\sec_filings_locked\AMZN\000101872422000023\amzn-20220930.htm,,1,PASS,True,True,VALID_INLINE_XBRL,"status=PASS, physical counts non-zero and internally consistent, recorded counts match physical: {'xbrl_facts': 1136, 'xbrl_contexts': 241, 'xbrl_units': 7, 'xbrl_concepts': 1076, 'xbrl_labels': 1251, 'xbrl_presentation_relationships': 628, 'xbrl_calculation_relationships': 238, 'xbrl_definition_relationships': 865, 'xbrl_roles': 93}"
AMZN,10-K,2022-12-31,2023-02-03,0001018724-23-000004,True,True,amzn-20221231.htm,INLINE_XBRL,C:\AI_Stock_Agent\data\sec_filings_locked\AMZN\000101872423000004\amzn-20221231.htm,,1,PASS,True,True,VALID_INLINE_XBRL,"status=PASS, physical counts non-zero and internally consistent, recorded counts match physical: {'xbrl_facts': 1457, 'xbrl_contexts': 339, 'xbrl_units': 7, 'xbrl_concepts': 1319, 'xbrl_labels': 1789, 'xbrl_presentation_relationships': 974, 'xbrl_calculation_relationships': 299, 'xbrl_definition_relationships': 1100, 'xbrl_roles': 151}"
AMZN,10-Q,2023-03-31,2023-04-28,0001018724-23-000008,True,True,amzn-20230331.htm,INLINE_XBRL,C:\AI_Stock_Agent\data\sec_filings_locked\AMZN\000101872423000008\amzn-20230331.htm,,1,PASS,True,True,VALID_INLINE_XBRL,"status=PASS, physical counts non-zero and internally consistent, recorded counts match physical: {'xbrl_facts': 863, 'xbrl_contexts': 179, 'xbrl_units': 7, 'xbrl_concepts': 1074, 'xbrl_labels': 1244, 'xbrl_presentation_relationships': 616, 'xbrl_calculation_relationships': 233, 'xbrl_definition_relationships': 850, 'xbrl_roles': 93}"
AMZN,10-Q,2023-06-30,2023-08-04,0001018724-23-000012,True,True,amzn-20230630.htm,INLINE_XBRL,C:\AI_Stock_Agent\data\sec_filings_locked\AMZN\000101872423000012\amzn-20230630.htm,,1,PASS,True,True,VALID_INLINE_XBRL,"status=PASS, physical counts non-zero and internally consistent, recorded counts match physical: {'xbrl_facts': 1156, 'xbrl_contexts': 244, 'xbrl_units': 7, 'xbrl_concepts': 1274, 'xbrl_labels': 1432, 'xbrl_presentation_relationships': 716, 'xbrl_calculation_relationships': 237, 'xbrl_definition_relationships': 1070, 'xbrl_roles': 117}"
AMZN,10-Q,2023-09-30,2023-10-27,0001018724-23-000018,True,True,amzn-20230930.htm,INLINE_XBRL,C:\AI_Stock_Agent\data\sec_filings_locked\AMZN\000101872423000018\amzn-20230930.htm,,1,PASS,True,True,VALID_INLINE_XBRL,"status=PASS, physical counts non-zero and internally consistent, recorded counts match physical: {'xbrl_facts': 1138, 'xbrl_contexts': 237, 'xbrl_units': 7, 'xbrl_concepts': 1157, 'xbrl_labels': 1242, 'xbrl_presentation_relationships': 604, 'xbrl_calculation_relationships': 237, 'xbrl_definition_relationships': 929, 'xbrl_roles': 89}"
AMZN,10-K,2023-12-31,2024-02-02,0001018724-24-000008,True,True,amzn-20231231.htm,INLINE_XBRL,C:\AI_Stock_Agent\data\sec_filings_locked\AMZN\000101872424000008\amzn-20231231.htm,,1,PASS,True,True,VALID_INLINE_XBRL,"status=PASS, physical counts non-zero and internally consistent, recorded counts match physical: {'xbrl_facts': 1502, 'xbrl_contexts': 362, 'xbrl_units': 7, 'xbrl_concepts': 1525, 'xbrl_labels': 1991, 'xbrl_presentation_relationships': 1076, 'xbrl_calculation_relationships': 281, 'xbrl_definition_relationships': 1319, 'xbrl_roles': 175}"
AMZN,10-Q,2024-03-31,2024-05-01,0001018724-24-000083,True,True,amzn-20240331.htm,INLINE_XBRL,C:\AI_Stock_Agent\data\sec_filings_locked\AMZN\000101872424000083\amzn-20240331.htm,,1,PASS,True,True,VALID_INLINE_XBRL,"status=PASS, physical counts non-zero and internally consistent, recorded counts match physical: {'xbrl_facts': 884, 'xbrl_contexts': 181, 'xbrl_units': 7, 'xbrl_concepts': 1265, 'xbrl_labels': 1410, 'xbrl_presentation_relationships': 708, 'xbrl_calculation_relationships': 239, 'xbrl_definition_relationships': 1062, 'xbrl_roles': 114}"
AMZN,10-Q,2024-06-30,2024-08-02,0001018724-24-000130,True,True,amzn-20240630.htm,INLINE_XBRL,C:\AI_Stock_Agent\data\sec_filings_locked\AMZN\000101872424000130\amzn-20240630.htm,,1,PASS,True,True,VALID_INLINE_XBRL,"status=PASS, physical counts non-zero and internally consistent, recorded counts match physical: {'xbrl_facts': 1165, 'xbrl_contexts': 244, 'xbrl_units': 7, 'xbrl_concepts': 1407, 'xbrl_labels': 1406, 'xbrl_presentation_relationships': 702, 'xbrl_calculation_relationships': 238, 'xbrl_definition_relationships': 1199, 'xbrl_roles': 111}"
AMZN,10-Q,2024-09-30,2024-11-01,0001018724-24-000161,True,True,amzn-20240930.htm,INLINE_XBRL,C:\AI_Stock_Agent\data\sec_filings_locked\AMZN\000101872424000161\amzn-20240930.htm,,1,PASS,True,True,VALID_INLINE_XBRL,"status=PASS, physical counts non-zero and internally consistent, recorded counts match physical: {'xbrl_facts': 1139, 'xbrl_contexts': 238, 'xbrl_units': 7, 'xbrl_concepts': 1417, 'xbrl_labels': 1425, 'xbrl_presentation_relationships': 716, 'xbrl_calculation_relationships': 221, 'xbrl_definition_relationships': 1291, 'xbrl_roles': 114}"
AMZN,10-K,2024-12-31,2025-02-07,0001018724-25-000004,True,True,amzn-20241231.htm,INLINE_XBRL,C:\AI_Stock_Agent\data\sec_filings_locked\AMZN\000101872425000004\amzn-20241231.htm,,1,PASS,True,True,VALID_INLINE_XBRL,"status=PASS, physical counts non-zero and internally consistent, recorded counts match physical: {'xbrl_facts': 1499, 'xbrl_contexts': 357, 'xbrl_units': 7, 'xbrl_concepts': 1679, 'xbrl_labels': 1987, 'xbrl_presentation_relationships': 1087, 'xbrl_calculation_relationships': 268, 'xbrl_definition_relationships': 1549, 'xbrl_roles': 177}"
AMZN,10-Q,2025-03-31,2025-05-02,0001018724-25-000036,True,True,amzn-20250331.htm,INLINE_XBRL,C:\AI_Stock_Agent\data\sec_filings_locked\AMZN\000101872425000036\amzn-20250331.htm,,1,PASS,True,True,VALID_INLINE_XBRL,"status=PASS, physical counts non-zero and internally consistent, recorded counts match physical: {'xbrl_facts': 915, 'xbrl_contexts': 193, 'xbrl_units': 7, 'xbrl_concepts': 1419, 'xbrl_labels': 1425, 'xbrl_presentation_relationships': 743, 'xbrl_calculation_relationships': 226, 'xbrl_definition_relationships': 1314, 'xbrl_roles': 121}"
AMZN,10-Q,2025-06-30,2025-08-01,0001018724-25-000086,True,True,amzn-20250630.htm,INLINE_XBRL,C:\AI_Stock_Agent\data\sec_filings_locked\AMZN\000101872425000086\amzn-20250630.htm,,1,PASS,True,True,VALID_INLINE_XBRL,"status=PASS, physical counts non-zero and internally consistent, recorded counts match physical: {'xbrl_facts': 1201, 'xbrl_contexts': 259, 'xbrl_units': 7, 'xbrl_concepts': 1437, 'xbrl_labels': 1398, 'xbrl_presentation_relationships': 730, 'xbrl_calculation_relationships': 210, 'xbrl_definition_relationships': 1338, 'xbrl_roles': 118}"
AMZN,10-Q,2025-09-30,2025-10-31,0001018724-25-000123,True,True,amzn-20250930.htm,INLINE_XBRL,C:\AI_Stock_Agent\data\sec_filings_locked\AMZN\000101872425000123\amzn-20250930.htm,,1,PASS,True,True,VALID_INLINE_XBRL,"status=PASS, physical counts non-zero and internally consistent, recorded counts match physical: {'xbrl_facts': 1205, 'xbrl_contexts': 266, 'xbrl_units': 8, 'xbrl_concepts': 1455, 'xbrl_labels': 1450, 'xbrl_presentation_relationships': 758, 'xbrl_calculation_relationships': 220, 'xbrl_definition_relationships': 1373, 'xbrl_roles': 121}"
AMZN,10-K,2025-12-31,2026-02-06,0001018724-26-000004,True,True,amzn-20251231.htm,INLINE_XBRL,C:\AI_Stock_Agent\data\sec_filings_locked\AMZN\000101872426000004\amzn-20251231.htm,,1,PASS,True,True,VALID_INLINE_XBRL,"status=PASS, physical counts non-zero and internally consistent, recorded counts match physical: {'xbrl_facts': 1637, 'xbrl_contexts': 373, 'xbrl_units': 10, 'xbrl_concepts': 1746, 'xbrl_labels': 2060, 'xbrl_presentation_relationships': 1156, 'xbrl_calculation_relationships': 305, 'xbrl_definition_relationships': 1619, 'xbrl_roles': 182}"
CRWD,10-K,2021-01-31,2021-03-18,0001535527-21-000007,True,True,crwd-20210131.htm,INLINE_XBRL,C:\AI_Stock_Agent\data\sec_filings_locked\CRWD\000153552721000007\crwd-20210131.htm,,1,PASS,True,True,VALID_INLINE_XBRL,"status=PASS, physical counts non-zero and internally consistent, recorded counts match physical: {'xbrl_facts': 1426, 'xbrl_contexts': 344, 'xbrl_units': 11, 'xbrl_concepts': 1333, 'xbrl_labels': 1781, 'xbrl_presentation_relationships': 1051, 'xbrl_calculation_relationships': 189, 'xbrl_definition_relationships': 1346, 'xbrl_roles': 149}"
CRWD,10-Q,2021-04-30,2021-06-04,0001535527-21-000013,True,True,crwd-20210430.htm,INLINE_XBRL,C:\AI_Stock_Agent\data\sec_filings_locked\CRWD\000153552721000013\crwd-20210430.htm,,1,PASS,True,True,VALID_INLINE_XBRL,"status=PASS, physical counts non-zero and internally consistent, recorded counts match physical: {'xbrl_facts': 853, 'xbrl_contexts': 212, 'xbrl_units': 10, 'xbrl_concepts': 1097, 'xbrl_labels': 1265, 'xbrl_presentation_relationships': 673, 'xbrl_calculation_relationships': 133, 'xbrl_definition_relationships': 1036, 'xbrl_roles': 105}"
CRWD,10-Q,2021-07-31,2021-09-01,0001535527-21-000022,True,True,crwd-20210731.htm,INLINE_XBRL,C:\AI_Stock_Agent\data\sec_filings_locked\CRWD\000153552721000022\crwd-20210731.htm,,1,PASS,True,True,VALID_INLINE_XBRL,"status=PASS, physical counts non-zero and internally consistent, recorded counts match physical: {'xbrl_facts': 1140, 'xbrl_contexts': 283, 'xbrl_units': 10, 'xbrl_concepts': 1114, 'xbrl_labels': 1302, 'xbrl_presentation_relationships': 690, 'xbrl_calculation_relationships': 135, 'xbrl_definition_relationships': 1056, 'xbrl_roles': 109}"
CRWD,10-Q,2021-10-31,2021-12-02,0001535527-21-000028,True,True,crwd-20211031.htm,INLINE_XBRL,C:\AI_Stock_Agent\data\sec_filings_locked\CRWD\000153552721000028\crwd-20211031.htm,,1,PASS,True,True,VALID_INLINE_XBRL,"status=PASS, physical counts non-zero and internally consistent, recorded counts match physical: {'xbrl_facts': 1177, 'xbrl_contexts': 290, 'xbrl_units': 9, 'xbrl_concepts': 1147, 'xbrl_labels': 1384, 'xbrl_presentation_relationships': 729, 'xbrl_calculation_relationships': 143, 'xbrl_definition_relationships': 1080, 'xbrl_roles': 113}"
CRWD,10-K,2022-01-31,2022-03-16,0001535527-22-000006,True,True,crwd-20220131.htm,INLINE_XBRL,C:\AI_Stock_Agent\data\sec_filings_locked\CRWD\000153552722000006\crwd-20220131.htm,,1,PASS,True,True,VALID_INLINE_XBRL,"status=PASS, physical counts non-zero and internally consistent, recorded counts match physical: {'xbrl_facts': 1414, 'xbrl_contexts': 323, 'xbrl_units': 12, 'xbrl_concepts': 1317, 'xbrl_labels': 1735, 'xbrl_presentation_relationships': 984, 'xbrl_calculation_relationships': 186, 'xbrl_definition_relationships': 1258, 'xbrl_roles': 140}"
CRWD,10-Q,2022-04-30,2022-06-03,0001535527-22-000012,True,True,crwd-20220430.htm,INLINE_XBRL,C:\AI_Stock_Agent\data\sec_filings_locked\CRWD\000153552722000012\crwd-20220430.htm,,1,PASS,True,True,VALID_INLINE_XBRL,"status=PASS, physical counts non-zero and internally consistent, recorded counts match physical: {'xbrl_facts': 813, 'xbrl_contexts': 225, 'xbrl_units': 9, 'xbrl_concepts': 1077, 'xbrl_labels': 1235, 'xbrl_presentation_relationships': 647, 'xbrl_calculation_relationships': 114, 'xbrl_definition_relationships': 999, 'xbrl_roles': 90}"
CRWD,10-Q,2022-07-31,2022-08-31,0001535527-22-000018,True,True,crwd-20220731.htm,INLINE_XBRL,C:\AI_Stock_Agent\data\sec_filings_locked\CRWD\000153552722000018\crwd-20220731.htm,,1,PASS,True,True,VALID_INLINE_XBRL,"status=PASS, physical counts non-zero and internally consistent, recorded counts match physical: {'xbrl_facts': 1050, 'xbrl_contexts': 275, 'xbrl_units': 10, 'xbrl_concepts': 1073, 'xbrl_labels': 1235, 'xbrl_presentation_relationships': 651, 'xbrl_calculation_relationships': 114, 'xbrl_definition_relationships': 992, 'xbrl_roles': 90}"
CRWD,10-Q,2022-10-31,2022-11-30,0001535527-22-000025,True,True,crwd-20221031.htm,INLINE_XBRL,C:\AI_Stock_Agent\data\sec_filings_locked\CRWD\000153552722000025\crwd-20221031.htm,,1,PASS,True,True,VALID_INLINE_XBRL,"status=PASS, physical counts non-zero and internally consistent, recorded counts match physical: {'xbrl_facts': 1084, 'xbrl_contexts': 285, 'xbrl_units': 10, 'xbrl_concepts': 1081, 'xbrl_labels': 1253, 'xbrl_presentation_relationships': 668, 'xbrl_calculation_relationships': 116, 'xbrl_definition_relationships': 1011, 'xbrl_roles': 91}"
CRWD,10-K,2023-01-31,2023-03-09,0001535527-23-000008,True,True,crwd-20230131.htm,INLINE_XBRL,C:\AI_Stock_Agent\data\sec_filings_locked\CRWD\000153552723000008\crwd-20230131.htm,,1,PASS,True,True,VALID_INLINE_XBRL,"status=PASS, physical counts non-zero and internally consistent, recorded counts match physical: {'xbrl_facts': 1313, 'xbrl_contexts': 295, 'xbrl_units': 12, 'xbrl_concepts': 1248, 'xbrl_labels': 1613, 'xbrl_presentation_relationships': 885, 'xbrl_calculation_relationships': 173, 'xbrl_definition_relationships': 1128, 'xbrl_roles': 124}"
CRWD,10-Q,2023-04-30,2023-06-01,0001535527-23-000014,True,True,crwd-20230430.htm,INLINE_XBRL,C:\AI_Stock_Agent\data\sec_filings_locked\CRWD\000153552723000014\crwd-20230430.htm,,1,PASS,True,True,VALID_INLINE_XBRL,"status=PASS, physical counts non-zero and internally consistent, recorded counts match physical: {'xbrl_facts': 786, 'xbrl_contexts': 211, 'xbrl_units': 11, 'xbrl_concepts': 1053, 'xbrl_labels': 1188, 'xbrl_presentation_relationships': 616, 'xbrl_calculation_relationships': 113, 'xbrl_definition_relationships': 962, 'xbrl_roles': 84}"
CRWD,10-Q,2023-07-31,2023-08-31,0001535527-23-000020,True,True,crwd-20230731.htm,INLINE_XBRL,C:\AI_Stock_Agent\data\sec_filings_locked\CRWD\000153552723000020\crwd-20230731.htm,,1,PASS,True,True,VALID_INLINE_XBRL,"status=PASS, physical counts non-zero and internally consistent, recorded counts match physical: {'xbrl_facts': 1052, 'xbrl_contexts': 275, 'xbrl_units': 11, 'xbrl_concepts': 1253, 'xbrl_labels': 1370, 'xbrl_presentation_relationships': 721, 'xbrl_calculation_relationships': 114, 'xbrl_definition_relationships': 1183, 'xbrl_roles': 109}"
CRWD,10-Q,2023-10-31,2023-11-29,0001535527-23-000026,True,True,crwd-20231031.htm,INLINE_XBRL,C:\AI_Stock_Agent\data\sec_filings_locked\CRWD\000153552723000026\crwd-20231031.htm,,1,PASS,True,True,VALID_INLINE_XBRL,"status=PASS, physical counts non-zero and internally consistent, recorded counts match physical: {'xbrl_facts': 1077, 'xbrl_contexts': 274, 'xbrl_units': 11, 'xbrl_concepts': 1267, 'xbrl_labels': 1404, 'xbrl_presentation_relationships': 750, 'xbrl_calculation_relationships': 119, 'xbrl_definition_relationships': 1208, 'xbrl_roles': 113}"
CRWD,10-K,2024-01-31,2024-03-07,0001535527-24-000007,True,True,crwd-20240131.htm,INLINE_XBRL,C:\AI_Stock_Agent\data\sec_filings_locked\CRWD\000153552724000007\crwd-20240131.htm,,1,PASS,True,True,VALID_INLINE_XBRL,"status=PASS, physical counts non-zero and internally consistent, recorded counts match physical: {'xbrl_facts': 1324, 'xbrl_contexts': 294, 'xbrl_units': 12, 'xbrl_concepts': 1435, 'xbrl_labels': 1765, 'xbrl_presentation_relationships': 977, 'xbrl_calculation_relationships': 171, 'xbrl_definition_relationships': 1332, 'xbrl_roles': 145}"
CRWD,10-Q,2024-04-30,2024-06-05,0001535527-24-000013,True,True,crwd-20240430.htm,INLINE_XBRL,C:\AI_Stock_Agent\data\sec_filings_locked\CRWD\000153552724000013\crwd-20240430.htm,,1,PASS,True,True,VALID_INLINE_XBRL,"status=PASS, physical counts non-zero and internally consistent, recorded counts match physical: {'xbrl_facts': 848, 'xbrl_contexts': 224, 'xbrl_units': 11, 'xbrl_concepts': 1147, 'xbrl_labels': 1206, 'xbrl_presentation_relationships': 639, 'xbrl_calculation_relationships': 120, 'xbrl_definition_relationships': 1059, 'xbrl_roles': 91}"
CRWD,10-Q,2024-07-31,2024-08-29,0001535527-24-000020,True,True,crwd-20240731.htm,INLINE_XBRL,C:\AI_Stock_Agent\data\sec_filings_locked\CRWD\000153552724000020\crwd-20240731.htm,,1,PASS,True,True,VALID_INLINE_XBRL,"status=PASS, physical counts non-zero and internally consistent, recorded counts match physical: {'xbrl_facts': 1108, 'xbrl_contexts': 276, 'xbrl_units': 10, 'xbrl_concepts': 1427, 'xbrl_labels': 1461, 'xbrl_presentation_relationships': 777, 'xbrl_calculation_relationships': 124, 'xbrl_definition_relationships': 1368, 'xbrl_roles': 117}"
CRWD,10-Q,2024-10-31,2024-11-27,0001535527-24-000026,True,True,crwd-20241031.htm,INLINE_XBRL,C:\AI_Stock_Agent\data\sec_filings_locked\CRWD\000153552724000026\crwd-20241031.htm,,1,PASS,True,True,VALID_INLINE_XBRL,"status=PASS, physical counts non-zero and internally consistent, recorded counts match physical: {'xbrl_facts': 1119, 'xbrl_contexts': 286, 'xbrl_units': 11, 'xbrl_concepts': 1322, 'xbrl_labels': 1296, 'xbrl_presentation_relationships': 684, 'xbrl_calculation_relationships': 126, 'xbrl_definition_relationships': 1251, 'xbrl_roles': 96}"
CRWD,10-K,2025-01-31,2025-03-10,0001535527-25-000009,True,True,crwd-20250131.htm,INLINE_XBRL,C:\AI_Stock_Agent\data\sec_filings_locked\CRWD\000153552725000009\crwd-20250131.htm,,1,PASS,True,True,VALID_INLINE_XBRL,"status=PASS, physical counts non-zero and internally consistent, recorded counts match physical: {'xbrl_facts': 1386, 'xbrl_contexts': 296, 'xbrl_units': 11, 'xbrl_concepts': 1632, 'xbrl_labels': 1877, 'xbrl_presentation_relationships': 1029, 'xbrl_calculation_relationships': 178, 'xbrl_definition_relationships': 1509, 'xbrl_roles': 157}"
CRWD,10-Q,2025-04-30,2025-06-04,0001535527-25-000019,True,True,crwd-20250430.htm,INLINE_XBRL,C:\AI_Stock_Agent\data\sec_filings_locked\CRWD\000153552725000019\crwd-20250430.htm,,1,PASS,True,True,VALID_INLINE_XBRL,"status=PASS, physical counts non-zero and internally consistent, recorded counts match physical: {'xbrl_facts': 903, 'xbrl_contexts': 266, 'xbrl_units': 11, 'xbrl_concepts': 1467, 'xbrl_labels': 1542, 'xbrl_presentation_relationships': 811, 'xbrl_calculation_relationships': 123, 'xbrl_definition_relationships': 1372, 'xbrl_roles': 130}"
CRWD,10-Q,2025-07-31,2025-08-28,0001535527-25-000025,True,True,crwd-20250731.htm,INLINE_XBRL,C:\AI_Stock_Agent\data\sec_filings_locked\CRWD\000153552725000025\crwd-20250731.htm,,1,PASS,True,True,VALID_INLINE_XBRL,"status=PASS, physical counts non-zero and internally consistent, recorded counts match physical: {'xbrl_facts': 1239, 'xbrl_contexts': 335, 'xbrl_units': 12, 'xbrl_concepts': 1532, 'xbrl_labels': 1617, 'xbrl_presentation_relationships': 855, 'xbrl_calculation_relationships': 129, 'xbrl_definition_relationships': 1446, 'xbrl_roles': 143}"
CRWD,10-Q,2025-10-31,2025-12-03,0001535527-25-000033,True,True,crwd-20251031.htm,INLINE_XBRL,C:\AI_Stock_Agent\data\sec_filings_locked\CRWD\000153552725000033\crwd-20251031.htm,,1,PASS,True,True,VALID_INLINE_XBRL,"status=PASS, physical counts non-zero and internally consistent, recorded counts match physical: {'xbrl_facts': 1250, 'xbrl_contexts': 334, 'xbrl_units': 12, 'xbrl_concepts': 1533, 'xbrl_labels': 1624, 'xbrl_presentation_relationships': 856, 'xbrl_calculation_relationships': 132, 'xbrl_definition_relationships': 1441, 'xbrl_roles': 139}"
CRWD,10-K,2026-01-31,2026-03-05,0001535527-26-000010,True,True,crwd-20260131.htm,INLINE_XBRL,C:\AI_Stock_Agent\data\sec_filings_locked\CRWD\000153552726000010\crwd-20260131.htm,,1,PASS,True,True,VALID_INLINE_XBRL,"status=PASS, physical counts non-zero and internally consistent, recorded counts match physical: {'xbrl_facts': 1628, 'xbrl_contexts': 348, 'xbrl_units': 12, 'xbrl_concepts': 1756, 'xbrl_labels': 2078, 'xbrl_presentation_relationships': 1192, 'xbrl_calculation_relationships': 209, 'xbrl_definition_relationships': 1731, 'xbrl_roles': 179}"
GOOGL,10-K,2020-12-31,2021-02-03,0001652044-21-000010,True,True,goog-20201231.htm,INLINE_XBRL,C:\AI_Stock_Agent\data\sec_filings_locked\GOOGL\000165204421000010\goog-20201231.htm,,1,PASS,True,True,VALID_INLINE_XBRL,"status=PASS, physical counts non-zero and internally consistent, recorded counts match physical: {'xbrl_facts': 1599, 'xbrl_contexts': 386, 'xbrl_units': 10, 'xbrl_concepts': 1297, 'xbrl_labels': 1724, 'xbrl_presentation_relationships': 971, 'xbrl_calculation_relationships': 225, 'xbrl_definition_relationships': 1202, 'xbrl_roles': 154}"
GOOGL,10-Q,2021-03-31,2021-04-28,0001652044-21-000020,True,True,goog-20210331.htm,INLINE_XBRL,C:\AI_Stock_Agent\data\sec_filings_locked\GOOGL\000165204421000020\goog-20210331.htm,,1,PASS,True,True,VALID_INLINE_XBRL,"status=PASS, physical counts non-zero and internally consistent, recorded counts match physical: {'xbrl_facts': 1070, 'xbrl_contexts': 277, 'xbrl_units': 6, 'xbrl_concepts': 1121, 'xbrl_labels': 1332, 'xbrl_presentation_relationships': 756, 'xbrl_calculation_relationships': 168, 'xbrl_definition_relationships': 1092, 'xbrl_roles': 127}"
GOOGL,10-Q,2021-06-30,2021-07-28,0001652044-21-000047,True,True,goog-20210630.htm,INLINE_XBRL,C:\AI_Stock_Agent\data\sec_filings_locked\GOOGL\000165204421000047\goog-20210630.htm,,1,PASS,True,True,VALID_INLINE_XBRL,"status=PASS, physical counts non-zero and internally consistent, recorded counts match physical: {'xbrl_facts': 1441, 'xbrl_contexts': 387, 'xbrl_units': 6, 'xbrl_concepts': 1132, 'xbrl_labels': 1343, 'xbrl_presentation_relationships': 759, 'xbrl_calculation_relationships': 162, 'xbrl_definition_relationships': 1097, 'xbrl_roles': 127}"
GOOGL,10-Q,2021-09-30,2021-10-27,0001652044-21-000057,True,True,goog-20210930.htm,INLINE_XBRL,C:\AI_Stock_Agent\data\sec_filings_locked\GOOGL\000165204421000057\goog-20210930.htm,,1,PASS,True,True,VALID_INLINE_XBRL,"status=PASS, physical counts non-zero and internally consistent, recorded counts match physical: {'xbrl_facts': 1443, 'xbrl_contexts': 388, 'xbrl_units': 6, 'xbrl_concepts': 1136, 'xbrl_labels': 1350, 'xbrl_presentation_relationships': 761, 'xbrl_calculation_relationships': 170, 'xbrl_definition_relationships': 1100, 'xbrl_roles': 128}"
GOOGL,10-K,2021-12-31,2022-02-02,0001652044-22-000019,True,True,goog-20211231.htm,INLINE_XBRL,C:\AI_Stock_Agent\data\sec_filings_locked\GOOGL\000165204422000019\goog-20211231.htm,,1,PASS,True,True,VALID_INLINE_XBRL,"status=PASS, physical counts non-zero and internally consistent, recorded counts match physical: {'xbrl_facts': 1597, 'xbrl_contexts': 366, 'xbrl_units': 10, 'xbrl_concepts': 1298, 'xbrl_labels': 1703, 'xbrl_presentation_relationships': 947, 'xbrl_calculation_relationships': 222, 'xbrl_definition_relationships': 1187, 'xbrl_roles': 155}"
GOOGL,10-Q,2022-03-31,2022-04-27,0001652044-22-000029,True,True,goog-20220331.htm,INLINE_XBRL,C:\AI_Stock_Agent\data\sec_filings_locked\GOOGL\000165204422000029\goog-20220331.htm,,1,PASS,True,True,VALID_INLINE_XBRL,"status=PASS, physical counts non-zero and internally consistent, recorded counts match physical: {'xbrl_facts': 1076, 'xbrl_contexts': 273, 'xbrl_units': 5, 'xbrl_concepts': 1124, 'xbrl_labels': 1321, 'xbrl_presentation_relationships': 755, 'xbrl_calculation_relationships': 171, 'xbrl_definition_relationships': 1094, 'xbrl_roles': 129}"
GOOGL,10-Q,2022-06-30,2022-07-27,0001652044-22-000071,True,True,goog-20220630.htm,INLINE_XBRL,C:\AI_Stock_Agent\data\sec_filings_locked\GOOGL\000165204422000071\goog-20220630.htm,,1,PASS,True,True,VALID_INLINE_XBRL,"status=PASS, physical counts non-zero and internally consistent, recorded counts match physical: {'xbrl_facts': 1446, 'xbrl_contexts': 383, 'xbrl_units': 5, 'xbrl_concepts': 1115, 'xbrl_labels': 1334, 'xbrl_presentation_relationships': 767, 'xbrl_calculation_relationships': 171, 'xbrl_definition_relationships': 1093, 'xbrl_roles': 131}"
GOOGL,10-Q,2022-09-30,2022-10-26,0001652044-22-000090,True,True,goog-20220930.htm,INLINE_XBRL,C:\AI_Stock_Agent\data\sec_filings_locked\GOOGL\000165204422000090\goog-20220930.htm,,1,PASS,True,True,VALID_INLINE_XBRL,"status=PASS, physical counts non-zero and internally consistent, recorded counts match physical: {'xbrl_facts': 1454, 'xbrl_contexts': 391, 'xbrl_units': 5, 'xbrl_concepts': 1119, 'xbrl_labels': 1348, 'xbrl_presentation_relationships': 787, 'xbrl_calculation_relationships': 170, 'xbrl_definition_relationships': 1109, 'xbrl_roles': 137}"
GOOGL,10-K,2022-12-31,2023-02-03,0001652044-23-000016,True,True,goog-20221231.htm,INLINE_XBRL,C:\AI_Stock_Agent\data\sec_filings_locked\GOOGL\000165204423000016\goog-20221231.htm,,1,PASS,True,True,VALID_INLINE_XBRL,"status=PASS, physical counts non-zero and internally consistent, recorded counts match physical: {'xbrl_facts': 1608, 'xbrl_contexts': 347, 'xbrl_units': 9, 'xbrl_concepts': 1291, 'xbrl_labels': 1715, 'xbrl_presentation_relationships': 974, 'xbrl_calculation_relationships': 233, 'xbrl_definition_relationships': 1178, 'xbrl_roles': 162}"
GOOGL,10-Q,2023-03-31,2023-04-26,0001652044-23-000045,True,True,goog-20230331.htm,INLINE_XBRL,C:\AI_Stock_Agent\data\sec_filings_locked\GOOGL\000165204423000045\goog-20230331.htm,,1,PASS,True,True,VALID_INLINE_XBRL,"status=PASS, physical counts non-zero and internally consistent, recorded counts match physical: {'xbrl_facts': 1135, 'xbrl_contexts': 278, 'xbrl_units': 5, 'xbrl_concepts': 1133, 'xbrl_labels': 1378, 'xbrl_presentation_relationships': 795, 'xbrl_calculation_relationships': 168, 'xbrl_definition_relationships': 1109, 'xbrl_roles': 137}"
GOOGL,10-Q,2023-06-30,2023-07-26,0001652044-23-000070,True,True,goog-20230630.htm,INLINE_XBRL,C:\AI_Stock_Agent\data\sec_filings_locked\GOOGL\000165204423000070\goog-20230630.htm,,1,PASS,True,True,VALID_INLINE_XBRL,"status=PASS, physical counts non-zero and internally consistent, recorded counts match physical: {'xbrl_facts': 1541, 'xbrl_contexts': 408, 'xbrl_units': 5, 'xbrl_concepts': 1323, 'xbrl_labels': 1544, 'xbrl_presentation_relationships': 885, 'xbrl_calculation_relationships': 172, 'xbrl_definition_relationships': 1316, 'xbrl_roles': 161}"
GOOGL,10-Q,2023-09-30,2023-10-25,0001652044-23-000094,True,True,goog-20230930.htm,INLINE_XBRL,C:\AI_Stock_Agent\data\sec_filings_locked\GOOGL\000165204423000094\goog-20230930.htm,,1,PASS,True,True,VALID_INLINE_XBRL,"status=PASS, physical counts non-zero and internally consistent, recorded counts match physical: {'xbrl_facts': 1531, 'xbrl_contexts': 403, 'xbrl_units': 5, 'xbrl_concepts': 1322, 'xbrl_labels': 1543, 'xbrl_presentation_relationships': 883, 'xbrl_calculation_relationships': 168, 'xbrl_definition_relationships': 1314, 'xbrl_roles': 161}"
GOOGL,10-K,2023-12-31,2024-01-31,0001652044-24-000022,True,True,goog-20231231.htm,INLINE_XBRL,C:\AI_Stock_Agent\data\sec_filings_locked\GOOGL\000165204424000022\goog-20231231.htm,,1,PASS,True,True,VALID_INLINE_XBRL,"status=PASS, physical counts non-zero and internally consistent, recorded counts match physical: {'xbrl_facts': 1588, 'xbrl_contexts': 347, 'xbrl_units': 8, 'xbrl_concepts': 1458, 'xbrl_labels': 1817, 'xbrl_presentation_relationships': 1029, 'xbrl_calculation_relationships': 206, 'xbrl_definition_relationships': 1365, 'xbrl_roles': 179}"
GOOGL,10-Q,2024-03-31,2024-04-26,0001652044-24-000053,True,True,goog-20240331.htm,INLINE_XBRL,C:\AI_Stock_Agent\data\sec_filings_locked\GOOGL\000165204424000053\goog-20240331.htm,,1,PASS,True,True,VALID_INLINE_XBRL,"status=PASS, physical counts non-zero and internally consistent, recorded counts match physical: {'xbrl_facts': 1057, 'xbrl_contexts': 251, 'xbrl_units': 5, 'xbrl_concepts': 1271, 'xbrl_labels': 1429, 'xbrl_presentation_relationships': 807, 'xbrl_calculation_relationships': 155, 'xbrl_definition_relationships': 1251, 'xbrl_roles': 144}"
GOOGL,10-Q,2024-06-30,2024-07-24,0001652044-24-000079,True,True,goog-20240630.htm,INLINE_XBRL,C:\AI_Stock_Agent\data\sec_filings_locked\GOOGL\000165204424000079\goog-20240630.htm,,1,PASS,True,True,VALID_INLINE_XBRL,"status=PASS, physical counts non-zero and internally consistent, recorded counts match physical: {'xbrl_facts': 1529, 'xbrl_contexts': 381, 'xbrl_units': 5, 'xbrl_concepts': 1438, 'xbrl_labels': 1487, 'xbrl_presentation_relationships': 836, 'xbrl_calculation_relationships': 152, 'xbrl_definition_relationships': 1424, 'xbrl_roles': 144}"
GOOGL,10-Q,2024-09-30,2024-10-30,0001652044-24-000118,True,True,goog-20240930.htm,INLINE_XBRL,C:\AI_Stock_Agent\data\sec_filings_locked\GOOGL\000165204424000118\goog-20240930.htm,,1,PASS,True,True,VALID_INLINE_XBRL,"status=PASS, physical counts non-zero and internally consistent, recorded counts match physical: {'xbrl_facts': 1522, 'xbrl_contexts': 374, 'xbrl_units': 5, 'xbrl_concepts': 1452, 'xbrl_labels': 1514, 'xbrl_presentation_relationships': 844, 'xbrl_calculation_relationships': 160, 'xbrl_definition_relationships': 1428, 'xbrl_roles': 149}"
GOOGL,10-K,2024-12-31,2025-02-05,0001652044-25-000014,True,True,goog-20241231.htm,INLINE_XBRL,C:\AI_Stock_Agent\data\sec_filings_locked\GOOGL\000165204425000014\goog-20241231.htm,,1,PASS,True,True,VALID_INLINE_XBRL,"status=PASS, physical counts non-zero and internally consistent, recorded counts match physical: {'xbrl_facts': 1721, 'xbrl_contexts': 344, 'xbrl_units': 9, 'xbrl_concepts': 1663, 'xbrl_labels': 1960, 'xbrl_presentation_relationships': 1075, 'xbrl_calculation_relationships': 227, 'xbrl_definition_relationships': 1512, 'xbrl_roles': 182}"
GOOGL,10-Q,2025-03-31,2025-04-25,0001652044-25-000043,True,True,goog-20250331.htm,INLINE_XBRL,C:\AI_Stock_Agent\data\sec_filings_locked\GOOGL\000165204425000043\goog-20250331.htm,,1,PASS,True,True,VALID_INLINE_XBRL,"status=PASS, physical counts non-zero and internally consistent, recorded counts match physical: {'xbrl_facts': 1220, 'xbrl_contexts': 260, 'xbrl_units': 6, 'xbrl_concepts': 1513, 'xbrl_labels': 1662, 'xbrl_presentation_relationships': 911, 'xbrl_calculation_relationships': 188, 'xbrl_definition_relationships': 1444, 'xbrl_roles': 159}"
GOOGL,10-Q,2025-06-30,2025-07-24,0001652044-25-000062,True,True,goog-20250630.htm,INLINE_XBRL,C:\AI_Stock_Agent\data\sec_filings_locked\GOOGL\000165204425000062\goog-20250630.htm,,1,PASS,True,True,VALID_INLINE_XBRL,"status=PASS, physical counts non-zero and internally consistent, recorded counts match physical: {'xbrl_facts': 1734, 'xbrl_contexts': 417, 'xbrl_units': 7, 'xbrl_concepts': 1575, 'xbrl_labels': 1739, 'xbrl_presentation_relationships': 956, 'xbrl_calculation_relationships': 189, 'xbrl_definition_relationships': 1529, 'xbrl_roles': 160}"
GOOGL,10-Q,2025-09-30,2025-10-30,0001652044-25-000091,True,True,goog-20250930.htm,INLINE_XBRL,C:\AI_Stock_Agent\data\sec_filings_locked\GOOGL\000165204425000091\goog-20250930.htm,,1,PASS,True,True,VALID_INLINE_XBRL,"status=PASS, physical counts non-zero and internally consistent, recorded counts match physical: {'xbrl_facts': 1732, 'xbrl_contexts': 418, 'xbrl_units': 7, 'xbrl_concepts': 1574, 'xbrl_labels': 1739, 'xbrl_presentation_relationships': 961, 'xbrl_calculation_relationships': 189, 'xbrl_definition_relationships': 1540, 'xbrl_roles': 160}"
GOOGL,10-K,2025-12-31,2026-02-05,0001652044-26-000018,True,True,goog-20251231.htm,INLINE_XBRL,C:\AI_Stock_Agent\data\sec_filings_locked\GOOGL\000165204426000018\goog-20251231.htm,,1,PASS,True,True,VALID_INLINE_XBRL,"status=PASS, physical counts non-zero and internally consistent, recorded counts match physical: {'xbrl_facts': 1861, 'xbrl_contexts': 444, 'xbrl_units': 8, 'xbrl_concepts': 1763, 'xbrl_labels': 2113, 'xbrl_presentation_relationships': 1177, 'xbrl_calculation_relationships': 242, 'xbrl_definition_relationships': 1696, 'xbrl_roles': 189}"
META,10-K,2019-12-31,2020-01-30,0001326801-20-000013,True,True,fb-12312019x10k.htm,INLINE_XBRL,C:\AI_Stock_Agent\data\sec_filings_locked\META\000132680120000013\fb-12312019x10k.htm,,1,PASS,True,True,VALID_INLINE_XBRL,"status=PASS, physical counts non-zero and internally consistent, recorded counts match physical: {'xbrl_facts': 1061, 'xbrl_contexts': 233, 'xbrl_units': 8, 'xbrl_concepts': 1012, 'xbrl_labels': 1267, 'xbrl_presentation_relationships': 716, 'xbrl_calculation_relationships': 162, 'xbrl_definition_relationships': 945, 'xbrl_roles': 117}"
META,10-Q,2020-03-31,2020-04-30,0001326801-20-000048,True,True,fb-03312020x10q.htm,INLINE_XBRL,C:\AI_Stock_Agent\data\sec_filings_locked\META\000132680120000048\fb-03312020x10q.htm,,1,PASS,True,True,VALID_INLINE_XBRL,"status=PASS, physical counts non-zero and internally consistent, recorded counts match physical: {'xbrl_facts': 678, 'xbrl_contexts': 193, 'xbrl_units': 6, 'xbrl_concepts': 880, 'xbrl_labels': 946, 'xbrl_presentation_relationships': 508, 'xbrl_calculation_relationships': 114, 'xbrl_definition_relationships': 803, 'xbrl_roles': 93}"
META,10-Q,2020-06-30,2020-07-31,0001326801-20-000076,True,True,fb-06302020x10q.htm,INLINE_XBRL,C:\AI_Stock_Agent\data\sec_filings_locked\META\000132680120000076\fb-06302020x10q.htm,,1,PASS,True,True,VALID_INLINE_XBRL,"status=PASS, physical counts non-zero and internally consistent, recorded counts match physical: {'xbrl_facts': 864, 'xbrl_contexts': 238, 'xbrl_units': 6, 'xbrl_concepts': 977, 'xbrl_labels': 948, 'xbrl_presentation_relationships': 514, 'xbrl_calculation_relationships': 114, 'xbrl_definition_relationships': 904, 'xbrl_roles': 93}"
META,10-Q,2020-09-30,2020-10-30,0001326801-20-000084,True,True,fb-09302020x10q.htm,INLINE_XBRL,C:\AI_Stock_Agent\data\sec_filings_locked\META\000132680120000084\fb-09302020x10q.htm,,1,PASS,True,True,VALID_INLINE_XBRL,"status=PASS, physical counts non-zero and internally consistent, recorded counts match physical: {'xbrl_facts': 872, 'xbrl_contexts': 240, 'xbrl_units': 6, 'xbrl_concepts': 992, 'xbrl_labels': 991, 'xbrl_presentation_relationships': 530, 'xbrl_calculation_relationships': 116, 'xbrl_definition_relationships': 914, 'xbrl_roles': 96}"
META,10-K,2020-12-31,2021-01-28,0001326801-21-000014,True,True,fb-20201231.htm,INLINE_XBRL,C:\AI_Stock_Agent\data\sec_filings_locked\META\000132680121000014\fb-20201231.htm,,1,PASS,True,True,VALID_INLINE_XBRL,"status=PASS, physical counts non-zero and internally consistent, recorded counts match physical: {'xbrl_facts': 1055, 'xbrl_contexts': 234, 'xbrl_units': 8, 'xbrl_concepts': 1100, 'xbrl_labels': 1259, 'xbrl_presentation_relationships': 685, 'xbrl_calculation_relationships': 160, 'xbrl_definition_relationships': 999, 'xbrl_roles': 120}"
META,10-Q,2021-03-31,2021-04-29,0001326801-21-000033,True,True,fb-20210331.htm,INLINE_XBRL,C:\AI_Stock_Agent\data\sec_filings_locked\META\000132680121000033\fb-20210331.htm,,1,PASS,True,True,VALID_INLINE_XBRL,"status=PASS, physical counts non-zero and internally consistent, recorded counts match physical: {'xbrl_facts': 637, 'xbrl_contexts': 162, 'xbrl_units': 7, 'xbrl_concepts': 951, 'xbrl_labels': 912, 'xbrl_presentation_relationships': 479, 'xbrl_calculation_relationships': 114, 'xbrl_definition_relationships': 863, 'xbrl_roles': 88}"
META,10-Q,2021-06-30,2021-07-29,0001326801-21-000049,True,True,fb-20210630.htm,INLINE_XBRL,C:\AI_Stock_Agent\data\sec_filings_locked\META\000132680121000049\fb-20210630.htm,,1,PASS,True,True,VALID_INLINE_XBRL,"status=PASS, physical counts non-zero and internally consistent, recorded counts match physical: {'xbrl_facts': 825, 'xbrl_contexts': 210, 'xbrl_units': 7, 'xbrl_concepts': 961, 'xbrl_labels': 922, 'xbrl_presentation_relationships': 483, 'xbrl_calculation_relationships': 115, 'xbrl_definition_relationships': 870, 'xbrl_roles': 88}"
META,10-Q,2021-09-30,2021-10-26,0001326801-21-000065,True,True,fb-20210930.htm,INLINE_XBRL,C:\AI_Stock_Agent\data\sec_filings_locked\META\000132680121000065\fb-20210930.htm,,1,PASS,True,True,VALID_INLINE_XBRL,"status=PASS, physical counts non-zero and internally consistent, recorded counts match physical: {'xbrl_facts': 837, 'xbrl_contexts': 215, 'xbrl_units': 9, 'xbrl_concepts': 976, 'xbrl_labels': 956, 'xbrl_presentation_relationships': 518, 'xbrl_calculation_relationships': 114, 'xbrl_definition_relationships': 910, 'xbrl_roles': 93}"
META,10-K,2021-12-31,2022-02-03,0001326801-22-000018,True,True,fb-20211231.htm,INLINE_XBRL,C:\AI_Stock_Agent\data\sec_filings_locked\META\000132680122000018\fb-20211231.htm,,1,PASS,True,True,VALID_INLINE_XBRL,"status=PASS, physical counts non-zero and internally consistent, recorded counts match physical: {'xbrl_facts': 1071, 'xbrl_contexts': 215, 'xbrl_units': 10, 'xbrl_concepts': 1109, 'xbrl_labels': 1272, 'xbrl_presentation_relationships': 694, 'xbrl_calculation_relationships': 165, 'xbrl_definition_relationships': 1000, 'xbrl_roles': 119}"
META,10-Q,2022-03-31,2022-04-28,0001326801-22-000057,True,True,meta-20220331.htm,INLINE_XBRL,C:\AI_Stock_Agent\data\sec_filings_locked\META\000132680122000057\meta-20220331.htm,,1,PASS,True,True,VALID_INLINE_XBRL,"status=PASS, physical counts non-zero and internally consistent, recorded counts match physical: {'xbrl_facts': 730, 'xbrl_contexts': 175, 'xbrl_units': 8, 'xbrl_concepts': 1003, 'xbrl_labels': 1020, 'xbrl_presentation_relationships': 563, 'xbrl_calculation_relationships': 131, 'xbrl_definition_relationships': 941, 'xbrl_roles': 105}"
META,10-Q,2022-06-30,2022-07-28,0001326801-22-000082,True,True,meta-20220630.htm,INLINE_XBRL,C:\AI_Stock_Agent\data\sec_filings_locked\META\000132680122000082\meta-20220630.htm,,1,PASS,True,True,VALID_INLINE_XBRL,"status=PASS, physical counts non-zero and internally consistent, recorded counts match physical: {'xbrl_facts': 989, 'xbrl_contexts': 256, 'xbrl_units': 9, 'xbrl_concepts': 1007, 'xbrl_labels': 1063, 'xbrl_presentation_relationships': 597, 'xbrl_calculation_relationships': 136, 'xbrl_definition_relationships': 971, 'xbrl_roles': 109}"
META,10-Q,2022-09-30,2022-10-27,0001326801-22-000108,True,True,meta-20220930.htm,INLINE_XBRL,C:\AI_Stock_Agent\data\sec_filings_locked\META\000132680122000108\meta-20220930.htm,,1,PASS,True,True,VALID_INLINE_XBRL,"status=PASS, physical counts non-zero and internally consistent, recorded counts match physical: {'xbrl_facts': 1027, 'xbrl_contexts': 257, 'xbrl_units': 9, 'xbrl_concepts': 1032, 'xbrl_labels': 1123, 'xbrl_presentation_relationships': 638, 'xbrl_calculation_relationships': 144, 'xbrl_definition_relationships': 996, 'xbrl_roles': 120}"
META,10-K,2022-12-31,2023-02-02,0001326801-23-000013,True,True,meta-20221231.htm,INLINE_XBRL,C:\AI_Stock_Agent\data\sec_filings_locked\META\000132680123000013\meta-20221231.htm,,1,PASS,True,True,VALID_INLINE_XBRL,"status=PASS, physical counts non-zero and internally consistent, recorded counts match physical: {'xbrl_facts': 1247, 'xbrl_contexts': 279, 'xbrl_units': 12, 'xbrl_concepts': 1173, 'xbrl_labels': 1434, 'xbrl_presentation_relationships': 862, 'xbrl_calculation_relationships': 181, 'xbrl_definition_relationships': 1149, 'xbrl_roles': 153}"
META,10-Q,2023-03-31,2023-04-27,0001326801-23-000067,True,True,meta-20230331.htm,INLINE_XBRL,C:\AI_Stock_Agent\data\sec_filings_locked\META\000132680123000067\meta-20230331.htm,,1,PASS,True,True,VALID_INLINE_XBRL,"status=PASS, physical counts non-zero and internally consistent, recorded counts match physical: {'xbrl_facts': 903, 'xbrl_contexts': 262, 'xbrl_units': 10, 'xbrl_concepts': 1058, 'xbrl_labels': 1177, 'xbrl_presentation_relationships': 691, 'xbrl_calculation_relationships': 140, 'xbrl_definition_relationships': 1035, 'xbrl_roles': 128}"
META,10-Q,2023-06-30,2023-07-27,0001326801-23-000093,True,True,meta-20230630.htm,INLINE_XBRL,C:\AI_Stock_Agent\data\sec_filings_locked\META\000132680123000093\meta-20230630.htm,,1,PASS,True,True,VALID_INLINE_XBRL,"status=PASS, physical counts non-zero and internally consistent, recorded counts match physical: {'xbrl_facts': 1152, 'xbrl_contexts': 339, 'xbrl_units': 10, 'xbrl_concepts': 1267, 'xbrl_labels': 1383, 'xbrl_presentation_relationships': 799, 'xbrl_calculation_relationships': 141, 'xbrl_definition_relationships': 1260, 'xbrl_roles': 153}"
META,10-Q,2023-09-30,2023-10-26,0001326801-23-000103,True,True,meta-20230930.htm,INLINE_XBRL,C:\AI_Stock_Agent\data\sec_filings_locked\META\000132680123000103\meta-20230930.htm,,1,PASS,True,True,VALID_INLINE_XBRL,"status=PASS, physical counts non-zero and internally consistent, recorded counts match physical: {'xbrl_facts': 1172, 'xbrl_contexts': 349, 'xbrl_units': 9, 'xbrl_concepts': 1275, 'xbrl_labels': 1398, 'xbrl_presentation_relationships': 809, 'xbrl_calculation_relationships': 141, 'xbrl_definition_relationships': 1276, 'xbrl_roles': 154}"
META,10-K,2023-12-31,2024-02-02,0001326801-24-000012,True,True,meta-20231231.htm,INLINE_XBRL,C:\AI_Stock_Agent\data\sec_filings_locked\META\000132680124000012\meta-20231231.htm,,1,PASS,True,True,VALID_INLINE_XBRL,"status=PASS, physical counts non-zero and internally consistent, recorded counts match physical: {'xbrl_facts': 1287, 'xbrl_contexts': 320, 'xbrl_units': 12, 'xbrl_concepts': 1373, 'xbrl_labels': 1613, 'xbrl_presentation_relationships': 962, 'xbrl_calculation_relationships': 182, 'xbrl_definition_relationships': 1350, 'xbrl_roles': 176}"
META,10-Q,2024-03-31,2024-04-25,0001326801-24-000049,True,True,meta-20240331.htm,INLINE_XBRL,C:\AI_Stock_Agent\data\sec_filings_locked\META\000132680124000049\meta-20240331.htm,,1,PASS,True,True,VALID_INLINE_XBRL,"status=PASS, physical counts non-zero and internally consistent, recorded counts match physical: {'xbrl_facts': 764, 'xbrl_contexts': 247, 'xbrl_units': 8, 'xbrl_concepts': 1162, 'xbrl_labels': 1128, 'xbrl_presentation_relationships': 640, 'xbrl_calculation_relationships': 102, 'xbrl_definition_relationships': 1148, 'xbrl_roles': 131}"
META,10-Q,2024-06-30,2024-08-01,0001326801-24-000069,True,True,meta-20240630.htm,INLINE_XBRL,C:\AI_Stock_Agent\data\sec_filings_locked\META\000132680124000069\meta-20240630.htm,,1,PASS,True,True,VALID_INLINE_XBRL,"status=PASS, physical counts non-zero and internally consistent, recorded counts match physical: {'xbrl_facts': 987, 'xbrl_contexts': 330, 'xbrl_units': 8, 'xbrl_concepts': 1316, 'xbrl_labels': 1161, 'xbrl_presentation_relationships': 663, 'xbrl_calculation_relationships': 104, 'xbrl_definition_relationships': 1319, 'xbrl_roles': 132}"
META,10-Q,2024-09-30,2024-10-31,0001326801-24-000081,True,True,meta-20240930.htm,INLINE_XBRL,C:\AI_Stock_Agent\data\sec_filings_locked\META\000132680124000081\meta-20240930.htm,,1,PASS,True,True,VALID_INLINE_XBRL,"status=PASS, physical counts non-zero and internally consistent, recorded counts match physical: {'xbrl_facts': 1009, 'xbrl_contexts': 330, 'xbrl_units': 11, 'xbrl_concepts': 1329, 'xbrl_labels': 1194, 'xbrl_presentation_relationships': 687, 'xbrl_calculation_relationships': 112, 'xbrl_definition_relationships': 1305, 'xbrl_roles': 136}"
META,10-K,2024-12-31,2025-01-30,0001326801-25-000017,True,True,meta-20241231.htm,INLINE_XBRL,C:\AI_Stock_Agent\data\sec_filings_locked\META\000132680125000017\meta-20241231.htm,,1,PASS,True,True,VALID_INLINE_XBRL,"status=PASS, physical counts non-zero and internally consistent, recorded counts match physical: {'xbrl_facts': 1269, 'xbrl_contexts': 305, 'xbrl_units': 14, 'xbrl_concepts': 1515, 'xbrl_labels': 1586, 'xbrl_presentation_relationships': 939, 'xbrl_calculation_relationships': 184, 'xbrl_definition_relationships': 1472, 'xbrl_roles': 174}"
MSFT,10-Q,2019-09-30,2019-10-23,0001564590-19-037549,True,True,msft-10q_20190930.htm,INLINE_XBRL,C:\AI_Stock_Agent\data\sec_filings_locked\MSFT\000156459019037549\msft-10q_20190930.htm,,1,PASS,True,True,VALID_INLINE_XBRL,"status=PASS, physical counts non-zero and internally consistent, recorded counts match physical: {'xbrl_facts': 1163, 'xbrl_contexts': 296, 'xbrl_units': 5, 'xbrl_concepts': 984, 'xbrl_labels': 1215, 'xbrl_presentation_relationships': 727, 'xbrl_calculation_relationships': 159, 'xbrl_definition_relationships': 937, 'xbrl_roles': 144}"
MSFT,10-Q,2019-12-31,2020-01-29,0001564590-20-002450,True,True,msft-10q_20191231.htm,INLINE_XBRL,C:\AI_Stock_Agent\data\sec_filings_locked\MSFT\000156459020002450\msft-10q_20191231.htm,,1,PASS,True,True,VALID_INLINE_XBRL,"status=PASS, physical counts non-zero and internally consistent, recorded counts match physical: {'xbrl_facts': 1525, 'xbrl_contexts': 394, 'xbrl_units': 5, 'xbrl_concepts': 982, 'xbrl_labels': 1210, 'xbrl_presentation_relationships': 716, 'xbrl_calculation_relationships': 159, 'xbrl_definition_relationships': 926, 'xbrl_roles': 143}"
MSFT,10-Q,2020-03-31,2020-04-29,0001564590-20-019706,True,True,msft-10q_20200331.htm,INLINE_XBRL,C:\AI_Stock_Agent\data\sec_filings_locked\MSFT\000156459020019706\msft-10q_20200331.htm,,1,PASS,True,True,VALID_INLINE_XBRL,"status=PASS, physical counts non-zero and internally consistent, recorded counts match physical: {'xbrl_facts': 1538, 'xbrl_contexts': 398, 'xbrl_units': 5, 'xbrl_concepts': 982, 'xbrl_labels': 1212, 'xbrl_presentation_relationships': 716, 'xbrl_calculation_relationships': 158, 'xbrl_definition_relationships': 927, 'xbrl_roles': 143}"
MSFT,10-K,2020-06-30,2020-07-30,0001564590-20-034944,True,True,msft-10k_20200630.htm,INLINE_XBRL,C:\AI_Stock_Agent\data\sec_filings_locked\MSFT\000156459020034944\msft-10k_20200630.htm,,1,PASS,True,True,VALID_INLINE_XBRL,"status=PASS, physical counts non-zero and internally consistent, recorded counts match physical: {'xbrl_facts': 1913, 'xbrl_contexts': 479, 'xbrl_units': 6, 'xbrl_concepts': 1324, 'xbrl_labels': 1769, 'xbrl_presentation_relationships': 1070, 'xbrl_calculation_relationships': 212, 'xbrl_definition_relationships': 1268, 'xbrl_roles': 201}"
MSFT,10-Q,2020-09-30,2020-10-27,0001564590-20-047996,True,True,msft-10q_20200930.htm,INLINE_XBRL,C:\AI_Stock_Agent\data\sec_filings_locked\MSFT\000156459020047996\msft-10q_20200930.htm,,1,PASS,True,True,VALID_INLINE_XBRL,"status=PASS, physical counts non-zero and internally consistent, recorded counts match physical: {'xbrl_facts': 1196, 'xbrl_contexts': 314, 'xbrl_units': 5, 'xbrl_concepts': 1106, 'xbrl_labels': 1277, 'xbrl_presentation_relationships': 748, 'xbrl_calculation_relationships': 161, 'xbrl_definition_relationships': 1049, 'xbrl_roles': 147}"
MSFT,10-Q,2020-12-31,2021-01-26,0001564590-21-002316,True,True,msft-10q_20201231.htm,INLINE_XBRL,C:\AI_Stock_Agent\data\sec_filings_locked\MSFT\000156459021002316\msft-10q_20201231.htm,,1,PASS,True,True,VALID_INLINE_XBRL,"status=PASS, physical counts non-zero and internally consistent, recorded counts match physical: {'xbrl_facts': 1574, 'xbrl_contexts': 418, 'xbrl_units': 5, 'xbrl_concepts': 1107, 'xbrl_labels': 1280, 'xbrl_presentation_relationships': 749, 'xbrl_calculation_relationships': 161, 'xbrl_definition_relationships': 1050, 'xbrl_roles': 147}"
MSFT,10-Q,2021-03-31,2021-04-27,0001564590-21-020891,True,True,msft-10q_20210331.htm,INLINE_XBRL,C:\AI_Stock_Agent\data\sec_filings_locked\MSFT\000156459021020891\msft-10q_20210331.htm,,1,PASS,True,True,VALID_INLINE_XBRL,"status=PASS, physical counts non-zero and internally consistent, recorded counts match physical: {'xbrl_facts': 1623, 'xbrl_contexts': 436, 'xbrl_units': 5, 'xbrl_concepts': 1133, 'xbrl_labels': 1341, 'xbrl_presentation_relationships': 811, 'xbrl_calculation_relationships': 167, 'xbrl_definition_relationships': 1105, 'xbrl_roles': 160}"
MSFT,10-K,2021-06-30,2021-07-29,0001564590-21-039151,True,True,msft-10k_20210630.htm,INLINE_XBRL,C:\AI_Stock_Agent\data\sec_filings_locked\MSFT\000156459021039151\msft-10k_20210630.htm,,1,PASS,True,True,VALID_INLINE_XBRL,"status=PASS, physical counts non-zero and internally consistent, recorded counts match physical: {'xbrl_facts': 1864, 'xbrl_contexts': 483, 'xbrl_units': 5, 'xbrl_concepts': 1317, 'xbrl_labels': 1758, 'xbrl_presentation_relationships': 1063, 'xbrl_calculation_relationships': 215, 'xbrl_definition_relationships': 1271, 'xbrl_roles': 197}"
MSFT,10-Q,2021-09-30,2021-10-26,0001564590-21-051992,True,True,msft-10q_20210930.htm,INLINE_XBRL,C:\AI_Stock_Agent\data\sec_filings_locked\MSFT\000156459021051992\msft-10q_20210930.htm,,1,PASS,True,True,VALID_INLINE_XBRL,"status=PASS, physical counts non-zero and internally consistent, recorded counts match physical: {'xbrl_facts': 1192, 'xbrl_contexts': 308, 'xbrl_units': 5, 'xbrl_concepts': 1118, 'xbrl_labels': 1289, 'xbrl_presentation_relationships': 770, 'xbrl_calculation_relationships': 166, 'xbrl_definition_relationships': 1070, 'xbrl_roles': 153}"
MSFT,10-Q,2021-12-31,2022-01-25,0001564590-22-002324,True,True,msft-10q_20211231.htm,INLINE_XBRL,C:\AI_Stock_Agent\data\sec_filings_locked\MSFT\000156459022002324\msft-10q_20211231.htm,,1,PASS,True,True,VALID_INLINE_XBRL,"status=PASS, physical counts non-zero and internally consistent, recorded counts match physical: {'xbrl_facts': 1550, 'xbrl_contexts': 404, 'xbrl_units': 5, 'xbrl_concepts': 1127, 'xbrl_labels': 1312, 'xbrl_presentation_relationships': 785, 'xbrl_calculation_relationships': 166, 'xbrl_definition_relationships': 1083, 'xbrl_roles': 156}"
MSFT,10-Q,2022-03-31,2022-04-26,0001564590-22-015675,True,True,msft-10q_20220331.htm,INLINE_XBRL,C:\AI_Stock_Agent\data\sec_filings_locked\MSFT\000156459022015675\msft-10q_20220331.htm,,1,PASS,True,True,VALID_INLINE_XBRL,"status=PASS, physical counts non-zero and internally consistent, recorded counts match physical: {'xbrl_facts': 1589, 'xbrl_contexts': 422, 'xbrl_units': 5, 'xbrl_concepts': 1128, 'xbrl_labels': 1315, 'xbrl_presentation_relationships': 809, 'xbrl_calculation_relationships': 167, 'xbrl_definition_relationships': 1105, 'xbrl_roles': 159}"
MSFT,10-K,2022-06-30,2022-07-28,0001564590-22-026876,True,True,msft-10k_20220630.htm,INLINE_XBRL,C:\AI_Stock_Agent\data\sec_filings_locked\MSFT\000156459022026876\msft-10k_20220630.htm,,1,PASS,True,True,VALID_INLINE_XBRL,"status=PASS, physical counts non-zero and internally consistent, recorded counts match physical: {'xbrl_facts': 1819, 'xbrl_contexts': 466, 'xbrl_units': 5, 'xbrl_concepts': 1306, 'xbrl_labels': 1750, 'xbrl_presentation_relationships': 1063, 'xbrl_calculation_relationships': 209, 'xbrl_definition_relationships': 1263, 'xbrl_roles': 198}"
MSFT,10-Q,2022-09-30,2022-10-25,0001564590-22-035087,True,True,msft-10q_20220930.htm,INLINE_XBRL,C:\AI_Stock_Agent\data\sec_filings_locked\MSFT\000156459022035087\msft-10q_20220930.htm,,1,PASS,True,True,VALID_INLINE_XBRL,"status=PASS, physical counts non-zero and internally consistent, recorded counts match physical: {'xbrl_facts': 1191, 'xbrl_contexts': 303, 'xbrl_units': 5, 'xbrl_concepts': 1118, 'xbrl_labels': 1325, 'xbrl_presentation_relationships': 787, 'xbrl_calculation_relationships': 166, 'xbrl_definition_relationships': 1082, 'xbrl_roles': 156}"
MSFT,10-Q,2022-12-31,2023-01-24,0001564590-23-000733,True,True,msft-10q_20221231.htm,INLINE_XBRL,C:\AI_Stock_Agent\data\sec_filings_locked\MSFT\000156459023000733\msft-10q_20221231.htm,,1,PASS,True,True,VALID_INLINE_XBRL,"status=PASS, physical counts non-zero and internally consistent, recorded counts match physical: {'xbrl_facts': 1546, 'xbrl_contexts': 401, 'xbrl_units': 6, 'xbrl_concepts': 1125, 'xbrl_labels': 1340, 'xbrl_presentation_relationships': 794, 'xbrl_calculation_relationships': 166, 'xbrl_definition_relationships': 1089, 'xbrl_roles': 156}"
MSFT,10-Q,2023-03-31,2023-04-25,0000950170-23-014423,True,True,msft-20230331.htm,INLINE_XBRL,C:\AI_Stock_Agent\data\sec_filings_locked\MSFT\000095017023014423\msft-20230331.htm,,1,PASS,True,True,VALID_INLINE_XBRL,"status=PASS, physical counts non-zero and internally consistent, recorded counts match physical: {'xbrl_facts': 1560, 'xbrl_contexts': 405, 'xbrl_units': 6, 'xbrl_concepts': 1122, 'xbrl_labels': 1403, 'xbrl_presentation_relationships': 790, 'xbrl_calculation_relationships': 166, 'xbrl_definition_relationships': 1081, 'xbrl_roles': 156}"
MSFT,10-K,2023-06-30,2023-07-27,0000950170-23-035122,True,True,msft-20230630.htm,INLINE_XBRL,C:\AI_Stock_Agent\data\sec_filings_locked\MSFT\000095017023035122\msft-20230630.htm,,1,PASS,True,True,VALID_INLINE_XBRL,"status=PASS, physical counts non-zero and internally consistent, recorded counts match physical: {'xbrl_facts': 1839, 'xbrl_contexts': 469, 'xbrl_units': 6, 'xbrl_concepts': 1502, 'xbrl_labels': 2042, 'xbrl_presentation_relationships': 1149, 'xbrl_calculation_relationships': 211, 'xbrl_definition_relationships': 1470, 'xbrl_roles': 219}"
MSFT,10-Q,2023-09-30,2023-10-24,0000950170-23-054855,True,True,msft-20230930.htm,INLINE_XBRL,C:\AI_Stock_Agent\data\sec_filings_locked\MSFT\000095017023054855\msft-20230930.htm,,1,PASS,True,True,VALID_INLINE_XBRL,"status=PASS, physical counts non-zero and internally consistent, recorded counts match physical: {'xbrl_facts': 1187, 'xbrl_contexts': 295, 'xbrl_units': 5, 'xbrl_concepts': 1294, 'xbrl_labels': 1574, 'xbrl_presentation_relationships': 844, 'xbrl_calculation_relationships': 164, 'xbrl_definition_relationships': 1248, 'xbrl_roles': 171}"
MSFT,10-Q,2023-12-31,2024-01-30,0000950170-24-008814,True,True,msft-20231231.htm,INLINE_XBRL,C:\AI_Stock_Agent\data\sec_filings_locked\MSFT\000095017024008814\msft-20231231.htm,,1,PASS,True,True,VALID_INLINE_XBRL,"status=PASS, physical counts non-zero and internally consistent, recorded counts match physical: {'xbrl_facts': 1578, 'xbrl_contexts': 401, 'xbrl_units': 5, 'xbrl_concepts': 1316, 'xbrl_labels': 1638, 'xbrl_presentation_relationships': 907, 'xbrl_calculation_relationships': 164, 'xbrl_definition_relationships': 1302, 'xbrl_roles': 183}"
MSFT,10-Q,2024-03-31,2024-04-25,0000950170-24-048288,True,True,msft-20240331.htm,INLINE_XBRL,C:\AI_Stock_Agent\data\sec_filings_locked\MSFT\000095017024048288\msft-20240331.htm,,1,PASS,True,True,VALID_INLINE_XBRL,"status=PASS, physical counts non-zero and internally consistent, recorded counts match physical: {'xbrl_facts': 1603, 'xbrl_contexts': 409, 'xbrl_units': 5, 'xbrl_concepts': 1326, 'xbrl_labels': 1666, 'xbrl_presentation_relationships': 928, 'xbrl_calculation_relationships': 164, 'xbrl_definition_relationships': 1325, 'xbrl_roles': 186}"
MSFT,10-K,2024-06-30,2024-07-30,0000950170-24-087843,True,True,msft-20240630.htm,INLINE_XBRL,C:\AI_Stock_Agent\data\sec_filings_locked\MSFT\000095017024087843\msft-20240630.htm,,1,PASS,True,True,VALID_INLINE_XBRL,"status=PASS, physical counts non-zero and internally consistent, recorded counts match physical: {'xbrl_facts': 1856, 'xbrl_contexts': 465, 'xbrl_units': 5, 'xbrl_concepts': 1517, 'xbrl_labels': 2081, 'xbrl_presentation_relationships': 1194, 'xbrl_calculation_relationships': 0, 'xbrl_definition_relationships': 1504, 'xbrl_roles': 200}"
MU,10-Q,2020-12-03,2021-01-08,0000723125-21-000012,True,True,mu-20201203.htm,INLINE_XBRL,C:\AI_Stock_Agent\data\sec_filings_locked\MU\000072312521000012\mu-20201203.htm,,1,PASS,True,True,VALID_INLINE_XBRL,"status=PASS, physical counts non-zero and internally consistent, recorded counts match physical: {'xbrl_facts': 829, 'xbrl_contexts': 209, 'xbrl_units': 10, 'xbrl_concepts': 1071, 'xbrl_labels': 1196, 'xbrl_presentation_relationships': 594, 'xbrl_calculation_relationships': 118, 'xbrl_definition_relationships': 868, 'xbrl_roles': 104}"
MU,10-Q,2021-03-04,2021-04-01,0000723125-21-000032,True,True,mu-20210304.htm,INLINE_XBRL,C:\AI_Stock_Agent\data\sec_filings_locked\MU\000072312521000032\mu-20210304.htm,,1,PASS,True,True,VALID_INLINE_XBRL,"status=PASS, physical counts non-zero and internally consistent, recorded counts match physical: {'xbrl_facts': 1119, 'xbrl_contexts': 294, 'xbrl_units': 10, 'xbrl_concepts': 1112, 'xbrl_labels': 1292, 'xbrl_presentation_relationships': 652, 'xbrl_calculation_relationships': 122, 'xbrl_definition_relationships': 914, 'xbrl_roles': 114}"
MU,10-Q,2021-06-03,2021-07-01,0000723125-21-000052,True,True,mu-20210603.htm,INLINE_XBRL,C:\AI_Stock_Agent\data\sec_filings_locked\MU\000072312521000052\mu-20210603.htm,,1,PASS,True,True,VALID_INLINE_XBRL,"status=PASS, physical counts non-zero and internally consistent, recorded counts match physical: {'xbrl_facts': 1253, 'xbrl_contexts': 359, 'xbrl_units': 10, 'xbrl_concepts': 1168, 'xbrl_labels': 1426, 'xbrl_presentation_relationships': 742, 'xbrl_calculation_relationships': 125, 'xbrl_definition_relationships': 1009, 'xbrl_roles': 120}"
MU,10-K,2021-09-02,2021-10-08,0000723125-21-000065,True,True,mu-20210902.htm,INLINE_XBRL,C:\AI_Stock_Agent\data\sec_filings_locked\MU\000072312521000065\mu-20210902.htm,,1,PASS,True,True,VALID_INLINE_XBRL,"status=PASS, physical counts non-zero and internally consistent, recorded counts match physical: {'xbrl_facts': 1649, 'xbrl_contexts': 433, 'xbrl_units': 9, 'xbrl_concepts': 1429, 'xbrl_labels': 1978, 'xbrl_presentation_relationships': 1102, 'xbrl_calculation_relationships': 183, 'xbrl_definition_relationships': 1297, 'xbrl_roles': 170}"
MU,10-Q,2021-12-02,2022-01-06,0000723125-22-000004,True,True,mu-20211202.htm,INLINE_XBRL,C:\AI_Stock_Agent\data\sec_filings_locked\MU\000072312522000004\mu-20211202.htm,,1,PASS,True,True,VALID_INLINE_XBRL,"status=PASS, physical counts non-zero and internally consistent, recorded counts match physical: {'xbrl_facts': 881, 'xbrl_contexts': 215, 'xbrl_units': 9, 'xbrl_concepts': 1134, 'xbrl_labels': 1313, 'xbrl_presentation_relationships': 676, 'xbrl_calculation_relationships': 126, 'xbrl_definition_relationships': 963, 'xbrl_roles': 113}"
MU,10-Q,2022-03-03,2022-03-30,0000723125-22-000016,True,True,mu-20220303.htm,INLINE_XBRL,C:\AI_Stock_Agent\data\sec_filings_locked\MU\000072312522000016\mu-20220303.htm,,1,PASS,True,True,VALID_INLINE_XBRL,"status=PASS, physical counts non-zero and internally consistent, recorded counts match physical: {'xbrl_facts': 1123, 'xbrl_contexts': 294, 'xbrl_units': 8, 'xbrl_concepts': 1152, 'xbrl_labels': 1355, 'xbrl_presentation_relationships': 700, 'xbrl_calculation_relationships': 128, 'xbrl_definition_relationships': 985, 'xbrl_roles': 117}"
MU,10-Q,2022-06-02,2022-07-01,0000723125-22-000036,True,True,mu-20220602.htm,INLINE_XBRL,C:\AI_Stock_Agent\data\sec_filings_locked\MU\000072312522000036\mu-20220602.htm,,1,PASS,True,True,VALID_INLINE_XBRL,"status=PASS, physical counts non-zero and internally consistent, recorded counts match physical: {'xbrl_facts': 1195, 'xbrl_contexts': 326, 'xbrl_units': 8, 'xbrl_concepts': 1152, 'xbrl_labels': 1354, 'xbrl_presentation_relationships': 705, 'xbrl_calculation_relationships': 130, 'xbrl_definition_relationships': 984, 'xbrl_roles': 117}"
MU,10-K,2022-09-01,2022-10-07,0000723125-22-000048,True,True,mu-20220901.htm,INLINE_XBRL,C:\AI_Stock_Agent\data\sec_filings_locked\MU\000072312522000048\mu-20220901.htm,,1,PASS,True,True,VALID_INLINE_XBRL,"status=PASS, physical counts non-zero and internally consistent, recorded counts match physical: {'xbrl_facts': 1628, 'xbrl_contexts': 405, 'xbrl_units': 8, 'xbrl_concepts': 1405, 'xbrl_labels': 1945, 'xbrl_presentation_relationships': 1081, 'xbrl_calculation_relationships': 183, 'xbrl_definition_relationships': 1261, 'xbrl_roles': 162}"
MU,10-Q,2022-12-01,2022-12-22,0000723125-22-000072,True,True,mu-20221201.htm,INLINE_XBRL,C:\AI_Stock_Agent\data\sec_filings_locked\MU\000072312522000072\mu-20221201.htm,,1,PASS,True,True,VALID_INLINE_XBRL,"status=PASS, physical counts non-zero and internally consistent, recorded counts match physical: {'xbrl_facts': 896, 'xbrl_contexts': 224, 'xbrl_units': 9, 'xbrl_concepts': 1101, 'xbrl_labels': 1267, 'xbrl_presentation_relationships': 639, 'xbrl_calculation_relationships': 123, 'xbrl_definition_relationships': 914, 'xbrl_roles': 109}"
MU,10-Q,2023-03-02,2023-03-29,0000723125-23-000022,True,True,mu-20230302.htm,INLINE_XBRL,C:\AI_Stock_Agent\data\sec_filings_locked\MU\000072312523000022\mu-20230302.htm,,1,PASS,True,True,VALID_INLINE_XBRL,"status=PASS, physical counts non-zero and internally consistent, recorded counts match physical: {'xbrl_facts': 1171, 'xbrl_contexts': 313, 'xbrl_units': 9, 'xbrl_concepts': 1142, 'xbrl_labels': 1358, 'xbrl_presentation_relationships': 684, 'xbrl_calculation_relationships': 129, 'xbrl_definition_relationships': 951, 'xbrl_roles': 118}"
MU,10-Q,2023-06-01,2023-06-29,0000723125-23-000041,True,True,mu-20230601.htm,INLINE_XBRL,C:\AI_Stock_Agent\data\sec_filings_locked\MU\000072312523000041\mu-20230601.htm,,1,PASS,True,True,VALID_INLINE_XBRL,"status=PASS, physical counts non-zero and internally consistent, recorded counts match physical: {'xbrl_facts': 1286, 'xbrl_contexts': 352, 'xbrl_units': 9, 'xbrl_concepts': 1146, 'xbrl_labels': 1375, 'xbrl_presentation_relationships': 691, 'xbrl_calculation_relationships': 131, 'xbrl_definition_relationships': 950, 'xbrl_roles': 119}"
MU,10-K,2023-08-31,2023-10-06,0000723125-23-000054,True,True,mu-20230831.htm,INLINE_XBRL,C:\AI_Stock_Agent\data\sec_filings_locked\MU\000072312523000054\mu-20230831.htm,,1,PASS,True,True,VALID_INLINE_XBRL,"status=PASS, physical counts non-zero and internally consistent, recorded counts match physical: {'xbrl_facts': 1705, 'xbrl_contexts': 434, 'xbrl_units': 9, 'xbrl_concepts': 1616, 'xbrl_labels': 2163, 'xbrl_presentation_relationships': 1213, 'xbrl_calculation_relationships': 187, 'xbrl_definition_relationships': 1492, 'xbrl_roles': 199}"
MU,10-Q,2023-11-30,2023-12-21,0000723125-23-000077,True,True,mu-20231130.htm,INLINE_XBRL,C:\AI_Stock_Agent\data\sec_filings_locked\MU\000072312523000077\mu-20231130.htm,,1,PASS,True,True,VALID_INLINE_XBRL,"status=PASS, physical counts non-zero and internally consistent, recorded counts match physical: {'xbrl_facts': 886, 'xbrl_contexts': 212, 'xbrl_units': 9, 'xbrl_concepts': 1275, 'xbrl_labels': 1403, 'xbrl_presentation_relationships': 727, 'xbrl_calculation_relationships': 118, 'xbrl_definition_relationships': 1128, 'xbrl_roles': 135}"
MU,10-Q,2024-02-29,2024-03-21,0000723125-24-000007,True,True,mu-20240229.htm,INLINE_XBRL,C:\AI_Stock_Agent\data\sec_filings_locked\MU\000072312524000007\mu-20240229.htm,,1,PASS,True,True,VALID_INLINE_XBRL,"status=PASS, physical counts non-zero and internally consistent, recorded counts match physical: {'xbrl_facts': 1173, 'xbrl_contexts': 296, 'xbrl_units': 9, 'xbrl_concepts': 1316, 'xbrl_labels': 1500, 'xbrl_presentation_relationships': 785, 'xbrl_calculation_relationships': 128, 'xbrl_definition_relationships': 1170, 'xbrl_roles': 146}"
MU,10-Q,2024-05-30,2024-06-27,0000723125-24-000019,True,True,mu-20240530.htm,INLINE_XBRL,C:\AI_Stock_Agent\data\sec_filings_locked\MU\000072312524000019\mu-20240530.htm,,1,PASS,True,True,VALID_INLINE_XBRL,"status=PASS, physical counts non-zero and internally consistent, recorded counts match physical: {'xbrl_facts': 1236, 'xbrl_contexts': 320, 'xbrl_units': 7, 'xbrl_concepts': 1322, 'xbrl_labels': 1515, 'xbrl_presentation_relationships': 795, 'xbrl_calculation_relationships': 130, 'xbrl_definition_relationships': 1187, 'xbrl_roles': 147}"
MU,10-K,2024-08-29,2024-10-04,0000723125-24-000027,True,True,mu-20240829.htm,INLINE_XBRL,C:\AI_Stock_Agent\data\sec_filings_locked\MU\000072312524000027\mu-20240829.htm,,1,PASS,True,True,VALID_INLINE_XBRL,"status=PASS, physical counts non-zero and internally consistent, recorded counts match physical: {'xbrl_facts': 1646, 'xbrl_contexts': 421, 'xbrl_units': 9, 'xbrl_concepts': 1752, 'xbrl_labels': 2158, 'xbrl_presentation_relationships': 1180, 'xbrl_calculation_relationships': 182, 'xbrl_definition_relationships': 1645, 'xbrl_roles': 188}"
MU,10-Q,2024-11-28,2024-12-19,0000723125-24-000047,True,True,mu-20241128.htm,INLINE_XBRL,C:\AI_Stock_Agent\data\sec_filings_locked\MU\000072312524000047\mu-20241128.htm,,1,PASS,True,True,VALID_INLINE_XBRL,"status=PASS, physical counts non-zero and internally consistent, recorded counts match physical: {'xbrl_facts': 904, 'xbrl_contexts': 220, 'xbrl_units': 7, 'xbrl_concepts': 1462, 'xbrl_labels': 1492, 'xbrl_presentation_relationships': 773, 'xbrl_calculation_relationships': 118, 'xbrl_definition_relationships': 1339, 'xbrl_roles': 141}"
MU,10-Q,2025-02-27,2025-03-21,0000723125-25-000009,True,True,mu-20250227.htm,INLINE_XBRL,C:\AI_Stock_Agent\data\sec_filings_locked\MU\000072312525000009\mu-20250227.htm,,1,PASS,True,True,VALID_INLINE_XBRL,"status=PASS, physical counts non-zero and internally consistent, recorded counts match physical: {'xbrl_facts': 1154, 'xbrl_contexts': 298, 'xbrl_units': 7, 'xbrl_concepts': 1487, 'xbrl_labels': 1551, 'xbrl_presentation_relationships': 816, 'xbrl_calculation_relationships': 122, 'xbrl_definition_relationships': 1375, 'xbrl_roles': 147}"
MU,10-Q,2025-05-29,2025-06-26,0000723125-25-000021,True,True,mu-20250529.htm,INLINE_XBRL,C:\AI_Stock_Agent\data\sec_filings_locked\MU\000072312525000021\mu-20250529.htm,,1,PASS,True,True,VALID_INLINE_XBRL,"status=PASS, physical counts non-zero and internally consistent, recorded counts match physical: {'xbrl_facts': 1258, 'xbrl_contexts': 341, 'xbrl_units': 7, 'xbrl_concepts': 1492, 'xbrl_labels': 1567, 'xbrl_presentation_relationships': 828, 'xbrl_calculation_relationships': 121, 'xbrl_definition_relationships': 1386, 'xbrl_roles': 147}"
MU,10-K,2025-08-28,2025-10-03,0000723125-25-000028,True,True,mu-20250828.htm,INLINE_XBRL,C:\AI_Stock_Agent\data\sec_filings_locked\MU\000072312525000028\mu-20250828.htm,,1,PASS,True,True,VALID_INLINE_XBRL,"status=PASS, physical counts non-zero and internally consistent, recorded counts match physical: {'xbrl_facts': 1851, 'xbrl_contexts': 401, 'xbrl_units': 8, 'xbrl_concepts': 1786, 'xbrl_labels': 2128, 'xbrl_presentation_relationships': 1243, 'xbrl_calculation_relationships': 181, 'xbrl_definition_relationships': 1734, 'xbrl_roles': 203}"
NVDA,10-K,2019-01-27,2019-02-21,0001045810-19-000023,True,True,nvda-2019x10k.htm,TRADITIONAL_XBRL_SEPARATE_INSTANCE,C:\AI_Stock_Agent\data\sec_filings_locked\NVDA\000104581019000023\nvda-20190127.xml,1,1,PASS,True,True,VALID_TRADITIONAL_XBRL,"status=PASS, physical counts non-zero and internally consistent, recorded counts match physical: {'xbrl_facts': 1211, 'xbrl_contexts': 267, 'xbrl_units': 7, 'xbrl_concepts': 936, 'xbrl_labels': 1436, 'xbrl_presentation_relationships': 788, 'xbrl_calculation_relationships': 155, 'xbrl_definition_relationships': 736, 'xbrl_roles': 123}"
NVDA,10-Q,2019-04-28,2019-05-16,0001045810-19-000079,True,True,nvda2020q110q.htm,TRADITIONAL_XBRL_SEPARATE_INSTANCE,C:\AI_Stock_Agent\data\sec_filings_locked\NVDA\000104581019000079\nvda-20190428.xml,1,2,PASS,True,False,FALSE_PASS_ZERO_CONTENT,"latest warehouse_runs row says status=PASS but physical xbrl_facts/contexts/concepts are all 0 (row_counts_json={""xbrl_facts"": 0, ""xbrl_contexts"": 0, ""xbrl_units"": 0, ""xbrl_concepts"": 0, ""xbrl_labels"": 0, ""xbrl_presentation_relationships"": 0, ""xbrl_calculation_relationships"": 0, ""xbrl_definition_relationships"": 0, ""xbrl_roles"": 0})"
NVDA,10-Q,2019-07-28,2019-08-15,0001045810-19-000144,True,True,nvda2020q210q.htm,INLINE_XBRL,C:\AI_Stock_Agent\data\sec_filings_locked\NVDA\000104581019000144\nvda2020q210q.htm,,1,PASS,True,True,VALID_INLINE_XBRL,"status=PASS, physical counts non-zero and internally consistent, recorded counts match physical: {'xbrl_facts': 920, 'xbrl_contexts': 186, 'xbrl_units': 5, 'xbrl_concepts': 875, 'xbrl_labels': 954, 'xbrl_presentation_relationships': 497, 'xbrl_calculation_relationships': 129, 'xbrl_definition_relationships': 665, 'xbrl_roles': 89}"
NVDA,10-Q,2019-10-27,2019-11-14,0001045810-19-000170,True,True,nvda2020q310q.htm,INLINE_XBRL,C:\AI_Stock_Agent\data\sec_filings_locked\NVDA\000104581019000170\nvda2020q310q.htm,,1,PASS,True,True,VALID_INLINE_XBRL,"status=PASS, physical counts non-zero and internally consistent, recorded counts match physical: {'xbrl_facts': 919, 'xbrl_contexts': 194, 'xbrl_units': 5, 'xbrl_concepts': 877, 'xbrl_labels': 958, 'xbrl_presentation_relationships': 495, 'xbrl_calculation_relationships': 130, 'xbrl_definition_relationships': 664, 'xbrl_roles': 88}"
NVDA,10-K,2020-01-26,2020-02-20,0001045810-20-000010,True,True,nvda-2020x10k.htm,INLINE_XBRL,C:\AI_Stock_Agent\data\sec_filings_locked\NVDA\000104581020000010\nvda-2020x10k.htm,,1,PASS,True,True,VALID_INLINE_XBRL,"status=PASS, physical counts non-zero and internally consistent, recorded counts match physical: {'xbrl_facts': 1271, 'xbrl_contexts': 260, 'xbrl_units': 6, 'xbrl_concepts': 1085, 'xbrl_labels': 1415, 'xbrl_presentation_relationships': 773, 'xbrl_calculation_relationships': 164, 'xbrl_definition_relationships': 842, 'xbrl_roles': 125}"
NVDA,10-Q,2020-04-26,2020-05-21,0001045810-20-000065,True,True,nvda-20200426.htm,INLINE_XBRL,C:\AI_Stock_Agent\data\sec_filings_locked\NVDA\000104581020000065\nvda-20200426.htm,,1,PASS,True,True,VALID_INLINE_XBRL,"status=PASS, physical counts non-zero and internally consistent, recorded counts match physical: {'xbrl_facts': 680, 'xbrl_contexts': 156, 'xbrl_units': 5, 'xbrl_concepts': 849, 'xbrl_labels': 911, 'xbrl_presentation_relationships': 480, 'xbrl_calculation_relationships': 115, 'xbrl_definition_relationships': 680, 'xbrl_roles': 90}"
NVDA,10-Q,2020-07-26,2020-08-19,0001045810-20-000147,True,True,nvda-20200726.htm,INLINE_XBRL,C:\AI_Stock_Agent\data\sec_filings_locked\NVDA\000104581020000147\nvda-20200726.htm,,1,PASS,True,True,VALID_INLINE_XBRL,"status=PASS, physical counts non-zero and internally consistent, recorded counts match physical: {'xbrl_facts': 962, 'xbrl_contexts': 232, 'xbrl_units': 5, 'xbrl_concepts': 1012, 'xbrl_labels': 1056, 'xbrl_presentation_relationships': 581, 'xbrl_calculation_relationships': 144, 'xbrl_definition_relationships': 862, 'xbrl_roles': 101}"
NVDA,10-Q,2020-10-25,2020-11-18,0001045810-20-000189,True,True,nvda-20201025.htm,INLINE_XBRL,C:\AI_Stock_Agent\data\sec_filings_locked\NVDA\000104581020000189\nvda-20201025.htm,,1,PASS,True,True,VALID_INLINE_XBRL,"status=PASS, physical counts non-zero and internally consistent, recorded counts match physical: {'xbrl_facts': 993, 'xbrl_contexts': 241, 'xbrl_units': 5, 'xbrl_concepts': 1030, 'xbrl_labels': 1108, 'xbrl_presentation_relationships': 617, 'xbrl_calculation_relationships': 147, 'xbrl_definition_relationships': 895, 'xbrl_roles': 110}"
NVDA,10-K,2021-01-31,2021-02-26,0001045810-21-000010,True,True,nvda-20210131.htm,INLINE_XBRL,C:\AI_Stock_Agent\data\sec_filings_locked\NVDA\000104581021000010\nvda-20210131.htm,,1,PASS,True,True,VALID_INLINE_XBRL,"status=PASS, physical counts non-zero and internally consistent, recorded counts match physical: {'xbrl_facts': 1309, 'xbrl_contexts': 296, 'xbrl_units': 6, 'xbrl_concepts': 1228, 'xbrl_labels': 1538, 'xbrl_presentation_relationships': 854, 'xbrl_calculation_relationships': 175, 'xbrl_definition_relationships': 1057, 'xbrl_roles': 138}"
NVDA,10-Q,2021-05-02,2021-05-26,0001045810-21-000064,True,True,nvda-20210502.htm,INLINE_XBRL,C:\AI_Stock_Agent\data\sec_filings_locked\NVDA\000104581021000064\nvda-20210502.htm,,1,PASS,True,True,VALID_INLINE_XBRL,"status=PASS, physical counts non-zero and internally consistent, recorded counts match physical: {'xbrl_facts': 773, 'xbrl_contexts': 165, 'xbrl_units': 5, 'xbrl_concepts': 990, 'xbrl_labels': 1017, 'xbrl_presentation_relationships': 542, 'xbrl_calculation_relationships': 134, 'xbrl_definition_relationships': 805, 'xbrl_roles': 104}"
NVDA,10-Q,2021-08-01,2021-08-20,0001045810-21-000131,True,True,nvda-20210801.htm,INLINE_XBRL,C:\AI_Stock_Agent\data\sec_filings_locked\NVDA\000104581021000131\nvda-20210801.htm,,1,PASS,True,True,VALID_INLINE_XBRL,"status=PASS, physical counts non-zero and internally consistent, recorded counts match physical: {'xbrl_facts': 1006, 'xbrl_contexts': 251, 'xbrl_units': 5, 'xbrl_concepts': 1016, 'xbrl_labels': 1071, 'xbrl_presentation_relationships': 566, 'xbrl_calculation_relationships': 138, 'xbrl_definition_relationships': 833, 'xbrl_roles': 102}"
NVDA,10-Q,2021-10-31,2021-11-22,0001045810-21-000163,True,True,nvda-20211031.htm,INLINE_XBRL,C:\AI_Stock_Agent\data\sec_filings_locked\NVDA\000104581021000163\nvda-20211031.htm,,1,PASS,True,True,VALID_INLINE_XBRL,"status=PASS, physical counts non-zero and internally consistent, recorded counts match physical: {'xbrl_facts': 1013, 'xbrl_contexts': 255, 'xbrl_units': 5, 'xbrl_concepts': 1019, 'xbrl_labels': 1079, 'xbrl_presentation_relationships': 568, 'xbrl_calculation_relationships': 142, 'xbrl_definition_relationships': 829, 'xbrl_roles': 103}"
NVDA,10-K,2022-01-30,2022-03-18,0001045810-22-000036,True,True,nvda-20220130.htm,INLINE_XBRL,C:\AI_Stock_Agent\data\sec_filings_locked\NVDA\000104581022000036\nvda-20220130.htm,,1,PASS,True,True,VALID_INLINE_XBRL,"status=PASS, physical counts non-zero and internally consistent, recorded counts match physical: {'xbrl_facts': 1307, 'xbrl_contexts': 293, 'xbrl_units': 6, 'xbrl_concepts': 1250, 'xbrl_labels': 1573, 'xbrl_presentation_relationships': 863, 'xbrl_calculation_relationships': 178, 'xbrl_definition_relationships': 1059, 'xbrl_roles': 146}"
NVDA,10-Q,2022-05-01,2022-05-27,0001045810-22-000079,True,True,nvda-20220501.htm,INLINE_XBRL,C:\AI_Stock_Agent\data\sec_filings_locked\NVDA\000104581022000079\nvda-20220501.htm,,1,PASS,True,True,VALID_INLINE_XBRL,"status=PASS, physical counts non-zero and internally consistent, recorded counts match physical: {'xbrl_facts': 764, 'xbrl_contexts': 159, 'xbrl_units': 5, 'xbrl_concepts': 1003, 'xbrl_labels': 1030, 'xbrl_presentation_relationships': 532, 'xbrl_calculation_relationships': 132, 'xbrl_definition_relationships': 805, 'xbrl_roles': 107}"
NVDA,10-Q,2022-07-31,2022-08-31,0001045810-22-000147,True,True,nvda-20220731.htm,INLINE_XBRL,C:\AI_Stock_Agent\data\sec_filings_locked\NVDA\000104581022000147\nvda-20220731.htm,,1,PASS,True,True,VALID_INLINE_XBRL,"status=PASS, physical counts non-zero and internally consistent, recorded counts match physical: {'xbrl_facts': 1015, 'xbrl_contexts': 210, 'xbrl_units': 5, 'xbrl_concepts': 999, 'xbrl_labels': 1051, 'xbrl_presentation_relationships': 542, 'xbrl_calculation_relationships': 139, 'xbrl_definition_relationships': 784, 'xbrl_roles': 107}"
NVDA,10-Q,2022-10-30,2022-11-18,0001045810-22-000166,True,True,nvda-20221030.htm,INLINE_XBRL,C:\AI_Stock_Agent\data\sec_filings_locked\NVDA\000104581022000166\nvda-20221030.htm,,1,PASS,True,True,VALID_INLINE_XBRL,"status=PASS, physical counts non-zero and internally consistent, recorded counts match physical: {'xbrl_facts': 1028, 'xbrl_contexts': 212, 'xbrl_units': 5, 'xbrl_concepts': 1006, 'xbrl_labels': 1069, 'xbrl_presentation_relationships': 555, 'xbrl_calculation_relationships': 142, 'xbrl_definition_relationships': 804, 'xbrl_roles': 108}"
NVDA,10-K,2023-01-29,2023-02-24,0001045810-23-000017,True,True,nvda-20230129.htm,INLINE_XBRL,C:\AI_Stock_Agent\data\sec_filings_locked\NVDA\000104581023000017\nvda-20230129.htm,,1,PASS,True,True,VALID_INLINE_XBRL,"status=PASS, physical counts non-zero and internally consistent, recorded counts match physical: {'xbrl_facts': 1397, 'xbrl_contexts': 294, 'xbrl_units': 6, 'xbrl_concepts': 1262, 'xbrl_labels': 1634, 'xbrl_presentation_relationships': 895, 'xbrl_calculation_relationships': 203, 'xbrl_definition_relationships': 1075, 'xbrl_roles': 148}"
NVDA,10-Q,2023-04-30,2023-05-26,0001045810-23-000093,True,True,nvda-20230430.htm,INLINE_XBRL,C:\AI_Stock_Agent\data\sec_filings_locked\NVDA\000104581023000093\nvda-20230430.htm,,1,PASS,True,True,VALID_INLINE_XBRL,"status=PASS, physical counts non-zero and internally consistent, recorded counts match physical: {'xbrl_facts': 797, 'xbrl_contexts': 161, 'xbrl_units': 5, 'xbrl_concepts': 1079, 'xbrl_labels': 1039, 'xbrl_presentation_relationships': 552, 'xbrl_calculation_relationships': 141, 'xbrl_definition_relationships': 901, 'xbrl_roles': 111}"
NVDA,10-Q,2023-07-30,2023-08-28,0001045810-23-000175,True,True,nvda-20230730.htm,INLINE_XBRL,C:\AI_Stock_Agent\data\sec_filings_locked\NVDA\000104581023000175\nvda-20230730.htm,,1,PASS,True,True,VALID_INLINE_XBRL,"status=PASS, physical counts non-zero and internally consistent, recorded counts match physical: {'xbrl_facts': 1066, 'xbrl_contexts': 220, 'xbrl_units': 5, 'xbrl_concepts': 1214, 'xbrl_labels': 1285, 'xbrl_presentation_relationships': 682, 'xbrl_calculation_relationships': 153, 'xbrl_definition_relationships': 1058, 'xbrl_roles': 140}"
NVDA,10-Q,2023-10-29,2023-11-21,0001045810-23-000227,True,True,nvda-20231029.htm,INLINE_XBRL,C:\AI_Stock_Agent\data\sec_filings_locked\NVDA\000104581023000227\nvda-20231029.htm,,1,PASS,True,True,VALID_INLINE_XBRL,"status=PASS, physical counts non-zero and internally consistent, recorded counts match physical: {'xbrl_facts': 1070, 'xbrl_contexts': 236, 'xbrl_units': 5, 'xbrl_concepts': 1221, 'xbrl_labels': 1294, 'xbrl_presentation_relationships': 702, 'xbrl_calculation_relationships': 150, 'xbrl_definition_relationships': 1085, 'xbrl_roles': 142}"
NVDA,10-K,2024-01-28,2024-02-21,0001045810-24-000029,True,True,nvda-20240128.htm,INLINE_XBRL,C:\AI_Stock_Agent\data\sec_filings_locked\NVDA\000104581024000029\nvda-20240128.htm,,1,PASS,True,True,VALID_INLINE_XBRL,"status=PASS, physical counts non-zero and internally consistent, recorded counts match physical: {'xbrl_facts': 1387, 'xbrl_contexts': 280, 'xbrl_units': 6, 'xbrl_concepts': 1419, 'xbrl_labels': 1726, 'xbrl_presentation_relationships': 966, 'xbrl_calculation_relationships': 194, 'xbrl_definition_relationships': 1268, 'xbrl_roles': 171}"
ORCL,10-Q,2019-08-31,2019-09-13,0001564590-19-034717,True,True,orcl-10q_20190831.htm,INLINE_XBRL,C:\AI_Stock_Agent\data\sec_filings_locked\ORCL\000156459019034717\orcl-10q_20190831.htm,,1,PASS,True,True,VALID_INLINE_XBRL,"status=PASS, physical counts non-zero and internally consistent, recorded counts match physical: {'xbrl_facts': 725, 'xbrl_contexts': 176, 'xbrl_units': 7, 'xbrl_concepts': 903, 'xbrl_labels': 1035, 'xbrl_presentation_relationships': 556, 'xbrl_calculation_relationships': 127, 'xbrl_definition_relationships': 792, 'xbrl_roles': 90}"
ORCL,10-Q,2019-11-30,2019-12-13,0001564590-19-045966,True,True,orcl-10q_20191130.htm,INLINE_XBRL,C:\AI_Stock_Agent\data\sec_filings_locked\ORCL\000156459019045966\orcl-10q_20191130.htm,,1,PASS,True,True,VALID_INLINE_XBRL,"status=PASS, physical counts non-zero and internally consistent, recorded counts match physical: {'xbrl_facts': 990, 'xbrl_contexts': 242, 'xbrl_units': 7, 'xbrl_concepts': 906, 'xbrl_labels': 1042, 'xbrl_presentation_relationships': 559, 'xbrl_calculation_relationships': 127, 'xbrl_definition_relationships': 794, 'xbrl_roles': 90}"
ORCL,10-Q,2020-02-29,2020-03-13,0001564590-20-010833,True,True,orcl-10q_20200229.htm,INLINE_XBRL,C:\AI_Stock_Agent\data\sec_filings_locked\ORCL\000156459020010833\orcl-10q_20200229.htm,,1,PASS,True,True,VALID_INLINE_XBRL,"status=PASS, physical counts non-zero and internally consistent, recorded counts match physical: {'xbrl_facts': 998, 'xbrl_contexts': 244, 'xbrl_units': 7, 'xbrl_concepts': 899, 'xbrl_labels': 1025, 'xbrl_presentation_relationships': 553, 'xbrl_calculation_relationships': 127, 'xbrl_definition_relationships': 786, 'xbrl_roles': 88}"
ORCL,10-K,2020-05-31,2020-06-22,0001564590-20-030125,True,True,orcl-10k_20200531.htm,INLINE_XBRL,C:\AI_Stock_Agent\data\sec_filings_locked\ORCL\000156459020030125\orcl-10k_20200531.htm,,1,PASS,True,True,VALID_INLINE_XBRL,"status=PASS, physical counts non-zero and internally consistent, recorded counts match physical: {'xbrl_facts': 2012, 'xbrl_contexts': 488, 'xbrl_units': 9, 'xbrl_concepts': 1288, 'xbrl_labels': 1961, 'xbrl_presentation_relationships': 1026, 'xbrl_calculation_relationships': 206, 'xbrl_definition_relationships': 1107, 'xbrl_roles': 147}"
ORCL,10-Q,2020-08-31,2020-09-15,0001564590-20-043448,True,True,orcl-10q_20200831.htm,INLINE_XBRL,C:\AI_Stock_Agent\data\sec_filings_locked\ORCL\000156459020043448\orcl-10q_20200831.htm,,1,PASS,True,True,VALID_INLINE_XBRL,"status=PASS, physical counts non-zero and internally consistent, recorded counts match physical: {'xbrl_facts': 678, 'xbrl_contexts': 173, 'xbrl_units': 7, 'xbrl_concepts': 949, 'xbrl_labels': 918, 'xbrl_presentation_relationships': 509, 'xbrl_calculation_relationships': 118, 'xbrl_definition_relationships': 841, 'xbrl_roles': 85}"
ORCL,10-Q,2020-11-30,2020-12-11,0001564590-20-056896,True,True,orcl-10q_20201130.htm,INLINE_XBRL,C:\AI_Stock_Agent\data\sec_filings_locked\ORCL\000156459020056896\orcl-10q_20201130.htm,,1,PASS,True,True,VALID_INLINE_XBRL,"status=PASS, physical counts non-zero and internally consistent, recorded counts match physical: {'xbrl_facts': 934, 'xbrl_contexts': 240, 'xbrl_units': 7, 'xbrl_concepts': 952, 'xbrl_labels': 924, 'xbrl_presentation_relationships': 513, 'xbrl_calculation_relationships': 118, 'xbrl_definition_relationships': 845, 'xbrl_roles': 85}"
ORCL,10-Q,2021-02-28,2021-03-11,0001564590-21-012539,True,True,orcl-10q_20210228.htm,INLINE_XBRL,C:\AI_Stock_Agent\data\sec_filings_locked\ORCL\000156459021012539\orcl-10q_20210228.htm,,1,PASS,True,True,VALID_INLINE_XBRL,"status=PASS, physical counts non-zero and internally consistent, recorded counts match physical: {'xbrl_facts': 946, 'xbrl_contexts': 239, 'xbrl_units': 7, 'xbrl_concepts': 955, 'xbrl_labels': 933, 'xbrl_presentation_relationships': 517, 'xbrl_calculation_relationships': 119, 'xbrl_definition_relationships': 843, 'xbrl_roles': 85}"
ORCL,10-K,2021-05-31,2021-06-21,0001564590-21-033616,True,True,orcl-10k_20210531.htm,INLINE_XBRL,C:\AI_Stock_Agent\data\sec_filings_locked\ORCL\000156459021033616\orcl-10k_20210531.htm,,1,PASS,True,True,VALID_INLINE_XBRL,"status=PASS, physical counts non-zero and internally consistent, recorded counts match physical: {'xbrl_facts': 1989, 'xbrl_contexts': 492, 'xbrl_units': 8, 'xbrl_concepts': 1376, 'xbrl_labels': 1937, 'xbrl_presentation_relationships': 1022, 'xbrl_calculation_relationships': 206, 'xbrl_definition_relationships': 1200, 'xbrl_roles': 149}"
ORCL,10-Q,2021-08-31,2021-09-13,0001564590-21-047772,True,True,orcl-10q_20210831.htm,INLINE_XBRL,C:\AI_Stock_Agent\data\sec_filings_locked\ORCL\000156459021047772\orcl-10q_20210831.htm,,1,PASS,True,True,VALID_INLINE_XBRL,"status=PASS, physical counts non-zero and internally consistent, recorded counts match physical: {'xbrl_facts': 618, 'xbrl_contexts': 140, 'xbrl_units': 7, 'xbrl_concepts': 918, 'xbrl_labels': 837, 'xbrl_presentation_relationships': 460, 'xbrl_calculation_relationships': 115, 'xbrl_definition_relationships': 807, 'xbrl_roles': 79}"
ORCL,10-Q,2021-11-30,2021-12-10,0001564590-21-060022,True,True,orcl-10q_20211130.htm,INLINE_XBRL,C:\AI_Stock_Agent\data\sec_filings_locked\ORCL\000156459021060022\orcl-10q_20211130.htm,,1,PASS,True,True,VALID_INLINE_XBRL,"status=PASS, physical counts non-zero and internally consistent, recorded counts match physical: {'xbrl_facts': 846, 'xbrl_contexts': 191, 'xbrl_units': 7, 'xbrl_concepts': 922, 'xbrl_labels': 847, 'xbrl_presentation_relationships': 464, 'xbrl_calculation_relationships': 115, 'xbrl_definition_relationships': 811, 'xbrl_roles': 79}"
ORCL,10-Q,2022-02-28,2022-03-11,0001564590-22-009859,True,True,orcl-10q_20220228.htm,INLINE_XBRL,C:\AI_Stock_Agent\data\sec_filings_locked\ORCL\000156459022009859\orcl-10q_20220228.htm,,1,PASS,True,True,VALID_INLINE_XBRL,"status=PASS, physical counts non-zero and internally consistent, recorded counts match physical: {'xbrl_facts': 875, 'xbrl_contexts': 204, 'xbrl_units': 7, 'xbrl_concepts': 954, 'xbrl_labels': 915, 'xbrl_presentation_relationships': 505, 'xbrl_calculation_relationships': 115, 'xbrl_definition_relationships': 846, 'xbrl_roles': 84}"
ORCL,10-K,2022-05-31,2022-06-21,0001564590-22-023675,True,True,orcl-10k_20220531.htm,INLINE_XBRL,C:\AI_Stock_Agent\data\sec_filings_locked\ORCL\000156459022023675\orcl-10k_20220531.htm,,1,PASS,True,True,VALID_INLINE_XBRL,"status=PASS, physical counts non-zero and internally consistent, recorded counts match physical: {'xbrl_facts': 1896, 'xbrl_contexts': 459, 'xbrl_units': 8, 'xbrl_concepts': 1356, 'xbrl_labels': 1870, 'xbrl_presentation_relationships': 992, 'xbrl_calculation_relationships': 189, 'xbrl_definition_relationships': 1190, 'xbrl_roles': 142}"
ORCL,10-Q,2022-08-31,2022-09-13,0001564590-22-031545,True,True,orcl-10q_20220831.htm,INLINE_XBRL,C:\AI_Stock_Agent\data\sec_filings_locked\ORCL\000156459022031545\orcl-10q_20220831.htm,,1,PASS,True,True,VALID_INLINE_XBRL,"status=PASS, physical counts non-zero and internally consistent, recorded counts match physical: {'xbrl_facts': 707, 'xbrl_contexts': 180, 'xbrl_units': 7, 'xbrl_concepts': 974, 'xbrl_labels': 995, 'xbrl_presentation_relationships': 557, 'xbrl_calculation_relationships': 104, 'xbrl_definition_relationships': 884, 'xbrl_roles': 89}"
ORCL,10-Q,2022-11-30,2022-12-13,0001564590-22-039278,True,True,orcl-10q_20221130.htm,INLINE_XBRL,C:\AI_Stock_Agent\data\sec_filings_locked\ORCL\000156459022039278\orcl-10q_20221130.htm,,1,PASS,True,True,VALID_INLINE_XBRL,"status=PASS, physical counts non-zero and internally consistent, recorded counts match physical: {'xbrl_facts': 973, 'xbrl_contexts': 248, 'xbrl_units': 7, 'xbrl_concepts': 986, 'xbrl_labels': 1021, 'xbrl_presentation_relationships': 574, 'xbrl_calculation_relationships': 107, 'xbrl_definition_relationships': 897, 'xbrl_roles': 93}"
ORCL,10-Q,2023-02-28,2023-03-10,0001564590-23-003413,True,True,orcl-10q_20230228.htm,INLINE_XBRL,C:\AI_Stock_Agent\data\sec_filings_locked\ORCL\000156459023003413\orcl-10q_20230228.htm,,1,PASS,True,True,VALID_INLINE_XBRL,"status=PASS, physical counts non-zero and internally consistent, recorded counts match physical: {'xbrl_facts': 994, 'xbrl_contexts': 249, 'xbrl_units': 7, 'xbrl_concepts': 992, 'xbrl_labels': 1035, 'xbrl_presentation_relationships': 578, 'xbrl_calculation_relationships': 107, 'xbrl_definition_relationships': 901, 'xbrl_roles': 93}"
ORCL,10-K,2023-05-31,2023-06-20,0000950170-23-028914,True,True,orcl-20230531.htm,INLINE_XBRL,C:\AI_Stock_Agent\data\sec_filings_locked\ORCL\000095017023028914\orcl-20230531.htm,,1,PASS,True,True,VALID_INLINE_XBRL,"status=PASS, physical counts non-zero and internally consistent, recorded counts match physical: {'xbrl_facts': 2020, 'xbrl_contexts': 510, 'xbrl_units': 9, 'xbrl_concepts': 1397, 'xbrl_labels': 2111, 'xbrl_presentation_relationships': 1054, 'xbrl_calculation_relationships': 189, 'xbrl_definition_relationships': 1234, 'xbrl_roles': 143}"
ORCL,10-Q,2023-08-31,2023-09-12,0000950170-23-047713,True,True,orcl-20230831.htm,INLINE_XBRL,C:\AI_Stock_Agent\data\sec_filings_locked\ORCL\000095017023047713\orcl-20230831.htm,,1,PASS,True,True,VALID_INLINE_XBRL,"status=PASS, physical counts non-zero and internally consistent, recorded counts match physical: {'xbrl_facts': 624, 'xbrl_contexts': 143, 'xbrl_units': 6, 'xbrl_concepts': 1197, 'xbrl_labels': 1346, 'xbrl_presentation_relationships': 681, 'xbrl_calculation_relationships': 107, 'xbrl_definition_relationships': 1118, 'xbrl_roles': 117}"
ORCL,10-Q,2023-11-30,2023-12-12,0000950170-23-069682,True,True,orcl-20231130.htm,INLINE_XBRL,C:\AI_Stock_Agent\data\sec_filings_locked\ORCL\000095017023069682\orcl-20231130.htm,,1,PASS,True,True,VALID_INLINE_XBRL,"status=PASS, physical counts non-zero and internally consistent, recorded counts match physical: {'xbrl_facts': 850, 'xbrl_contexts': 190, 'xbrl_units': 6, 'xbrl_concepts': 1199, 'xbrl_labels': 1348, 'xbrl_presentation_relationships': 681, 'xbrl_calculation_relationships': 107, 'xbrl_definition_relationships': 1118, 'xbrl_roles': 117}"
ORCL,10-Q,2024-02-29,2024-03-12,0000950170-24-029904,True,True,orcl-20240229.htm,INLINE_XBRL,C:\AI_Stock_Agent\data\sec_filings_locked\ORCL\000095017024029904\orcl-20240229.htm,,1,PASS,True,True,VALID_INLINE_XBRL,"status=PASS, physical counts non-zero and internally consistent, recorded counts match physical: {'xbrl_facts': 858, 'xbrl_contexts': 196, 'xbrl_units': 6, 'xbrl_concepts': 1197, 'xbrl_labels': 1350, 'xbrl_presentation_relationships': 679, 'xbrl_calculation_relationships': 107, 'xbrl_definition_relationships': 1138, 'xbrl_roles': 115}"
ORCL,10-K,2024-05-31,2024-06-20,0000950170-24-075605,True,True,orcl-20240531.htm,INLINE_XBRL,C:\AI_Stock_Agent\data\sec_filings_locked\ORCL\000095017024075605\orcl-20240531.htm,,1,PASS,True,True,VALID_INLINE_XBRL,"status=PASS, physical counts non-zero and internally consistent, recorded counts match physical: {'xbrl_facts': 2017, 'xbrl_contexts': 514, 'xbrl_units': 9, 'xbrl_concepts': 1617, 'xbrl_labels': 2412, 'xbrl_presentation_relationships': 1182, 'xbrl_calculation_relationships': 0, 'xbrl_definition_relationships': 1483, 'xbrl_roles': 139}"
PANW,10-Q,2020-10-31,2020-11-19,0001327567-20-000041,True,True,panw-20201031.htm,INLINE_XBRL,C:\AI_Stock_Agent\data\sec_filings_locked\PANW\000132756720000041\panw-20201031.htm,,1,PASS,True,True,VALID_INLINE_XBRL,"status=PASS, physical counts non-zero and internally consistent, recorded counts match physical: {'xbrl_facts': 843, 'xbrl_contexts': 225, 'xbrl_units': 5, 'xbrl_concepts': 925, 'xbrl_labels': 1069, 'xbrl_presentation_relationships': 594, 'xbrl_calculation_relationships': 101, 'xbrl_definition_relationships': 850, 'xbrl_roles': 123}"
PANW,10-Q,2021-01-31,2021-02-23,0001327567-21-000004,True,True,panw-20210131.htm,INLINE_XBRL,C:\AI_Stock_Agent\data\sec_filings_locked\PANW\000132756721000004\panw-20210131.htm,,1,PASS,True,True,VALID_INLINE_XBRL,"status=PASS, physical counts non-zero and internally consistent, recorded counts match physical: {'xbrl_facts': 1139, 'xbrl_contexts': 302, 'xbrl_units': 5, 'xbrl_concepts': 971, 'xbrl_labels': 1178, 'xbrl_presentation_relationships': 662, 'xbrl_calculation_relationships': 121, 'xbrl_definition_relationships': 918, 'xbrl_roles': 129}"
PANW,10-Q,2021-04-30,2021-05-21,0001327567-21-000014,True,True,panw-20210430.htm,INLINE_XBRL,C:\AI_Stock_Agent\data\sec_filings_locked\PANW\000132756721000014\panw-20210430.htm,,1,PASS,True,True,VALID_INLINE_XBRL,"status=PASS, physical counts non-zero and internally consistent, recorded counts match physical: {'xbrl_facts': 1182, 'xbrl_contexts': 316, 'xbrl_units': 5, 'xbrl_concepts': 1059, 'xbrl_labels': 1159, 'xbrl_presentation_relationships': 654, 'xbrl_calculation_relationships': 120, 'xbrl_definition_relationships': 993, 'xbrl_roles': 125}"
PANW,10-K,2021-07-31,2021-09-03,0001327567-21-000029,True,True,panw-20210731.htm,INLINE_XBRL,C:\AI_Stock_Agent\data\sec_filings_locked\PANW\000132756721000029\panw-20210731.htm,,1,PASS,True,True,VALID_INLINE_XBRL,"status=PASS, physical counts non-zero and internally consistent, recorded counts match physical: {'xbrl_facts': 1826, 'xbrl_contexts': 473, 'xbrl_units': 10, 'xbrl_concepts': 1354, 'xbrl_labels': 1849, 'xbrl_presentation_relationships': 1124, 'xbrl_calculation_relationships': 156, 'xbrl_definition_relationships': 1330, 'xbrl_roles': 183}"
PANW,10-Q,2021-10-31,2021-11-19,0001327567-21-000040,True,True,panw-20211031.htm,INLINE_XBRL,C:\AI_Stock_Agent\data\sec_filings_locked\PANW\000132756721000040\panw-20211031.htm,,1,PASS,True,True,VALID_INLINE_XBRL,"status=PASS, physical counts non-zero and internally consistent, recorded counts match physical: {'xbrl_facts': 952, 'xbrl_contexts': 250, 'xbrl_units': 6, 'xbrl_concepts': 1051, 'xbrl_labels': 1142, 'xbrl_presentation_relationships': 620, 'xbrl_calculation_relationships': 112, 'xbrl_definition_relationships': 963, 'xbrl_roles': 111}"
PANW,10-Q,2022-01-31,2022-02-23,0001327567-22-000008,True,True,panw-20220131.htm,INLINE_XBRL,C:\AI_Stock_Agent\data\sec_filings_locked\PANW\000132756722000008\panw-20220131.htm,,1,PASS,True,True,VALID_INLINE_XBRL,"status=PASS, physical counts non-zero and internally consistent, recorded counts match physical: {'xbrl_facts': 1164, 'xbrl_contexts': 333, 'xbrl_units': 6, 'xbrl_concepts': 1049, 'xbrl_labels': 1134, 'xbrl_presentation_relationships': 618, 'xbrl_calculation_relationships': 113, 'xbrl_definition_relationships': 960, 'xbrl_roles': 114}"
PANW,10-Q,2022-04-30,2022-05-20,0001327567-22-000016,True,True,panw-20220430.htm,INLINE_XBRL,C:\AI_Stock_Agent\data\sec_filings_locked\PANW\000132756722000016\panw-20220430.htm,,1,PASS,True,True,VALID_INLINE_XBRL,"status=PASS, physical counts non-zero and internally consistent, recorded counts match physical: {'xbrl_facts': 1200, 'xbrl_contexts': 336, 'xbrl_units': 6, 'xbrl_concepts': 1060, 'xbrl_labels': 1143, 'xbrl_presentation_relationships': 622, 'xbrl_calculation_relationships': 115, 'xbrl_definition_relationships': 962, 'xbrl_roles': 114}"
PANW,10-K,2022-07-31,2022-09-06,0001327567-22-000028,True,True,panw-20220731.htm,INLINE_XBRL,C:\AI_Stock_Agent\data\sec_filings_locked\PANW\000132756722000028\panw-20220731.htm,,1,PASS,True,True,VALID_INLINE_XBRL,"status=PASS, physical counts non-zero and internally consistent, recorded counts match physical: {'xbrl_facts': 1768, 'xbrl_contexts': 456, 'xbrl_units': 10, 'xbrl_concepts': 1345, 'xbrl_labels': 1802, 'xbrl_presentation_relationships': 1048, 'xbrl_calculation_relationships': 189, 'xbrl_definition_relationships': 1244, 'xbrl_roles': 179}"
PANW,10-Q,2022-10-31,2022-11-18,0001327567-22-000038,True,True,panw-20221031.htm,INLINE_XBRL,C:\AI_Stock_Agent\data\sec_filings_locked\PANW\000132756722000038\panw-20221031.htm,,1,PASS,True,True,VALID_INLINE_XBRL,"status=PASS, physical counts non-zero and internally consistent, recorded counts match physical: {'xbrl_facts': 1024, 'xbrl_contexts': 272, 'xbrl_units': 5, 'xbrl_concepts': 1040, 'xbrl_labels': 1123, 'xbrl_presentation_relationships': 621, 'xbrl_calculation_relationships': 136, 'xbrl_definition_relationships': 950, 'xbrl_roles': 117}"
PANW,10-Q,2023-01-31,2023-02-22,0001327567-23-000006,True,True,panw-20230131.htm,INLINE_XBRL,C:\AI_Stock_Agent\data\sec_filings_locked\PANW\000132756723000006\panw-20230131.htm,,1,PASS,True,True,VALID_INLINE_XBRL,"status=PASS, physical counts non-zero and internally consistent, recorded counts match physical: {'xbrl_facts': 1252, 'xbrl_contexts': 329, 'xbrl_units': 5, 'xbrl_concepts': 1064, 'xbrl_labels': 1173, 'xbrl_presentation_relationships': 663, 'xbrl_calculation_relationships': 136, 'xbrl_definition_relationships': 973, 'xbrl_roles': 126}"
PANW,10-Q,2023-04-30,2023-05-24,0001327567-23-000014,True,True,panw-20230430.htm,INLINE_XBRL,C:\AI_Stock_Agent\data\sec_filings_locked\PANW\000132756723000014\panw-20230430.htm,,1,PASS,True,True,VALID_INLINE_XBRL,"status=PASS, physical counts non-zero and internally consistent, recorded counts match physical: {'xbrl_facts': 1277, 'xbrl_contexts': 335, 'xbrl_units': 5, 'xbrl_concepts': 1067, 'xbrl_labels': 1176, 'xbrl_presentation_relationships': 671, 'xbrl_calculation_relationships': 138, 'xbrl_definition_relationships': 979, 'xbrl_roles': 128}"
PANW,10-K,2023-07-31,2023-09-01,0001327567-23-000024,True,True,panw-20230731.htm,INLINE_XBRL,C:\AI_Stock_Agent\data\sec_filings_locked\PANW\000132756723000024\panw-20230731.htm,,1,PASS,True,True,VALID_INLINE_XBRL,"status=PASS, physical counts non-zero and internally consistent, recorded counts match physical: {'xbrl_facts': 1753, 'xbrl_contexts': 445, 'xbrl_units': 10, 'xbrl_concepts': 1525, 'xbrl_labels': 1948, 'xbrl_presentation_relationships': 1118, 'xbrl_calculation_relationships': 193, 'xbrl_definition_relationships': 1439, 'xbrl_roles': 200}"
PANW,10-Q,2023-10-31,2023-11-17,0001327567-23-000032,True,True,panw-20231031.htm,INLINE_XBRL,C:\AI_Stock_Agent\data\sec_filings_locked\PANW\000132756723000032\panw-20231031.htm,,1,PASS,True,True,VALID_INLINE_XBRL,"status=PASS, physical counts non-zero and internally consistent, recorded counts match physical: {'xbrl_facts': 989, 'xbrl_contexts': 305, 'xbrl_units': 5, 'xbrl_concepts': 1229, 'xbrl_labels': 1275, 'xbrl_presentation_relationships': 722, 'xbrl_calculation_relationships': 142, 'xbrl_definition_relationships': 1158, 'xbrl_roles': 143}"
PANW,10-Q,2024-01-31,2024-02-21,0001327567-24-000005,True,True,panw-20240131.htm,INLINE_XBRL,C:\AI_Stock_Agent\data\sec_filings_locked\PANW\000132756724000005\panw-20240131.htm,,1,PASS,True,True,VALID_INLINE_XBRL,"status=PASS, physical counts non-zero and internally consistent, recorded counts match physical: {'xbrl_facts': 1271, 'xbrl_contexts': 389, 'xbrl_units': 6, 'xbrl_concepts': 1278, 'xbrl_labels': 1389, 'xbrl_presentation_relationships': 787, 'xbrl_calculation_relationships': 143, 'xbrl_definition_relationships': 1206, 'xbrl_roles': 154}"
PANW,10-Q,2024-04-30,2024-05-21,0001327567-24-000017,True,True,panw-20240430.htm,INLINE_XBRL,C:\AI_Stock_Agent\data\sec_filings_locked\PANW\000132756724000017\panw-20240430.htm,,1,PASS,True,True,VALID_INLINE_XBRL,"status=PASS, physical counts non-zero and internally consistent, recorded counts match physical: {'xbrl_facts': 1220, 'xbrl_contexts': 353, 'xbrl_units': 6, 'xbrl_concepts': 1277, 'xbrl_labels': 1385, 'xbrl_presentation_relationships': 773, 'xbrl_calculation_relationships': 146, 'xbrl_definition_relationships': 1189, 'xbrl_roles': 150}"
PANW,10-K,2024-07-31,2024-09-06,0001327567-24-000029,True,True,panw-20240731.htm,INLINE_XBRL,C:\AI_Stock_Agent\data\sec_filings_locked\PANW\000132756724000029\panw-20240731.htm,,1,PASS,True,True,VALID_INLINE_XBRL,"status=PASS, physical counts non-zero and internally consistent, recorded counts match physical: {'xbrl_facts': 1731, 'xbrl_contexts': 496, 'xbrl_units': 9, 'xbrl_concepts': 1694, 'xbrl_labels': 2020, 'xbrl_presentation_relationships': 1140, 'xbrl_calculation_relationships': 189, 'xbrl_definition_relationships': 1594, 'xbrl_roles': 201}"
PANW,10-Q,2024-10-31,2024-11-21,0001327567-24-000040,True,True,panw-20241031.htm,INLINE_XBRL,C:\AI_Stock_Agent\data\sec_filings_locked\PANW\000132756724000040\panw-20241031.htm,,1,PASS,True,True,VALID_INLINE_XBRL,"status=PASS, physical counts non-zero and internally consistent, recorded counts match physical: {'xbrl_facts': 1106, 'xbrl_contexts': 335, 'xbrl_units': 6, 'xbrl_concepts': 1448, 'xbrl_labels': 1460, 'xbrl_presentation_relationships': 808, 'xbrl_calculation_relationships': 146, 'xbrl_definition_relationships': 1365, 'xbrl_roles': 151}"
PANW,10-Q,2025-01-31,2025-02-14,0001327567-25-000010,True,True,panw-20250131.htm,INLINE_XBRL,C:\AI_Stock_Agent\data\sec_filings_locked\PANW\000132756725000010\panw-20250131.htm,,1,PASS,True,True,VALID_INLINE_XBRL,"status=PASS, physical counts non-zero and internally consistent, recorded counts match physical: {'xbrl_facts': 1327, 'xbrl_contexts': 393, 'xbrl_units': 6, 'xbrl_concepts': 1454, 'xbrl_labels': 1480, 'xbrl_presentation_relationships': 811, 'xbrl_calculation_relationships': 147, 'xbrl_definition_relationships': 1360, 'xbrl_roles': 152}"
PANW,10-Q,2025-04-30,2025-05-21,0001327567-25-000017,True,True,panw-20250430.htm,INLINE_XBRL,C:\AI_Stock_Agent\data\sec_filings_locked\PANW\000132756725000017\panw-20250430.htm,,1,PASS,True,True,VALID_INLINE_XBRL,"status=PASS, physical counts non-zero and internally consistent, recorded counts match physical: {'xbrl_facts': 1293, 'xbrl_contexts': 389, 'xbrl_units': 6, 'xbrl_concepts': 1445, 'xbrl_labels': 1464, 'xbrl_presentation_relationships': 809, 'xbrl_calculation_relationships': 146, 'xbrl_definition_relationships': 1357, 'xbrl_roles': 152}"
PANW,10-K,2025-07-31,2025-08-29,0001327567-25-000027,True,True,panw-20250731.htm,INLINE_XBRL,C:\AI_Stock_Agent\data\sec_filings_locked\PANW\000132756725000027\panw-20250731.htm,,1,PASS,True,True,VALID_INLINE_XBRL,"status=PASS, physical counts non-zero and internally consistent, recorded counts match physical: {'xbrl_facts': 1742, 'xbrl_contexts': 475, 'xbrl_units': 9, 'xbrl_concepts': 1719, 'xbrl_labels': 1974, 'xbrl_presentation_relationships': 1122, 'xbrl_calculation_relationships': 200, 'xbrl_definition_relationships': 1601, 'xbrl_roles': 202}"
