ticker,date,open,high,low,close,adj_close,volume,dividend,split_ratio,cumulative_future_split_factor,nominal_open,nominal_high,nominal_low,nominal_close
NVDA,2020-01-02,5.96875,5.9977498054504395,5.918000221252441,5.9977498054504395,5.963803291320801,237536000,,,40.0,238.75,239.909992,236.720009,239.909992
NVDA,2020-01-03,5.877500057220459,5.9457502365112305,5.852499961853027,5.901750087738037,5.868346691131592,205384000,,,40.0,235.100002,237.830009,234.099998,236.070004
NVDA,2020-01-06,5.808000087738037,5.9317498207092285,5.781750202178955,5.926499843597412,5.892956733703613,262636000,,,40.0,232.320004,237.269993,231.270008,237.059994
NVDA,2020-01-07,5.954999923706055,6.044250011444092,5.909749984741211,5.9982500076293945,5.964301109313965,314856000,,,40.0,238.199997,241.77,236.389999,239.93
NVDA,2020-01-08,5.99399995803833,6.051000118255615,5.953750133514404,6.009500026702881,5.975487232208252,277108000,,,40.0,239.759998,242.040005,238.150005,240.380001
NVDA,2020-01-09,6.096250057220459,6.148250102996826,6.021500110626221,6.075500011444092,6.041112899780273,255112000,,,40.0,243.850002,245.930004,240.860004,243.02
NVDA,2020-01-10,6.1832499504089355,6.213749885559082,6.09375,6.107999801635742,6.073428630828857,316296000,,,40.0,247.329998,248.549995,243.75,244.319992
NVDA,2020-01-13,6.191500186920166,6.324749946594238,6.168749809265137,6.299499988555908,6.263844966888428,319840000,,,40.0,247.660007,252.989998,246.749992,251.98
NVDA,2020-01-14,6.256499767303467,6.2820000648498535,6.168749809265137,6.182000160217285,6.147012233734131,359088000,,,40.0,250.259991,251.280003,246.749992,247.280006
NVDA,2020-01-15,6.19474983215332,6.217249870300293,6.113249778747559,6.139249801635742,6.104503154754639,263104000,,,40.0,247.789993,248.689995,244.529991,245.569992
NVDA,2020-01-16,6.192999839782715,6.229249954223633,6.16949987411499,6.223249912261963,6.188028335571289,284192000,,,40.0,247.719994,249.169998,246.779995,248.929996
NVDA,2020-01-17,6.242499828338623,6.25,6.1842498779296875,6.23199987411499,6.196728229522705,253792000,,,40.0,249.699993,250.0,247.369995,249.279995
NVDA,2020-01-21,6.195250034332275,6.232250213623047,6.164249897003174,6.198500156402588,6.163416862487793,217916000,,,40.0,247.810001,249.290009,246.569996,247.940006
NVDA,2020-01-22,6.24399995803833,6.339749813079834,6.224999904632568,6.252749919891357,6.217360496520996,239240000,,,40.0,249.759998,253.589993,248.999996,250.109997
NVDA,2020-01-23,6.293000221252441,6.329999923706055,6.203750133514404,6.321499824523926,6.285720348358154,244516000,,,40.0,251.720009,253.199997,248.150005,252.859993
NVDA,2020-01-24,6.4375,6.487500190734863,6.207499980926514,6.26200008392334,6.226558685302734,373512000,,,40.0,257.5,259.500008,248.299999,250.480003
NVDA,2020-01-27,5.955999851226807,6.056250095367432,5.805749893188477,6.005000114440918,5.971012592315674,470536000,,,40.0,238.239994,242.250004,232.229996,240.200005
NVDA,2020-01-28,6.071249961853027,6.231750011444092,6.017749786376953,6.199250221252441,6.164164066314697,310976000,,,40.0,242.849998,249.27,240.709991,247.970009
NVDA,2020-01-29,6.184750080108643,6.2210001945495605,6.098499774932861,6.138500213623047,6.103756904602051,258848000,,,40.0,247.390003,248.840008,243.939991,245.540009
NVDA,2020-01-30,6.040249824523926,6.158750057220459,5.985000133514404,6.145249843597412,6.110469818115234,290504000,,,40.0,241.609993,246.350002,239.400005,245.809994
NVDA,2020-01-31,6.099249839782715,6.111249923706055,5.868750095367432,5.910749912261963,5.877295970916748,370420000,,,40.0,243.969994,244.449997,234.750004,236.429996
NVDA,2020-02-03,5.892499923706055,6.027750015258789,5.886250019073486,6.0082502365112305,5.974245071411133,255564000,,,40.0,235.699997,241.110001,235.450001,240.330009
NVDA,2020-02-04,6.150750160217285,6.197500228881836,6.100500106811523,6.178249835968018,6.143280506134033,271544000,,,40.0,246.030006,247.900009,244.020004,247.129993
NVDA,2020-02-05,6.299749851226807,6.309999942779541,6.1852498054504395,6.269000053405762,6.233518600463867,208220000,,,40.0,251.989994,252.399998,247.409992,250.760002
NVDA,2020-02-06,6.303500175476074,6.356249809265137,6.2220001220703125,6.356249809265137,6.3202738761901855,218284000,,,40.0,252.140007,254.249992,248.880005,254.249992
NVDA,2020-02-07,6.315999984741211,6.338250160217285,6.264249801635742,6.289750099182129,6.254152297973633,189752000,,,40.0,252.639999,253.530006,250.569992,251.590004
NVDA,2020-02-10,6.3125,6.574999809265137,6.307499885559082,6.574250221252441,6.537041664123535,529608000,,,40.0,252.5,262.999992,252.299995,262.970009
NVDA,2020-02-11,6.683000087738037,6.8125,6.6207499504089355,6.697249889373779,6.659344673156738,638556000,,,40.0,267.320004,272.5,264.829998,267.889996
NVDA,2020-02-12,6.750249862670898,6.820000171661377,6.711249828338623,6.813499927520752,6.774937152862549,374644000,,,40.0,270.009995,272.800007,268.449993,272.539997
NVDA,2020-02-13,6.755249977111816,6.836999893188477,6.727749824523926,6.769499778747559,6.731184482574463,528016000,,,40.0,270.209999,273.479996,269.109993,270.779991
NVDA,2020-02-14,7.18149995803833,7.3742499351501465,7.150000095367432,7.244750022888184,7.203746318817139,1041924000,,,40.0,287.259998,294.969997,286.000004,289.790001
NVDA,2020-02-18,7.140999794006348,7.432750225067139,7.121500015258789,7.414249897003174,7.372285842895508,620164000,,,40.0,285.639992,297.310009,284.860001,296.569996
NVDA,2020-02-19,7.53725004196167,7.885250091552734,7.53725004196167,7.867499828338623,7.822969913482666,694332000,,,40.0,301.490002,315.410004,301.490002,314.699993
NVDA,2020-02-20,7.819250106811523,7.9079999923706055,7.408750057220459,7.71750020980835,7.673820495605469,810052000,,,40.0,312.770004,316.32,296.350002,308.700008
NVDA,2020-02-21,7.604750156402588,7.630000114440918,7.266499996185303,7.351749897003174,7.310139179229736,768180000,,,40.0,304.190006,305.200005,290.66,294.069996
NVDA,2020-02-24,6.754749774932861,7.046750068664551,6.699999809265137,6.831999778747559,6.793330669403076,856916000,,,40.0,270.189991,281.870003,267.999992,273.279991
NVDA,2020-02-25,6.90749979019165,6.969749927520752,6.448999881744385,6.551249980926514,6.514171123504639,1055496000,,,40.0,276.299992,278.789997,257.959995,262.049999
NVDA,2020-02-26,6.551499843597412,6.886250019073486,6.550000190734863,6.691249847412109,6.653378963470459,747732000,,,40.0,262.059994,275.450001,262.000008,267.649994
NVDA,2020-02-27,6.372499942779541,6.675000190734863,6.222249984741211,6.315000057220459,6.283013343811035,906416000,0.004,,40.0,254.899998,267.000008,248.889999,252.600002
NVDA,2020-02-28,6.061500072479248,6.811500072479248,6.044750213623047,6.7517499923706055,6.717552185058594,1133252000,,,40.0,242.460003,272.460003,241.790009,270.07
NVDA,2020-03-02,6.922500133514404,6.9397501945495605,6.525000095367432,6.910749912261963,6.875746726989746,890744000,,,40.0,276.900005,277.590008,261.000004,276.429996
NVDA,2020-03-03,6.966750144958496,7.026750087738037,6.561500072479248,6.647250175476074,6.61358118057251,652792000,,,40.0,278.670006,281.070004,262.460003,265.890007
NVDA,2020-03-04,6.755000114440918,7.122250080108643,6.679999828338623,7.112750053405762,7.076722145080566,597408000,,,40.0,270.200005,284.890003,267.199993,284.510002
NVDA,2020-03-05,6.912499904632568,7.079999923706055,6.787499904632568,6.832250118255615,6.79764461517334,540328000,,,40.0,276.499996,283.199997,271.499996,273.290005
NVDA,2020-03-06,6.6519999504089355,6.709750175476074,6.449999809265137,6.651000022888184,6.617311000823975,515412000,,,40.0,266.079998,268.390007,257.999992,266.040001
NVDA,2020-03-09,5.997499942779541,6.485000133514404,5.954500198364258,6.136000156402588,6.104920864105225,614160000,,,40.0,239.899998,259.400005,238.180008,245.440006
NVDA,2020-03-10,6.41349983215332,6.5269999504089355,6.149750232696533,6.5269999504089355,6.493940830230713,580648000,,,40.0,256.539993,261.079998,245.990009,261.079998
NVDA,2020-03-11,6.386499881744385,6.414999961853027,6.0642499923706055,6.161749839782715,6.130539894104004,499964000,,,40.0,255.459995,256.599998,242.57,246.469994
NVDA,2020-03-12,5.636499881744385,5.9029998779296875,5.394999980926514,5.407750129699707,5.3803582191467285,816540000,,,40.0,225.459995,236.119995,215.799999,216.310005
NVDA,2020-03-13,5.762499809265137,6.0254998207092285,5.490250110626221,6.020999908447266,5.990502834320068,634836000,,,40.0,230.499992,241.019993,219.610004,240.839996
NVDA,2020-03-16,5.3102498054504395,5.652500152587891,4.849999904632568,4.909999847412109,4.885129451751709,726972000,,,40.0,212.409992,226.100006,193.999996,196.399994
NVDA,2020-03-17,5.022749900817871,5.521500110626221,4.775000095367432,5.4317498207092285,5.404237270355225,833632000,,,40.0,200.909996,220.860004,191.000004,217.269993
NVDA,2020-03-18,5.002500057220459,5.248499870300293,4.517000198364258,5.070499897003174,5.044816493988037,874268000,,,40.0,200.100002,209.939995,180.680008,202.819996
NVDA,2020-03-19,5.048999786376953,5.41825008392334,4.834750175476074,5.324250221252441,5.297281742095947,765512000,,,40.0,201.959991,216.730003,193.390007,212.970009
NVDA,2020-03-20,5.474999904632568,5.757999897003174,5.1282501220703125,5.143750190734863,5.117696285247803,804636000,,,40.0,218.999996,230.319996,205.130005,205.750008
NVDA,2020-03-23,5.142749786376953,5.4120001792907715,4.9629998207092285,5.317249774932861,5.290318012237549,643876000,,,40.0,205.709991,216.480007,198.519993,212.689991
NVDA,2020-03-24,5.724999904632568,6.316500186920166,5.701250076293945,6.229499816894531,6.1979475021362305,1101644000,,,40.0,228.999996,252.660007,228.050003,249.179993
NVDA,2020-03-25,6.34499979019165,6.545499801635742,6.0914998054504395,6.140500068664551,6.1093974113464355,793432000,,,40.0,253.799992,261.819992,243.659992,245.620003
NVDA,2020-03-26,6.348499774932861,6.555500030517578,6.25,6.431000232696533,6.398425579071045,696108000,,,40.0,253.939991,262.220001,250.0,257.240009
NVDA,2020-03-27,6.25,6.578000068664551,6.2170000076293945,6.3182501792907715,6.286247730255127,638828000,,,40.0,250.0,263.120003,248.68,252.730007
NVDA,2020-03-30,6.383999824523926,6.64900016784668,6.339749813079834,6.639750003814697,6.606118202209473,602252000,,,40.0,255.359993,265.960007,253.589993,265.59
NVDA,2020-03-31,6.679999828338623,6.885000228881836,6.443749904632568,6.590000152587891,6.55662202835083,949960000,,,40.0,267.199993,275.400009,257.749996,263.600006
NVDA,2020-04-01,6.391250133514404,6.538249969482422,6.0320000648498535,6.076749801635742,6.045970439910889,656912000,,,40.0,255.650005,261.529999,241.280003,243.069992
NVDA,2020-04-02,6.105999946594238,6.400000095367432,6.057750225067139,6.386750221252441,6.354400634765625,675764000,,,40.0,244.239998,256.000004,242.310009,255.470009
NVDA,2020-04-03,6.348999977111816,6.390749931335449,5.959750175476074,6.097750186920166,6.066864013671875,663212000,,,40.0,253.959999,255.629997,238.390007,243.910007
NVDA,2020-04-06,6.38100004196167,6.747000217437744,6.323249816894531,6.710000038146973,6.676013946533203,727884000,,,40.0,255.240002,269.880009,252.929993,268.400002
NVDA,2020-04-07,6.932499885559082,6.956250190734863,6.432499885559082,6.475749969482422,6.442950248718262,784520000,,,40.0,277.299995,278.250008,257.299995,259.029999
NVDA,2020-04-08,6.585249900817871,6.698750019073486,6.514999866485596,6.673749923706055,6.639946937561035,542444000,,,40.0,263.409996,267.950001,260.599995,266.949997
NVDA,2020-04-09,6.800000190734863,6.822999954223633,6.510499954223633,6.573750019073486,6.540454864501953,525564000,,,40.0,272.000008,272.919998,260.419998,262.950001
NVDA,2020-04-13,6.513750076293945,6.755000114440918,6.425000190734863,6.746250152587891,6.7120795249938965,398408000,,,40.0,260.550003,270.200005,257.000008,269.850006
NVDA,2020-04-14,6.875,7.132999897003174,6.847249984741211,7.098750114440918,7.0627946853637695,530948000,,,40.0,275.0,285.319996,273.889999,283.950005
NVDA,2020-04-15,6.929999828338623,7.104249954223633,6.884500026702881,7.020999908447266,6.985438823699951,366148000,,,40.0,277.199993,284.169998,275.380001,280.839996
NVDA,2020-04-16,7.177000045776367,7.474999904632568,7.163750171661377,7.367499828338623,7.330183029174805,745620000,,,40.0,287.080002,298.999996,286.550007,294.699993
NVDA,2020-04-17,7.449999809265137,7.471499919891357,7.173500061035156,7.308000087738037,7.270984649658203,539120000,,,40.0,297.999992,298.859997,286.940002,292.320004
NVDA,2020-04-20,7.181000232696533,7.337500095367432,7.131750106811523,7.176249980926514,7.139901638031006,449388000,,,40.0,287.240009,293.500004,285.270004,287.049999
NVDA,2020-04-21,7.057750225067139,7.1192498207092285,6.677750110626221,6.737750053405762,6.703621864318848,735160000,,,40.0,282.310009,284.769993,267.110004,269.510002
NVDA,2020-04-22,6.930749893188477,7.196750164031982,6.885000228881836,7.153749942779541,7.117516040802002,483356000,,,40.0,277.229996,287.870007,275.400009,286.149998
NVDA,2020-04-23,7.196000099182129,7.328499794006348,7.074999809265137,7.100249767303467,7.064286231994629,424160000,,,40.0,287.840004,293.139992,282.999992,284.009991
NVDA,2020-04-24,7.090000152587891,7.2417497634887695,7.014999866485596,7.239749908447266,7.203080177307129,352328000,,,40.0,283.600006,289.669991,280.599995,289.589996
NVDA,2020-04-27,7.374750137329102,7.587500095367432,7.349999904632568,7.427000045776367,7.38938045501709,479388000,,,40.0,294.990005,303.500004,293.999996,297.080002
NVDA,2020-04-28,7.574999809265137,7.605000019073486,7.278500080108643,7.283999919891357,7.247105121612549,442904000,,,40.0,302.999992,304.200001,291.140003,291.359997
NVDA,2020-04-29,7.419250011444092,7.514500141143799,7.34375,7.46150016784668,7.423706531524658,379160000,,,40.0,296.77,300.580006,293.75,298.460007
NVDA,2020-04-30,7.407249927520752,7.46150016784668,7.293000221252441,7.307000160217285,7.269988536834717,375916000,,,40.0,296.289997,298.460007,291.720009,292.280006
NVDA,2020-05-01,7.108749866485596,7.222499847412109,7.020999908447266,7.069499969482422,7.033693313598633,342096000,,,40.0,284.349995,288.899994,280.839996,282.779999
NVDA,2020-05-04,7.021999835968018,7.296000003814697,7.021999835968018,7.282249927520752,7.245366096496582,317556000,,,40.0,280.879993,291.84,280.879993,291.289997
NVDA,2020-05-05,7.386750221252441,7.506750106811523,7.282249927520752,7.343500137329102,7.306304454803467,368896000,,,40.0,295.470009,300.270004,291.289997,293.740005
NVDA,2020-05-06,7.423250198364258,7.550000190734863,7.385250091552734,7.44474983215332,7.407040596008301,323464000,,,40.0,296.930008,302.000008,295.410004,297.789993
NVDA,2020-05-07,7.584499835968018,7.6852498054504395,7.5329999923706055,7.6217498779296875,7.583144664764404,373732000,,,40.0,303.379993,307.409992,301.32,304.869995
NVDA,2020-05-08,7.693749904632568,7.818749904632568,7.659749984741211,7.8125,7.772930145263672,339216000,,,40.0,307.749996,312.749996,306.389999,312.5
NVDA,2020-05-11,7.807499885559082,8.112500190734863,7.778749942779541,8.065500259399414,8.02464771270752,469060000,,,40.0,312.299995,324.500008,311.149998,322.62001
NVDA,2020-05-12,8.123499870300293,8.172499656677246,7.792749881744385,7.802499771118164,7.762979507446289,493060000,,,40.0,324.939995,326.899986,311.709995,312.099991
NVDA,2020-05-13,7.917500019073486,8.078499794006348,7.594749927520752,7.78000020980835,7.740593910217285,625852000,,,40.0,316.700001,323.139992,303.789997,311.200008
NVDA,2020-05-14,7.841750144958496,8.03600025177002,7.6875,8.030500411987305,7.9898247718811035,602312000,,,40.0,313.670006,321.44001,307.5,321.220016
NVDA,2020-05-15,7.889750003814697,8.500499725341797,7.874000072479248,8.490750312805176,8.447742462158203,987660000,,,40.0,315.59,340.019989,314.960003,339.630013
NVDA,2020-05-18,8.760499954223633,8.916500091552734,8.680500030517578,8.750249862670898,8.705928802490234,774460000,,,40.0,350.419998,356.660004,347.220001,350.009995
NVDA,2020-05-19,8.790249824523926,9.087499618530273,8.762749671936035,8.805500030517578,8.760899543762207,717320000,,,40.0,351.609993,363.499985,350.509987,352.220001
NVDA,2020-05-20,8.991000175476074,9.043000221252441,8.888750076293945,8.970000267028809,8.924566268920898,587536000,,,40.0,359.640007,361.720009,355.550003,358.800011
NVDA,2020-05-21,9.05150032043457,9.052499771118164,8.737500190734863,8.775250434875488,8.730804443359375,761068000,,,40.0,362.060013,362.099991,349.500008,351.010017
NVDA,2020-05-22,8.825249671936035,9.093000411987305,8.713250160217285,9.026249885559082,8.98052978515625,1038764000,,,40.0,353.009987,363.720016,348.530006,361.049995
NVDA,2020-05-26,9.156749725341797,9.181750297546387,8.67199993133545,8.71774959564209,8.673592567443848,770780000,,,40.0,366.269989,367.270012,346.879997,348.709984
NVDA,2020-05-27,8.625,8.632749557495117,7.9967498779296875,8.525250434875488,8.482068061828613,1175892000,,,40.0,345.0,345.309982,319.869995,341.010017
NVDA,2020-05-28,8.412249565124512,8.760499954223633,8.379249572753906,8.487000465393066,8.444013595581055,734896000,,,40.0,336.489983,350.419998,335.169983,339.480019
NVDA,2020-05-29,8.554499626159668,8.875499725341797,8.484999656677246,8.875499725341797,8.830546379089355,745256000,,,40.0,342.179985,355.019989,339.399986,355.019989
NVDA,2020-06-01,8.833250045776367,8.840749740600586,8.689499855041504,8.806249618530273,8.761646270751953,389876000,,,40.0,353.330002,353.62999,347.579994,352.249985
NVDA,2020-06-02,8.796250343322754,8.837249755859375,8.657999992370605,8.825249671936035,8.78055191040039,391320000,,,40.0,351.850014,353.48999,346.32,353.009987
NVDA,2020-06-03,8.822250366210938,8.866250038146973,8.699999809265137,8.769499778747559,8.725082397460938,365440000,,,40.0,352.890015,354.650002,347.999992,350.779991
NVDA,2020-06-04,8.727999687194824,8.943249702453613,8.677499771118164,8.766500473022461,8.726076126098633,424280000,0.004,,40.0,349.119987,357.729988,347.099991,350.660019
NVDA,2020-06-05,8.794500350952148,8.996999740600586,8.708000183105469,8.920000076293945,8.87886905670166,481748000,,,40.0,351.780014,359.87999,348.320007,356.800003
NVDA,2020-06-08,8.877249717712402,8.889749526977539,8.685750007629395,8.805000305175781,8.764400482177734,387736000,,,40.0,355.089989,355.589981,347.43,352.200012
NVDA,2020-06-09,8.800000190734863,9.109749794006348,8.751250267028809,9.045999526977539,9.004287719726562,468488000,,,40.0,352.000008,364.389992,350.050011,361.839981
NVDA,2020-06-10,9.167750358581543,9.5,9.153499603271484,9.36674976348877,9.323559761047363,632180000,,,40.0,366.710014,380.0,366.139984,374.669991
NVDA,2020-06-11,9.149999618530273,9.261249542236328,8.78600025177002,8.796250343322754,8.755692481994629,583652000,,,40.0,365.999985,370.449982,351.44001,351.850014
NVDA,2020-06-12,9.162500381469727,9.187250137329102,8.70324993133545,8.932499885559082,8.891311645507812,570908000,,,40.0,366.500015,367.490005,348.129997,357.299995
NVDA,2020-06-15,8.815250396728516,9.182250022888184,8.743749618530273,9.173749923706055,9.131449699401855,400004000,,,40.0,352.610016,367.290001,349.749985,366.949997
NVDA,2020-06-16,9.225000381469727,9.26675033569336,8.838749885559082,9.068499565124512,9.026683807373047,535716000,,,40.0,369.000015,370.670013,353.549995,362.739983
NVDA,2020-06-17,9.113750457763672,9.298999786376953,9.070249557495117,9.236000061035156,9.193414688110352,408304000,,,40.0,364.550018,371.959991,362.809982,369.440002
NVDA,2020-06-18,9.22700023651123,9.282500267028809,9.114500045776367,9.218000411987305,9.175496101379395,254408000,,,40.0,369.080009,371.300011,364.580002,368.720016
NVDA,2020-06-19,9.242500305175781,9.444999694824219,9.227250099182129,9.261249542236328,9.218544960021973,524160000,,,40.0,369.700012,377.799988,369.090004,370.449982
NVDA,2020-06-22,9.300000190734863,9.53125,9.273249626159668,9.526749610900879,9.482820510864258,398468000,,,40.0,372.000008,381.25,370.929985,381.069984
NVDA,2020-06-23,9.550999641418457,9.642499923706055,9.407500267028809,9.449999809265137,9.40642261505127,375108000,,,40.0,382.039986,385.699997,376.300011,377.999992
NVDA,2020-06-24,9.476249694824219,9.556500434875488,9.144499778747559,9.23550033569336,9.192916870117188,449372000,,,40.0,379.049988,382.260017,365.779991,369.420013
NVDA,2020-06-25,9.35575008392334,9.505000114440918,9.182250022888184,9.489999771118164,9.446240425109863,376072000,,,40.0,374.230003,380.200005,367.290001,379.599991
NVDA,2020-06-26,9.5,9.5,9.125,9.154999732971191,9.112788200378418,592084000,,,40.0,380.0,380.0,365.0,366.199989
NVDA,2020-06-29,9.169750213623047,9.204500198364258,8.899999618530273,9.199999809265137,9.157576560974121,342248000,,,40.0,366.790009,368.180008,355.999985,367.999992
NVDA,2020-06-30,9.314000129699707,9.526249885559082,9.266500473022461,9.497750282287598,9.453956604003906,367892000,,,40.0,372.560005,381.049995,370.660019,379.910011
NVDA,2020-07-01,9.520750045776367,9.575750350952148,9.413000106811523,9.529999732971191,9.486056327819824,326648000,,,40.0,380.830002,383.030014,376.520004,381.199989
NVDA,2020-07-02,9.638999938964844,9.737500190734863,9.57824993133545,9.612250328063965,9.5679292678833,364056000,,,40.0,385.559998,389.500008,383.129997,384.490013
NVDA,2020-07-06,9.74174976348877,9.9087495803833,9.712499618530273,9.839249610900879,9.793880462646484,315892000,,,40.0,389.669991,396.349983,388.499985,393.569984
NVDA,2020-07-07,9.946249961853027,10.069999694824219,9.850749969482422,9.871749877929688,9.8262300491333,357800000,,,40.0,397.849998,402.799988,394.029999,394.869995
NVDA,2020-07-08,9.993749618530273,10.225000381469727,9.965499877929688,10.215999603271484,10.168890953063965,365480000,,,40.0,399.749985,409.000015,398.619995,408.639984
NVDA,2020-07-09,10.380249977111816,10.569999694824219,10.233499526977539,10.508999824523926,10.460542678833008,494548000,,,40.0,415.209999,422.799988,409.339981,420.359993
NVDA,2020-07-10,10.588749885559082,10.65524959564209,10.37874984741211,10.479249954223633,10.430929183959961,497676000,,,40.0,423.549995,426.209984,415.149994,419.169998
NVDA,2020-07-13,10.595000267028809,10.79224967956543,10.024999618530273,10.052249908447266,10.005897521972656,457076000,,,40.0,423.800011,431.689987,400.999985,402.089996
NVDA,2020-07-14,10.074999809265137,10.402750015258789,9.785499572753906,10.376999855041504,10.32915210723877,542676000,,,40.0,402.999992,416.110001,391.419983,415.079994
NVDA,2020-07-15,10.414250373840332,10.432999610900879,10.055749893188477,10.227250099182129,10.180091857910156,403984000,,,40.0,416.570015,417.319984,402.229996,409.090004
NVDA,2020-07-16,10.015000343322754,10.20674991607666,9.895500183105469,10.134750366210938,10.088017463684082,344964000,,,40.0,400.600014,408.269997,395.820007,405.390015
NVDA,2020-07-17,10.225500106811523,10.248499870300293,10.087750434875488,10.201499938964844,10.154460906982422,266284000,,,40.0,409.020004,409.939995,403.510017,408.059998
NVDA,2020-07-20,10.274250030517578,10.53125,10.156749725341797,10.510749816894531,10.462284088134766,284852000,,,40.0,410.970001,421.25,406.269989,420.429993
NVDA,2020-07-21,10.512999534606934,10.5600004196167,10.286749839782715,10.328499794006348,10.280875205993652,277036000,,,40.0,420.519981,422.400017,411.469994,413.139992
NVDA,2020-07-22,10.367500305175781,10.602499961853027,10.291500091552734,10.438750267028809,10.390615463256836,367292000,,,40.0,414.700012,424.099998,411.660004,417.550011
NVDA,2020-07-23,10.449999809265137,10.54699993133545,10.03125,10.12975025177002,10.083041191101074,411660000,,,40.0,417.999992,421.879997,401.25,405.19001
NVDA,2020-07-24,9.875,10.364749908447266,9.777000427246094,10.194499969482422,10.147491455078125,473292000,,,40.0,395.0,414.589996,391.080017,407.779999
NVDA,2020-07-27,10.232250213623047,10.441749572753906,10.21774959564209,10.421500205993652,10.373446464538574,292132000,,,40.0,409.290009,417.669983,408.709984,416.860008
NVDA,2020-07-28,10.374250411987305,10.381999969482422,10.209250450134277,10.215499877929688,10.16839599609375,271636000,,,40.0,414.970016,415.279999,408.370018,408.619995
NVDA,2020-07-29,10.39074993133545,10.516249656677246,10.347000122070312,10.465499877929688,10.417242050170898,284508000,,,40.0,415.629997,420.649986,413.880005,418.619995
NVDA,2020-07-30,10.375,10.623000144958496,10.295249938964844,10.61400032043457,10.565059661865234,308880000,,,40.0,415.0,424.920006,411.809998,424.560013
NVDA,2020-07-31,10.563249588012695,10.766500473022461,10.432999610900879,10.614749908447266,10.565807342529297,386080000,,,40.0,422.529984,430.660019,417.319984,424.589996
NVDA,2020-08-03,10.732500076293945,11.098750114440918,10.715250015258789,11.010250091552734,10.959482192993164,412720000,,,40.0,429.300003,443.950005,428.610001,440.410004
NVDA,2020-08-04,11.050000190734863,11.227749824523926,10.906000137329102,11.227749824523926,11.175975799560547,310336000,,,40.0,442.000008,449.109993,436.240005,449.109993
NVDA,2020-08-05,11.244000434875488,11.371749877929688,11.166250228881836,11.286749839782715,11.23470687866211,249924000,,,40.0,449.760017,454.869995,446.650009,451.469994
NVDA,2020-08-06,11.349749565124512,11.357999801635742,11.178750038146973,11.33549976348877,11.28322982788086,244316000,,,40.0,453.989983,454.319992,447.150002,453.419991
NVDA,2020-08-07,11.3125,11.50475025177002,11.037500381469727,11.19950008392334,11.147860527038574,342516000,,,40.0,452.5,460.19001,441.500015,447.980003
NVDA,2020-08-10,11.334250450134277,11.408249855041504,10.856499671936035,11.164999961853027,11.113519668579102,427796000,,,40.0,453.370018,456.329994,434.259987,446.599998
NVDA,2020-08-11,11.073749542236328,11.136750221252441,10.79574966430664,10.850000381469727,10.799972534179688,354512000,,,40.0,442.949982,445.470009,431.829987,434.000015
NVDA,2020-08-12,10.990750312805176,11.467000007629395,10.958250045776367,11.440250396728516,11.387497901916504,464412000,,,40.0,439.630013,458.68,438.330002,457.610016
NVDA,2020-08-13,11.545999526977539,11.721750259399414,11.35575008392334,11.442999839782715,11.390236854553223,374460000,,,40.0,461.839981,468.87001,454.230003,457.719994
NVDA,2020-08-14,11.529999732971191,11.704750061035156,11.440500259399414,11.564000129699707,11.510677337646484,366436000,,,40.0,461.199989,468.190002,457.62001,462.560005
NVDA,2020-08-17,11.851249694824219,12.409749984741211,11.81725025177002,12.336999893188477,12.280112266540527,621300000,,,40.0,474.049988,496.389999,472.69001,493.479996
NVDA,2020-08-18,12.449999809265137,12.496000289916992,12.086250305175781,12.260749816894531,12.20421314239502,503448000,,,40.0,497.999992,499.840012,483.450012,490.429993
NVDA,2020-08-19,12.296500205993652,12.3149995803833,12.097999572753906,12.138500213623047,12.08253002166748,622624000,,,40.0,491.860008,492.599983,483.919983,485.540009
NVDA,2020-08-20,11.975000381469727,12.375,11.87874984741211,12.140999794006348,12.085018157958984,921388000,,,40.0,479.000015,495.0,475.149994,485.639992
NVDA,2020-08-21,12.201749801635742,12.80875015258789,12.195249557495117,12.683500289916992,12.625017166137695,999868000,,,40.0,488.069992,512.350006,487.809982,507.340012
NVDA,2020-08-24,12.883749961853027,12.912500381469727,12.507499694824219,12.720250129699707,12.661595344543457,490564000,,,40.0,515.349998,516.500015,500.299988,508.810005
NVDA,2020-08-25,12.630749702453613,12.761249542236328,12.573749542236328,12.75,12.691207885742188,289076000,,,40.0,505.229988,510.449982,502.949982,510.0
NVDA,2020-08-26,12.799249649047852,12.868499755859375,12.677749633789062,12.77299976348877,12.714102745056152,321244000,,,40.0,511.969986,514.73999,507.109985,510.919991
NVDA,2020-08-27,12.781499862670898,12.850000381469727,12.566499710083008,12.628250122070312,12.57002067565918,317604000,,,40.0,511.259995,514.000015,502.659988,505.130005
NVDA,2020-08-28,12.675000190734863,13.14799976348877,12.642499923706055,13.147749900817871,13.087125778198242,537160000,,,40.0,507.000008,525.919991,505.699997,525.909996
NVDA,2020-08-31,13.18274974822998,13.574999809265137,13.037750244140625,13.374500274658203,13.31282901763916,500840000,,,40.0,527.30999,542.999992,521.51001,534.980011
NVDA,2020-09-01,13.479999542236328,13.993749618530273,13.43649959564209,13.821000099182129,13.761388778686523,511316000,0.004,,40.0,539.199982,559.749985,537.459984,552.840004
NVDA,2020-09-02,14.703749656677246,14.726750373840332,13.899999618530273,14.346500396728516,14.284619331359863,874012000,,,40.0,588.149986,589.070015,555.999985,573.860016
NVDA,2020-09-03,13.828749656677246,13.884499549865723,12.87874984741211,13.01550006866455,12.959362030029297,945128000,,,40.0,553.149986,555.379982,515.149994,520.620003
NVDA,2020-09-04,12.7837495803833,13.175000190734863,11.704750061035156,12.6225004196167,12.568056106567383,1463684000,,,40.0,511.349983,527.000008,468.190002,504.900017
NVDA,2020-09-08,11.73449993133545,12.550000190734863,11.70425033569336,11.913000106811523,11.861615180969238,795728000,,,40.0,469.379997,502.000008,468.170013,476.520004
NVDA,2020-09-09,12.399999618530273,12.809249877929688,12.231749534606934,12.71500015258789,12.660155296325684,736200000,,,40.0,495.999985,512.369995,489.269981,508.600006
NVDA,2020-09-10,12.989250183105469,13.065250396728516,12.166999816894531,12.311750411987305,12.258648872375488,698684000,,,40.0,519.570007,522.610016,486.679993,492.470016
NVDA,2020-09-11,12.48550033569336,12.65250015258789,11.895750045776367,12.16450023651123,12.112030029296875,636928000,,,40.0,499.420013,506.100006,475.830002,486.580009
NVDA,2020-09-14,13.081000328063965,13.3149995803833,12.631250381469727,12.872249603271484,12.816729545593262,1201744000,,,40.0,523.240013,532.599983,505.250015,514.889984
NVDA,2020-09-15,13.279999732971191,13.298749923706055,12.827750205993652,12.991000175476074,12.934967041015625,727556000,,,40.0,531.199989,531.949997,513.110008,519.640007
NVDA,2020-09-16,12.957249641418457,13.09274959564209,12.513750076293945,12.51449966430664,12.46052360534668,556384000,,,40.0,518.289986,523.709984,500.550003,500.579987
NVDA,2020-09-17,12.13224983215332,12.589750289916992,12.034749984741211,12.463500022888184,12.409740447998047,792512000,,,40.0,485.289993,503.590012,481.389999,498.540001
NVDA,2020-09-18,12.59375,12.632499694824219,11.988750457763672,12.189249992370605,12.136675834655762,698460000,,,40.0,503.75,505.299988,479.550018,487.57
NVDA,2020-09-21,11.925000190734863,12.522500038146973,11.904500007629395,12.517250061035156,12.463260650634766,721044000,,,40.0,477.000008,500.900002,476.18,500.690002
NVDA,2020-09-22,12.574999809265137,12.64799976348877,12.155500411987305,12.637749671936035,12.583242416381836,646452000,,,40.0,502.999992,505.919991,486.220016,505.509987
NVDA,2020-09-23,12.575499534606934,12.72700023651123,12.07925033569336,12.123749732971191,12.071457862854004,647012000,,,40.0,503.019981,509.080009,483.170013,484.949989
NVDA,2020-09-24,12.072250366210938,12.569499969482422,12.013999938964844,12.347999572753906,12.2947416305542,731240000,,,40.0,482.890015,502.779999,480.559998,493.919983
NVDA,2020-09-25,12.447500228881836,12.883500099182129,12.245750427246094,12.873749732971191,12.81822395324707,588016000,,,40.0,497.900009,515.340004,489.830017,514.949989
NVDA,2020-09-28,13.040249824523926,13.051750183105469,12.75,13.03499984741211,12.978776931762695,573808000,,,40.0,521.609993,522.070007,510.0,521.399994
NVDA,2020-09-29,12.9375,13.442749977111816,12.933250427246094,13.225749969482422,13.168703079223633,621460000,,,40.0,517.5,537.709999,517.330017,529.029999
NVDA,2020-09-30,13.157500267028809,13.6225004196167,13.150250434875488,13.530500411987305,13.47214126586914,689184000,,,40.0,526.300011,544.900017,526.010017,541.220016
NVDA,2020-10-01,13.758000373840332,13.762749671936035,13.460749626159668,13.614500045776367,13.555776596069336,525004000,,,40.0,550.320015,550.509987,538.429985,544.580002
NVDA,2020-10-02,13.225000381469727,13.519499778747559,13.050999641418457,13.062250137329102,13.005910873413086,552496000,,,40.0,529.000015,540.779991,522.039986,522.490005
NVDA,2020-10-05,13.236000061035156,13.64424991607666,13.222749710083008,13.642499923706055,13.583657264709473,479820000,,,40.0,529.440002,545.769997,528.909988,545.699997
NVDA,2020-10-06,13.829999923706055,14.142000198364258,13.664999961853027,13.736499786376953,13.677249908447266,784420000,,,40.0,553.199997,565.680008,546.599998,549.459991
NVDA,2020-10-07,13.999750137329102,14.119250297546387,13.863499641418457,13.96399974822998,13.903767585754395,418084000,,,40.0,559.990005,564.770012,554.539986,558.55999
NVDA,2020-10-08,14.074999809265137,14.084500312805176,13.758000373840332,13.838749885559082,13.779059410095215,378900000,,,40.0,562.999992,563.380013,550.320015,553.549995
NVDA,2020-10-09,13.767000198364258,13.824250221252441,13.660750389099121,13.762749671936035,13.703389167785645,346892000,,,40.0,550.680008,552.970009,546.430016,550.509987
NVDA,2020-10-12,13.989500045776367,14.347000122070312,13.912500381469727,14.22599983215332,14.164640426635742,434744000,,,40.0,559.580002,573.880005,556.500015,569.039993
NVDA,2020-10-13,14.296500205993652,14.34850025177002,14.018750190734863,14.248250007629395,14.18679428100586,344604000,,,40.0,571.860008,573.94001,560.750008,569.93
NVDA,2020-10-14,14.290499687194824,14.34274959564209,13.960000038146973,14.095250129699707,14.034455299377441,276100000,,,40.0,571.619987,573.709984,558.400002,563.810005
NVDA,2020-10-15,13.810750007629395,14.005749702453613,13.767749786376953,13.970000267028809,13.909743309020996,267224000,,,40.0,552.43,560.229988,550.709991,558.800011
NVDA,2020-10-16,14.036749839782715,14.121500015258789,13.792499542236328,13.81149959564209,13.751924514770508,242392000,,,40.0,561.469994,564.860001,551.699982,552.459984
NVDA,2020-10-19,13.902999877929688,13.983499526977539,13.406749725341797,13.497750282287598,13.439529418945312,298068000,,,40.0,556.119995,559.339981,536.269989,539.910011
NVDA,2020-10-20,13.583499908447266,13.799750328063965,13.506999969482422,13.645500183105469,13.58664321899414,229212000,,,40.0,543.339996,551.990013,540.279999,545.820007
NVDA,2020-10-21,13.625,13.791500091552734,13.477499961853027,13.524749755859375,13.466412544250488,219596000,,,40.0,545.0,551.660004,539.099998,540.98999
NVDA,2020-10-22,13.522500038146973,13.611749649047852,13.231749534606934,13.361000061035156,13.303372383117676,290480000,,,40.0,540.900002,544.469986,529.269981,534.440002
NVDA,2020-10-23,13.449999809265137,13.593250274658203,13.291250228881836,13.590250015258789,13.531632423400879,233484000,,,40.0,537.999992,543.730011,531.650009,543.610001
NVDA,2020-10-26,13.427000045776367,13.692749977111816,13.03849983215332,13.141249656677246,13.084568977355957,336896000,,,40.0,537.080002,547.709999,521.539993,525.649986
NVDA,2020-10-27,13.305999755859375,13.442000389099121,13.191499710083008,13.396750450134277,13.338967323303223,250520000,,,40.0,532.23999,537.680016,527.659988,535.870018
NVDA,2020-10-28,13.197999954223633,13.260000228881836,12.609000205993652,12.626999855041504,12.572538375854492,376520000,,,40.0,527.919998,530.400009,504.360008,505.079994
NVDA,2020-10-29,12.838500022888184,13.192749977111816,12.75,13.02400016784668,12.967826843261719,320080000,,,40.0,513.540001,527.709999,510.0,520.960007
NVDA,2020-10-30,12.850000381469727,12.93649959564209,12.300000190734863,12.534000396728516,12.479938507080078,416820000,,,40.0,514.000015,517.459984,492.000008,501.360016
NVDA,2020-11-02,12.657750129699707,12.836750030517578,12.395000457763672,12.580750465393066,12.526485443115234,299652000,,,40.0,506.310005,513.470001,495.800018,503.230019
NVDA,2020-11-03,12.708499908447266,13.104999542236328,12.602749824523926,13.019499778747559,12.963342666625977,272900000,,,40.0,508.339996,524.199982,504.109993,520.779991
NVDA,2020-11-04,13.389249801635742,13.827500343322754,13.336999893188477,13.794249534606934,13.734752655029297,410228000,,,40.0,535.569992,553.100014,533.479996,551.769981
NVDA,2020-11-05,14.162500381469727,14.33899974822998,13.991000175476074,14.15999984741211,14.098922729492188,319028000,,,40.0,566.500015,573.55999,559.640007,566.399994
NVDA,2020-11-06,14.109749794006348,14.588749885559082,13.895000457763672,14.562000274658203,14.499190330505371,383348000,,,40.0,564.389992,583.549995,555.800018,582.480011
NVDA,2020-11-09,14.552499771118164,14.691499710083008,13.610750198364258,13.630749702453613,13.571956634521484,582976000,,,40.0,582.099991,587.659988,544.430008,545.229988
NVDA,2020-11-10,13.606499671936035,13.606499671936035,12.628250122070312,12.770000457763672,12.714920043945312,644068000,,,40.0,544.259987,544.259987,505.130005,510.800018
NVDA,2020-11-11,13.053750038146973,13.4350004196167,12.948249816894531,13.418000221252441,13.360124588012695,404744000,,,40.0,522.150002,537.400017,517.929993,536.720009
NVDA,2020-11-12,13.479000091552734,13.765999794006348,13.315999984741211,13.45674991607666,13.39870548248291,365812000,,,40.0,539.160004,550.639992,532.639999,538.269997
NVDA,2020-11-13,13.627249717712402,13.668749809265137,13.059249877929688,13.29699993133545,13.239645957946777,346312000,,,40.0,545.089989,546.749992,522.369995,531.879997
NVDA,2020-11-16,13.172499656677246,13.649499893188477,13.156000137329102,13.515250205993652,13.45695686340332,413776000,,,40.0,526.899986,545.979996,526.240005,540.610008
NVDA,2020-11-17,13.552499771118164,13.5962495803833,13.303750038146973,13.422249794006348,13.364356994628906,312028000,,,40.0,542.099991,543.849983,532.150002,536.889992
NVDA,2020-11-18,13.465250015258789,13.60575008392334,13.1850004196167,13.428750038146973,13.370831489562988,510924000,,,40.0,538.610001,544.230003,527.400017,537.150002
NVDA,2020-11-19,13.212750434875488,13.487500190734863,13.100000381469727,13.440250396728516,13.382278442382812,565936000,,,40.0,528.510017,539.500008,524.000015,537.610016
NVDA,2020-11-20,13.454000473022461,13.494500160217285,13.0649995803833,13.087750434875488,13.031298637390137,341088000,,,40.0,538.160019,539.780006,522.599983,523.510017
NVDA,2020-11-23,13.171250343322754,13.382499694824219,13.01550006866455,13.140000343322754,13.083324432373047,361356000,,,40.0,526.850014,535.299988,520.620003,525.600014
NVDA,2020-11-24,13.142499923706055,13.161999702453613,12.885000228881836,12.95775032043457,12.901863098144531,346500000,,,40.0,525.699997,526.479988,515.400009,518.310013
NVDA,2020-11-25,13.032500267028809,13.269499778747559,13.020000457763672,13.234749794006348,13.177665710449219,259916000,,,40.0,521.300011,530.779991,520.800018,529.389992
NVDA,2020-11-27,13.375,13.407500267028809,13.170499801635742,13.261249542236328,13.204049110412598,167276000,,,40.0,535.0,536.300011,526.819992,530.449982
NVDA,2020-11-30,13.265000343322754,13.412500381469727,12.972249984741211,13.40149974822998,13.343694686889648,286952000,,,40.0,530.600014,536.500015,518.889999,536.05999
NVDA,2020-12-01,13.492250442504883,13.5287504196167,13.228249549865723,13.390000343322754,13.332245826721191,296948000,,,40.0,539.690018,541.150017,529.129982,535.600014
NVDA,2020-12-02,13.350500106811523,13.673500061035156,13.23425006866455,13.544500350952148,13.48608112335205,283360000,,,40.0,534.020004,546.940002,529.370003,541.780014
NVDA,2020-12-03,13.587499618530273,13.65999984741211,13.329000473022461,13.395999908447266,13.342159271240234,199520000,0.004,,40.0,543.499985,546.399994,533.160019,535.839996
NVDA,2020-12-04,13.44849967956543,13.5600004196167,13.388750076293945,13.558250427246094,13.50376033782959,202244000,,,40.0,537.939987,542.400017,535.550003,542.330017
NVDA,2020-12-07,13.601249694824219,13.731249809265137,13.5,13.606749534606934,13.552063941955566,223244000,,,40.0,544.049988,549.249992,540.0,544.269981
NVDA,2020-12-08,13.585000038146973,13.598750114440918,13.281499862670898,13.350000381469727,13.296345710754395,271920000,,,40.0,543.400002,543.950005,531.259995,534.000015
NVDA,2020-12-09,13.30049991607666,13.413999557495117,12.868249893188477,12.930749893188477,12.878779411315918,401300000,,,40.0,532.019997,536.559982,514.729996,517.229996
NVDA,2020-12-10,12.869000434875488,13.068750381469727,12.849499702453613,12.972249984741211,12.920111656188965,207764000,,,40.0,514.760017,522.750015,513.979988,518.889999
NVDA,2020-12-11,12.967249870300293,13.020000457763672,12.822999954223633,13.013250350952148,12.960949897766113,209264000,,,40.0,518.689995,520.800018,512.919998,520.530014
NVDA,2020-12-14,13.088000297546387,13.388750076293945,13.077500343322754,13.30875015258789,13.255260467529297,270156000,,,40.0,523.520012,535.550003,523.100014,532.350006
NVDA,2020-12-15,13.439749717712402,13.46399974822998,13.186750411987305,13.36050033569336,13.306803703308105,193016000,,,40.0,537.589989,538.55999,527.470016,534.420013
NVDA,2020-12-16,13.422499656677246,13.437250137329102,13.212499618530273,13.242500305175781,13.189277648925781,223116000,,,40.0,536.899986,537.490005,528.499985,529.700012
NVDA,2020-12-17,13.36674976348877,13.379500389099121,13.178500175476074,13.3412504196167,13.287631034851074,231384000,,,40.0,534.669991,535.180016,527.140007,533.650017
NVDA,2020-12-18,13.378999710083008,13.404999732971191,13.070500373840332,13.272000312805176,13.218659400939941,342064000,,,40.0,535.159988,536.199989,522.820015,530.880013
NVDA,2020-12-21,13.074749946594238,13.369999885559082,12.967499732971191,13.332249641418457,13.278665542602539,302332000,,,40.0,522.989998,534.799995,518.699989,533.289986
NVDA,2020-12-22,13.319250106811523,13.337249755859375,13.053999900817871,13.278249740600586,13.224883079528809,185580000,,,40.0,532.770004,533.48999,522.159996,531.12999
NVDA,2020-12-23,13.255999565124512,13.274999618530273,13.005000114440918,13.009249687194824,12.956965446472168,179144000,,,40.0,530.239983,530.999985,520.200005,520.369987
NVDA,2020-12-24,13.037249565124512,13.132499694824219,12.938750267028809,12.993749618530273,12.941527366638184,97884000,,,40.0,521.489983,525.299988,517.550011,519.749985
NVDA,2020-12-28,13.0625,13.0625,12.763250350952148,12.899999618530273,12.848153114318848,212564000,,,40.0,522.5,522.5,510.530014,515.999985
NVDA,2020-12-29,12.925000190734863,13.072500228881836,12.842249870300293,12.943249702453613,12.891228675842285,170372000,,,40.0,517.000008,522.900009,513.689995,517.729988
NVDA,2020-12-30,12.990249633789062,13.213749885559082,12.896750450134277,13.145750045776367,13.092913627624512,225396000,,,40.0,519.609985,528.549995,515.870018,525.830002
NVDA,2020-12-31,13.136500358581543,13.151000022888184,12.914999961853027,13.055000305175781,13.002530097961426,192424000,,,40.0,525.460014,526.040001,516.599998,522.200012
NVDA,2021-01-04,13.104249954223633,13.65250015258789,12.962499618530273,13.113499641418457,13.060794830322266,560640000,,,40.0,524.169998,546.100006,518.499985,524.539986
NVDA,2021-01-05,13.099749565124512,13.443499565124512,13.086999893188477,13.404749870300293,13.350874900817871,322760000,,,40.0,523.989983,537.739983,523.479996,536.189995
NVDA,2021-01-06,13.22249984741211,13.244999885559082,12.586000442504883,12.614500045776367,12.563801765441895,580424000,,,40.0,528.899994,529.799995,503.440018,504.580002
NVDA,2021-01-07,12.967499732971191,13.377750396728516,12.886500358581543,13.343999862670898,13.29036808013916,461480000,,,40.0,518.699989,535.110016,515.460014,533.759995
NVDA,2021-01-08,13.362500190734863,13.420999526977539,13.041999816894531,13.276749610900879,13.223388671875,292528000,,,40.0,534.500008,536.839981,521.679993,531.069984
NVDA,2021-01-11,13.418749809265137,13.961000442504883,13.362500190734863,13.621500015258789,13.566754341125488,518344000,,,40.0,536.749992,558.440018,534.500008,544.860001
NVDA,2021-01-12,13.7524995803833,13.754500389099121,13.345000267028809,13.484749794006348,13.430554389953613,291476000,,,40.0,550.099983,550.180016,533.800011,539.389992
NVDA,2021-01-13,13.489999771118164,13.625,13.385000228881836,13.531749725341797,13.477362632751465,210028000,,,40.0,539.599991,545.0,535.400009,541.269989
NVDA,2021-01-14,13.574999809265137,13.599749565124512,13.180500030517578,13.200249671936035,13.147196769714355,283120000,,,40.0,542.999992,543.989983,527.220001,528.009987
NVDA,2021-01-15,13.227999687194824,13.325249671936035,12.84850025177002,12.85949993133545,12.807816505432129,277780000,,,40.0,529.119987,533.009987,513.94001,514.379997
NVDA,2021-01-19,13.016249656677246,13.093999862670898,12.843999862670898,13.025250434875488,12.97290325164795,226188000,,,40.0,520.649986,523.759995,513.759995,521.010017
NVDA,2021-01-20,13.111749649047852,13.430500030517578,13.056750297546387,13.365750312805176,13.312033653259277,258572000,,,40.0,524.469986,537.220001,522.270012,534.630013
NVDA,2021-01-21,13.418499946594238,13.999250411987305,13.253000259399414,13.867500305175781,13.811762809753418,337780000,,,40.0,536.739998,559.970016,530.12001,554.700012
NVDA,2021-01-22,13.739999771118164,13.841750144958496,13.627249717712402,13.712499618530273,13.657390594482422,246820000,,,40.0,549.599991,553.670006,545.089989,548.499985
NVDA,2021-01-25,13.781749725341797,13.828499794006348,13.236499786376953,13.653249740600586,13.598377227783203,251112000,,,40.0,551.269989,553.139992,529.459991,546.12999
NVDA,2021-01-26,13.580499649047852,13.644749641418457,13.387499809265137,13.435250282287598,13.381250381469727,163980000,,,40.0,543.219986,545.789986,535.499992,537.410011
NVDA,2021-01-27,13.229999542236328,13.232749938964844,12.793749809265137,12.917750358581543,12.86583137512207,371272000,,,40.0,529.199982,529.309998,511.749992,516.710014
NVDA,2021-01-28,12.99625015258789,13.339750289916992,12.96049976348877,13.050999641418457,12.998547554016113,228316000,,,40.0,519.850006,533.590012,518.419991,522.039986
NVDA,2021-01-29,13.074999809265137,13.334750175476074,12.911499977111816,12.989749908447266,12.937542915344238,271552000,,,40.0,522.999992,533.390007,516.459999,519.589996
NVDA,2021-02-01,13.053250312805176,13.270750045776367,12.902750015258789,13.237000465393066,13.18380069732666,217204000,,,40.0,522.130013,530.830002,516.110001,529.480019
NVDA,2021-02-02,13.398750305175781,13.571999549865723,13.285499572753906,13.556750297546387,13.502264976501465,220440000,,,40.0,535.950012,542.879982,531.419983,542.270012
NVDA,2021-02-03,13.63599967956543,13.931750297546387,13.516500473022461,13.530500411987305,13.476119041442871,245408000,,,40.0,545.439987,557.270012,540.660019,541.220016
NVDA,2021-02-04,13.531000137329102,13.673500061035156,13.337750434875488,13.664250373840332,13.609333992004395,201340000,,,40.0,541.240005,546.940002,533.510017,546.570015
NVDA,2021-02-05,13.725000381469727,13.737250328063965,13.54574966430664,13.590999603271484,13.536377906799316,169152000,,,40.0,549.000015,549.490013,541.829987,543.639984
NVDA,2021-02-08,13.727250099182129,14.473750114440918,13.727250099182129,14.438750267028809,14.380720138549805,434624000,,,40.0,549.090004,578.950005,549.090004,577.550011
NVDA,2021-02-09,14.340749740600586,14.583250045776367,14.22249984741211,14.263250350952148,14.205925941467285,287560000,,,40.0,573.62999,583.330002,568.899994,570.530014
NVDA,2021-02-10,14.463250160217285,14.904999732971191,14.341500282287598,14.764249801635742,14.704910278320312,485352000,,,40.0,578.530006,596.199989,573.660011,590.569992
NVDA,2021-02-11,14.980250358581543,15.272250175476074,14.925000190734863,15.250749588012695,15.189455032348633,450828000,,,40.0,599.210014,610.890007,597.000008,610.029984
NVDA,2021-02-12,15.050000190734863,15.291250228881836,14.774999618530273,14.961250305175781,14.901119232177734,374756000,,,40.0,602.000008,611.650009,590.999985,598.450012
NVDA,2021-02-16,15.064249992370605,15.3725004196167,14.949999809265137,15.330249786376953,15.268636703491211,321960000,,,40.0,602.57,614.900017,597.999992,613.209991
NVDA,2021-02-17,15.170999526977539,15.22350025177002,14.779999732971191,14.906000137329102,14.846090316772461,274756000,,,40.0,606.839981,608.94001,591.199989,596.240005
NVDA,2021-02-18,14.729000091552734,14.873250007629395,14.574999809265137,14.829000473022461,14.769400596618652,233868000,,,40.0,589.160004,594.93,582.999992,593.160019
NVDA,2021-02-19,15.024499893188477,15.177000045776367,14.846750259399414,14.92650032043457,14.866510391235352,271724000,,,40.0,600.979996,607.080002,593.87001,597.060013
NVDA,2021-02-22,14.774749755859375,15.13325023651123,14.324999809265137,14.35575008392334,14.298052787780762,325884000,,,40.0,590.98999,605.330009,572.999992,574.230003
NVDA,2021-02-23,14.075249671936035,14.238750457763672,13.38949966430664,14.142000198364258,14.085163116455078,391780000,,,40.0,563.009987,569.550018,535.579987,565.680008
NVDA,2021-02-24,14.122750282287598,14.506750106811523,13.755999565124512,14.49899959564209,14.440728187561035,448320000,,,40.0,564.910011,580.270004,550.239983,579.959984
NVDA,2021-02-25,14.045499801635742,14.374750137329102,13.2162504196167,13.307499885559082,13.254013061523438,824436000,,,40.0,561.819992,574.990005,528.650017,532.299995
NVDA,2021-02-26,13.7524995803833,13.854499816894531,13.361000061035156,13.714500427246094,13.659379005432129,500932000,,,40.0,550.099983,554.179993,534.440002,548.580017
NVDA,2021-03-01,13.875,13.925000190734863,13.553250312805176,13.841750144958496,13.786116600036621,353184000,,,40.0,555.0,557.000008,542.130013,553.670006
NVDA,2021-03-02,13.899999618530273,13.920499801635742,13.395999908447266,13.40625,13.352371215820312,264116000,,,40.0,555.999985,556.819992,535.839996,536.25
NVDA,2021-03-03,13.426250457763672,13.451499938964844,12.798749923706055,12.804750442504883,12.753288269042969,377592000,,,40.0,537.050018,538.059998,511.949997,512.190018
NVDA,2021-03-04,12.800749778747559,12.975000381469727,12.083749771118164,12.37024974822998,12.32052993774414,573344000,,,40.0,512.029991,519.000015,483.349991,494.80999
NVDA,2021-03-05,12.550000190734863,12.550000190734863,11.67924976348877,12.46150016784668,12.411415100097656,542840000,,,40.0,502.000008,502.000008,467.169991,498.460007
NVDA,2021-03-08,12.449999809265137,12.4712495803833,11.566499710083008,11.593250274658203,11.546655654907227,543112000,,,40.0,497.999992,498.849983,462.659988,463.730011
NVDA,2021-03-09,12.130249977111816,12.61674976348877,12.059249877929688,12.52025032043457,12.47423267364502,521824000,0.004,,40.0,485.209999,504.669991,482.369995,500.810013
NVDA,2021-03-10,12.840499877929688,12.979999542236328,12.457500457763672,12.468250274658203,12.42242431640625,384376000,,,40.0,513.619995,519.199982,498.300018,498.730011
NVDA,2021-03-11,12.949999809265137,13.046250343322754,12.73449993133545,12.993499755859375,12.945744514465332,299916000,,,40.0,517.999992,521.850014,509.379997,519.73999
NVDA,2021-03-12,12.648249626159668,12.888750076293945,12.59000015258789,12.855999946594238,12.808748245239258,243964000,,,40.0,505.929985,515.550003,503.600006,514.239998
NVDA,2021-03-15,12.864749908447266,13.20674991607666,12.767250061035156,13.19124984741211,13.142768859863281,221988000,,,40.0,514.589996,528.269997,510.690002,527.649994
NVDA,2021-03-16,13.356499671936035,13.512499809265137,13.11674976348877,13.291250228881836,13.242398262023926,272128000,,,40.0,534.259987,540.499992,524.669991,531.650009
NVDA,2021-03-17,13.039750099182129,13.45324993133545,12.989500045776367,13.3412504196167,13.292219161987305,243864000,,,40.0,521.590004,538.129997,519.580002,533.650017
NVDA,2021-03-18,13.136500358581543,13.184000015258789,12.717000007629395,12.72249984741211,12.675741195678711,293896000,,,40.0,525.460014,527.360001,508.68,508.899994
NVDA,2021-03-19,12.75,12.921500205993652,12.612500190734863,12.845749855041504,12.79853630065918,299208000,,,40.0,510.0,516.860008,504.500008,513.829994
NVDA,2021-03-22,12.912750244140625,13.394499778747559,12.906749725341797,13.186249732971191,13.137786865234375,297804000,,,40.0,516.51001,535.779991,516.269989,527.449989
NVDA,2021-03-23,13.254249572753906,13.344499588012695,13.021249771118164,13.07075023651123,13.022710800170898,222048000,,,40.0,530.169983,533.779984,520.849991,522.830009
NVDA,2021-03-24,13.151249885559082,13.159250259399414,12.636750221252441,12.642999649047852,12.59653377532959,245840000,,,40.0,526.049995,526.37001,505.470009,505.719986
NVDA,2021-03-25,12.499500274658203,12.714750289916992,12.272000312805176,12.535249710083008,12.489179611206055,295144000,,,40.0,499.980011,508.590012,490.880013,501.409988
NVDA,2021-03-26,12.554499626159668,12.856249809265137,12.373499870300293,12.839249610900879,12.792060852050781,363968000,,,40.0,502.179985,514.249992,494.939995,513.569984
NVDA,2021-03-29,12.820249557495117,13.0625,12.699999809265137,12.948249816894531,12.900659561157227,273520000,,,40.0,512.809982,522.5,507.999992,517.929993
NVDA,2021-03-30,12.842000007629395,12.975250244140625,12.704999923706055,12.871749877929688,12.824442863464355,200204000,,,40.0,513.68,519.01001,508.199997,514.869995
NVDA,2021-03-31,13.01550006866455,13.470499992370605,12.982500076293945,13.348250389099121,13.29919147491455,314776000,,,40.0,520.620003,538.82,519.300003,533.930016
NVDA,2021-04-01,13.572250366210938,13.869999885559082,13.511249542236328,13.811750411987305,13.76098918914795,308276000,,,40.0,542.890015,554.799995,540.449982,552.470016
NVDA,2021-04-05,13.867500305175781,14.013999938964844,13.732999801635742,13.987500190734863,13.9360933303833,255672000,,,40.0,554.700012,560.559998,549.319992,559.500008
NVDA,2021-04-06,13.999750137329102,14.05424976348877,13.773500442504883,13.861499786376953,13.810555458068848,191744000,,,40.0,559.990005,562.169991,550.940018,554.459991
NVDA,2021-04-07,13.880749702453613,14.243499755859375,13.71150016784668,14.143500328063965,14.091517448425293,251284000,,,40.0,555.229988,569.73999,548.460007,565.740013
NVDA,2021-04-08,14.252750396728516,14.471500396728516,14.24899959564209,14.317000389099121,14.264382362365723,244416000,,,40.0,570.110016,578.860016,569.959984,572.680016
NVDA,2021-04-09,14.21399974822998,14.407999992370605,14.175000190734863,14.399999618530273,14.347074508666992,195172000,,,40.0,568.55999,576.32,567.000008,575.999985
NVDA,2021-04-12,14.289750099182129,15.352499961853027,14.139249801635742,15.208999633789062,15.153101921081543,869324000,,,40.0,571.590004,614.099998,565.569992,608.359985
NVDA,2021-04-13,15.231499671936035,15.699999809265137,15.125749588012695,15.679499626159668,15.621870994567871,676212000,,,40.0,609.259987,627.999992,605.029984,627.179985
NVDA,2021-04-14,15.625,15.720499992370605,15.227499961853027,15.277000427246094,15.220852851867676,385500000,,,40.0,625.0,628.82,609.099998,611.080017
NVDA,2021-04-15,15.662500381469727,16.214250564575195,15.631500244140625,16.137250900268555,16.077938079833984,598480000,,,40.0,626.500015,648.570023,625.26001,645.490036
NVDA,2021-04-16,16.05299949645996,16.16575050354004,15.865249633789062,15.912500381469727,15.854015350341797,335208000,,,40.0,642.11998,646.63002,634.609985,636.500015
NVDA,2021-04-19,15.536499977111816,15.807499885559082,15.232999801635742,15.361749649047852,15.305292129516602,404420000,,,40.0,621.459999,632.299995,609.319992,614.469986
NVDA,2021-04-20,15.323249816894531,15.496999740600586,14.963000297546387,15.171250343322754,15.115489959716797,334132000,,,40.0,612.929993,619.87999,598.520012,606.850014
NVDA,2021-04-21,15.118749618530273,15.362500190734863,15.102250099182129,15.36050033569336,15.304046630859375,216776000,,,40.0,604.749985,614.500008,604.090004,614.420013
NVDA,2021-04-22,15.375,15.43850040435791,14.783499717712402,14.850250244140625,14.795671463012695,277788000,,,40.0,615.0,617.540016,591.339989,594.01001
NVDA,2021-04-23,14.934249877929688,15.335000038146973,14.900250434875488,15.265250205993652,15.20914363861084,227500000,,,40.0,597.369995,613.400002,596.010017,610.610008
NVDA,2021-04-26,15.1850004196167,15.479000091552734,15.125,15.477999687194824,15.42111587524414,197796000,,,40.0,607.400017,619.160004,605.0,619.119987
NVDA,2021-04-27,15.578499794006348,15.670499801635742,15.354499816894531,15.381750106811523,15.325217247009277,164572000,,,40.0,623.139992,626.819992,614.179993,615.270004
NVDA,2021-04-28,15.364500045776367,15.53225040435791,15.215499877929688,15.276749610900879,15.220602989196777,209416000,,,40.0,614.580002,621.290016,608.619995,611.069984
NVDA,2021-04-29,15.399999618530273,15.43649959564209,15.071499824523926,15.324749946594238,15.268426895141602,173196000,,,40.0,615.999985,617.459984,602.859993,612.989998
NVDA,2021-04-30,15.174500465393066,15.364999771118164,14.996999740600586,15.009499549865723,14.954334259033203,201912000,,,40.0,606.980019,614.599991,599.87999,600.379982
NVDA,2021-05-03,15.125,15.246749877929688,14.787500381469727,14.836750030517578,14.78222370147705,203912000,,,40.0,605.0,609.869995,591.500015,593.470001
NVDA,2021-05-04,14.637249946594238,14.637499809265137,14.010250091552734,14.351249694824219,14.298503875732422,405324000,,,40.0,585.489998,585.499992,560.410004,574.049988
NVDA,2021-05-05,14.708999633789062,14.81350040435791,14.387499809265137,14.458499908447266,14.40536117553711,292024000,,,40.0,588.359985,592.540016,575.499992,578.339996
NVDA,2021-05-06,14.49524974822998,14.571249961853027,14.218000411987305,14.52299976348877,14.469623565673828,193380000,,,40.0,579.80999,582.849998,568.720016,580.919991
NVDA,2021-05-07,14.808250427246094,14.970749855041504,14.67175006866455,14.812250137329102,14.757808685302734,229328000,,,40.0,592.330017,598.829994,586.870003,592.490005
NVDA,2021-05-10,14.787249565124512,14.805999755859375,14.25,14.26574993133545,14.21331787109375,268904000,,,40.0,591.489983,592.23999,570.0,570.629997
NVDA,2021-05-11,13.824999809265137,14.35474967956543,13.75,14.306249618530273,14.253669738769531,285584000,,,40.0,552.999992,574.189987,550.0,572.249985
NVDA,2021-05-12,14.009499549865723,14.260250091552734,13.709250450134277,13.758500099182129,13.707935333251953,303408000,,,40.0,560.379982,570.410004,548.370018,550.340004
NVDA,2021-05-13,14.0337495803833,14.080750465393066,13.458999633789062,13.665249824523926,13.61502742767334,285404000,,,40.0,561.349983,563.230019,538.359985,546.609993
NVDA,2021-05-14,13.890000343322754,14.32800006866455,13.748499870300293,14.243000030517578,14.190652847290039,258616000,,,40.0,555.600014,573.120003,549.939995,569.720001
NVDA,2021-05-17,14.156999588012695,14.169249534606934,13.853500366210938,14.165499687194824,14.113435745239258,216980000,,,40.0,566.279984,566.769981,554.140015,566.619987
NVDA,2021-05-18,14.267000198364258,14.404250144958496,14.003999710083008,14.01574993133545,13.96423625946045,186256000,,,40.0,570.680008,576.170006,560.159988,560.629997
NVDA,2021-05-19,13.566499710083008,14.079500198364258,13.54325008392334,14.065750122070312,14.014052391052246,344000000,,,40.0,542.659988,563.180008,541.730003,562.630005
NVDA,2021-05-20,14.302499771118164,14.68375015258789,14.270500183105469,14.612500190734863,14.558794975280762,321592000,,,40.0,572.099991,587.350006,570.820007,584.500008
NVDA,2021-05-21,15.163749694824219,15.222000122070312,14.869500160217285,14.99174976348877,14.936649322509766,672992000,,,40.0,606.549988,608.880005,594.780006,599.669991
NVDA,2021-05-24,15.212499618530273,15.744999885559082,15.175999641418457,15.612000465393066,15.5546236038208,554816000,,,40.0,608.499985,629.799995,607.039986,624.480019
NVDA,2021-05-25,15.765999794006348,15.818499565124512,15.482500076293945,15.647749900817871,15.590241432189941,435408000,,,40.0,630.639992,632.739983,619.300003,625.909996
NVDA,2021-05-26,15.73425006866455,15.793749809265137,15.586250305175781,15.699999809265137,15.642298698425293,370440000,,,40.0,629.370003,631.749992,623.450012,627.999992
NVDA,2021-05-27,15.699749946594238,15.75,15.460000038146973,15.48799991607666,15.43107795715332,581476000,,,40.0,627.989998,630.0,618.400002,619.519997
NVDA,2021-05-28,15.50100040435791,16.27750015258789,15.50100040435791,16.24449920654297,16.184795379638672,644536000,,,40.0,620.040016,651.100006,620.040016,649.779968
NVDA,2021-06-01,16.270000457763672,16.38825035095215,15.903249740600586,16.26449966430664,16.204727172851562,472804000,,,40.0,650.800018,655.530014,636.12999,650.579987
NVDA,2021-06-02,16.25225067138672,16.918750762939453,16.23550033569336,16.778249740600586,16.716583251953125,594168000,,,40.0,650.090027,676.750031,649.420013,671.12999
NVDA,2021-06-03,16.70075035095215,17.259000778198242,16.58300018310547,16.969749450683594,16.907379150390625,580008000,,,40.0,668.030014,690.360031,663.320007,678.789978
NVDA,2021-06-04,17.112499237060547,17.660999298095703,17.095500946044922,17.578250885009766,17.51364517211914,617120000,,,40.0,684.499969,706.439972,683.820038,703.130035
NVDA,2021-06-07,17.571250915527344,17.8125,17.192750930786133,17.618999481201172,17.55424690246582,575756000,,,40.0,702.850037,712.5,687.710037,704.759979
NVDA,2021-06-08,17.527250289916992,17.62150001525879,17.250999450683594,17.457000732421875,17.392841339111328,323848000,,,40.0,701.090012,704.860001,690.039978,698.280029
NVDA,2021-06-09,17.515750885009766,17.575000762939453,17.25575065612793,17.35824966430664,17.298418045043945,381656000,0.004,,40.0,700.630035,703.000031,690.230026,694.329987
NVDA,2021-06-10,17.350000381469727,17.492000579833984,17.176000595092773,17.424999237060547,17.36493682861328,287772000,,,40.0,694.000015,699.680023,687.040024,696.999969
NVDA,2021-06-11,17.47949981689453,17.939250946044922,17.443750381469727,17.82525062561035,17.76380729675293,416308000,,,40.0,699.179993,717.570038,697.750015,713.010025
NVDA,2021-06-14,17.9060001373291,18.039499282836914,17.662750244140625,18.018749237060547,17.956634521484375,321376000,,,40.0,716.240005,721.579971,706.51001,720.749969
NVDA,2021-06-15,17.915000915527344,18.016250610351562,17.72800064086914,17.78849983215332,17.727182388305664,243032000,,,40.0,716.600037,720.650024,709.120026,711.539993
NVDA,2021-06-16,17.79075050354004,17.954750061035156,17.58449935913086,17.81024932861328,17.74886131286621,307124000,,,40.0,711.63002,718.190002,703.379974,712.409973
NVDA,2021-06-17,17.774499893188477,18.834999084472656,17.756250381469727,18.657249450683594,18.59293556213379,809656000,,,40.0,710.979996,753.399963,710.250015,746.289978
NVDA,2021-06-18,18.784000396728516,19.375,18.583999633789062,18.638750076293945,18.57450294494629,968856000,,,40.0,751.360016,775.0,743.359985,745.550003
NVDA,2021-06-21,18.43524932861328,18.536500930786133,17.822750091552734,18.427249908447266,18.36373519897461,672384000,,,40.0,737.409973,741.460037,712.910004,737.089996
NVDA,2021-06-22,18.471500396728516,18.9637508392334,18.38599967956543,18.886749267578125,18.821643829345703,580144000,,,40.0,738.860016,758.550034,735.439987,755.469971
NVDA,2021-06-23,19.007749557495117,19.15275001525879,18.90774917602539,19.057249069213867,18.991561889648438,332356000,,,40.0,760.309982,766.110001,756.309967,762.289963
NVDA,2021-06-24,19.227750778198242,19.420000076293945,19.08824920654297,19.20549964904785,19.139301300048828,320924000,,,40.0,769.110031,776.800003,763.529968,768.219986
NVDA,2021-06-25,19.280500411987305,19.345500946044922,18.894500732421875,19.0310001373291,18.965404510498047,278364000,,,40.0,771.220016,773.820038,755.780029,761.240005
NVDA,2021-06-28,19.361249923706055,20.078750610351562,19.319000244140625,19.985000610351562,19.916112899780273,495436000,,,40.0,774.449997,803.150024,772.76001,799.400024
NVDA,2021-06-29,19.88249969482422,20.0987491607666,19.656999588012695,20.026750564575195,19.957717895507812,367632000,,,40.0,795.299988,803.949966,786.279984,801.070023
NVDA,2021-06-30,19.999250411987305,20.162500381469727,19.863750457763672,20.002500534057617,19.93355369567871,326568000,,,40.0,799.970016,806.500015,794.550018,800.100021
NVDA,2021-07-01,20.125,20.45599937438965,20.018999099731445,20.211999893188477,20.142330169677734,480136000,,,40.0,805.0,818.239975,800.759964,808.479996
NVDA,2021-07-02,20.440250396728516,20.505250930786133,20.287750244140625,20.48699951171875,20.4163761138916,342764000,,,40.0,817.610016,820.210037,811.51001,819.47998
NVDA,2021-07-06,20.737499237060547,20.841999053955078,20.350250244140625,20.69849967956543,20.62714958190918,446708000,,,40.0,829.499969,833.679962,814.01001,827.939987
NVDA,2021-07-07,20.853500366210938,20.875,20.332000732421875,20.371749877929688,20.301530838012695,418428000,,,40.0,834.140015,835.0,813.280029,814.869995
NVDA,2021-07-08,19.85650062561035,20.132999420166016,19.70075035095215,19.90275001525879,19.834144592285156,503300000,,,40.0,794.260025,805.319977,788.030014,796.110001
NVDA,2021-07-09,19.962499618530273,20.080249786376953,19.754249572753906,20.050249099731445,19.98113441467285,296624000,,,40.0,798.499985,803.209991,790.169983,802.009964
NVDA,2021-07-12,20.239999771118164,20.53274917602539,20.1877498626709,20.512500762939453,20.441795349121094,321984000,,,40.0,809.599991,821.309967,807.509995,820.500031
NVDA,2021-07-13,20.40049934387207,20.46125030517578,20.11400032043457,20.25,20.180198669433594,290708000,,,40.0,816.019974,818.450012,804.560013,810.0
NVDA,2021-07-14,20.357749938964844,20.417749404907227,19.752750396728516,19.84149932861328,19.773109436035156,380100000,,,40.0,814.309998,816.709976,790.110016,793.659973
NVDA,2021-07-15,19.811750411987305,19.847000122070312,18.85849952697754,18.966249465942383,18.900875091552734,550564000,,,40.0,792.470016,793.880005,754.339981,758.649979
NVDA,2021-07-16,19.030500411987305,19.156999588012695,18.072999954223633,18.160999298095703,18.09839630126953,688224000,,,40.0,761.220016,766.279984,722.919998,726.439972
NVDA,2021-07-19,17.915250778198242,19.04199981689453,17.86549949645996,18.77975082397461,18.715017318725586,749060000,,,40.0,716.610031,761.679993,714.61998,751.190033
NVDA,2021-07-20,18.729999542236328,18.83799934387207,18.163999557495117,18.61199951171875,18.547840118408203,434687000,,4:1,10.0,187.299995,188.379993,181.639996,186.119995
NVDA,2021-07-21,18.881999969482422,19.527000427246094,18.742000579833984,19.40999984741211,19.343093872070312,371017000,,,10.0,188.82,195.270004,187.420006,194.099998
NVDA,2021-07-22,19.642000198364258,19.886999130249023,19.275999069213867,19.5939998626709,19.526464462280273,323826000,,,10.0,196.420002,198.869991,192.759991,195.939999
NVDA,2021-07-23,19.6560001373291,19.700000762939453,19.25,19.558000564575195,19.49058723449707,195672000,,,10.0,196.560001,197.000008,192.5,195.580006
NVDA,2021-07-26,19.31100082397461,19.441999435424805,18.913999557495117,19.29400062561035,19.22749900817871,203943000,,,10.0,193.110008,194.419994,189.139996,192.940006
NVDA,2021-07-27,19.264999389648438,19.621999740600586,18.740999221801758,19.20800018310547,19.14179039001465,248863000,,,10.0,192.649994,196.219997,187.409992,192.080002
NVDA,2021-07-28,19.319000244140625,19.645999908447266,18.9950008392334,19.503000259399414,19.435771942138672,202191000,,,10.0,193.190002,196.459999,189.950008,195.030003
NVDA,2021-07-29,19.518999099731445,19.85300064086914,19.327999114990234,19.66200065612793,19.594228744506836,190781000,,,10.0,195.189991,198.530006,193.279991,196.620007
NVDA,2021-07-30,19.417999267578125,19.6299991607666,19.26300048828125,19.499000549316406,19.431791305541992,183497000,,,10.0,194.179993,196.299992,192.630005,194.990005
NVDA,2021-08-02,19.700000762939453,19.961000442504883,19.361000061035156,19.75,19.681922912597656,217444000,,,10.0,197.000008,199.610004,193.610001,197.5
NVDA,2021-08-03,19.739999771118164,20.222000122070312,19.219999313354492,19.815000534057617,19.74669647216797,301811000,,,10.0,197.399998,202.220001,192.199993,198.150005
NVDA,2021-08-04,19.989999771118164,20.31800079345703,19.827999114990234,20.27400016784668,20.20411491394043,231309000,,,10.0,199.899998,203.180008,198.279991,202.740002
NVDA,2021-08-05,20.5,20.732999801635742,20.341999053955078,20.636999130249023,20.56586456298828,211435000,,,10.0,205.0,207.329998,203.419991,206.369991
NVDA,2021-08-06,20.52400016784668,20.56999969482422,20.209999084472656,20.365999221801758,20.29580307006836,178497000,,,10.0,205.240002,205.699997,202.099991,203.659992
NVDA,2021-08-09,20.445999145507812,20.507999420166016,20.14299964904785,20.295000076293945,20.22504234313965,146443000,,,10.0,204.459991,205.079994,201.429996,202.950001
NVDA,2021-08-10,20.32200050354004,20.43000030517578,19.834999084472656,19.93600082397461,19.867280960083008,179238000,,,10.0,203.220005,204.300003,198.349991,199.360008
NVDA,2021-08-11,20.042999267578125,20.048999786376953,19.43000030517578,19.698999404907227,19.6310977935791,185925000,,,10.0,200.429993,200.489998,194.300003,196.989994
NVDA,2021-08-12,19.8700008392334,20.02899932861328,19.6200008392334,19.905000686645508,19.83638572692871,151652000,,,10.0,198.700008,200.289993,196.200008,199.050007
NVDA,2021-08-13,19.905000686645508,20.214000701904297,19.85099983215332,20.187999725341797,20.118412017822266,183063000,,,10.0,199.050007,202.140007,198.509998,201.879997
NVDA,2021-08-16,20.135000228881836,20.28700065612793,19.452999114990234,19.950000762939453,19.881237030029297,210876000,,,10.0,201.350002,202.870007,194.529991,199.500008
NVDA,2021-08-17,19.684999465942383,19.770000457763672,19.267000198364258,19.45800018310547,19.39093017578125,204585000,,,10.0,196.849995,197.700005,192.670002,194.580002
NVDA,2021-08-18,19.5,19.634000778198242,19.0,19.040000915527344,18.974369049072266,285913000,,,10.0,195.0,196.340008,190.0,190.400009
NVDA,2021-08-19,19.493999481201172,20.4950008392334,18.761999130249023,19.79800033569336,19.729759216308594,766555000,,,10.0,194.939995,204.950008,187.619991,197.980003
NVDA,2021-08-20,19.990999221801758,20.864999771118164,19.933000564575195,20.81599998474121,20.74424934387207,675741000,,,10.0,199.909992,208.649998,199.330006,208.16
NVDA,2021-08-23,20.97100067138672,21.996999740600586,20.950000762939453,21.95800018310547,21.88231086730957,575807000,,,10.0,209.710007,219.969997,209.500008,219.580002
NVDA,2021-08-24,21.753000259399414,21.958999633789062,21.53499984741211,21.792999267578125,21.717884063720703,297299000,,,10.0,217.530003,219.589996,215.349998,217.929993
NVDA,2021-08-25,21.73699951171875,22.469999313354492,21.722000122070312,22.21299934387207,22.136430740356445,347701000,,,10.0,217.369995,224.699993,217.220001,222.129993
NVDA,2021-08-26,22.200000762939453,22.34000015258789,21.790000915527344,22.06800079345703,21.991933822631836,237940000,,,10.0,222.000008,223.400002,217.900009,220.680008
NVDA,2021-08-27,22.18400001525879,22.722000122070312,22.16699981689453,22.63599967956543,22.55797576904297,304722000,,,10.0,221.84,227.220001,221.669998,226.359997
NVDA,2021-08-30,22.829999923706055,23.042999267578125,22.551000595092773,22.687999725341797,22.60979461669922,262580000,,,10.0,228.299999,230.429993,225.510006,226.879997
NVDA,2021-08-31,22.69499969482422,22.69499969482422,22.1200008392334,22.385000228881836,22.3117733001709,259850000,0.004,,10.0,226.949997,226.949997,221.200008,223.850002
NVDA,2021-09-01,22.485000610351562,22.69700050354004,22.35700035095215,22.44099998474121,22.367589950561523,201767000,,,10.0,224.850006,226.970005,223.570004,224.41
NVDA,2021-09-02,22.51799964904785,22.593000411987305,22.295000076293945,22.395999908447266,22.322738647460938,187834000,,,10.0,225.179996,225.930004,222.950001,223.959999
NVDA,2021-09-03,22.325000762939453,22.986000061035156,22.200000762939453,22.843000411987305,22.768278121948242,280532000,,,10.0,223.250008,229.860001,222.000008,228.430004
NVDA,2021-09-07,22.83300018310547,22.89900016784668,22.52199935913086,22.66200065612793,22.587865829467773,198107000,,,10.0,228.330002,228.990002,225.219994,226.620007
NVDA,2021-09-08,22.51300048828125,22.610000610351562,21.976999282836914,22.339000701904297,22.265926361083984,254434000,,,10.0,225.130005,226.100006,219.769993,223.390007
NVDA,2021-09-09,22.312000274658203,22.538000106811523,22.131000518798828,22.177000045776367,22.104454040527344,196856000,,,10.0,223.120003,225.380001,221.310005,221.77
NVDA,2021-09-10,22.347999572753906,22.625999450683594,22.270000457763672,22.47800064086914,22.404468536376953,248376000,,,10.0,223.479996,226.259995,222.700005,224.780006
NVDA,2021-09-13,22.68400001525879,22.964000701904297,21.857999801635742,22.152000427246094,22.079532623291016,297500000,,,10.0,226.84,229.640007,218.579998,221.520004
NVDA,2021-09-14,22.274999618530273,22.40999984741211,22.086000442504883,22.242000579833984,22.169240951538086,199755000,,,10.0,222.749996,224.099998,220.860004,222.420006
NVDA,2021-09-15,22.30900001525879,22.367000579833984,21.965999603271484,22.340999603271484,22.267919540405273,166538000,,,10.0,223.09,223.670006,219.659996,223.409996
NVDA,2021-09-16,22.183000564575195,22.277000427246094,21.927000045776367,22.242000579833984,22.169240951538086,156033000,,,10.0,221.830006,222.770004,219.27,222.420006
NVDA,2021-09-17,22.299999237060547,22.320999145507812,21.829999923706055,21.899999618530273,21.828359603881836,294503000,,,10.0,222.999992,223.209991,218.299999,218.999996
NVDA,2021-09-20,21.145999908447266,21.433000564575195,20.66200065612793,21.113000869750977,21.043933868408203,349440000,,,10.0,211.459999,214.330006,206.620007,211.130009
NVDA,2021-09-21,21.41699981689453,21.424999237060547,20.950000762939453,21.246000289916992,21.176498413085938,204688000,,,10.0,214.169998,214.249992,209.500008,212.460003
NVDA,2021-09-22,21.365999221801758,21.959999084472656,21.195999145507812,21.94099998474121,21.86922264099121,268726000,,,10.0,213.659992,219.599991,211.959991,219.41
NVDA,2021-09-23,22.139999389648438,22.53499984741211,21.889999389648438,22.48200035095215,22.4084529876709,248555000,,,10.0,221.399994,225.349998,218.899994,224.820004
NVDA,2021-09-24,22.06999969482422,22.14900016784668,21.861000061035156,22.08099937438965,22.008766174316406,217655000,,,10.0,220.699997,221.490002,218.610001,220.809994
NVDA,2021-09-27,21.709999084472656,21.798999786376953,21.325000762939453,21.65999984741211,21.58914566040039,245215000,,,10.0,217.099991,217.989998,213.250008,216.599998
NVDA,2021-09-28,21.214000701904297,21.41900062561035,20.650999069213867,20.698999404907227,20.631288528442383,343069000,,,10.0,212.140007,214.190006,206.509991,206.989994
NVDA,2021-09-29,20.940000534057617,21.017000198364258,20.466999053955078,20.517000198364258,20.449886322021484,218394000,,,10.0,209.400005,210.170002,204.669991,205.170002
NVDA,2021-09-30,20.76799964904785,21.06599998474121,20.687999725341797,20.715999603271484,20.648231506347656,221009000,,,10.0,207.679996,210.66,206.879997,207.159996
NVDA,2021-10-01,20.75,20.858999252319336,20.202999114990234,20.742000579833984,20.674150466918945,240978000,,,10.0,207.5,208.589993,202.029991,207.420006
NVDA,2021-10-04,20.503999710083008,20.54199981689453,19.55500030517578,19.73200035095215,19.66745376586914,345635000,,,10.0,205.039997,205.419998,195.550003,197.320004
NVDA,2021-10-05,19.950000762939453,20.648000717163086,19.854000091552734,20.451000213623047,20.384103775024414,279282000,,,10.0,199.500008,206.480007,198.540001,204.510002
NVDA,2021-10-06,20.1200008392334,20.719999313354492,20.079999923706055,20.700000762939453,20.63228416442871,297202000,,,10.0,201.200008,207.199993,200.799999,207.000008
NVDA,2021-10-07,21.091999053955078,21.32200050354004,20.972000122070312,21.075000762939453,21.006061553955078,256919000,,,10.0,210.919991,213.220005,209.720001,210.750008
NVDA,2021-10-08,21.10099983215332,21.20599937438965,20.774999618530273,20.83099937438965,20.762855529785156,151258000,,,10.0,211.009998,212.059994,207.749996,208.309994
NVDA,2021-10-11,20.575000762939453,21.062999725341797,20.51099967956543,20.69499969482422,20.627300262451172,163388000,,,10.0,205.750008,210.629997,205.109997,206.949997
NVDA,2021-10-12,20.827999114990234,21.05699920654297,20.527999877929688,20.67099952697754,20.603376388549805,162134000,,,10.0,208.279991,210.569992,205.279999,206.709995
NVDA,2021-10-13,20.917999267578125,20.989999771118164,20.71299934387207,20.93899917602539,20.870502471923828,180652000,,,10.0,209.179993,209.899998,207.129993,209.389992
NVDA,2021-10-14,21.288000106811523,21.7549991607666,21.121999740600586,21.746000289916992,21.67486572265625,243589000,,,10.0,212.880001,217.549992,211.219997,217.460003
NVDA,2021-10-15,21.809999465942383,21.930999755859375,21.66200065612793,21.86199951171875,21.79048728942871,226994000,,,10.0,218.099995,219.309998,216.620007,218.619995
NVDA,2021-10-18,21.749000549316406,22.291000366210938,21.643999099731445,22.222000122070312,22.149307250976562,189494000,,,10.0,217.490005,222.910004,216.439991,222.220001
NVDA,2021-10-19,22.275999069213867,22.378999710083008,22.03700065612793,22.290000915527344,22.217084884643555,161473000,,,10.0,222.759991,223.789997,220.370007,222.900009
NVDA,2021-10-20,22.30500030517578,22.433000564575195,21.98200035095215,22.10300064086914,22.030698776245117,146276000,,,10.0,223.050003,224.330006,219.820004,221.030006
NVDA,2021-10-21,22.097000122070312,22.711000442504883,22.08300018310547,22.691999435424805,22.617765426635742,187590000,,,10.0,220.970001,227.110004,220.830002,226.919994
NVDA,2021-10-22,22.822999954223633,23.1299991607666,22.56100082397461,22.72599983215332,22.65165901184082,249384000,,,10.0,228.23,231.299992,225.610008,227.259998
NVDA,2021-10-25,22.972999572753906,23.354999542236328,22.770000457763672,23.166000366210938,23.09022331237793,230235000,,,10.0,229.729996,233.549995,227.700005,231.660004
NVDA,2021-10-26,23.98900032043457,25.259000778198242,23.923999786376953,24.716999053955078,24.63614273071289,485898000,,,10.0,239.890003,252.590008,239.239998,247.169991
NVDA,2021-10-27,24.474000930786133,25.09000015258789,24.281999588012695,24.451000213623047,24.371013641357422,245990000,,,10.0,244.740009,250.900002,242.819996,244.510002
NVDA,2021-10-28,24.878000259399414,24.950000762939453,24.523000717163086,24.94099998474121,24.85940933227539,234204000,,,10.0,248.780003,249.500008,245.230007,249.41
NVDA,2021-10-29,25.000999450683594,25.708999633789062,25.0,25.566999435424805,25.48336410522461,292503000,,,10.0,250.009995,257.089996,250.0,255.669994
NVDA,2021-11-01,25.64900016784668,25.893999099731445,25.226999282836914,25.82699966430664,25.742511749267578,265740000,,,10.0,256.490002,258.939991,252.269993,258.269997
NVDA,2021-11-02,25.82200050354004,26.67799949645996,25.799999237060547,26.400999069213867,26.31463623046875,294112000,,,10.0,258.220005,266.779995,257.999992,264.009991
NVDA,2021-11-03,26.670000076293945,26.784000396728516,26.235000610351562,26.597999572753906,26.5109920501709,239910000,,,10.0,266.700001,267.840004,262.350006,265.979996
NVDA,2021-11-04,27.229000091552734,31.364999771118164,27.118000030517578,29.801000595092773,29.70351791381836,1153631000,,,10.0,272.290001,313.649998,271.18,298.010006
NVDA,2021-11-05,30.187000274658203,31.399999618530273,29.40999984741211,29.75200080871582,29.654674530029297,851260000,,,10.0,301.870003,313.999996,294.099998,297.520008
NVDA,2021-11-08,30.14900016784668,31.100000381469727,29.906999588012695,30.804000854492188,30.70323371887207,503101000,,,10.0,301.490002,311.000004,299.069996,308.040009
NVDA,2021-11-09,32.28200149536133,32.310001373291016,29.964000701904297,30.656999588012695,30.556713104248047,646746000,,,10.0,322.820015,323.100014,299.640007,306.569996
NVDA,2021-11-10,29.356000900268555,30.850000381469727,28.777999877929688,29.458999633789062,29.362632751464844,636206000,,,10.0,293.560009,308.500004,287.779999,294.589996
NVDA,2021-11-11,30.468000411987305,30.59000015258789,29.777000427246094,30.389999389648438,30.290590286254883,332172000,,,10.0,304.680004,305.900002,297.770004,303.899994
NVDA,2021-11-12,30.010000228881836,30.68000030517578,29.6299991607666,30.389999389648438,30.290590286254883,413054000,,,10.0,300.100002,306.800003,296.299992,303.899994
NVDA,2021-11-15,30.552000045776367,30.643999099731445,29.246999740600586,30.024999618530273,29.92677879333496,384909000,,,10.0,305.52,306.439991,292.469997,300.249996
NVDA,2021-11-16,29.759000778198242,30.389999389648438,29.70599937438965,30.202999114990234,30.104196548461914,264484000,,,10.0,297.590008,303.899994,297.059994,302.029991
NVDA,2021-11-17,30.417999267578125,30.509000778198242,28.799999237060547,29.26099967956543,29.165281295776367,428508000,,,10.0,304.179993,305.090008,287.999992,292.609997
NVDA,2021-11-18,32.367000579833984,32.7599983215332,31.320999145507812,31.674999237060547,31.571382522583008,781711000,,,10.0,323.670006,327.599983,313.209991,316.749992
NVDA,2021-11-19,32.24300003051758,33.0880012512207,31.905000686645508,32.98500061035156,32.877098083496094,533867000,,,10.0,322.43,330.880013,319.050007,329.850006
NVDA,2021-11-22,33.516998291015625,34.64699935913086,31.899999618530273,31.95599937438965,31.85146713256836,754335000,,,10.0,335.169983,346.469994,318.999996,319.559994
NVDA,2021-11-23,31.53499984741211,32.36000061035156,30.8799991607666,31.746000289916992,31.64215087890625,532163000,,,10.0,315.349998,323.600006,308.799992,317.460003
NVDA,2021-11-24,31.461000442504883,32.85499954223633,30.92799949645996,32.67399978637695,32.567115783691406,435162000,,,10.0,314.610004,328.549995,309.279995,326.739998
NVDA,2021-11-26,32.599998474121094,32.709999084472656,31.350000381469727,31.503000259399414,31.399948120117188,283069000,,,10.0,325.999985,327.099991,313.500004,315.030003
NVDA,2021-11-29,32.36600112915039,33.4119987487793,32.0359992980957,33.375999450683594,33.266815185546875,454964000,,,10.0,323.660011,334.119987,320.359993,333.759995
NVDA,2021-11-30,33.16899871826172,33.35300064086914,31.86400032043457,32.67599868774414,32.56911087036133,622066000,,,10.0,331.689987,333.530006,318.640003,326.759987
NVDA,2021-12-01,33.21900177001953,33.28900146484375,31.3799991607666,31.434999465942383,31.33600616455078,484368000,0.004,,10.0,332.190018,332.890015,313.799992,314.349995
NVDA,2021-12-02,31.214000701904297,32.47800064086914,31.024999618530273,32.125999450683594,32.024818420410156,472890000,,,10.0,312.140007,324.780006,310.249996,321.259995
NVDA,2021-12-03,32.0,32.12900161743164,30.1299991607666,30.69300079345703,30.596342086791992,544325000,,,10.0,320.0,321.290016,301.299992,306.930008
NVDA,2021-12-06,29.8799991607666,30.240999221801758,28.038000106811523,30.03700065612793,29.94240951538086,658938000,,,10.0,298.799992,302.409992,280.380001,300.370007
NVDA,2021-12-07,30.957000732421875,32.44900131225586,30.650999069213867,32.426998138427734,32.32487869262695,593053000,,,10.0,309.570007,324.490013,306.509991,324.269981
NVDA,2021-12-08,31.999000549316406,32.290000915527344,31.42099952697754,31.826000213623047,31.72577476501465,475551000,,,10.0,319.990005,322.900009,314.209995,318.260002
NVDA,2021-12-09,31.733999252319336,32.20500183105469,30.42799949645996,30.489999771118164,30.393980026245117,488507000,,,10.0,317.339993,322.050018,304.279995,304.899998
NVDA,2021-12-10,31.149999618530273,31.30500030517578,29.861000061035156,30.197999954223633,30.102901458740234,488825000,,,10.0,311.499996,313.050003,298.610001,301.98
NVDA,2021-12-13,30.249000549316406,30.29400062561035,28.115999221801758,28.160999298095703,28.072315216064453,598344000,,,10.0,302.490005,302.940006,281.159992,281.609993
NVDA,2021-12-14,27.698999404907227,28.67799949645996,27.25,28.336999893188477,28.247760772705078,667035000,,,10.0,276.989994,286.779995,272.5,283.369999
NVDA,2021-12-15,28.399999618530273,30.5,27.83799934387207,30.458999633789062,30.363080978393555,698297000,,,10.0,283.999996,305.0,278.379993,304.589996
NVDA,2021-12-16,31.152000427246094,31.15999984741211,28.093000411987305,28.386999130249023,28.297605514526367,707366000,,,10.0,311.520004,311.599998,280.930004,283.869991
NVDA,2021-12-17,27.985000610351562,28.922000885009766,27.760000228881836,27.801000595092773,27.713451385498047,713758000,,,10.0,279.850006,289.220009,277.600002,278.010006
NVDA,2021-12-20,27.30500030517578,28.143999099731445,27.145000457763672,27.7189998626709,27.6317081451416,461847000,,,10.0,273.050003,281.439991,271.450005,277.189999
NVDA,2021-12-21,28.374000549316406,29.1200008392334,27.400999069213867,29.075000762939453,28.983436584472656,524385000,,,10.0,283.740005,291.200008,274.009991,290.750008
NVDA,2021-12-22,28.891000747680664,29.55500030517578,28.448999404907227,29.399999618530273,29.307409286499023,395184000,,,10.0,288.910007,295.550003,284.489994,293.999996
NVDA,2021-12-23,29.7549991607666,30.05900001525879,29.430999755859375,29.639999389648438,29.54665756225586,343022000,,,10.0,297.549992,300.59,294.309998,296.399994
NVDA,2021-12-27,29.65999984741211,31.086999893188477,29.639999389648438,30.94499969482422,30.84754753112793,403686000,,,10.0,296.599998,310.869999,296.399994,309.449997
NVDA,2021-12-28,31.312000274658203,31.329999923706055,30.011999130249023,30.32200050354004,30.22650909423828,420591000,,,10.0,313.120003,313.299999,300.119991,303.220005
NVDA,2021-12-29,30.273000717163086,30.54800033569336,29.365999221801758,30.000999450683594,29.906522750854492,343139000,,,10.0,302.730007,305.480003,293.659992,300.009995
NVDA,2021-12-30,29.82699966430664,30.457000732421875,29.540000915527344,29.586000442504883,29.492830276489258,308864000,,,10.0,298.269997,304.570007,295.400009,295.860004
NVDA,2021-12-31,29.673999786376953,30.030000686645508,29.33099937438965,29.410999298095703,29.318378448486328,266530000,,,10.0,296.739998,300.300007,293.309994,294.109993
NVDA,2022-01-03,29.815000534057617,30.711000442504883,29.78499984741211,30.121000289916992,30.02614402770996,391547000,,,10.0,298.150005,307.110004,297.849998,301.210003
NVDA,2022-01-04,30.277000427246094,30.468000411987305,28.349000930786133,29.290000915527344,29.1977596282959,527154000,,,10.0,302.770004,304.680004,283.490009,292.900009
NVDA,2022-01-05,28.948999404907227,29.416000366210938,27.533000946044922,27.604000091552734,27.517072677612305,498064000,,,10.0,289.489994,294.160004,275.330009,276.040001
NVDA,2022-01-06,27.639999389648438,28.437999725341797,27.065000534057617,28.17799949645996,28.089262008666992,454186000,,,10.0,276.399994,284.379997,270.650005,281.779995
NVDA,2022-01-07,28.141000747680664,28.422000885009766,27.05699920654297,27.246999740600586,27.161197662353516,409939000,,,10.0,281.410007,284.220009,270.569992,272.469997
NVDA,2022-01-10,26.58099937438965,27.4689998626709,25.643999099731445,27.399999618530273,27.313709259033203,594681000,,,10.0,265.809994,274.689999,256.439991,273.999996
NVDA,2022-01-11,27.322999954223633,28.065000534057617,26.839000701904297,27.816999435424805,27.72939682006836,404089000,,,10.0,273.23,280.650005,268.390007,278.169994
NVDA,2022-01-12,28.066999435424805,28.594999313354492,27.607999801635742,27.999000549316406,27.910829544067383,383413000,,,10.0,280.669994,285.949993,276.079998,279.990005
NVDA,2022-01-13,28.378999710083008,28.479999542236328,26.49799919128418,26.575000762939453,26.491313934326172,540171000,,,10.0,283.789997,284.799995,264.979992,265.750008
NVDA,2022-01-14,26.299999237060547,27.19700050354004,26.209999084472656,26.941999435424805,26.857154846191406,395832000,,,10.0,262.999992,271.970005,262.099991,269.419994
NVDA,2022-01-18,26.260000228881836,26.63800048828125,25.770000457763672,25.902999877929688,25.821428298950195,424270000,,,10.0,262.600002,266.380005,257.700005,259.029999
NVDA,2022-01-19,26.07900047302246,26.542999267578125,25.052000045776367,25.066999435424805,24.98805809020996,488315000,,,10.0,260.790005,265.429993,250.52,250.669994
NVDA,2022-01-20,25.304000854492188,25.57900047302246,24.077999114990234,24.149999618530273,24.073945999145508,435181000,,,10.0,253.040009,255.790005,240.779991,241.499996
NVDA,2022-01-21,23.506999969482422,24.822999954223633,23.26300048828125,23.374000549316406,23.300390243530273,718958000,,,10.0,235.07,248.23,232.630005,233.740005
NVDA,2022-01-24,22.329999923706055,23.3799991607666,20.88800048828125,23.371999740600586,23.29839515686035,913982000,,,10.0,223.299999,233.799992,208.880005,233.719997
NVDA,2022-01-25,22.54599952697754,22.94300079345703,22.0,22.323999404907227,22.253698348999023,664616000,,,10.0,225.459995,229.430008,220.0,223.239994
NVDA,2022-01-26,23.239999771118164,24.05699920654297,22.299999237060547,22.77199935913086,22.70029067993164,755959000,,,10.0,232.399998,240.569992,222.999992,227.719994
NVDA,2022-01-27,23.56800079345703,23.9950008392334,21.674999237060547,21.944000244140625,21.874893188476562,573353000,,,10.0,235.680008,239.950008,216.749992,219.440002
NVDA,2022-01-28,22.011999130249023,22.857999801635742,21.29599952697754,22.84000015258789,22.76807403564453,543774000,,,10.0,220.119991,228.579998,212.959995,228.400002
NVDA,2022-01-31,23.18199920654297,24.509000778198242,23.052000045776367,24.486000061035156,24.408891677856445,564680000,,,10.0,231.819992,245.090008,230.52,244.860001
NVDA,2022-02-01,25.104000091552734,25.145000457763672,23.889999389648438,24.63800048828125,24.560409545898438,518925000,,,10.0,251.040001,251.450005,238.899994,246.380005
NVDA,2022-02-02,25.79400062561035,25.816999435424805,24.55299949645996,25.242000579833984,25.162508010864258,543419000,,,10.0,257.940006,258.169994,245.529995,252.420006
NVDA,2022-02-03,24.45800018310547,25.07699966430664,23.780000686645508,23.947999954223633,23.87258529663086,410178000,,,10.0,244.580002,250.769997,237.800007,239.48
NVDA,2022-02-04,23.972000122070312,24.635000228881836,23.631999969482422,24.319000244140625,24.242416381835938,354829000,,,10.0,239.720001,246.350002,236.32,243.190002
NVDA,2022-02-07,24.371999740600586,25.18199920654297,24.20199966430664,24.72800064086914,24.650123596191406,376868000,,,10.0,243.719997,251.819992,242.019997,247.280006
NVDA,2022-02-08,24.358999252319336,25.229999542236328,23.979999542236328,25.107999801635742,25.028926849365234,410359000,,,10.0,243.589993,252.299995,239.799995,251.079998
NVDA,2022-02-09,25.621999740600586,26.725000381469727,25.35300064086914,26.704999923706055,26.620901107788086,524282000,,,10.0,256.219997,267.250004,253.530006,267.049999
NVDA,2022-02-10,25.9950008392334,26.924999237060547,25.600000381469727,25.823999404907227,25.742677688598633,513200000,,,10.0,259.950008,269.249992,256.000004,258.239994
NVDA,2022-02-11,25.916000366210938,26.152000427246094,23.773000717163086,23.948999404907227,23.873580932617188,605472000,,,10.0,259.160004,261.520004,237.730007,239.489994
NVDA,2022-02-14,23.93400001525879,24.875,23.7549991607666,24.267000198364258,24.190576553344727,440424000,,,10.0,239.34,248.75,237.549992,242.670002
NVDA,2022-02-15,24.948999404907227,26.545000076293945,24.784000396728516,26.4950008392334,26.411561965942383,699869000,,,10.0,249.489994,265.450001,247.840004,264.950008
NVDA,2022-02-16,26.259000778198242,26.582000732421875,25.552000045776367,26.51099967956543,26.42751121520996,732676000,,,10.0,262.590008,265.820007,255.52,265.109997
NVDA,2022-02-17,25.6299991607666,25.78499984741211,24.165000915527344,24.506999969482422,24.42982292175293,810595000,,,10.0,256.299992,257.849998,241.650009,245.07
NVDA,2022-02-18,24.667999267578125,24.986000061035156,23.100000381469727,23.642000198364258,23.56754493713379,761255000,,,10.0,246.679993,249.860001,231.000004,236.420002
NVDA,2022-02-22,23.03499984741211,24.06399917602539,23.0,23.389999389648438,23.31633949279785,633422000,,,10.0,230.349998,240.639992,230.0,233.899994
NVDA,2022-02-23,23.802000045776367,24.155000686645508,22.301000595092773,22.386999130249023,22.31649398803711,566511000,,,10.0,238.02,241.550007,223.010006,223.869991
NVDA,2022-02-24,21.014999389648438,23.799999237060547,20.889999389648438,23.74799919128418,23.673215866088867,735801000,,,10.0,210.149994,237.999992,208.899994,237.479992
NVDA,2022-02-25,23.72100067138672,24.216999053955078,23.381000518798828,24.156999588012695,24.080923080444336,528866000,,,10.0,237.210007,242.169991,233.810005,241.569996
NVDA,2022-02-28,23.992000579833984,24.665000915527344,23.707000732421875,24.385000228881836,24.308204650878906,477319000,,,10.0,239.920006,246.650009,237.070007,243.850002
NVDA,2022-03-01,24.291000366210938,24.37700080871582,23.131999969482422,23.476999282836914,23.403064727783203,412056000,,,10.0,242.910004,243.770008,231.32,234.769993
NVDA,2022-03-02,23.756000518798828,24.409000396728516,23.415000915527344,24.219999313354492,24.14784049987793,389642000,0.004,,10.0,237.560005,244.090004,234.150009,242.199993
NVDA,2022-03-03,24.261999130249023,24.326000213623047,23.4689998626709,23.714000701904297,23.643348693847656,365095000,,,10.0,242.619991,243.260002,234.689999,237.140007
NVDA,2022-03-04,23.384000778198242,23.68000030517578,22.48200035095215,22.93600082397461,22.867666244506836,431415000,,,10.0,233.840008,236.800003,224.820004,229.360008
NVDA,2022-03-07,22.816999435424805,23.033000946044922,21.329999923706055,21.351999282836914,21.28838348388672,450821000,,,10.0,228.169994,230.330009,213.299999,213.519993
NVDA,2022-03-08,21.30900001525879,22.37299919128418,20.649999618530273,21.513999938964844,21.44990348815918,557467000,,,10.0,213.09,223.729992,206.499996,215.139999
NVDA,2022-03-09,22.386999130249023,23.219999313354492,22.246999740600586,23.013999938964844,22.945432662963867,492742000,,,10.0,223.869991,232.199993,222.469997,230.139999
NVDA,2022-03-10,22.5310001373291,22.788000106811523,21.881999969482422,22.658000946044922,22.590496063232422,428066000,,,10.0,225.310001,227.880001,218.82,226.580009
NVDA,2022-03-11,23.02199935913086,23.145000457763672,22.04599952697754,22.100000381469727,22.034154891967773,367209000,,,10.0,230.219994,231.450005,220.459995,221.000004
NVDA,2022-03-14,21.868999481201172,22.261999130249023,21.159000396728516,21.329999923706055,21.266448974609375,385354000,,,10.0,218.689995,222.619991,211.590004,213.299999
NVDA,2022-03-15,21.51799964904785,23.038000106811523,21.32200050354004,22.972999572753906,22.904558181762695,491996000,,,10.0,215.179996,230.380001,213.220005,229.729996
NVDA,2022-03-16,23.5,24.597000122070312,23.172000885009766,24.496000289916992,24.423017501831055,671422000,,,10.0,235.0,245.970001,231.720009,244.960003
NVDA,2022-03-17,24.1200008392334,24.841999053955078,23.9060001373291,24.766000747680664,24.692211151123047,471941000,,,10.0,241.200008,248.419991,239.060001,247.660007
NVDA,2022-03-18,24.798999786376953,26.569000244140625,24.624000549316406,26.452999114990234,26.374187469482422,730719000,,,10.0,247.989998,265.690002,246.240005,264.529991
NVDA,2022-03-21,26.506999969482422,27.152000427246094,25.966999053955078,26.733999252319336,26.654346466064453,591727000,,,10.0,265.07,271.520004,259.669991,267.339993
NVDA,2022-03-22,26.726999282836914,27.238000869750977,26.07200050354004,26.52400016784668,26.444974899291992,547007000,,,10.0,267.269993,272.380009,260.720005,265.240002
NVDA,2022-03-23,26.125999450683594,26.61199951171875,25.575000762939453,25.634000778198242,25.55762481689453,502120000,,,10.0,261.259995,266.119995,255.750008,256.340008
NVDA,2022-03-24,26.166000366210938,28.31999969482422,25.906999588012695,28.149999618530273,28.066129684448242,877379000,,,10.0,261.660004,283.199997,259.069996,281.499996
NVDA,2022-03-25,27.88599967956543,28.357999801635742,27.270999908447266,27.691999435424805,27.6094970703125,579016000,,,10.0,278.859997,283.579998,272.709999,276.919994
NVDA,2022-03-28,27.756000518798828,28.25,27.20599937438965,28.2189998626709,28.13492774963379,425494000,,,10.0,277.560005,282.5,272.059994,282.189999
NVDA,2022-03-29,28.69499969482422,28.945999145507812,27.979999542236328,28.6560001373291,28.570627212524414,488984000,,,10.0,286.949997,289.459991,279.799995,286.560001
NVDA,2022-03-30,28.304000854492188,28.496000289916992,27.503000259399414,27.690000534057617,27.607501983642578,463487000,,,10.0,283.040009,284.960003,275.030003,276.900005
NVDA,2022-03-31,27.781999588012695,28.24799919128418,27.270000457763672,27.285999298095703,27.2047061920166,523440000,,,10.0,277.819996,282.479992,272.700005,272.859993
NVDA,2022-04-01,27.375,27.496000289916992,26.267000198364258,26.711999893188477,26.632413864135742,517235000,,,10.0,273.75,274.960003,262.670002,267.119999
NVDA,2022-04-04,26.72800064086914,27.558000564575195,26.613000869750977,27.360000610351562,27.278486251831055,397120000,,,10.0,267.280006,275.580006,266.130009,273.600006
NVDA,2022-04-05,27.253999710083008,27.319000244140625,25.81999969482422,25.930999755859375,25.853742599487305,436615000,,,10.0,272.539997,273.190002,258.199997,259.309998
NVDA,2022-04-06,24.93400001525879,25.299999237060547,24.003000259399414,24.406999588012695,24.334278106689453,703833000,,,10.0,249.34,252.999992,240.030003,244.069996
NVDA,2022-04-07,24.44099998474121,24.722000122070312,23.47800064086914,24.20800018310547,24.135879516601562,557992000,,,10.0,244.41,247.220001,234.780006,242.080002
NVDA,2022-04-08,23.91699981689453,23.92300033569336,23.062000274658203,23.118999481201172,23.050121307373047,524781000,,,10.0,239.169998,239.230003,230.620003,231.189995
NVDA,2022-04-11,22.214000701904297,22.31999969482422,21.65999984741211,21.91699981689453,21.851699829101562,575207000,,,10.0,222.140007,223.199997,216.599998,219.169998
NVDA,2022-04-12,22.53700065612793,22.725000381469727,21.281999588012695,21.503999710083008,21.439929962158203,662258000,,,10.0,225.370007,227.250004,212.819996,215.039997
NVDA,2022-04-13,21.72800064086914,22.5,21.454999923706055,22.202999114990234,22.1368465423584,516943000,,,10.0,217.280006,225.0,214.549999,222.029991
NVDA,2022-04-14,22.5049991607666,22.777000427246094,21.163000106811523,21.257999420166016,21.19466781616211,569097000,,,10.0,225.049992,227.770004,211.630001,212.579994
NVDA,2022-04-18,21.200000762939453,22.08799934387207,21.07900047302246,21.783000946044922,21.71809959411621,525701000,,,10.0,212.000008,220.879993,210.790005,217.830009
NVDA,2022-04-19,21.719999313354492,22.37299919128418,21.31399917602539,22.197999954223633,22.13186264038086,512781000,,,10.0,217.199993,223.729992,213.139992,221.98
NVDA,2022-04-20,22.517000198364258,22.670000076293945,21.200000762939453,21.48200035095215,21.417999267578125,468974000,,,10.0,225.170002,226.700001,212.000008,214.820004
NVDA,2022-04-21,21.708999633789062,22.392000198364258,20.0,20.183000564575195,20.12286949157715,656209000,,,10.0,217.089996,223.920002,200.0,201.830006
NVDA,2022-04-22,20.30299949645996,20.486000061035156,19.5,19.514999389648438,19.456859588623047,624713000,,,10.0,203.029995,204.860001,195.0,195.149994
NVDA,2022-04-25,19.20199966430664,19.94499969482422,19.09600067138672,19.902000427246094,19.842702865600586,641566000,,,10.0,192.019997,199.449997,190.960007,199.020004
NVDA,2022-04-26,19.718000411987305,19.788000106811523,18.670000076293945,18.788000106811523,18.732019424438477,653143000,,,10.0,197.180004,197.880001,186.700001,187.880001
NVDA,2022-04-27,18.597999572753906,19.16699981689453,18.290000915527344,18.415000915527344,18.36013412475586,499460000,,,10.0,185.979996,191.669998,182.900009,184.150009
NVDA,2022-04-28,18.966999053955078,20.03700065612793,18.489999771118164,19.781999588012695,19.723064422607422,570327000,,,10.0,189.669991,200.370007,184.899998,197.819996
NVDA,2022-04-29,19.402000427246094,20.128000259399414,18.517000198364258,18.547000885009766,18.491744995117188,500435000,,,10.0,194.020004,201.280003,185.170002,185.470009
NVDA,2022-05-02,18.541000366210938,19.573999404907227,18.391000747680664,19.533000946044922,19.47480583190918,572049000,,,10.0,185.410004,195.739994,183.910007,195.330009
NVDA,2022-05-03,19.399999618530273,19.825000762939453,19.132999420166016,19.601999282836914,19.543594360351562,475751000,,,10.0,193.999996,198.250008,191.329994,196.019993
NVDA,2022-05-04,19.92300033569336,20.399999618530273,18.750999450683594,20.333999633789062,20.273418426513672,648855000,,,10.0,199.230003,203.999996,187.509995,203.339996
NVDA,2022-05-05,19.867000579833984,19.924999237060547,18.5,18.8439998626709,18.787857055664062,626331000,,,10.0,198.670006,199.249992,185.0,188.439999
NVDA,2022-05-06,18.736000061035156,19.511999130249023,17.989999771118164,18.674999237060547,18.619359970092773,633297000,,,10.0,187.360001,195.119991,179.899998,186.749992
NVDA,2022-05-09,18.034000396728516,18.2549991607666,16.82699966430664,16.950000762939453,16.899497985839844,644455000,,,10.0,180.340004,182.549992,168.269997,169.500008
NVDA,2022-05-10,17.68899917602539,18.197999954223633,17.024999618530273,17.594999313354492,17.542577743530273,761474000,,,10.0,176.889992,181.98,170.249996,175.949993
NVDA,2022-05-11,17.347000122070312,17.753000259399414,16.56800079345703,16.6299991607666,16.5804500579834,670167000,,,10.0,173.470001,177.530003,165.680008,166.299992
NVDA,2022-05-12,16.2189998626709,16.788000106811523,15.567000389099121,16.174999237060547,16.126808166503906,708728000,,,10.0,162.189999,167.880001,155.670004,161.749992
NVDA,2022-05-13,16.788000106811523,17.92799949645996,16.593000411987305,17.70599937438965,17.65324592590332,670437000,,,10.0,167.880001,179.279995,165.930004,177.059994
NVDA,2022-05-16,17.509000778198242,17.788000106811523,17.106000900268555,17.263999938964844,17.212562561035156,521446000,,,10.0,175.090008,177.880001,171.060009,172.639999
NVDA,2022-05-17,18.073999404907227,18.371000289916992,17.634000778198242,18.177000045776367,18.122844696044922,585830000,,,10.0,180.739994,183.710003,176.340008,181.77
NVDA,2022-05-18,17.704999923706055,18.118000030517578,16.86400032043457,16.937999725341797,16.887537002563477,545161000,,,10.0,177.049999,181.18,168.640003,169.379997
NVDA,2022-05-19,16.937000274658203,17.687000274658203,16.733999252319336,17.124000549316406,17.072982788085938,621310000,,,10.0,169.370003,176.870003,167.339993,171.240005
NVDA,2022-05-20,17.332000732421875,17.40999984741211,15.755000114440918,16.694000244140625,16.64426612854004,739105000,,,10.0,173.320007,174.099998,157.550001,166.940002
NVDA,2022-05-23,16.27400016784668,16.915000915527344,16.179000854492188,16.898000717163086,16.84765625,639889000,,,10.0,162.740002,169.150009,161.790009,168.980007
NVDA,2022-05-24,16.510000228881836,16.597000122070312,15.779999732971191,16.15399932861328,16.105873107910156,588550000,,,10.0,165.100002,165.970001,157.799997,161.539993
NVDA,2022-05-25,16.020000457763672,17.111000061035156,16.0,16.975000381469727,16.924428939819336,781132000,,,10.0,160.200005,171.110001,160.0,169.750004
NVDA,2022-05-26,16.035999298095703,18.091999053955078,16.02199935913086,17.85099983215332,17.797813415527344,996575000,,,10.0,160.359993,180.919991,160.219994,178.509998
NVDA,2022-05-27,18.18600082397461,18.881000518798828,18.100000381469727,18.81100082397461,18.754953384399414,738379000,,,10.0,181.860008,188.810005,181.000004,188.110008
NVDA,2022-05-31,18.979999542236328,19.200000762939453,18.350000381469727,18.672000885009766,18.61636734008789,664100000,,,10.0,189.799995,192.000008,183.500004,186.720009
NVDA,2022-06-01,18.724000930786133,19.05299949645996,18.121999740600586,18.31999969482422,18.26541519165039,544514000,,,10.0,187.240009,190.529995,181.219997,183.199997
NVDA,2022-06-02,18.29199981689453,19.618999481201172,18.197999954223633,19.591999053955078,19.533626556396484,648656000,,,10.0,182.919998,196.189995,181.98,195.919991
NVDA,2022-06-03,19.082000732421875,19.332000732421875,18.52199935913086,18.719999313354492,18.66422462463379,598779000,,,10.0,190.820007,193.320007,185.219994,187.199993
NVDA,2022-06-06,19.138999938964844,19.336999893188477,18.56399917602539,18.785999298095703,18.730024337768555,422406000,,,10.0,191.389999,193.369999,185.639992,187.859993
NVDA,2022-06-07,18.472000122070312,19.0,18.187999725341797,18.926000595092773,18.869613647460938,388914000,,,10.0,184.720001,190.0,181.879997,189.260006
NVDA,2022-06-08,18.798999786376953,19.18000030517578,18.53499984741211,18.648000717163086,18.596372604370117,363252000,0.004,,10.0,187.989998,191.800003,185.349998,186.480007
NVDA,2022-06-09,18.481000900268555,18.933000564575195,18.041000366210938,18.04800033569336,17.998031616210938,395574000,,,10.0,184.810009,189.330006,180.410004,180.480003
NVDA,2022-06-10,17.600000381469727,17.69700050354004,16.868999481201172,16.974000930786133,16.9270076751709,465248000,,,10.0,176.000004,176.970005,168.689995,169.740009
NVDA,2022-06-13,16.0,16.312000274658203,15.605999946594238,15.647000312805176,15.603680610656738,604153000,,,10.0,160.0,163.120003,156.059999,156.470003
NVDA,2022-06-14,15.730999946594238,16.06599998474121,15.411999702453613,15.836000442504883,15.792156219482422,469680000,,,10.0,157.309999,160.66,154.119997,158.360004
NVDA,2022-06-15,16.094999313354492,16.868000030517578,15.925999641418457,16.527000427246094,16.481243133544922,563936000,,,10.0,160.949993,168.68,159.259996,165.270004
NVDA,2022-06-16,15.859999656677246,15.942000389099121,15.401000022888184,15.60099983215332,15.557806968688965,545749000,,,10.0,158.599997,159.420004,154.01,156.009998
NVDA,2022-06-17,15.64799976348877,15.994999885559082,15.32800006866455,15.880000114440918,15.836034774780273,630334000,,,10.0,156.479998,159.949999,153.280001,158.800001
NVDA,2022-06-21,16.475000381469727,17.007999420166016,16.406999588012695,16.56599998474121,16.5201358795166,483089000,,,10.0,164.750004,170.079994,164.069996,165.66
NVDA,2022-06-22,16.22599983215332,16.66200065612793,16.18000030517578,16.360000610351562,16.314708709716797,437135000,,,10.0,162.259998,166.620007,161.800003,163.600006
NVDA,2022-06-23,16.518999099731445,16.584999084472656,15.852999687194824,16.225000381469727,16.18008041381836,463680000,,,10.0,165.189991,165.849991,158.529997,162.250004
NVDA,2022-06-24,16.5,17.139999389648438,16.309999465942383,17.125999450683594,17.078584671020508,472153000,,,10.0,165.0,171.399994,163.099995,171.259995
NVDA,2022-06-27,17.312000274658203,17.329999923706055,16.625999450683594,16.868999481201172,16.822298049926758,427968000,,,10.0,173.120003,173.299999,166.259995,168.689995
NVDA,2022-06-28,16.899999618530273,17.20199966430664,15.944999694824219,15.982000350952148,15.937752723693848,461149000,,,10.0,168.999996,172.019997,159.449997,159.820004
NVDA,2022-06-29,15.814000129699707,15.819999694824219,15.170000076293945,15.541999816894531,15.498970985412598,482352000,,,10.0,158.140001,158.199997,151.700001,155.419998
NVDA,2022-06-30,15.361000061035156,15.567000389099121,14.862000465393066,15.159000396728516,15.117033004760742,686070000,,,10.0,153.610001,155.670004,148.620005,151.590004
NVDA,2022-07-01,14.89900016784668,15.062999725341797,14.392000198364258,14.52299976348877,14.482791900634766,577610000,,,10.0,148.990002,150.629997,143.920002,145.229998
NVDA,2022-07-05,14.175000190734863,14.970999717712402,14.055000305175781,14.96399974822998,14.922568321228027,651397000,,,10.0,141.750002,149.709997,140.550003,149.639997
NVDA,2022-07-06,15.010000228881836,15.319000244140625,14.788999557495117,15.130000114440918,15.08811092376709,529066000,,,10.0,150.100002,153.190002,147.889996,151.300001
NVDA,2022-07-07,15.456000328063965,15.944999694824219,15.388999938964844,15.857999801635742,15.814092636108398,492903000,,,10.0,154.560003,159.449997,153.889999,158.579998
NVDA,2022-07-08,15.430000305175781,16.03700065612793,15.388999938964844,15.838000297546387,15.794150352478027,467972000,,,10.0,154.300003,160.370007,153.889999,158.380003
NVDA,2022-07-11,15.526000022888184,15.527000427246094,15.038000106811523,15.152000427246094,15.1100492477417,437321000,,,10.0,155.26,155.270004,150.380001,151.520004
NVDA,2022-07-12,15.267999649047852,15.430999755859375,14.876999855041504,15.081999778747559,15.040242195129395,458483000,,,10.0,152.679996,154.309998,148.769999,150.819998
NVDA,2022-07-13,14.59000015258789,15.375,14.46500015258789,15.163999557495117,15.122017860412598,521918000,,,10.0,145.900002,153.75,144.650002,151.639996
NVDA,2022-07-14,15.107999801635742,15.472999572753906,14.727999687194824,15.371999740600586,15.329440116882324,456235000,,,10.0,151.079998,154.729996,147.279997,153.719997
NVDA,2022-07-15,15.659000396728516,15.781999588012695,15.444999694824219,15.76200008392334,15.718361854553223,385935000,,,10.0,156.590004,157.819996,154.449997,157.620001
NVDA,2022-07-18,16.302000045776367,16.89699935913086,16.00200080871582,16.10099983215332,16.056419372558594,670517000,,,10.0,163.02,168.969994,160.020008,161.009998
NVDA,2022-07-19,16.486000061035156,17.110000610351562,16.172000885009766,16.992000579833984,16.944957733154297,702366000,,,10.0,164.860001,171.100006,161.720009,169.920006
NVDA,2022-07-20,16.94700050354004,17.933000564575195,16.801000595092773,17.80699920654297,17.7576961517334,760538000,,,10.0,169.470005,179.330006,168.010006,178.069992
NVDA,2022-07-21,17.885000228881836,18.143999099731445,17.545000076293945,18.049999237060547,18.00002670288086,557049000,,,10.0,178.850002,181.439991,175.450001,180.499992
NVDA,2022-07-22,17.89299964904785,17.966999053955078,17.136999130249023,17.319000244140625,17.27104949951172,536671000,,,10.0,178.929996,179.669991,171.369991,173.190002
NVDA,2022-07-25,17.018999099731445,17.124000549316406,16.64900016784668,17.02400016784668,16.976865768432617,480748000,,,10.0,170.189991,171.240005,166.490002,170.240002
NVDA,2022-07-26,16.888999938964844,16.91900062561035,16.47800064086914,16.533000946044922,16.48723030090332,397865000,,,10.0,168.889999,169.190006,164.780006,165.330009
NVDA,2022-07-27,17.031999588012695,17.93600082397461,16.913000106811523,17.790000915527344,17.74074363708496,569776000,,,10.0,170.319996,179.360008,169.130001,177.900009
NVDA,2022-07-28,17.975000381469727,18.139999389648438,17.440000534057617,17.983999252319336,17.9342098236084,474646000,,,10.0,179.750004,181.399994,174.400005,179.839993
NVDA,2022-07-29,17.812999725341797,18.243999481201172,17.691999435424805,18.163000106811523,18.112716674804688,435460000,,,10.0,178.129997,182.439995,176.919994,181.630001
NVDA,2022-08-01,18.18199920654297,18.84600067138672,17.989999771118164,18.44099998474121,18.38994598388672,476469000,,,10.0,181.819992,188.460007,179.899998,184.41
NVDA,2022-08-02,18.121999740600586,18.937999725341797,18.091999053955078,18.525999069213867,18.474712371826172,489527000,,,10.0,181.219997,189.379997,180.919991,185.259991
NVDA,2022-08-03,18.18400001525879,18.968000411987305,18.136999130249023,18.89299964904785,18.8406925201416,418146000,,,10.0,181.84,189.680004,181.369991,188.929996
NVDA,2022-08-04,18.849000930786133,19.27400016784668,18.760000228881836,19.21500015258789,19.161802291870117,409652000,,,10.0,188.490009,192.740002,187.600002,192.150002
NVDA,2022-08-05,18.809999465942383,19.229000091552734,18.666000366210938,18.98900032043457,18.93642807006836,386068000,,,10.0,188.099995,192.290001,186.660004,189.890003
NVDA,2022-08-08,17.50200080871582,18.23900032043457,17.242000579833984,17.792999267578125,17.743736267089844,981859000,,,10.0,175.020008,182.390003,172.420006,177.929993
NVDA,2022-08-09,17.25200080871582,17.44700050354004,16.724000930786133,17.086000442504883,17.0386962890625,668263000,,,10.0,172.520008,174.470005,167.240009,170.860004
NVDA,2022-08-10,17.697999954223633,18.118000030517578,17.316999435424805,18.097000122070312,18.04689598083496,597422000,,,10.0,176.98,181.18,173.169994,180.970001
NVDA,2022-08-11,18.131000518798828,18.707000732421875,17.875999450683594,17.941999435424805,17.89232635498047,509327000,,,10.0,181.310005,187.070007,178.759995,179.419994
NVDA,2022-08-12,18.15999984741211,18.718000411987305,17.952999114990234,18.708999633789062,18.657203674316406,478094000,,,10.0,181.599998,187.180004,179.529991,187.089996
NVDA,2022-08-15,18.701000213623047,19.163999557495117,18.613000869750977,19.031999588012695,18.979305267333984,457666000,,,10.0,187.010002,191.639996,186.130009,190.319996
NVDA,2022-08-16,18.920000076293945,19.142000198364258,18.500999450683594,18.878999710083008,18.826730728149414,451240000,,,10.0,189.200001,191.420002,185.009995,188.789997
NVDA,2022-08-17,18.523000717163086,18.687999725341797,18.145000457763672,18.334999084472656,18.28423500061035,446799000,,,10.0,185.230007,186.879997,181.450005,183.349991
NVDA,2022-08-18,18.301000595092773,18.864999771118164,18.183000564575195,18.773000717163086,18.721031188964844,415447000,,,10.0,183.010006,188.649998,181.830006,187.730007
NVDA,2022-08-19,18.4060001373291,18.520000457763672,17.770000457763672,17.849000930786133,17.799583435058594,441588000,,,10.0,184.060001,185.200005,177.700005,178.490009
NVDA,2022-08-22,17.489999771118164,17.558000564575195,16.965999603271484,17.034000396728516,16.98684310913086,409593000,,,10.0,174.899998,175.580006,169.659996,170.340004
NVDA,2022-08-23,16.98900032043457,17.46500015258789,16.969999313354492,17.180999755859375,17.13343620300293,369986000,,,10.0,169.890003,174.650002,169.699993,171.809998
NVDA,2022-08-24,17.011999130249023,17.4060001373291,16.895000457763672,17.222000122070312,17.174318313598633,522661000,,,10.0,170.119991,174.060001,168.950005,172.220001
NVDA,2022-08-25,16.8439998626709,17.94700050354004,16.83300018310547,17.913000106811523,17.863407135009766,770691000,,,10.0,168.439999,179.470005,168.330002,179.130001
NVDA,2022-08-26,17.85700035095215,17.923999786376953,16.23699951171875,16.260000228881836,16.214981079101562,769127000,,,10.0,178.570004,179.239998,162.369995,162.600002
NVDA,2022-08-29,16.020000457763672,16.33799934387207,15.767000198364258,15.800999641418457,15.757251739501953,496132000,,,10.0,160.200005,163.379993,157.670002,158.009996
NVDA,2022-08-30,15.960000038146973,16.038999557495117,15.182000160217285,15.468000411987305,15.425177574157715,530181000,,,10.0,159.6,160.389996,151.820002,154.680004
NVDA,2022-08-31,15.383999824523926,15.539999961853027,14.958999633789062,15.093999862670898,15.052209854125977,573710000,,,10.0,153.839998,155.4,149.589996,150.939999
NVDA,2022-09-01,14.208999633789062,14.380000114440918,13.270000457763672,13.937000274658203,13.898415565490723,1178865000,,,10.0,142.089996,143.800001,132.700005,139.370003
NVDA,2022-09-02,14.100000381469727,14.170999526977539,13.590999603271484,13.647000312805176,13.609217643737793,743157000,,,10.0,141.000004,141.709995,135.909996,136.470003
NVDA,2022-09-06,13.730999946594238,13.779000282287598,13.35099983215332,13.46500015258789,13.427721977233887,535751000,,,10.0,137.309999,137.790003,133.509998,134.650002
NVDA,2022-09-07,13.562999725341797,13.838000297546387,13.345999717712402,13.71399974822998,13.680096626281738,512657000,0.004,,10.0,135.629997,138.380003,133.459997,137.139997
NVDA,2022-09-08,13.458999633789062,14.008000373840332,13.369000434875488,13.989999771118164,13.955412864685059,624873000,,,10.0,134.589996,140.080004,133.690004,139.899998
NVDA,2022-09-09,14.156999588012695,14.473999977111816,14.12600040435791,14.38700008392334,14.351430892944336,486612000,,,10.0,141.569996,144.74,141.260004,143.870001
NVDA,2022-09-12,14.369000434875488,14.54699993133545,14.197999954223633,14.505000114440918,14.46914291381836,484159000,,,10.0,143.690004,145.469999,141.98,145.050001
NVDA,2022-09-13,13.802000045776367,13.92199993133545,13.098999977111816,13.130999565124512,13.098536491394043,714956000,,,10.0,138.02,139.219999,130.99,131.309996
NVDA,2022-09-14,13.253999710083008,13.289999961853027,12.913000106811523,13.128000259399414,13.09554386138916,588507000,,,10.0,132.539997,132.9,129.130001,131.280003
NVDA,2022-09-15,13.015000343322754,13.232999801635742,12.789999961853027,12.928999900817871,12.897038459777832,523625000,,,10.0,130.150003,132.329998,127.9,129.289999
NVDA,2022-09-16,12.741999626159668,13.211999893188477,12.616999626159668,13.197999954223633,13.16537094116211,670751000,,,10.0,127.419996,132.119999,126.169996,131.98
NVDA,2022-09-19,13.01200008392334,13.463000297546387,13.010000228881836,13.381999969482422,13.348916053771973,569685000,,,10.0,130.120001,134.630003,130.100002,133.82
NVDA,2022-09-20,13.21500015258789,13.482999801635742,13.057000160217285,13.175999641418457,13.143425941467285,524818000,,,10.0,132.150002,134.829998,130.570002,131.759996
NVDA,2022-09-21,13.213000297546387,14.031000137329102,13.109999656677246,13.26099967956543,13.228215217590332,807679000,,,10.0,132.130003,140.310001,131.099997,132.609997
NVDA,2022-09-22,13.069999694824219,13.14900016784668,12.428000450134277,12.560999870300293,12.52994441986084,759162000,,,10.0,130.699997,131.490002,124.280005,125.609999
NVDA,2022-09-23,12.420000076293945,12.611000061035156,12.256999969482422,12.515999794006348,12.48505687713623,663309000,,,10.0,124.200001,126.110001,122.57,125.159998
NVDA,2022-09-26,12.491000175476074,12.659000396728516,12.21399974822998,12.227999687194824,12.197770118713379,547343000,,,10.0,124.910002,126.590004,122.139997,122.279997
NVDA,2022-09-27,12.506999969482422,12.736000061035156,12.258000373840332,12.413000106811523,12.382312774658203,553854000,,,10.0,125.07,127.360001,122.580004,124.130001
NVDA,2022-09-28,12.40999984741211,12.822999954223633,12.354000091552734,12.736000061035156,12.704512596130371,542414000,,,10.0,124.099998,128.23,123.540001,127.360001
NVDA,2022-09-29,12.447999954223633,12.5,11.946000099182129,12.220000267028809,12.189789772033691,532763000,,,10.0,124.48,125.0,119.460001,122.200003
NVDA,2022-09-30,12.086999893188477,12.633000373840332,12.074999809265137,12.138999938964844,12.108989715576172,565638000,,,10.0,120.869999,126.330004,120.749998,121.389999
NVDA,2022-10-03,12.347000122070312,12.678000450134277,12.104999542236328,12.51200008392334,12.481066703796387,547478000,,,10.0,123.470001,126.780005,121.049995,125.120001
NVDA,2022-10-04,12.878999710083008,13.220000267028809,12.878999710083008,13.166999816894531,13.134448051452637,584182000,,,10.0,128.789997,132.200003,128.789997,131.669998
NVDA,2022-10-05,12.91100025177002,13.321000099182129,12.621000289916992,13.208999633789062,13.17634391784668,507131000,,,10.0,129.110003,133.210001,126.210003,132.089996
NVDA,2022-10-06,13.220000267028809,13.656000137329102,13.102999687194824,13.130000114440918,13.097537994384766,644157000,,,10.0,132.200003,136.560001,131.029997,131.300001
NVDA,2022-10-07,12.505000114440918,12.670000076293945,12.022000312805176,12.076000213623047,12.04614543914795,672478000,,,10.0,125.050001,126.700001,120.220003,120.760002
NVDA,2022-10-10,12.036999702453613,12.12399959564209,11.407999992370605,11.670000076293945,11.641149520874023,698699000,,,10.0,120.369997,121.239996,114.08,116.700001
NVDA,2022-10-11,11.560999870300293,11.845999717712402,11.282999992370605,11.586000442504883,11.557355880737305,667482000,,,10.0,115.609999,118.459997,112.83,115.860004
NVDA,2022-10-12,11.579000473022461,11.734999656677246,11.345000267028809,11.5,11.47157096862793,492590000,,,10.0,115.790005,117.349997,113.450003,115.0
NVDA,2022-10-13,10.970999717712402,12.07800006866455,10.812999725341797,11.960000038146973,11.930432319641113,850103000,,,10.0,109.709997,120.780001,108.129997,119.6
NVDA,2022-10-14,12.057000160217285,12.111000061035156,11.204000473022461,11.22700023651123,11.199244499206543,713432000,,,10.0,120.570002,121.110001,112.040005,112.270002
NVDA,2022-10-17,11.517999649047852,11.947999954223633,11.517000198364258,11.887999534606934,11.85860824584961,580774000,,,10.0,115.179996,119.48,115.170002,118.879995
NVDA,2022-10-18,12.343999862670898,12.491999626159668,11.618000030517578,11.967000007629395,11.937414169311523,659362000,,,10.0,123.439999,124.919996,116.18,119.67
NVDA,2022-10-19,11.878999710083008,12.350000381469727,11.833999633789062,12.050999641418457,12.021206855773926,523131000,,,10.0,118.789997,123.500004,118.339996,120.509996
NVDA,2022-10-20,12.11299991607666,12.769000053405762,12.104999542236328,12.194000244140625,12.16385269165039,652398000,,,10.0,121.129999,127.690001,121.049995,121.940002
NVDA,2022-10-21,12.097999572753906,12.498000144958496,11.88700008392334,12.465999603271484,12.435179710388184,609494000,,,10.0,120.979996,124.980001,118.870001,124.659996
NVDA,2022-10-24,12.508000373840332,12.710000038146973,12.064000129699707,12.598999977111816,12.567852020263672,517457000,,,10.0,125.080004,127.1,120.640001,125.99
NVDA,2022-10-25,12.694000244140625,13.300000190734863,12.663999557495117,13.26099967956543,13.228215217590332,505482000,,,10.0,126.940002,133.000002,126.639996,132.609997
NVDA,2022-10-26,12.869000434875488,13.387999534606934,12.708000183105469,12.895999908447266,12.864118576049805,532953000,,,10.0,128.690004,133.879995,127.080002,128.959999
NVDA,2022-10-27,13.630000114440918,13.838000297546387,13.121999740600586,13.175999641418457,13.143425941467285,583113000,,,10.0,136.300001,138.380003,131.219997,131.759996
NVDA,2022-10-28,13.104000091552734,13.850000381469727,13.060999870300293,13.833999633789062,13.799799919128418,521040000,,,10.0,131.040001,138.500004,130.609999,138.339996
NVDA,2022-10-31,13.777999877929688,13.838000297546387,13.29699993133545,13.496999740600586,13.463632583618164,486341000,,,10.0,137.779999,138.380003,132.969999,134.969997
NVDA,2022-11-01,13.810999870300293,13.925000190734863,13.519000053405762,13.543000221252441,13.509519577026367,432817000,,,10.0,138.109999,139.250002,135.190001,135.430002
NVDA,2022-11-02,13.850000381469727,14.210000038146973,13.211000442504883,13.218999862670898,13.186319351196289,672628000,,,10.0,138.500004,142.1,132.110004,132.189999
NVDA,2022-11-03,13.043000221252441,13.781000137329102,12.956000328063965,13.420999526977539,13.387819290161133,500065000,,,10.0,130.430002,137.810001,129.560003,134.209995
NVDA,2022-11-04,13.986000061035156,14.229000091552734,13.696999549865723,14.156000137329102,14.121003150939941,612576000,,,10.0,139.860001,142.290001,136.969995,141.560001
NVDA,2022-11-07,14.227999687194824,14.411999702453613,13.954000473022461,14.300999641418457,14.265644073486328,410061000,,,10.0,142.279997,144.119997,139.540005,143.009996
NVDA,2022-11-08,14.800999641418457,14.890999794006348,14.215999603271484,14.60200023651123,14.565900802612305,595292000,,,10.0,148.009996,148.909998,142.159996,146.020002
NVDA,2022-11-09,14.161999702453613,14.211000442504883,13.758999824523926,13.776000022888184,13.741942405700684,454414000,,,10.0,141.619997,142.110004,137.589998,137.76
NVDA,2022-11-10,14.800000190734863,15.77299976348877,14.54699993133545,15.75,15.711063385009766,700819000,,,10.0,148.000002,157.729998,145.469999,157.5
NVDA,2022-11-11,15.807000160217285,16.388999938964844,15.482000350952148,16.32699966430664,16.286636352539062,655487000,,,10.0,158.070002,163.889999,154.820004,163.269997
NVDA,2022-11-14,16.218000411987305,16.540000915527344,15.92199993133545,16.295000076293945,16.254714965820312,527852000,,,10.0,162.180004,165.400009,159.219999,162.950001
NVDA,2022-11-15,16.722000122070312,16.99799919128418,16.381999969482422,16.666000366210938,16.62479591369629,545876000,,,10.0,167.220001,169.979992,163.82,166.660004
NVDA,2022-11-16,16.16200065612793,16.36199951171875,15.873000144958496,15.90999984741211,15.870667457580566,649547000,,,10.0,161.620007,163.619995,158.730001,159.099998
NVDA,2022-11-17,15.71500015258789,16.266000747680664,15.53499984741211,15.677000045776367,15.638242721557617,710894000,,,10.0,157.150002,162.660007,155.349998,156.77
NVDA,2022-11-18,15.965999603271484,16.00200080871582,15.119999885559082,15.409000396728516,15.370905876159668,492072000,,,10.0,159.659996,160.020008,151.199999,154.090004
NVDA,2022-11-21,15.147000312805176,15.47700023651123,15.079999923706055,15.317000389099121,15.279133796691895,404739000,,,10.0,151.470003,154.770002,150.799999,153.170004
NVDA,2022-11-22,15.32800006866455,16.058000564575195,15.121999740600586,16.038000106811523,15.998351097106934,472866000,,,10.0,153.280001,160.580006,151.219997,160.380001
NVDA,2022-11-23,16.097999572753906,16.527000427246094,16.04800033569336,16.518999099731445,16.478164672851562,427241000,,,10.0,160.979996,165.270004,160.480003,165.189991
NVDA,2022-11-25,16.31800079345703,16.48699951171875,16.172000885009766,16.270000457763672,16.229778289794922,167934000,,,10.0,163.180008,164.869995,161.720009,162.700005
NVDA,2022-11-28,16.025999069213867,16.35700035095215,15.725000381469727,15.82699966430664,15.787872314453125,303741000,,,10.0,160.259991,163.570004,157.250004,158.269997
NVDA,2022-11-29,15.82699966430664,15.932000160217285,15.520000457763672,15.638999938964844,15.600336074829102,298384000,,,10.0,158.269997,159.320002,155.200005,156.389999
NVDA,2022-11-30,15.696999549865723,16.93000030517578,15.597000122070312,16.92300033569336,16.885478973388672,565298000,0.004,,10.0,156.969995,169.300003,155.970001,169.230003
NVDA,2022-12-01,16.999000549316406,17.264999389648438,16.635000228881836,17.135000228881836,17.097009658813477,470977000,,,10.0,169.990005,172.649994,166.350002,171.350002
NVDA,2022-12-02,16.659000396728516,16.933000564575195,16.44499969482422,16.875999450683594,16.838586807250977,371389000,,,10.0,166.590004,169.330006,164.449997,168.759995
NVDA,2022-12-05,16.679000854492188,16.9950008392334,16.472000122070312,16.610000610351562,16.57317543029785,352255000,,,10.0,166.790009,169.950008,164.720001,166.100006
NVDA,2022-12-06,16.530000686645508,16.572999954223633,15.819000244140625,15.987000465393066,15.951556205749512,352694000,,,10.0,165.300007,165.73,158.190002,159.870005
NVDA,2022-12-07,15.772000312805176,16.18600082397461,15.666999816894531,16.1200008392334,16.084260940551758,372388000,,,10.0,157.720003,161.860008,156.669998,161.200008
NVDA,2022-12-08,16.273000717163086,17.179000854492188,15.958999633789062,17.16900062561035,17.130937576293945,515456000,,,10.0,162.730007,171.790009,159.589996,171.690006
NVDA,2022-12-09,17.15999984741211,17.58300018310547,16.975000381469727,17.000999450683594,16.96330451965332,465338000,,,10.0,171.599998,175.830002,169.750004,170.009995
NVDA,2022-12-12,17.03700065612793,17.538000106811523,16.797000885009766,17.53499984741211,17.496126174926758,457328000,,,10.0,170.370007,175.380001,167.970009,175.349998
NVDA,2022-12-13,18.5310001373291,18.790000915527344,17.711000442504883,18.07200050354004,18.03193473815918,656589000,,,10.0,185.310001,187.900009,177.110004,180.720005
NVDA,2022-12-14,17.98699951171875,18.25200080871582,17.420000076293945,17.673999786376953,17.634815216064453,496888000,,,10.0,179.869995,182.520008,174.200001,176.739998
NVDA,2022-12-15,17.145999908447266,17.31999969482422,16.700000762939453,16.95199966430664,16.914417266845703,478542000,,,10.0,171.459999,173.199997,167.000008,169.519997
NVDA,2022-12-16,16.86400032043457,17.041000366210938,16.40999984741211,16.570999145507812,16.53426170349121,478232000,,,10.0,168.640003,170.410004,164.099998,165.709991
NVDA,2022-12-19,16.57200050354004,16.608999252319336,16.145000457763672,16.253999710083008,16.217960357666016,354039000,,,10.0,165.720005,166.089993,161.450005,162.539997
NVDA,2022-12-20,16.06399917602539,16.309999465942383,15.85200023651123,16.084999084472656,16.04933738708496,403260000,,,10.0,160.639992,163.099995,158.520002,160.849991
NVDA,2022-12-21,16.11400032043457,16.62700080871582,16.101999282836914,16.500999450683594,16.464414596557617,325025000,,,10.0,161.140003,166.270008,161.019993,165.009995
NVDA,2022-12-22,16.0939998626709,16.13800048828125,14.881999969482422,15.33899974822998,15.304991722106934,565045000,,,10.0,160.939999,161.380005,148.82,153.389997
NVDA,2022-12-23,15.196000099182129,15.33899974822998,14.883000373840332,15.206000328063965,15.17228889465332,349326000,,,10.0,151.960001,153.389997,148.830004,152.060003
NVDA,2022-12-27,15.074000358581543,15.100000381469727,14.055999755859375,14.121000289916992,14.089694023132324,464902000,,,10.0,150.740004,151.000004,140.559998,141.210003
NVDA,2022-12-28,13.927000045776367,14.26200008392334,13.883999824523926,14.03600025177002,14.004881858825684,351066000,,,10.0,139.27,142.620001,138.839998,140.360003
NVDA,2022-12-29,14.402000427246094,14.682999610900879,14.22700023651123,14.602999687194824,14.570623397827148,354923000,,,10.0,144.020004,146.829996,142.270002,146.029997
NVDA,2022-12-30,14.333999633789062,14.628999710083008,14.232999801635742,14.61400032043457,14.581599235534668,310490000,,,10.0,143.339996,146.289997,142.329998,146.140003
NVDA,2023-01-03,14.85099983215332,14.996000289916992,14.095999717712402,14.3149995803833,14.283263206481934,401277000,,,10.0,148.509998,149.960003,140.959997,143.149996
NVDA,2023-01-04,14.567000389099121,14.852999687194824,14.241000175476074,14.74899959564209,14.716301918029785,431324000,,,10.0,145.670004,148.529997,142.410002,147.489996
NVDA,2023-01-05,14.491000175476074,14.564000129699707,14.14799976348877,14.265000343322754,14.233375549316406,389168000,,,10.0,144.910002,145.640001,141.479998,142.650003
NVDA,2023-01-06,14.473999977111816,15.010000228881836,14.034000396728516,14.859000205993652,14.826055526733398,405044000,,,10.0,144.74,150.100002,140.340004,148.590002
NVDA,2023-01-09,15.284000396728516,16.055999755859375,15.140999794006348,15.628000259399414,15.593354225158691,504231000,,,10.0,152.840004,160.559998,151.409998,156.280003
NVDA,2023-01-10,15.506999969482422,15.961999893188477,15.472000122070312,15.909000396728516,15.87373161315918,384101000,,,10.0,155.07,159.619999,154.720001,159.090004
NVDA,2023-01-11,15.84000015258789,16.027999877929688,15.562999725341797,16.000999450683594,15.965524673461914,353285000,,,10.0,158.400002,160.279999,155.629997,160.009995
NVDA,2023-01-12,16.100000381469727,16.636999130249023,15.491999626159668,16.51099967956543,16.47439193725586,551409000,,,10.0,161.000004,166.369991,154.919996,165.109997
NVDA,2023-01-13,16.277999877929688,16.922000885009766,16.165000915527344,16.89900016784668,16.861534118652344,447287000,,,10.0,162.779999,169.220009,161.650009,168.990002
NVDA,2023-01-17,16.89900016784668,17.72800064086914,16.89900016784668,17.70199966430664,17.662755966186523,511102000,,,10.0,168.990002,177.280006,168.990002,177.019997
NVDA,2023-01-18,17.66699981689453,17.87299919128418,17.281999588012695,17.37700080871582,17.338478088378906,439624000,,,10.0,176.669998,178.729992,172.819996,173.770008
NVDA,2023-01-19,17.035999298095703,17.19700050354004,16.731000900268555,16.764999389648438,16.727828979492188,452932000,,,10.0,170.359993,171.970005,167.310009,167.649994
NVDA,2023-01-20,17.01099967956543,17.856000900268555,16.825000762939453,17.839000701904297,17.799449920654297,564967000,,,10.0,170.109997,178.560009,168.250008,178.390007
NVDA,2023-01-23,18.06399917602539,19.2450008392334,17.81800079345703,19.19300079345703,19.150447845458984,655163000,,,10.0,180.639992,192.450008,178.180008,191.930008
NVDA,2023-01-24,18.82699966430664,19.4950008392334,18.81999969482422,19.264999389648438,19.222286224365234,496204000,,,10.0,188.269997,194.950008,188.199997,192.649994
NVDA,2023-01-25,18.913000106811523,19.3700008392334,18.579999923706055,19.322999954223633,19.280160903930664,449537000,,,10.0,189.130001,193.700008,185.799999,193.23
NVDA,2023-01-26,19.701000213623047,20.166000366210938,19.277999877929688,19.802000045776367,19.758094787597656,489535000,,,10.0,197.010002,201.660004,192.779999,198.02
NVDA,2023-01-27,19.461999893188477,20.628000259399414,19.405000686645508,20.364999771118164,20.319847106933594,542142000,,,10.0,194.619999,206.280003,194.050007,203.649998
NVDA,2023-01-30,19.950000762939453,20.139999389648438,19.149999618530273,19.16200065612793,19.119518280029297,488611000,,,10.0,199.500008,201.399994,191.499996,191.620007
NVDA,2023-01-31,19.170000076293945,19.687000274658203,18.950000762939453,19.53700065612793,19.493690490722656,498017000,,,10.0,191.700001,196.870003,189.500008,195.370007
NVDA,2023-02-01,19.69099998474121,21.191999435424805,19.611000061035156,20.94300079345703,20.896570205688477,660477000,,,10.0,196.91,211.919994,196.110001,209.430008
NVDA,2023-02-02,21.0,21.948999404907227,20.700000762939453,21.708999633789062,21.66086769104004,564276000,,,10.0,210.0,219.489994,207.000008,217.089996
NVDA,2023-02-03,21.0,21.7450008392334,20.788999557495117,21.100000381469727,21.0532169342041,429366000,,,10.0,210.0,217.450008,207.889996,211.000004
NVDA,2023-02-06,20.805999755859375,21.56999969482422,20.785999298095703,21.089000701904297,21.04224967956543,452197000,,,10.0,208.059998,215.699997,207.859993,210.890007
NVDA,2023-02-07,21.381999969482422,22.259000778198242,21.149999618530273,22.17300033569336,22.123842239379883,664150000,,,10.0,213.82,222.590008,211.499996,221.730003
NVDA,2023-02-08,22.386999130249023,22.878000259399414,22.007999420166016,22.204999923706055,22.155773162841797,559651000,,,10.0,223.869991,228.780003,220.079994,222.049999
NVDA,2023-02-09,22.606000900268555,23.020000457763672,22.1200008392334,22.336999893188477,22.287479400634766,523876000,,,10.0,226.060009,230.200005,221.200008,223.369999
NVDA,2023-02-10,21.690000534057617,22.077999114990234,20.81100082397461,21.264999389648438,21.217853546142578,550737000,,,10.0,216.900005,220.779991,208.110008,212.649994
NVDA,2023-02-13,21.538000106811523,22.04800033569336,20.961999893188477,21.788000106811523,21.73969268798828,474919000,,,10.0,215.380001,220.480003,209.619999,217.880001
NVDA,2023-02-14,21.577999114990234,23.048999786376953,21.365999221801758,22.97100067138672,22.92007064819336,675474000,,,10.0,215.779991,230.489998,213.659992,229.710007
NVDA,2023-02-15,22.548999786376953,22.854999542236328,22.106000900268555,22.763999938964844,22.71352767944336,420575000,,,10.0,225.489998,228.549995,221.060009,227.639999
NVDA,2023-02-16,22.132999420166016,22.549999237060547,21.927000045776367,22.00200080871582,21.953224182128906,412026000,,,10.0,221.329994,225.499992,219.27,220.020008
NVDA,2023-02-17,21.631000518798828,21.739999771118164,20.975000381469727,21.38800048828125,21.3405818939209,465888000,,,10.0,216.310005,217.399998,209.750004,213.880005
NVDA,2023-02-21,21.0,21.493999481201172,20.618000030517578,20.655000686645508,20.609207153320312,410015000,,,10.0,210.0,214.939995,206.18,206.550007
NVDA,2023-02-22,20.707000732421875,21.104000091552734,20.42099952697754,20.753999710083008,20.70798683166504,513184000,,,10.0,207.070007,211.040001,204.209995,207.539997
NVDA,2023-02-23,23.440000534057617,23.88800048828125,23.024999618530273,23.663999557495117,23.61153221130371,1117995000,,,10.0,234.400005,238.880005,230.249996,236.639996
NVDA,2023-02-24,23.225000381469727,23.474000930786133,22.94700050354004,23.285999298095703,23.234373092651367,589716000,,,10.0,232.250004,234.740009,229.470005,232.859993
NVDA,2023-02-27,23.670000076293945,23.8799991607666,23.45400047302246,23.500999450683594,23.448896408081055,452994000,,,10.0,236.700001,238.799992,234.540005,235.009995
NVDA,2023-02-28,23.371999740600586,23.825000762939453,23.20599937438965,23.215999603271484,23.164527893066406,455963000,,,10.0,233.719997,238.250008,232.059994,232.159996
NVDA,2023-03-01,23.191999435424805,23.256000518798828,22.507999420166016,22.697999954223633,22.647680282592773,460026000,,,10.0,231.919994,232.560005,225.079994,226.98
NVDA,2023-03-02,22.488000869750977,23.3799991607666,22.43199920654297,23.31399917602539,23.262313842773438,389415000,,,10.0,224.880009,233.799992,224.319992,233.139992
NVDA,2023-03-03,23.31999969482422,23.899999618530273,23.1299991607666,23.889999389648438,23.837032318115234,412393000,,,10.0,233.199997,238.999996,231.299992,238.899994
NVDA,2023-03-06,23.891000747680664,24.24799919128418,23.48699951171875,23.554000854492188,23.501779556274414,437429000,,,10.0,238.910007,242.479992,234.869995,235.540009
NVDA,2023-03-07,23.600000381469727,24.125,23.240999221801758,23.288000106811523,23.240312576293945,515154000,0.004,,10.0,236.000004,241.25,232.409992,232.880001
NVDA,2023-03-08,23.48699951171875,24.200000762939453,23.423999786376953,24.180999755859375,24.131488800048828,513573000,,,10.0,234.869995,242.000008,234.239998,241.809998
NVDA,2023-03-09,24.174999237060547,24.45400047302246,23.382999420166016,23.43600082397461,23.38801383972168,501257000,,,10.0,241.749992,244.540005,233.829994,234.360008
NVDA,2023-03-10,23.409000396728516,23.62700080871582,22.72599983215332,22.96500015258789,22.917978286743164,474866000,,,10.0,234.090004,236.270008,227.259998,229.650002
NVDA,2023-03-13,22.75200080871582,23.29800033569336,22.297000885009766,22.965999603271484,22.918975830078125,421890000,,,10.0,227.520008,232.980003,222.970009,229.659996
NVDA,2023-03-14,23.496000289916992,24.2189998626709,23.459999084472656,24.062999725341797,24.01372528076172,474910000,,,10.0,234.960003,242.189999,234.599991,240.629997
NVDA,2023-03-15,23.76099967956543,24.285999298095703,23.360000610351562,24.22800064086914,24.178390502929688,524486000,,,10.0,237.609997,242.859993,233.600006,242.280006
NVDA,2023-03-16,24.027000427246094,25.58799934387207,23.893999099731445,25.541000366210938,25.48870277404785,583253000,,,10.0,240.270004,255.879993,238.939991,255.410004
NVDA,2023-03-17,25.98200035095215,26.39900016784668,25.667999267578125,25.725000381469727,25.672327041625977,848547000,,,10.0,259.820004,263.990002,256.679993,257.250004
NVDA,2023-03-20,25.614999771118164,26.02400016784668,25.1299991607666,25.899999618530273,25.84696388244629,432747000,,,10.0,256.149998,260.240002,251.299992,258.999996
NVDA,2023-03-21,26.18000030517578,26.392000198364258,25.381000518798828,26.198999404907227,26.145357131958008,547408000,,,10.0,261.800003,263.920002,253.810005,261.989994
NVDA,2023-03-22,26.424999237060547,27.589000701904297,26.23699951171875,26.468000411987305,26.413801193237305,797295000,,,10.0,264.249992,275.890007,262.369995,264.680004
NVDA,2023-03-23,27.114999771118164,27.499000549316406,26.690000534057617,27.19099998474121,27.135324478149414,564889000,,,10.0,271.149998,274.990005,266.900005,271.91
NVDA,2023-03-24,27.0310001373291,27.16699981689453,26.354999542236328,26.77899932861328,26.724170684814453,454920000,,,10.0,270.310001,271.669998,263.549995,267.789993
NVDA,2023-03-27,26.836999893188477,27.0,26.364999771118164,26.5310001373291,26.47667694091797,361026000,,,10.0,268.369999,270.0,263.649998,265.310001
NVDA,2023-03-28,26.44700050354004,26.51300048828125,25.850000381469727,26.40999984741211,26.355926513671875,356104000,,,10.0,264.470005,265.130005,258.500004,264.099998
NVDA,2023-03-29,26.825000762939453,27.077999114990234,26.597000122070312,26.983999252319336,26.928747177124023,393694000,,,10.0,268.250008,270.779991,265.970001,269.839993
NVDA,2023-03-30,27.229000091552734,27.499000549316406,27.101999282836914,27.382999420166016,27.32693099975586,364516000,,,10.0,272.290001,274.990005,271.019993,273.829994
NVDA,2023-03-31,27.139999389648438,27.833999633789062,27.104999542236328,27.777000427246094,27.720125198364258,433933000,,,10.0,271.399994,278.339996,271.049995,277.770004
NVDA,2023-04-03,27.509000778198242,28.0,27.336000442504883,27.96500015258789,27.907737731933594,398716000,,,10.0,275.090008,280.0,273.360004,279.650002
NVDA,2023-04-04,27.965999603271484,28.0,27.30699920654297,27.452999114990234,27.396787643432617,368592000,,,10.0,279.659996,280.0,273.069992,274.529991
NVDA,2023-04-05,26.82900047302246,26.99799919128418,26.395000457763672,26.881000518798828,26.825960159301758,515015000,,,10.0,268.290005,269.979992,263.950005,268.810005
NVDA,2023-04-06,26.583999633789062,27.079999923706055,26.427000045776367,27.03700065612793,26.981639862060547,397654000,,,10.0,265.839996,270.799999,264.27,270.370007
NVDA,2023-04-10,26.822999954223633,27.621000289916992,26.66900062561035,27.57900047302246,27.52252960205078,395279000,,,10.0,268.23,276.210003,266.690006,275.790005
NVDA,2023-04-11,27.724000930786133,27.790000915527344,27.125999450683594,27.16900062561035,27.113365173339844,314378000,,,10.0,277.240009,277.900009,271.259995,271.690006
NVDA,2023-04-12,27.3700008392334,27.468000411987305,26.447999954223633,26.4950008392334,26.440750122070312,446259000,,,10.0,273.700008,274.680004,264.48,264.950008
NVDA,2023-04-13,26.733999252319336,26.886999130249023,26.32900047302246,26.46299934387207,26.4088134765625,353615000,,,10.0,267.339993,268.869991,263.290005,264.629993
NVDA,2023-04-14,26.503999710083008,26.882999420166016,26.219999313354492,26.757999420166016,26.703210830688477,395660000,,,10.0,265.039997,268.829994,262.199993,267.579994
NVDA,2023-04-17,26.565000534057617,27.006000518798828,26.433000564575195,27.00200080871582,26.94670867919922,321471000,,,10.0,265.650005,270.060005,264.330006,270.020008
NVDA,2023-04-18,27.533000946044922,28.110000610351562,27.35700035095215,27.66699981689453,27.6103515625,604812000,,,10.0,275.330009,281.100006,273.570004,276.669998
NVDA,2023-04-19,27.361000061035156,28.0,27.23200035095215,27.930999755859375,27.873807907104492,358660000,,,10.0,273.610001,280.0,272.320004,279.309998
NVDA,2023-04-20,27.67099952697754,28.030000686645508,27.0,27.104000091552734,27.048500061035156,427713000,,,10.0,276.709995,280.300007,270.0,271.040001
NVDA,2023-04-21,26.95199966430664,27.183000564575195,26.722000122070312,27.118999481201172,27.06346893310547,345103000,,,10.0,269.519997,271.830006,267.220001,271.189995
NVDA,2023-04-24,27.01300048828125,27.365999221801758,26.67099952697754,27.04199981689453,26.986629486083984,339282000,,,10.0,270.130005,273.659992,266.709995,270.419998
NVDA,2023-04-25,27.077999114990234,27.246999740600586,26.225000381469727,26.240999221801758,26.187271118164062,378527000,,,10.0,270.779991,272.469997,262.250004,262.409992
NVDA,2023-04-26,27.00200080871582,27.329999923706055,26.704999923706055,26.95599937438965,26.900806427001953,406337000,,,10.0,270.020008,273.299999,267.049999,269.559994
NVDA,2023-04-27,27.363000869750977,27.4950008392334,26.625,27.22599983215332,27.170255661010742,377161000,,,10.0,273.630009,274.950008,266.25,272.259998
NVDA,2023-04-28,27.225000381469727,27.757999420166016,27.070999145507812,27.749000549316406,27.692180633544922,292216000,,,10.0,272.250004,277.579994,270.709991,277.490005
NVDA,2023-05-01,27.84000015258789,29.058000564575195,27.780000686645508,28.90999984741211,28.850805282592773,570329000,,,10.0,278.400002,290.580006,277.800007,289.099998
NVDA,2023-05-02,28.68000030517578,28.836000442504883,28.08300018310547,28.209999084472656,28.15223503112793,402730000,,,10.0,286.800003,288.360004,280.830002,282.099991
NVDA,2023-05-03,27.84000015258789,28.367000579833984,27.472000122070312,27.802000045776367,27.74507713317871,383387000,,,10.0,278.400002,283.670006,274.720001,278.02
NVDA,2023-05-04,27.650999069213867,27.858999252319336,27.239999771118164,27.562000274658203,27.50556182861328,321850000,,,10.0,276.509991,278.589993,272.399998,275.620003
NVDA,2023-05-05,27.826000213623047,28.7549991607666,27.731000900268555,28.68000030517578,28.621274948120117,361494000,,,10.0,278.260002,287.549992,277.310009,286.800003
NVDA,2023-05-08,28.52199935913086,29.219999313354492,28.350000381469727,29.150999069213867,29.091312408447266,344979000,,,10.0,285.219994,292.199993,283.500004,291.509991
NVDA,2023-05-09,28.89900016784668,28.972999572753906,28.450000762939453,28.570999145507812,28.512500762939453,314869000,,,10.0,288.990002,289.729996,284.500008,285.709991
NVDA,2023-05-10,29.0049991607666,29.113000869750977,28.461000442504883,28.885000228881836,28.825855255126953,369350000,,,10.0,290.049992,291.130009,284.610004,288.850002
NVDA,2023-05-11,28.895999908447266,28.950000762939453,28.246000289916992,28.577999114990234,28.51948356628418,322149000,,,10.0,288.959999,289.500008,282.460003,285.779991
NVDA,2023-05-12,28.52899932861328,28.780000686645508,28.04599952697754,28.34000015258789,28.281972885131836,274222000,,,10.0,285.289993,287.800007,280.459995,283.400002
NVDA,2023-05-15,28.507999420166016,28.9689998626709,28.152000427246094,28.952999114990234,28.893714904785156,293926000,,,10.0,285.079994,289.689999,281.520004,289.529991
NVDA,2023-05-16,28.840999603271484,29.8700008392334,28.832000732421875,29.21299934387207,29.15318489074707,449405000,,,10.0,288.409996,298.700008,288.320007,292.129993
NVDA,2023-05-17,29.583999633789062,30.198999404907227,29.43000030517578,30.17799949645996,30.116207122802734,432535000,,,10.0,295.839996,301.989994,294.300003,301.779995
NVDA,2023-05-18,30.40999984741211,31.827999114990234,30.31999969482422,31.67799949645996,31.613136291503906,748725000,,,10.0,304.099998,318.279991,303.199997,316.779995
NVDA,2023-05-19,31.535999298095703,31.579999923706055,30.916000366210938,31.263999938964844,31.199983596801758,473908000,,,10.0,315.359993,315.799999,309.160004,312.639999
NVDA,2023-05-22,30.900999069213867,31.520000457763672,30.68000030517578,31.176000595092773,31.112165451049805,372000000,,,10.0,309.009991,315.200005,306.800003,311.760006
NVDA,2023-05-23,31.0,31.288000106811523,30.631000518798828,30.687999725341797,30.625167846679688,356253000,,,10.0,310.0,312.880001,306.310005,306.879997
NVDA,2023-05-24,30.209999084472656,30.60700035095215,29.805999755859375,30.538000106811523,30.47547149658203,721419000,,,10.0,302.099991,306.070004,298.059998,305.380001
NVDA,2023-05-25,38.52299880981445,39.47999954223633,36.6349983215332,37.97999954223633,37.9022331237793,1543911000,,,10.0,385.229988,394.799995,366.349983,379.799995
NVDA,2023-05-26,37.88999938964844,39.16999816894531,37.54999923706055,38.94599914550781,38.86625289916992,714397000,,,10.0,378.899994,391.699982,375.499992,389.459991
NVDA,2023-05-30,40.595001220703125,41.9379997253418,39.94900131225586,40.111000061035156,40.02886962890625,923401000,,,10.0,405.950012,419.379997,399.490013,401.110001
NVDA,2023-05-31,39.487998962402344,40.29499816894531,37.821998596191406,37.83399963378906,37.75653076171875,1002580000,,,10.0,394.87999,402.949982,378.219986,378.339996
NVDA,2023-06-01,38.48899841308594,40.04999923706055,38.34000015258789,39.77000045776367,39.68857192993164,635873000,,,10.0,384.889984,400.499992,383.400002,397.700005
NVDA,2023-06-02,40.09700012207031,40.5,39.05799865722656,39.32699966430664,39.24647903442383,482731000,,,10.0,400.970001,405.0,390.579987,393.269997
NVDA,2023-06-05,38.909000396728516,39.564998626708984,38.707000732421875,39.17100143432617,39.09079360961914,396094000,,,10.0,389.090004,395.649986,387.070007,391.710014
NVDA,2023-06-06,38.83000183105469,39.15999984741211,38.14799880981445,38.65399932861328,38.57485580444336,388729000,,,10.0,388.300018,391.599998,381.479988,386.539993
NVDA,2023-06-07,38.915000915527344,39.499000549316406,37.35599899291992,37.474998474121094,37.402130126953125,511998000,0.004,,10.0,389.150009,394.990005,373.55999,374.749985
NVDA,2023-06-08,37.7239990234375,38.86399841308594,37.505001068115234,38.5099983215332,38.43513107299805,417772000,,,10.0,377.23999,388.639984,375.050011,385.099983
NVDA,2023-06-09,39.0369987487793,39.71099853515625,38.56700134277344,38.77000045776367,38.694618225097656,427717000,,,10.0,390.369987,397.109985,385.670013,387.700005
NVDA,2023-06-12,39.20000076293945,39.529998779296875,38.61800003051758,39.481998443603516,39.405235290527344,388701000,,,10.0,392.000008,395.299988,386.18,394.819984
NVDA,2023-06-13,40.18600082397461,41.10100173950195,39.7400016784668,41.02199935913086,40.94224166870117,613208000,,,10.0,401.860008,411.010017,397.400017,410.219994
NVDA,2023-06-14,40.82400131225586,43.0,40.551998138427734,42.99700164794922,42.91339874267578,740465000,,,10.0,408.240013,430.0,405.519981,429.970016
NVDA,2023-06-15,42.60200119018555,43.28900146484375,42.14699935913086,42.65299987792969,42.570072174072266,568622000,,,10.0,426.020012,432.890015,421.469994,426.529999
NVDA,2023-06-16,43.45000076293945,43.72100067138672,42.6609992980957,42.69200134277344,42.60899353027344,655709000,,,10.0,434.500008,437.210007,426.609993,426.920013
NVDA,2023-06-20,42.99800109863281,43.9900016784668,42.67399978637695,43.80799865722656,43.72282791137695,451153000,,,10.0,429.980011,439.900017,426.739998,438.079987
NVDA,2023-06-21,43.500999450683594,43.6150016784668,42.08000183105469,43.04499816894531,42.9613037109375,551603000,,,10.0,435.009995,436.150017,420.800018,430.449982
NVDA,2023-06-22,42.25299835205078,43.42599868774414,42.23400115966797,43.025001525878906,42.941349029541016,417737000,,,10.0,422.529984,434.259987,422.340012,430.250015
NVDA,2023-06-23,42.4640007019043,42.808998107910156,42.01499938964844,42.20899963378906,42.126930236816406,358140000,,,10.0,424.640007,428.089981,420.149994,422.089996
NVDA,2023-06-26,42.46099853515625,42.763999938964844,40.099998474121094,40.63199996948242,40.55299377441406,594322000,,,10.0,424.609985,427.639999,400.999985,406.32
NVDA,2023-06-27,40.79899978637695,41.939998626708984,40.448001861572266,41.875999450683594,41.79457473754883,462175000,,,10.0,407.989998,419.399986,404.480019,418.759995
NVDA,2023-06-28,40.65999984741211,41.845001220703125,40.518001556396484,41.117000579833984,41.03705978393555,582639000,,,10.0,406.599998,418.450012,405.180016,411.170006
NVDA,2023-06-29,41.55799865722656,41.599998474121094,40.599998474121094,40.821998596191406,40.74263000488281,380514000,,,10.0,415.579987,415.999985,405.999985,408.219986
NVDA,2023-06-30,41.68000030517578,42.54999923706055,41.500999450683594,42.301998138427734,42.219749450683594,501148000,,,10.0,416.800003,425.499992,415.009995,423.019981
NVDA,2023-07-03,42.516998291015625,42.89799880981445,42.20199966430664,42.41299819946289,42.33053207397461,198209000,,,10.0,425.169983,428.979988,422.019997,424.129982
NVDA,2023-07-05,42.1349983215332,43.176998138427734,42.084999084472656,42.31700134277344,42.2347297668457,323618000,,,10.0,421.349983,431.769981,420.849991,423.170013
NVDA,2023-07-06,41.84400177001953,42.17900085449219,41.34600067138672,42.10300064086914,42.02114486694336,303582000,,,10.0,418.440018,421.790009,413.460007,421.030006
NVDA,2023-07-07,42.321998596191406,43.2140007019043,42.18000030517578,42.50299835205078,42.42036056518555,355881000,,,10.0,423.219986,432.140007,421.800003,425.029984
NVDA,2023-07-10,42.65700149536133,42.81100082397461,41.64899826049805,42.18000030517578,42.09799575805664,353908000,,,10.0,426.570015,428.110008,416.489983,421.800003
NVDA,2023-07-11,42.48099899291992,42.757999420166016,42.06700134277344,42.404998779296875,42.32254409790039,298244000,,,10.0,424.80999,427.579994,420.670013,424.049988
NVDA,2023-07-12,43.03300094604492,43.935001373291016,42.777000427246094,43.902000427246094,43.81663513183594,481277000,,,10.0,430.330009,439.350014,427.770004,439.020004
NVDA,2023-07-13,44.518001556396484,46.154998779296875,44.492000579833984,45.97700119018555,45.88760757446289,478204000,,,10.0,445.180016,461.549988,444.920006,459.770012
NVDA,2023-07-14,46.58300018310547,48.0880012512207,45.060001373291016,45.46900177001953,45.38059616088867,772075000,,,10.0,465.830002,480.880013,450.600014,454.690018
NVDA,2023-07-17,46.28900146484375,46.49599838256836,45.262001037597656,46.46099853515625,46.370662689208984,510488000,,,10.0,462.890015,464.959984,452.62001,464.609985
NVDA,2023-07-18,46.70100021362305,47.895999908447266,45.73400115966797,47.49399948120117,47.40165328979492,569164000,,,10.0,467.010002,478.959999,457.340012,474.939995
NVDA,2023-07-19,47.4640007019043,47.81800079345703,46.742000579833984,47.07699966430664,46.9854621887207,427502000,,,10.0,474.640007,478.180008,467.420006,470.769997
NVDA,2023-07-20,46.50699996948242,47.08700180053711,45.0620002746582,45.52000045776367,45.431488037109375,537865000,,,10.0,465.07,470.870018,450.620003,455.200005
NVDA,2023-07-21,45.78799819946289,45.86600112915039,44.099998474121094,44.308998107910156,44.222843170166016,963769000,,,10.0,457.879982,458.660011,440.999985,443.089981
NVDA,2023-07-24,44.73099899291992,45.10900115966797,44.040000915527344,44.61199951171875,44.525264739990234,382516000,,,10.0,447.30999,451.090012,440.400009,446.119995
NVDA,2023-07-25,44.941001892089844,46.18299865722656,44.92300033569336,45.67900085449219,45.590179443359375,348081000,,,10.0,449.410019,461.829987,449.230003,456.790009
NVDA,2023-07-26,46.020999908447266,46.053001403808594,44.630001068115234,45.45199966430664,45.36362838745117,364237000,,,10.0,460.209999,460.530014,446.300011,454.519997
NVDA,2023-07-27,46.51900100708008,47.39500045776367,45.75,45.900001525878906,45.810752868652344,455976000,,,10.0,465.19001,473.950005,457.5,459.000015
NVDA,2023-07-28,46.667999267578125,47.027000427246094,46.38100051879883,46.75,46.65910339355469,331194000,,,10.0,466.679993,470.270004,463.810005,467.5
NVDA,2023-07-31,46.75400161743164,47.130001068115234,46.50600051879883,46.729000091552734,46.638145446777344,251055000,,,10.0,467.540016,471.300011,465.060005,467.290001
NVDA,2023-08-01,46.459999084472656,46.900001525878906,46.027000427246094,46.50699996948242,46.41657638549805,237858000,,,10.0,464.599991,469.000015,460.270004,465.07
NVDA,2023-08-02,45.83100128173828,45.84000015258789,43.387001037597656,44.26900100708008,44.18292999267578,530142000,,,10.0,458.310013,458.400002,433.87001,442.69001
NVDA,2023-08-03,43.79999923706055,45.11800003051758,43.79999923706055,44.51499938964844,44.42844772338867,324176000,,,10.0,437.999992,451.18,437.999992,445.149994
NVDA,2023-08-04,44.98500061035156,45.641998291015625,44.393001556396484,44.68000030517578,44.5931282043457,362666000,,,10.0,449.850006,456.419983,443.930016,446.800003
NVDA,2023-08-07,45.111000061035156,45.540000915527344,44.5629997253418,45.41699981689453,45.32869338989258,322154000,,,10.0,451.110001,455.400009,445.629997,454.169998
NVDA,2023-08-08,44.85300064086914,45.242000579833984,44.055999755859375,44.66400146484375,44.5771598815918,353843000,,,10.0,448.530006,452.420006,440.559998,446.640015
NVDA,2023-08-09,44.27399826049805,44.3120002746582,42.13399887084961,42.55400085449219,42.47126007080078,586449000,,,10.0,442.739983,443.120003,421.339989,425.540009
NVDA,2023-08-10,42.15999984741211,43.57400131225586,41.834999084472656,42.38800048828125,42.30558395385742,492705000,,,10.0,421.599998,435.740013,418.349991,423.880005
NVDA,2023-08-11,41.750999450683594,42.018001556396484,40.638999938964844,40.85499954223633,40.77556228637695,533085000,,,10.0,417.509995,420.180016,406.389999,408.549995
NVDA,2023-08-14,40.486000061035156,43.79999923706055,40.31100082397461,43.75299835205078,43.667930603027344,690286000,,,10.0,404.860001,437.999992,403.110008,437.529984
NVDA,2023-08-15,44.560001373291016,45.268001556396484,43.709999084472656,43.939998626708984,43.85456848144531,676512000,,,10.0,445.600014,452.680016,437.099991,439.399986
NVDA,2023-08-16,44.52000045776367,44.67499923706055,43.40599822998047,43.486000061035156,43.40143966674805,527451000,,,10.0,445.200005,446.749992,434.059982,434.860001
NVDA,2023-08-17,43.970001220703125,44.0620002746582,43.000999450683594,43.34400177001953,43.25972366333008,452395000,,,10.0,439.700012,440.620003,430.009995,433.440018
NVDA,2023-08-18,42.6349983215332,43.577999114990234,41.65999984741211,43.29899978637695,43.21480941772461,583768000,,,10.0,426.349983,435.779991,416.599998,432.989998
NVDA,2023-08-21,44.49399948120117,47.064998626708984,44.22200012207031,46.96699905395508,46.87568664550781,692573000,,,10.0,444.939995,470.649986,442.220001,469.669991
NVDA,2023-08-22,48.1349983215332,48.1870002746582,45.33300018310547,45.667999267578125,45.5792121887207,755293000,,,10.0,481.349983,481.870003,453.330002,456.679993
NVDA,2023-08-23,45.86600112915039,47.20000076293945,45.20800018310547,47.11600112915039,47.02439880371094,779046000,,,10.0,458.660011,472.000008,452.080002,471.160011
NVDA,2023-08-24,50.215999603271484,50.26599884033203,47.159000396728516,47.16299819946289,47.0713005065918,1156044000,,,10.0,502.159996,502.659988,471.590004,471.629982
NVDA,2023-08-25,47.012001037597656,47.80500030517578,45.02399826049805,46.018001556396484,45.928524017333984,925341000,,,10.0,470.12001,478.050003,450.239983,460.180016
NVDA,2023-08-28,46.481998443603516,46.97999954223633,44.88800048828125,46.834999084472656,46.74394226074219,685192000,,,10.0,464.819984,469.799995,448.880005,468.349991
NVDA,2023-08-29,46.66600036621094,49.08100128173828,46.39099884033203,48.784000396728516,48.689144134521484,701397000,,,10.0,466.660004,490.810013,463.909988,487.840004
NVDA,2023-08-30,49.04399871826172,49.926998138427734,48.42499923706055,49.263999938964844,49.168212890625,735206000,,,10.0,490.439987,499.269981,484.249992,492.639999
NVDA,2023-08-31,49.380001068115234,49.74399948120117,48.95800018310547,49.35499954223633,49.25904083251953,528570000,,,10.0,493.800011,497.439995,489.580002,493.549995
NVDA,2023-09-01,49.762001037597656,49.79999923706055,48.141998291015625,48.50899887084961,48.41468048095703,463830000,,,10.0,497.62001,497.999992,481.419983,485.089989
NVDA,2023-09-05,48.222999572753906,48.85100173950195,47.86000061035156,48.54800033569336,48.453609466552734,382653000,,,10.0,482.229996,488.510017,478.600006,485.480003
NVDA,2023-09-06,48.441001892089844,48.54899978637695,46.58000183105469,47.06100082397461,46.973365783691406,468670000,0.004,,10.0,484.410019,485.489998,465.800018,470.610008
NVDA,2023-09-07,45.525001525878906,46.34400177001953,45.152000427246094,46.24100112915039,46.15489196777344,433330000,,,10.0,455.250015,463.440018,451.520004,462.410011
NVDA,2023-09-08,45.94200134277344,46.60599899291992,45.270999908447266,45.571998596191406,45.48713684082031,473069000,,,10.0,459.420013,466.05999,452.709999,455.719986
NVDA,2023-09-11,46.14799880981445,46.16299819946289,44.3120002746582,45.178001403808594,45.093875885009766,473966000,,,10.0,461.479988,461.629982,443.120003,451.780014
NVDA,2023-09-12,44.737998962402344,45.67300033569336,44.53099822998047,44.869998931884766,44.786441802978516,349256000,,,10.0,447.37999,456.730003,445.309982,448.699989
NVDA,2023-09-13,44.599998474121094,45.93000030517578,44.50299835205078,45.48500061035156,45.40030288696289,398355000,,,10.0,445.999985,459.300003,445.029984,454.850006
NVDA,2023-09-14,45.95000076293945,45.98699951171875,45.13100051879883,45.58100128173828,45.496124267578125,370097000,,,10.0,459.500008,459.869995,451.310005,455.810013
NVDA,2023-09-15,45.340999603271484,45.5989990234375,43.80799865722656,43.900001525878906,43.8182487487793,506831000,,,10.0,453.409996,455.98999,438.079987,439.000015
NVDA,2023-09-18,42.74800109863281,44.242000579833984,42.0,43.965999603271484,43.884124755859375,500271000,,,10.0,427.480011,442.420006,420.0,439.659996
NVDA,2023-09-19,43.83300018310547,43.965999603271484,43.00199890136719,43.52000045776367,43.438961029052734,373064000,,,10.0,438.330002,439.659996,430.019989,435.200005
NVDA,2023-09-20,43.599998474121094,43.90299987792969,42.222999572753906,42.23899841308594,42.16035079956055,367108000,,,10.0,435.999985,439.029999,422.229996,422.389984
NVDA,2023-09-21,41.58300018310547,42.099998474121094,40.97999954223633,41.016998291015625,40.94062042236328,450736000,,,10.0,415.830002,420.999985,409.799995,410.169983
NVDA,2023-09-22,41.571998596191406,42.1150016784668,41.23099899291992,41.61000061035156,41.53252029418945,479236000,,,10.0,415.719986,421.150017,412.30999,416.100006
NVDA,2023-09-25,41.590999603271484,42.5359992980957,41.176998138427734,42.22200012207031,42.14338302612305,419091000,,,10.0,415.909996,425.359993,411.769981,422.220001
NVDA,2023-09-26,42.000999450683594,42.81999969482422,41.654998779296875,41.9109992980957,41.83295822143555,402282000,,,10.0,420.009995,428.199997,416.549988,419.109993
NVDA,2023-09-27,42.33000183105469,42.87200164794922,41.62900161743164,42.46799850463867,42.388916015625,444935000,,,10.0,423.300018,428.720016,416.290016,424.679985
NVDA,2023-09-28,42.459999084472656,43.44599914550781,42.1150016784668,43.0890007019043,43.00876235961914,424663000,,,10.0,424.599991,434.459991,421.150017,430.890007
NVDA,2023-09-29,43.82699966430664,44.14400100708008,43.30699920654297,43.499000549316406,43.417999267578125,397830000,,,10.0,438.269997,441.44001,433.069992,434.990005
NVDA,2023-10-02,44.029998779296875,45.17499923706055,43.861000061035156,44.78200149536133,44.698612213134766,433298000,,,10.0,440.299988,451.749992,438.610001,447.820015
NVDA,2023-10-03,44.80799865722656,45.130001068115234,43.24599838256836,43.516998291015625,43.435970306396484,470850000,,,10.0,448.079987,451.300011,432.459984,435.169983
NVDA,2023-10-04,43.742000579833984,44.143001556396484,43.29199981689453,44.04100036621094,43.95899200439453,361821000,,,10.0,437.420006,441.430016,432.919998,440.410004
NVDA,2023-10-05,44.04999923706055,44.900001525878906,43.88800048828125,44.6879997253418,44.60478973388672,393483000,,,10.0,440.499992,449.000015,438.880005,446.879997
NVDA,2023-10-06,44.19300079345703,45.78900146484375,44.0260009765625,45.762001037597656,45.676788330078125,434436000,,,10.0,441.930008,457.890015,440.26001,457.62001
NVDA,2023-10-09,44.84199905395508,45.60499954223633,44.36800003051758,45.27299880981445,45.18869400024414,409675000,,,10.0,448.419991,456.049995,443.68,452.729988
NVDA,2023-10-10,45.310001373291016,46.25899887084961,45.0880012512207,45.79800033569336,45.71271896362305,368582000,,,10.0,453.100014,462.589989,450.880013,457.980003
NVDA,2023-10-11,46.19599914550781,46.85900115966797,46.04999923706055,46.805999755859375,46.71883773803711,378137000,,,10.0,461.959991,468.590012,460.499992,468.059998
NVDA,2023-10-12,46.777000427246094,47.60900115966797,46.33000183105469,46.94499969482422,46.857582092285156,481325000,,,10.0,467.770004,476.090012,463.300018,469.449997
NVDA,2023-10-13,46.959999084472656,47.11600112915039,45.279998779296875,45.46099853515625,45.3763427734375,474115000,,,10.0,469.599991,471.160011,452.799988,454.609985
NVDA,2023-10-16,45.0629997253418,46.224998474121094,44.9119987487793,46.095001220703125,46.00917053222656,375099000,,,10.0,450.629997,462.249985,449.119987,460.950012
NVDA,2023-10-17,44.0,44.75400161743164,42.47999954223633,43.9379997253418,43.85618591308594,812333000,,,10.0,440.0,447.540016,424.799995,439.379997
NVDA,2023-10-18,42.590999603271484,43.21900177001953,41.82500076293945,42.19599914550781,42.11742401123047,627294000,,,10.0,425.909996,432.190018,418.250008,421.959991
NVDA,2023-10-19,42.81100082397461,43.297000885009766,41.88199996948242,42.10100173950195,42.022613525390625,501233000,,,10.0,428.110008,432.970009,418.82,421.010017
NVDA,2023-10-20,41.88999938964844,42.470001220703125,41.077999114990234,41.387001037597656,41.3099365234375,477266000,,,10.0,418.899994,424.700012,410.779991,413.87001
NVDA,2023-10-23,41.229000091552734,43.24800109863281,40.94499969482422,42.974998474121094,42.894981384277344,478530000,,,10.0,412.290001,432.480011,409.449997,429.749985
NVDA,2023-10-24,43.07699966430664,43.696998596191406,42.691001892089844,43.66299819946289,43.581695556640625,401463000,,,10.0,430.769997,436.969986,426.910019,436.629982
NVDA,2023-10-25,43.39799880981445,43.650001525878906,41.55500030517578,41.77899932861328,41.701202392578125,398379000,,,10.0,433.979988,436.500015,415.550003,417.789993
NVDA,2023-10-26,41.85300064086914,42.25600051879883,39.880001068115234,40.32600021362305,40.25090789794922,541001000,,,10.0,418.530006,422.560005,398.800011,403.260002
NVDA,2023-10-27,41.130001068115234,41.20600128173828,40.01499938964844,40.5,40.424583435058594,416784000,,,10.0,411.300011,412.060013,400.149994,405.0
NVDA,2023-10-30,41.08700180053711,41.76599884033203,40.48099899291992,41.1609992980957,41.084354400634766,388028000,,,10.0,410.870018,417.659988,404.80999,411.609993
NVDA,2023-10-31,40.45000076293945,40.87900161743164,39.22999954223633,40.779998779296875,40.704063415527344,517969000,,,10.0,404.500008,408.790016,392.299995,407.799988
NVDA,2023-11-01,40.88399887084961,42.38100051879883,40.86899948120117,42.32500076293945,42.246185302734375,437593000,,,10.0,408.839989,423.810005,408.689995,423.250008
NVDA,2023-11-02,43.327999114990234,43.88399887084961,42.89400100708008,43.50600051879883,43.42498779296875,409172000,,,10.0,433.279991,438.839989,428.94001,435.060005
NVDA,2023-11-03,44.02000045776367,45.308998107910156,43.722999572753906,45.005001068115234,44.92120361328125,424610000,,,10.0,440.200005,453.089981,437.229996,450.050011
NVDA,2023-11-06,45.28499984741211,45.935001373291016,44.89899826049805,45.750999450683594,45.66580581665039,400733000,,,10.0,452.849998,459.350014,448.989983,457.509995
NVDA,2023-11-07,45.71900177001953,46.21799850463867,45.15800094604492,45.95500183105469,45.86942672729492,343165000,,,10.0,457.190018,462.179985,451.580009,459.550018
NVDA,2023-11-08,46.099998474121094,46.867000579833984,45.96799850463867,46.57400131225586,46.48727035522461,346719000,,,10.0,460.999985,468.670006,459.679985,465.740013
NVDA,2023-11-09,47.46699905395508,48.22999954223633,46.75,46.95000076293945,46.86257553100586,540496000,,,10.0,474.669991,482.299995,467.5,469.500008
NVDA,2023-11-10,47.5,48.47200012207031,47.28300094604492,48.334999084472656,48.244998931884766,421245000,,,10.0,475.0,484.720001,472.830009,483.349991
NVDA,2023-11-13,48.31999969482422,49.11600112915039,48.0989990234375,48.619998931884766,48.52946472167969,384136000,,,10.0,483.199997,491.160011,480.98999,486.199989
NVDA,2023-11-14,49.68000030517578,49.83399963378906,49.040000915527344,49.65599822998047,49.56353759765625,416954000,,,10.0,496.800003,498.339996,490.400009,496.559982
NVDA,2023-11-15,49.935001373291016,49.959999084472656,48.20000076293945,48.88800048828125,48.796966552734375,475497000,,,10.0,499.350014,499.599991,482.000008,488.880005
NVDA,2023-11-16,48.67900085449219,49.525001525878906,48.33000183105469,49.47999954223633,49.38786697387695,339756000,,,10.0,486.790009,495.250015,483.300018,494.799995
NVDA,2023-11-17,49.52399826049805,49.71699905395508,49.00699996948242,49.29800033569336,49.206207275390625,325205000,,,10.0,495.239983,497.169991,490.07,492.980003
NVDA,2023-11-20,49.3120002746582,50.54800033569336,49.180999755859375,50.409000396728516,50.315128326416016,414120000,,,10.0,493.120003,505.480003,491.809998,504.090004
NVDA,2023-11-21,50.125999450683594,50.516998291015625,49.22200012207031,49.944000244140625,49.85100173950195,565747000,,,10.0,501.259995,505.169983,492.220001,499.440002
NVDA,2023-11-22,49.85200119018555,50.334999084472656,47.689998626708984,48.715999603271484,48.625282287597656,899420000,,,10.0,498.520012,503.349991,476.899986,487.159996
NVDA,2023-11-24,48.470001220703125,48.92100143432617,47.744998931884766,47.7760009765625,47.68703842163086,294645000,,,10.0,484.700012,489.210014,477.449989,477.76001
NVDA,2023-11-27,47.79999923706055,48.529998779296875,47.652000427246094,48.242000579833984,48.15216827392578,395662000,,,10.0,477.999992,485.299988,476.520004,482.420006
NVDA,2023-11-28,48.236000061035156,48.323001861572266,47.472999572753906,47.82099914550781,47.73195266723633,401491000,,,10.0,482.360001,483.230019,474.729996,478.209991
NVDA,2023-11-29,48.37900161743164,48.762001037597656,47.86000061035156,48.13999938964844,48.05036163330078,382005000,,,10.0,483.790016,487.62001,478.600006,481.399994
NVDA,2023-11-30,48.02399826049805,48.11000061035156,46.422000885009766,46.77000045776367,46.68291091918945,526247000,,,10.0,480.239983,481.100006,464.220009,467.700005
NVDA,2023-12-01,46.525001525878906,47.20000076293945,46.1870002746582,46.76499938964844,46.677921295166016,369317000,,,10.0,465.250015,472.000008,461.870003,467.649994
NVDA,2023-12-04,46.07699966430664,46.07699966430664,45.0099983215332,45.5099983215332,45.425254821777344,437543000,,,10.0,460.769997,460.769997,450.099983,455.099983
NVDA,2023-12-05,45.465999603271484,46.599998474121094,45.270999908447266,46.566001892089844,46.483367919921875,371718000,0.004,,10.0,454.659996,465.999985,452.709999,465.660019
NVDA,2023-12-06,47.21500015258789,47.387001037597656,45.4119987487793,45.50299835205078,45.42226791381836,380590000,,,10.0,472.150002,473.87001,454.119987,455.029984
NVDA,2023-12-07,45.70000076293945,46.62900161743164,45.604000091552734,46.59600067138672,46.51332092285156,350823000,,,10.0,457.000008,466.290016,456.040001,465.960007
NVDA,2023-12-08,46.595001220703125,47.74100112915039,46.54999923706055,47.50600051879883,47.42170715332031,359224000,,,10.0,465.950012,477.410011,465.499992,475.060005
NVDA,2023-12-11,47.49100112915039,47.53099822998047,45.83000183105469,46.62699890136719,46.54426956176758,509728000,,,10.0,474.910011,475.309982,458.300018,466.269989
NVDA,2023-12-12,46.04600143432617,47.66600036621094,46.04600143432617,47.65700149536133,47.57244873046875,372387000,,,10.0,460.460014,476.660004,460.460014,476.570015
NVDA,2023-12-13,47.62900161743164,48.59400177001953,47.608001708984375,48.0880012512207,48.00267791748047,447792000,,,10.0,476.290016,485.940018,476.080017,480.880013
NVDA,2023-12-14,48.38999938964844,48.66999816894531,47.422000885009766,48.349998474121094,48.26420974731445,391232000,,,10.0,483.899994,486.699982,474.220009,483.499985
NVDA,2023-12-15,48.194000244140625,49.40399932861328,48.119998931884766,48.88999938964844,48.80324935913086,479948000,,,10.0,481.940002,494.039993,481.199989,488.899994
NVDA,2023-12-18,49.400001525878906,50.43299865722656,49.150001525878906,50.07699966430664,49.98814392089844,412587000,,,10.0,494.000015,504.329987,491.500015,500.769997
NVDA,2023-12-19,49.42399978637695,49.70000076293945,48.89500045776367,49.604000091552734,49.515987396240234,464444000,,,10.0,494.239998,497.000008,488.950005,496.040001
NVDA,2023-12-20,49.654998779296875,49.999000549316406,48.097999572753906,48.111000061035156,48.02562713623047,397894000,,,10.0,496.549988,499.990005,480.979996,481.110001
NVDA,2023-12-21,48.81100082397461,49.095001220703125,48.41899871826172,48.9900016784668,48.903079986572266,300425000,,,10.0,488.110008,490.950012,484.189987,489.900017
NVDA,2023-12-22,49.19499969482422,49.382999420166016,48.46699905395508,48.83000183105469,48.74336242675781,252507000,,,10.0,491.949997,493.829994,484.669991,488.300018
NVDA,2023-12-26,48.96799850463867,49.599998474121094,48.959999084472656,49.27899932861328,49.19156265258789,244200000,,,10.0,489.679985,495.999985,489.599991,492.789993
NVDA,2023-12-27,49.51100158691406,49.68000030517578,49.084999084472656,49.41699981689453,49.329315185546875,233648000,,,10.0,495.110016,496.800003,490.849991,494.169998
NVDA,2023-12-28,49.643001556396484,49.88399887084961,49.4119987487793,49.52199935913086,49.43413162231445,246587000,,,10.0,496.430016,498.839989,494.119987,495.219994
NVDA,2023-12-29,49.8129997253418,49.99700164794922,48.750999450683594,49.52199935913086,49.43413162231445,389293000,,,10.0,498.129997,499.970016,487.509995,495.219994
NVDA,2024-01-02,49.24399948120117,49.29499816894531,47.595001220703125,48.167999267578125,48.08253479003906,411254000,,,10.0,492.439995,492.949982,475.950012,481.679993
NVDA,2024-01-03,47.48500061035156,48.183998107910156,47.31999969482422,47.569000244140625,47.484596252441406,320896000,,,10.0,474.850006,481.839981,473.199997,475.690002
NVDA,2024-01-04,47.766998291015625,48.5,47.507999420166016,47.99800109863281,47.912845611572266,306535000,,,10.0,477.669983,485.0,475.079994,479.980011
NVDA,2024-01-05,48.46200180053711,49.547000885009766,48.305999755859375,49.09700012207031,49.00988006591797,415039000,,,10.0,484.620018,495.470009,483.059998,490.970001
NVDA,2024-01-08,49.512001037597656,52.275001525878906,49.479000091552734,52.25299835205078,52.1602897644043,642510000,,,10.0,495.12001,522.750015,494.790001,522.529984
NVDA,2024-01-09,52.4010009765625,54.32500076293945,51.689998626708984,53.13999938964844,53.045719146728516,773100000,,,10.0,524.01001,543.250008,516.899986,531.399994
NVDA,2024-01-10,53.61600112915039,54.599998474121094,53.48899841308594,54.349998474121094,54.253570556640625,533796000,,,10.0,536.160011,545.999985,534.889984,543.499985
NVDA,2024-01-11,54.999000549316406,55.34600067138672,53.560001373291016,54.821998596191406,54.72472381591797,596759000,,,10.0,549.990005,553.460007,535.600014,548.219986
NVDA,2024-01-12,54.619998931884766,54.970001220703125,54.33000183105469,54.709999084472656,54.6129264831543,352994000,,,10.0,546.199989,549.700012,543.300018,547.099991
NVDA,2024-01-16,55.018001556396484,56.834999084472656,54.900001525878906,56.38199996948242,56.281959533691406,449580000,,,10.0,550.180016,568.349991,549.000015,563.82
NVDA,2024-01-17,56.34700012207031,56.47100067138672,54.7400016784668,56.053001403808594,55.95354461669922,474394000,,,10.0,563.470001,564.710007,547.400017,560.530014
NVDA,2024-01-18,57.2599983215332,57.599998474121094,56.106998443603516,57.106998443603516,57.00566864013672,491650000,,,10.0,572.599983,575.999985,561.069984,571.069984
NVDA,2024-01-19,57.98899841308594,59.5,57.224998474121094,59.49100112915039,59.385440826416016,543501000,,,10.0,579.889984,595.0,572.249985,594.910011
NVDA,2024-01-22,60.04899978637695,60.33100128173828,59.06999969482422,59.65399932861328,59.54815673828125,452955000,,,10.0,600.489998,603.310013,590.699997,596.539993
NVDA,2024-01-23,59.56999969482422,59.90999984741211,58.584999084472656,59.87300109863281,59.76676559448242,294654000,,,10.0,595.699997,599.099998,585.849991,598.730011
NVDA,2024-01-24,60.30400085449219,62.8489990234375,59.9379997253418,61.36199951171875,61.25312423706055,560271000,,,10.0,603.040009,628.48999,599.379997,613.619995
NVDA,2024-01-25,62.349998474121094,62.71900177001953,60.849998474121094,61.617000579833984,61.50767135620117,482777000,,,10.0,623.499985,627.190018,608.499985,616.170006
NVDA,2024-01-26,60.959999084472656,61.78300094604492,60.573001861572266,61.03099822998047,60.92271041870117,390309000,,,10.0,609.599991,617.830009,605.730019,610.309982
NVDA,2024-01-29,61.231998443603516,62.48899841308594,60.90700149536133,62.46500015258789,62.35416793823242,348733000,,,10.0,612.319984,624.889984,609.070015,624.650002
NVDA,2024-01-30,62.900001525878906,63.49300003051758,62.2599983215332,62.77399826049805,62.66261672973633,410735000,,,10.0,629.000015,634.93,622.599983,627.739983
NVDA,2024-01-31,61.439998626708984,62.26900100708008,60.70000076293945,61.527000427246094,61.41783142089844,453795000,,,10.0,614.399986,622.69001,607.000008,615.270004
NVDA,2024-02-01,62.099998474121094,63.191001892089844,61.650001525878906,63.027000427246094,62.9151725769043,369146000,,,10.0,620.999985,631.910019,616.500015,630.270004
NVDA,2024-02-02,63.9739990234375,66.5999984741211,63.689998626708984,66.16000366210938,66.04261779785156,476578000,,,10.0,639.73999,665.999985,636.899986,661.600037
NVDA,2024-02-05,68.2249984741211,69.49700164794922,67.20500183105469,69.33200073242188,69.20899200439453,680078000,,,10.0,682.249985,694.970016,672.050018,693.320007
NVDA,2024-02-06,69.62999725341797,69.75399780273438,66.30000305175781,68.2229995727539,68.10195922851562,683111000,,,10.0,696.299973,697.539978,663.000031,682.229996
NVDA,2024-02-07,68.31900024414062,70.22000122070312,67.5999984741211,70.0989990234375,69.974609375,495575000,,,10.0,683.190002,702.200012,675.999985,700.98999
NVDA,2024-02-08,70.0739974975586,70.79399871826172,69.45500183105469,69.64099884033203,69.5174331665039,414422000,,,10.0,700.739975,707.939987,694.550018,696.409988
NVDA,2024-02-09,70.53299713134766,72.18499755859375,70.21199798583984,72.13300323486328,72.00501251220703,436637000,,,10.0,705.329971,721.849976,702.11998,721.330032
NVDA,2024-02-12,72.5999984741211,74.61100006103516,71.25,72.24800109863281,72.11980438232422,613710000,,,10.0,725.999985,746.110001,712.5,722.480011
NVDA,2024-02-13,70.4000015258789,73.44999694824219,69.62000274658203,72.12799835205078,72.00003051757812,602580000,,,10.0,704.000015,734.499969,696.200027,721.279984
NVDA,2024-02-14,73.2020034790039,74.23600006103516,71.93800354003906,73.9000015258789,73.76889038085938,504917000,,,10.0,732.020035,742.360001,719.380035,739.000015
NVDA,2024-02-15,73.86900329589844,73.9749984741211,72.4000015258789,72.65799713134766,72.52908325195312,420122000,,,10.0,738.690033,739.749985,724.000015,726.579971
NVDA,2024-02-16,74.0999984741211,74.4020004272461,72.5009994506836,72.61299896240234,72.4841537475586,495327000,,,10.0,740.999985,744.020004,725.009995,726.12999
NVDA,2024-02-20,71.9469985961914,71.95600128173828,67.73400115966797,69.4520034790039,69.32878112792969,704833000,,,10.0,719.469986,719.560013,677.340012,694.520035
NVDA,2024-02-21,68.00599670410156,68.88800048828125,66.24800109863281,67.47200012207031,67.35228729248047,673755000,,,10.0,680.059967,688.880005,662.480011,674.720001
NVDA,2024-02-22,75.0250015258789,78.57499694824219,74.22000122070312,78.53800201416016,78.39866638183594,865100000,,,10.0,750.250015,785.749969,742.200012,785.38002
NVDA,2024-02-23,80.79000091552734,82.39399719238281,77.56999969482422,78.81700134277344,78.67715454101562,829388000,,,10.0,807.900009,823.939972,775.699997,788.170013
NVDA,2024-02-26,79.69999694824219,80.64600372314453,78.50499725341797,79.09200286865234,78.95166778564453,503973000,,,10.0,796.999969,806.460037,785.049973,790.920029
NVDA,2024-02-27,79.38099670410156,79.4800033569336,77.16200256347656,78.70099639892578,78.56136322021484,391705000,,,10.0,793.809967,794.800034,771.620026,787.009964
NVDA,2024-02-28,77.62000274658203,78.93299865722656,77.125,77.66300201416016,77.52519989013672,393110000,,,10.0,776.200027,789.329987,771.25,776.63002
NVDA,2024-02-29,79.09400177001953,79.98999786376953,78.3499984741211,79.11199951171875,78.97163391113281,507289000,,,10.0,790.940018,799.899979,783.499985,791.119995
NVDA,2024-03-01,80.0,82.30000305175781,79.43499755859375,82.27899932861328,82.13300323486328,479135000,,,10.0,800.0,823.000031,794.349976,822.789993
NVDA,2024-03-04,84.12999725341797,87.69499969482422,83.71900177001953,85.23699951171875,85.08576202392578,615616000,,,10.0,841.299973,876.949997,837.190018,852.369995
NVDA,2024-03-05,85.2699966430664,86.09700012207031,83.41699981689453,85.96399688720703,85.81549835205078,520639000,0.004,,10.0,852.699966,860.970001,834.169998,859.639969
NVDA,2024-03-06,88.02200317382812,89.7239990234375,87.02999877929688,88.69999694824219,88.5467758178711,582520000,,,10.0,880.220032,897.23999,870.299988,886.999969
NVDA,2024-03-07,90.15799713134766,92.76699829101562,89.60199737548828,92.66899871826172,92.5089111328125,608119000,,,10.0,901.579971,927.669983,896.019974,926.689987
NVDA,2024-03-08,95.13800048828125,97.4000015258789,86.50599670410156,87.52799987792969,87.37679290771484,1142269000,,,10.0,951.380005,974.000015,865.059967,875.279999
NVDA,2024-03-11,86.42900085449219,88.7969970703125,84.16600036621094,85.77400207519531,85.6258316040039,678364000,,,10.0,864.290009,887.969971,841.660004,857.740021
NVDA,2024-03-12,88.04900360107422,91.95999908447266,86.1500015258789,91.91300201416016,91.75422668457031,668075000,,,10.0,880.490036,919.599991,861.500015,919.13002
NVDA,2024-03-13,91.05500030517578,91.50399780273438,88.43499755859375,90.88800048828125,90.73099517822266,635713000,,,10.0,910.550003,915.039978,884.349976,908.880005
NVDA,2024-03-14,89.5770034790039,90.64600372314453,86.5999984741211,87.94400024414062,87.79206848144531,602318000,,,10.0,895.770035,906.460037,865.999985,879.440002
NVDA,2024-03-15,86.93000030517578,89.5459976196289,86.25700378417969,87.83699798583984,87.68525695800781,642086000,,,10.0,869.300003,895.459976,862.570038,878.36998
NVDA,2024-03-18,90.38800048828125,92.40499877929688,87.08499908447266,88.45500183105469,88.30217742919922,668976000,,,10.0,903.880005,924.049988,870.849991,884.550018
NVDA,2024-03-19,86.69999694824219,90.54399871826172,85.01000213623047,89.39800262451172,89.24356842041016,672171000,,,10.0,866.999969,905.439987,850.100021,893.980026
NVDA,2024-03-20,89.7969970703125,90.41000366210938,88.2229995727539,90.37200164794922,90.21587371826172,479063000,,,10.0,897.969971,904.100037,882.229996,903.720016
NVDA,2024-03-21,92.30000305175781,92.64800262451172,90.40499877929688,91.43499755859375,91.27704620361328,480372000,,,10.0,923.000031,926.480026,904.049988,914.349976
NVDA,2024-03-22,91.14099884033203,94.77799987792969,90.83399963378906,94.28900146484375,94.12611389160156,586719000,,,10.0,911.409988,947.779999,908.339996,942.890015
NVDA,2024-03-25,93.94100189208984,96.76599884033203,93.51000213623047,95.00199890136719,94.83787536621094,552136000,,,10.0,939.410019,967.659988,935.100021,950.019989
NVDA,2024-03-26,95.85099792480469,96.375,92.50199890136719,92.56099700927734,92.4011001586914,513648000,,,10.0,958.509979,963.75,925.019989,925.60997
NVDA,2024-03-27,93.11199951171875,93.23999786376953,89.12300109863281,90.25,90.09408569335938,586067000,,,10.0,931.119995,932.399979,891.230011,902.5
NVDA,2024-03-28,90.0,91.30000305175781,89.19300079345703,90.35600280761719,90.19990539550781,435212000,,,10.0,900.0,913.000031,891.930008,903.560028
NVDA,2024-04-01,90.29900360107422,92.2249984741211,89.2040023803711,90.36299896240234,90.20689392089844,452441000,,,10.0,902.990036,922.249985,892.040024,903.62999
NVDA,2024-04-02,88.447998046875,90.09400177001953,87.62000274658203,89.4520034790039,89.2974624633789,433064000,,,10.0,884.47998,900.940018,876.200027,894.520035
NVDA,2024-04-03,88.48400115966797,90.3740005493164,88.4000015258789,88.96399688720703,88.81031799316406,370067000,,,10.0,884.840012,903.740005,884.000015,889.639969
NVDA,2024-04-04,90.40599822998047,90.63400268554688,85.87999725341797,85.90499877929688,85.75658416748047,434965000,,,10.0,904.059982,906.340027,858.799973,859.049988
NVDA,2024-04-05,86.86599731445312,88.48100280761719,85.9260025024414,88.00800323486328,87.85597229003906,399678000,,,10.0,868.659973,884.810028,859.260025,880.080032
NVDA,2024-04-08,88.69999694824219,88.83000183105469,86.73200225830078,87.13300323486328,86.98247528076172,283220000,,,10.0,886.999969,888.300018,867.320023,871.330032
NVDA,2024-04-09,87.44200134277344,87.63500213623047,83.02200317382812,85.35399627685547,85.20653533935547,501700000,,,10.0,874.420013,876.350021,830.220032,853.539963
NVDA,2024-04-10,83.9260025024414,87.4000015258789,83.70899963378906,87.03900146484375,86.88863372802734,431929000,,,10.0,839.260025,874.000015,837.089996,870.390015
NVDA,2024-04-11,87.41999816894531,90.73899841308594,86.9260025024414,90.61599731445312,90.45945739746094,431637000,,,10.0,874.199982,907.389984,869.260025,906.159973
NVDA,2024-04-12,89.6989974975586,90.17500305175781,87.52999877929688,88.18599700927734,88.03365325927734,426805000,,,10.0,896.989975,901.750031,875.299988,881.85997
NVDA,2024-04-15,89.0979995727539,90.61299896240234,85.92900085449219,86.0009994506836,85.85243225097656,443077000,,,10.0,890.979996,906.12999,859.290009,860.009995
NVDA,2024-04-16,86.43299865722656,88.11799621582031,86.06400299072266,87.41500091552734,87.26399230957031,370453000,,,10.0,864.329987,881.179962,860.64003,874.150009
NVDA,2024-04-17,88.33999633789062,88.7750015258789,83.94999694824219,84.03500366210938,83.88983154296875,495400000,,,10.0,883.399963,887.750015,839.499969,840.350037
NVDA,2024-04-18,84.97000122070312,86.19000244140625,82.4020004272461,84.6709976196289,84.52472686767578,447260000,,,10.0,849.700012,861.900024,824.020004,846.709976
NVDA,2024-04-19,83.1500015258789,84.3239974975586,75.60600280761719,76.19999694824219,76.06836700439453,875198000,,,10.0,831.500015,843.239975,756.060028,761.999969
NVDA,2024-04-22,78.10399627685547,80.072998046875,76.4000015258789,79.51799774169922,79.3806381225586,596341000,,,10.0,781.039963,800.72998,764.000015,795.179977
NVDA,2024-04-23,80.76899719238281,82.76899719238281,80.26399993896484,82.4229965209961,82.28060913085938,438559000,,,10.0,807.689972,827.689972,802.639999,824.229965
NVDA,2024-04-24,83.94999694824219,84.08200073242188,79.18299865722656,79.677001953125,79.53936004638672,512208000,,,10.0,839.499969,840.820007,791.829987,796.77002
NVDA,2024-04-25,78.86799621582031,83.322998046875,78.2229995727539,82.63200378417969,82.4892578125,424641000,,,10.0,788.679962,833.22998,782.229996,826.320038
NVDA,2024-04-26,83.81800079345703,88.33100128173828,83.38700103759766,87.73500061035156,87.58345031738281,551011000,,,10.0,838.180008,883.310013,833.87001,877.350006
NVDA,2024-04-29,87.59500122070312,87.99199676513672,85.26599884033203,87.75700378417969,87.60540008544922,388971000,,,10.0,875.950012,879.919968,852.659988,877.570038
NVDA,2024-04-30,87.23999786376953,88.81900024414062,86.30000305175781,86.4020004272461,86.25273132324219,363709000,,,10.0,872.399979,888.190002,863.000031,864.020004
NVDA,2024-05-01,85.0770034790039,86.0,81.25499725341797,83.04100036621094,82.89753723144531,559863000,,,10.0,850.770035,860.0,812.549973,830.410004
NVDA,2024-05-02,84.4489974975586,86.23699951171875,83.19999694824219,85.81700134277344,85.66875457763672,377898000,,,10.0,844.489975,862.369995,831.999969,858.170013
NVDA,2024-05-03,87.78900146484375,89.28099822998047,87.04000091552734,88.78900146484375,88.63561248779297,398341000,,,10.0,877.890015,892.809982,870.400009,887.890015
NVDA,2024-05-06,89.38999938964844,92.22000122070312,89.05500030517578,92.13999938964844,91.98081970214844,376203000,,,10.0,893.899994,922.200012,890.550003,921.399994
NVDA,2024-05-07,91.0979995727539,91.78099822998047,89.01100158691406,90.55400085449219,90.39757537841797,437342000,,,10.0,910.979996,917.809982,890.110016,905.540009
NVDA,2024-05-08,89.48300170898438,91.19400024414062,89.41999816894531,90.41200256347656,90.25582885742188,325721000,,,10.0,894.830017,911.940002,894.199982,904.120026
NVDA,2024-05-09,90.52899932861328,91.0719985961914,88.23100280761719,88.74700164794922,88.59368896484375,378013000,,,10.0,905.289993,910.719986,882.310028,887.470016
NVDA,2024-05-10,90.30500030517578,91.4010009765625,89.22699737548828,89.87799835205078,89.72273254394531,335325000,,,10.0,903.050003,914.01001,892.269974,898.779984
NVDA,2024-05-13,90.47799682617188,90.99800109863281,88.52899932861328,90.39900207519531,90.24284362792969,289680000,,,10.0,904.779968,909.980011,885.289993,903.990021
NVDA,2024-05-14,89.5989990234375,91.6510009765625,88.93399810791016,91.35600280761719,91.19818878173828,296507000,,,10.0,895.98999,916.51001,889.339981,913.560028
NVDA,2024-05-15,92.47200012207031,94.86199951171875,91.5989990234375,94.62999725341797,94.46652221679688,417735000,,,10.0,924.720001,948.619995,915.98999,946.299973
NVDA,2024-05-16,94.91000366210938,95.81900024414062,94.10299682617188,94.35900115966797,94.19599151611328,323952000,,,10.0,949.100037,958.190002,941.029968,943.590012
NVDA,2024-05-17,94.36900329589844,94.73999786376953,91.80599975585938,92.47899627685547,92.31922912597656,359691000,,,10.0,943.690033,947.399979,918.059998,924.789963
NVDA,2024-05-20,93.75,95.19999694824219,93.44000244140625,94.77999877929688,94.61626434326172,318764000,,,10.0,937.5,951.999969,934.400024,947.799988
NVDA,2024-05-21,93.5989990234375,95.4000015258789,93.18000030517578,95.38600158691406,95.22122192382812,328946000,,,10.0,935.98999,954.000015,931.800003,953.860016
NVDA,2024-05-22,95.45899963378906,96.0199966430664,93.2490005493164,94.94999694824219,94.78596496582031,548648000,,,10.0,954.589996,960.199966,932.490005,949.499969
NVDA,2024-05-23,102.02799987792969,106.31999969482422,101.5199966430664,103.79900360107422,103.61968994140625,835065000,,,10.0,1020.279999,1063.199997,1015.199966,1037.990036
NVDA,2024-05-24,104.4489974975586,106.4749984741211,103.0,106.46900177001953,106.28507232666016,429494000,,,10.0,1044.489975,1064.749985,1030.0,1064.690018
NVDA,2024-05-28,110.24400329589844,114.93900299072266,109.88300323486328,113.9010009765625,113.70423126220703,652728000,,,10.0,1102.440033,1149.39003,1098.830032,1139.01001
NVDA,2024-05-29,113.05000305175781,115.49199676513672,110.9010009765625,114.82499694824219,114.62664031982422,557442000,,,10.0,1130.500031,1154.919968,1109.01001,1148.249969
NVDA,2024-05-30,114.6500015258789,115.81900024414062,109.66300201416016,110.5,110.3091049194336,484553000,,,10.0,1146.500015,1158.190002,1096.63002,1105.0
NVDA,2024-05-31,112.5199966430664,112.71700286865234,106.94000244140625,109.63300323486328,109.44361114501953,613263000,,,10.0,1125.199966,1127.170029,1069.400024,1096.330032
NVDA,2024-06-03,113.62100219726562,115.0,112.00299835205078,115.0,114.80133056640625,438392000,,,10.0,1136.210022,1150.0,1120.029984,1150.0
NVDA,2024-06-04,115.71600341796875,116.5999984741211,114.04499816894531,116.43699645996094,116.2358627319336,403324000,,,10.0,1157.160034,1165.999985,1140.449982,1164.369965
NVDA,2024-06-05,118.37100219726562,122.4489974975586,117.46800231933594,122.44000244140625,122.22850036621094,528402000,,,10.0,1183.710022,1224.489975,1174.680023,1224.400024
NVDA,2024-06-06,124.0479965209961,125.58699798583984,118.31999969482422,120.99800109863281,120.78897857666016,664696000,,,10.0,1240.479965,1255.86998,1183.199997,1209.980011
NVDA,2024-06-07,119.7699966430664,121.69200134277344,118.02200317382812,120.88800048828125,120.6791763305664,412386000,,,10.0,1197.699966,1216.920013,1180.220032,1208.880005
NVDA,2024-06-10,120.37000274658203,123.0999984741211,117.01000213623047,121.79000091552734,121.5796127319336,313434100,,10:1,1.0,120.370003,123.099998,117.010002,121.790001
NVDA,2024-06-11,121.7699966430664,122.87000274658203,118.73999786376953,120.91000366210938,120.7110595703125,222551200,0.01,,1.0,121.769997,122.870003,118.739998,120.910004
NVDA,2024-06-12,123.05999755859375,126.87999725341797,122.56999969482422,125.19999694824219,124.99397277832031,299595000,,,1.0,123.059998,126.879997,122.57,125.199997
NVDA,2024-06-13,129.38999938964844,129.8000030517578,127.16000366210938,129.61000061035156,129.39674377441406,260704500,,,1.0,129.389999,129.800003,127.160004,129.610001
NVDA,2024-06-14,129.9600067138672,132.83999633789062,128.32000732421875,131.8800048828125,131.66297912597656,309320400,,,1.0,129.960007,132.839996,128.320007,131.880005
NVDA,2024-06-17,132.99000549316406,133.72999572753906,129.5800018310547,130.97999572753906,130.7644805908203,288504400,,,1.0,132.990005,133.729996,129.580002,130.979996
NVDA,2024-06-18,131.13999938964844,136.3300018310547,130.69000244140625,135.5800018310547,135.35691833496094,294335100,,,1.0,131.139999,136.330002,130.690002,135.580002
NVDA,2024-06-20,139.8000030517578,140.75999450683594,129.52000427246094,130.77999877929688,130.56478881835938,517768400,,,1.0,139.800003,140.759995,129.520004,130.779999
NVDA,2024-06-21,127.12000274658203,130.6300048828125,124.30000305175781,126.56999969482422,126.36172485351562,649445800,,,1.0,127.120003,130.630005,124.300003,126.57
NVDA,2024-06-24,123.23999786376953,124.45999908447266,118.04000091552734,118.11000061035156,117.91564178466797,476060900,,,1.0,123.239998,124.459999,118.040001,118.110001
NVDA,2024-06-25,121.19999694824219,126.5,119.31999969482422,126.08999633789062,125.88251495361328,414192600,,,1.0,121.199997,126.5,119.32,126.089996
NVDA,2024-06-26,126.12999725341797,128.1199951171875,122.5999984741211,126.4000015258789,126.19200897216797,362975900,,,1.0,126.129997,128.119995,122.599998,126.400002
NVDA,2024-06-27,124.0999984741211,126.41000366210938,122.91999816894531,123.98999786376953,123.78596496582031,252571700,,,1.0,124.099998,126.410004,122.919998,123.989998
NVDA,2024-06-28,124.58000183105469,127.70999908447266,122.75,123.54000091552734,123.33671569824219,315516700,,,1.0,124.580002,127.709999,122.75,123.540001
NVDA,2024-07-01,123.47000122070312,124.83999633789062,118.83000183105469,124.30000305175781,124.09547424316406,284885500,,,1.0,123.470001,124.839996,118.830002,124.300003
NVDA,2024-07-02,121.12999725341797,123.41000366210938,121.02999877929688,122.66999816894531,122.46814727783203,218374000,,,1.0,121.129997,123.410004,121.029999,122.669998
NVDA,2024-07-03,121.66000366210938,128.27999877929688,121.36000061035156,128.27999877929688,128.06893920898438,215749000,,,1.0,121.660004,128.279999,121.360001,128.279999
NVDA,2024-07-05,127.37999725341797,128.85000610351562,125.68000030517578,125.83000183105469,125.62294006347656,214176700,,,1.0,127.379997,128.850006,125.68,125.830002
NVDA,2024-07-08,127.48999786376953,130.77000427246094,127.04000091552734,128.1999969482422,127.98904418945312,237677300,,,1.0,127.489998,130.770004,127.040001,128.199997
NVDA,2024-07-09,130.35000610351562,133.82000732421875,128.64999389648438,131.3800048828125,131.163818359375,285366600,,,1.0,130.350006,133.820007,128.649994,131.380005
NVDA,2024-07-10,134.02999877929688,135.10000610351562,132.4199981689453,134.91000366210938,134.68800354003906,248978600,,,1.0,134.029999,135.100006,132.419998,134.910004
NVDA,2024-07-11,135.75,136.14999389648438,127.05000305175781,127.4000015258789,127.19036102294922,374782700,,,1.0,135.75,136.149994,127.050003,127.400002
NVDA,2024-07-12,128.25999450683594,131.9199981689453,127.22000122070312,129.24000549316406,129.02732849121094,252680500,,,1.0,128.259995,131.919998,127.220001,129.240005
NVDA,2024-07-15,130.55999755859375,131.38999938964844,127.18000030517578,128.44000244140625,128.2286376953125,208326200,,,1.0,130.559998,131.389999,127.18,128.440002
NVDA,2024-07-16,128.44000244140625,129.0399932861328,124.58000183105469,126.36000061035156,126.1520767211914,214769500,,,1.0,128.440002,129.039993,124.580002,126.360001
NVDA,2024-07-17,121.3499984741211,121.8499984741211,116.72000122070312,117.98999786376953,117.79583740234375,390086200,,,1.0,121.349998,121.849998,116.720001,117.989998
NVDA,2024-07-18,121.8499984741211,122.4000015258789,116.55999755859375,121.08999633789062,120.89073944091797,320979500,,,1.0,121.849998,122.400002,116.559998,121.089996
NVDA,2024-07-19,120.3499984741211,121.5999984741211,117.37000274658203,117.93000030517578,117.73595428466797,217223800,,,1.0,120.349998,121.599998,117.370003,117.93
NVDA,2024-07-22,120.3499984741211,124.06999969482422,119.86000061035156,123.54000091552734,123.33671569824219,258068900,,,1.0,120.349998,124.07,119.860001,123.540001
NVDA,2024-07-23,122.77999877929688,124.69000244140625,122.0999984741211,122.58999633789062,122.38827514648438,173911000,,,1.0,122.779999,124.690002,122.099998,122.589996
NVDA,2024-07-24,119.16999816894531,119.94999694824219,113.44000244140625,114.25,114.06200408935547,327776900,,,1.0,119.169998,119.949997,113.440002,114.25
NVDA,2024-07-25,113.04000091552734,116.62999725341797,106.30000305175781,112.27999877929688,112.0952377319336,460067000,,,1.0,113.040001,116.629997,106.300003,112.279999
NVDA,2024-07-26,116.19000244140625,116.19999694824219,111.58000183105469,113.05999755859375,112.87396240234375,293399100,,,1.0,116.190002,116.199997,111.580002,113.059998
NVDA,2024-07-29,113.69000244140625,116.27999877929688,111.30000305175781,111.58999633789062,111.40637969970703,248152100,,,1.0,113.690002,116.279999,111.300003,111.589996
NVDA,2024-07-30,111.5199966430664,111.98999786376953,102.54000091552734,103.7300033569336,103.55931854248047,486833300,,,1.0,111.519997,111.989998,102.540001,103.730003
NVDA,2024-07-31,112.9000015258789,118.33999633789062,110.87999725341797,117.0199966430664,116.82743072509766,473174200,,,1.0,112.900002,118.339996,110.879997,117.019997
NVDA,2024-08-01,117.52999877929688,120.16000366210938,106.80999755859375,109.20999908447266,109.03028869628906,523462300,,,1.0,117.529999,120.160004,106.809998,109.209999
NVDA,2024-08-02,103.76000213623047,108.72000122070312,101.37000274658203,107.2699966430664,107.0934829711914,482027500,,,1.0,103.760002,108.720001,101.370003,107.269997
NVDA,2024-08-05,92.05999755859375,103.41000366210938,90.69000244140625,100.44999694824219,100.28470611572266,552842400,,,1.0,92.059998,103.410004,90.690002,100.449997
NVDA,2024-08-06,103.83999633789062,107.70999908447266,100.55000305175781,104.25,104.07844543457031,409012100,,,1.0,103.839996,107.709999,100.550003,104.25
NVDA,2024-08-07,107.80999755859375,108.80000305175781,98.69000244140625,98.91000366210938,98.74723815917969,411440400,,,1.0,107.809998,108.800003,98.690002,98.910004
NVDA,2024-08-08,102.0,105.5,97.5199966430664,104.97000122070312,104.7972640991211,391910000,,,1.0,102.0,105.5,97.519997,104.970001
NVDA,2024-08-09,105.63999938964844,106.5999984741211,103.43000030517578,104.75,104.57763671875,290844200,,,1.0,105.639999,106.599998,103.43,104.75
NVDA,2024-08-12,106.31999969482422,111.06999969482422,106.26000213623047,109.0199966430664,108.84061431884766,325559900,,,1.0,106.32,111.07,106.260002,109.019997
NVDA,2024-08-13,112.44000244140625,116.2300033569336,111.58000183105469,116.13999938964844,115.94889068603516,312646700,,,1.0,112.440002,116.230003,111.580002,116.139999
NVDA,2024-08-14,118.52999877929688,118.5999984741211,114.06999969482422,118.08000183105469,117.88570404052734,339246400,,,1.0,118.529999,118.599998,114.07,118.080002
NVDA,2024-08-15,118.76000213623047,123.23999786376953,117.47000122070312,122.86000061035156,122.6578369140625,318086700,,,1.0,118.760002,123.239998,117.470001,122.860001
NVDA,2024-08-16,121.94000244140625,125.0,121.18000030517578,124.58000183105469,124.375,302589900,,,1.0,121.940002,125.0,121.18,124.580002
NVDA,2024-08-19,124.27999877929688,130.0,123.41999816894531,130.0,129.78607177734375,318333600,,,1.0,124.279999,130.0,123.419998,130.0
NVDA,2024-08-20,128.39999389648438,129.8800048828125,125.88999938964844,127.25,127.04061889648438,300087400,,,1.0,128.399994,129.880005,125.889999,127.25
NVDA,2024-08-21,127.31999969482422,129.35000610351562,126.66000366210938,128.5,128.28857421875,257883600,,,1.0,127.32,129.350006,126.660004,128.5
NVDA,2024-08-22,130.02000427246094,130.75,123.0999984741211,123.73999786376953,123.536376953125,376189100,,,1.0,130.020004,130.75,123.099998,123.739998
NVDA,2024-08-23,125.86000061035156,129.60000610351562,125.22000122070312,129.3699951171875,129.15713500976562,323230300,,,1.0,125.860001,129.600006,125.220001,129.369995
NVDA,2024-08-26,129.57000732421875,131.25999450683594,124.37000274658203,126.45999908447266,126.25190734863281,331964700,,,1.0,129.570007,131.259995,124.370003,126.459999
NVDA,2024-08-27,125.05000305175781,129.1999969482422,123.87999725341797,128.3000030517578,128.0889129638672,303134600,,,1.0,125.050003,129.199997,123.879997,128.300003
NVDA,2024-08-28,128.1199951171875,128.3300018310547,122.63999938964844,125.61000061035156,125.40331268310547,448101100,,,1.0,128.119995,128.330002,122.639999,125.610001
NVDA,2024-08-29,121.36000061035156,124.43000030517578,116.70999908447266,117.58999633789062,117.3965072631836,453023300,,,1.0,121.360001,124.43,116.709999,117.589996
NVDA,2024-08-30,119.52999877929688,121.75,117.22000122070312,119.37000274658203,119.173583984375,333751600,,,1.0,119.529999,121.75,117.220001,119.370003
NVDA,2024-09-03,116.01000213623047,116.20999908447266,107.29000091552734,108.0,107.82228088378906,477155100,,,1.0,116.010002,116.209999,107.290001,108.0
NVDA,2024-09-04,105.41000366210938,113.2699966430664,104.12000274658203,106.20999908447266,106.03522491455078,372470300,,,1.0,105.410004,113.269997,104.120003,106.209999
NVDA,2024-09-05,104.98999786376953,109.6500015258789,104.76000213623047,107.20999908447266,107.03358459472656,306850700,,,1.0,104.989998,109.650002,104.760002,107.209999
NVDA,2024-09-06,108.04000091552734,108.1500015258789,100.94999694824219,102.83000183105469,102.66079711914062,413638100,,,1.0,108.040001,108.150002,100.949997,102.830002
NVDA,2024-09-09,104.87999725341797,106.55000305175781,103.69000244140625,106.47000122070312,106.2947998046875,273912000,,,1.0,104.879997,106.550003,103.690002,106.470001
NVDA,2024-09-10,107.80999755859375,109.4000015258789,104.94999694824219,108.0999984741211,107.92211151123047,268283700,,,1.0,107.809998,109.400002,104.949997,108.099998
NVDA,2024-09-11,109.38999938964844,117.19000244140625,107.41999816894531,116.91000366210938,116.7176284790039,441422400,,,1.0,109.389999,117.190002,107.419998,116.910004
NVDA,2024-09-12,116.83999633789062,120.79000091552734,115.37999725341797,119.13999938964844,118.95413970947266,366052700,0.01,,1.0,116.839996,120.790001,115.379997,119.139999
NVDA,2024-09-13,119.08000183105469,119.95999908447266,117.5999984741211,119.0999984741211,118.9141845703125,238358300,,,1.0,119.080002,119.959999,117.599998,119.099998
NVDA,2024-09-16,116.79000091552734,118.18000030517578,114.36000061035156,116.77999877929688,116.59780883789062,248772300,,,1.0,116.790001,118.18,114.360001,116.779999
NVDA,2024-09-17,118.16999816894531,118.80000305175781,114.83000183105469,115.58999633789062,115.40966796875,231925900,,,1.0,118.169998,118.800003,114.830002,115.589996
NVDA,2024-09-18,115.88999938964844,117.69999694824219,113.22000122070312,113.37000274658203,113.1931381225586,310318900,,,1.0,115.889999,117.699997,113.220001,113.370003
NVDA,2024-09-19,117.3499984741211,119.66000366210938,117.25,117.87000274658203,117.68611145019531,293506400,,,1.0,117.349998,119.660004,117.25,117.870003
NVDA,2024-09-20,117.05999755859375,118.62000274658203,115.38999938964844,116.0,115.81903076171875,382462400,,,1.0,117.059998,118.620003,115.389999,116.0
NVDA,2024-09-23,116.55000305175781,116.98999786376953,114.86000061035156,116.26000213623047,116.07862854003906,206228500,,,1.0,116.550003,116.989998,114.860001,116.260002
NVDA,2024-09-24,116.5199966430664,121.80000305175781,115.37999725341797,120.87000274658203,120.68143463134766,354966800,,,1.0,116.519997,121.800003,115.379997,120.870003
NVDA,2024-09-25,122.0199966430664,124.94000244140625,121.61000061035156,123.51000213623047,123.31730651855469,284692900,,,1.0,122.019997,124.940002,121.610001,123.510002
NVDA,2024-09-26,126.80000305175781,127.66999816894531,121.80000305175781,124.04000091552734,123.84648895263672,302582900,,,1.0,126.800003,127.669998,121.800003,124.040001
NVDA,2024-09-27,123.97000122070312,124.02999877929688,119.26000213623047,121.4000015258789,121.21060180664062,271009200,,,1.0,123.970001,124.029999,119.260002,121.400002
NVDA,2024-09-30,118.30999755859375,121.5,118.1500015258789,121.44000244140625,121.25054931640625,226553700,,,1.0,118.309998,121.5,118.150002,121.440002
NVDA,2024-10-01,121.7699966430664,122.44000244140625,115.79000091552734,117.0,116.81746673583984,302094500,,,1.0,121.769997,122.440002,115.790001,117.0
NVDA,2024-10-02,116.44000244140625,119.37999725341797,115.13999938964844,118.8499984741211,118.6645736694336,221845900,,,1.0,116.440002,119.379997,115.139999,118.849998
NVDA,2024-10-03,120.91999816894531,124.36000061035156,120.33999633789062,122.8499984741211,122.65834045410156,277118000,,,1.0,120.919998,124.360001,120.339996,122.849998
NVDA,2024-10-04,124.94000244140625,125.04000091552734,121.83000183105469,124.91999816894531,124.72510528564453,243678100,,,1.0,124.940002,125.040001,121.830002,124.919998
NVDA,2024-10-07,124.98999786376953,130.63999938964844,124.94999694824219,127.72000122070312,127.52073669433594,346250200,,,1.0,124.989998,130.639999,124.949997,127.720001
NVDA,2024-10-08,130.25999450683594,133.47999572753906,129.4199981689453,132.88999938964844,132.68267822265625,285722500,,,1.0,130.259995,133.479996,129.419998,132.889999
NVDA,2024-10-09,134.11000061035156,134.52000427246094,131.3800048828125,132.64999389648438,132.44305419921875,246191600,,,1.0,134.110001,134.520004,131.380005,132.649994
NVDA,2024-10-10,131.91000366210938,135.0,131.0,134.80999755859375,134.59970092773438,242311300,,,1.0,131.910004,135.0,131.0,134.809998
NVDA,2024-10-11,134.00999450683594,135.77999877929688,133.66000366210938,134.8000030517578,134.58970642089844,170209500,,,1.0,134.009995,135.779999,133.660004,134.800003
NVDA,2024-10-14,136.47000122070312,139.60000610351562,136.3000030517578,138.07000732421875,137.8546142578125,232347700,,,1.0,136.470001,139.600006,136.300003,138.070007
NVDA,2024-10-15,137.8699951171875,138.57000732421875,128.74000549316406,131.60000610351562,131.3946990966797,377831000,,,1.0,137.869995,138.570007,128.740005,131.600006
NVDA,2024-10-16,133.97999572753906,136.6199951171875,131.5800018310547,135.72000122070312,135.50823974609375,264879700,,,1.0,133.979996,136.619995,131.580002,135.720001
NVDA,2024-10-17,139.33999633789062,140.88999938964844,136.8699951171875,136.92999267578125,136.7163848876953,306435900,,,1.0,139.339996,140.889999,136.869995,136.929993
NVDA,2024-10-18,138.6699981689453,138.89999389648438,137.27999877929688,138.0,137.78469848632812,176090200,,,1.0,138.669998,138.899994,137.279999,138.0
NVDA,2024-10-21,138.1300048828125,143.7100067138672,138.0,143.7100067138672,143.48580932617188,264554500,,,1.0,138.130005,143.710007,138.0,143.710007
NVDA,2024-10-22,142.91000366210938,144.4199981689453,141.77999877929688,143.58999633789062,143.36599731445312,226311600,,,1.0,142.910004,144.419998,141.779999,143.589996
NVDA,2024-10-23,142.02999877929688,142.42999267578125,137.4600067138672,139.55999755859375,139.34226989746094,285930000,,,1.0,142.029999,142.429993,137.460007,139.559998
NVDA,2024-10-24,140.82000732421875,141.35000610351562,138.4600067138672,140.41000366210938,140.19094848632812,172354900,,,1.0,140.820007,141.350006,138.460007,140.410004
NVDA,2024-10-25,140.92999267578125,144.1300048828125,140.8000030517578,141.5399932861328,141.31918334960938,205122100,,,1.0,140.929993,144.130005,140.800003,141.539993
NVDA,2024-10-28,143.0,143.13999938964844,140.0500030517578,140.52000427246094,140.30076599121094,173586700,,,1.0,143.0,143.139999,140.050003,140.520004
NVDA,2024-10-29,140.2899932861328,142.25999450683594,138.89999389648438,141.25,141.02963256835938,157593600,,,1.0,140.289993,142.259995,138.899994,141.25
NVDA,2024-10-30,139.5399932861328,140.3300018310547,136.80999755859375,139.33999633789062,139.1226043701172,179418100,,,1.0,139.539993,140.330002,136.809998,139.339996
NVDA,2024-10-31,137.60000610351562,137.61000061035156,132.11000061035156,132.75999450683594,132.55287170410156,270039600,,,1.0,137.600006,137.610001,132.110001,132.759995
NVDA,2024-11-01,134.6999969482422,137.30999755859375,134.57000732421875,135.39999389648438,135.18875122070312,207127800,,,1.0,134.699997,137.309998,134.570007,135.399994
NVDA,2024-11-04,137.2100067138672,138.9600067138672,135.57000732421875,136.0500030517578,135.83775329589844,187528200,,,1.0,137.210007,138.960007,135.570007,136.050003
NVDA,2024-11-05,137.4499969482422,140.3699951171875,137.3300018310547,139.91000366210938,139.6917266845703,160537400,,,1.0,137.449997,140.369995,137.330002,139.910004
NVDA,2024-11-06,142.9600067138672,146.49000549316406,141.9600067138672,145.61000061035156,145.38282775878906,242043900,,,1.0,142.960007,146.490005,141.960007,145.610001
NVDA,2024-11-07,146.38999938964844,148.92999267578125,146.1699981689453,148.8800048828125,148.64773559570312,207323300,,,1.0,146.389999,148.929993,146.169998,148.880005
NVDA,2024-11-08,148.77000427246094,149.77000427246094,146.25999450683594,147.6300048828125,147.39967346191406,175665800,,,1.0,148.770004,149.770004,146.259995,147.630005
NVDA,2024-11-11,148.67999267578125,148.85000610351562,143.57000732421875,145.25999450683594,145.0333709716797,182325600,,,1.0,148.679993,148.850006,143.570007,145.259995
NVDA,2024-11-12,146.77999877929688,149.64999389648438,146.00999450683594,148.2899932861328,148.0586395263672,198634700,,,1.0,146.779999,149.649994,146.009995,148.289993
NVDA,2024-11-13,149.07000732421875,149.3300018310547,145.89999389648438,146.27000427246094,146.0417938232422,191903300,,,1.0,149.070007,149.330002,145.899994,146.270004
NVDA,2024-11-14,147.63999938964844,149.0,145.5500030517578,146.75999450683594,146.53102111816406,194463300,,,1.0,147.639999,149.0,145.550003,146.759995
NVDA,2024-11-15,144.8699951171875,145.24000549316406,140.0800018310547,141.97999572753906,141.7584991455078,250132900,,,1.0,144.869995,145.240005,140.080002,141.979996
NVDA,2024-11-18,139.5,141.5500030517578,137.14999389648438,140.14999389648438,139.93133544921875,221205300,,,1.0,139.5,141.550003,137.149994,140.149994
NVDA,2024-11-19,141.32000732421875,147.1300048828125,140.99000549316406,147.00999450683594,146.7806396484375,227834900,,,1.0,141.320007,147.130005,140.990005,147.009995
NVDA,2024-11-20,147.41000366210938,147.55999755859375,142.72999572753906,145.88999938964844,145.66238403320312,309871700,,,1.0,147.410004,147.559998,142.729996,145.889999
NVDA,2024-11-21,149.35000610351562,152.88999938964844,140.6999969482422,146.6699981689453,146.44119262695312,400946600,,,1.0,149.350006,152.889999,140.699997,146.669998
NVDA,2024-11-22,145.92999267578125,147.16000366210938,141.10000610351562,141.9499969482422,141.72854614257812,236406200,,,1.0,145.929993,147.160004,141.100006,141.949997
NVDA,2024-11-25,141.99000549316406,142.0500030517578,135.82000732421875,136.02000427246094,135.8077850341797,344941900,,,1.0,141.990005,142.050003,135.820007,136.020004
NVDA,2024-11-26,137.6999969482422,139.3000030517578,135.6699981689453,136.9199981689453,136.70640563964844,190287700,,,1.0,137.699997,139.300003,135.669998,136.919998
NVDA,2024-11-27,135.00999450683594,137.22000122070312,131.8000030517578,135.33999633789062,135.1288604736328,226370900,,,1.0,135.009995,137.220001,131.800003,135.339996
NVDA,2024-11-29,136.77999877929688,139.35000610351562,136.0500030517578,138.25,138.03431701660156,141863200,,,1.0,136.779999,139.350006,136.050003,138.25
NVDA,2024-12-02,138.8300018310547,140.4499969482422,137.82000732421875,138.6300048828125,138.41372680664062,171682800,,,1.0,138.830002,140.449997,137.820007,138.630005
NVDA,2024-12-03,138.25999450683594,140.5399932861328,137.9499969482422,140.25999450683594,140.0411834716797,164414000,,,1.0,138.259995,140.539993,137.949997,140.259995
NVDA,2024-12-04,142.0,145.7899932861328,140.2899932861328,145.13999938964844,144.91355895996094,231224300,,,1.0,142.0,145.789993,140.289993,145.139999
NVDA,2024-12-05,145.11000061035156,146.5399932861328,143.9499969482422,145.05999755859375,144.8436737060547,172621200,0.01,,1.0,145.110001,146.539993,143.949997,145.059998
NVDA,2024-12-06,144.60000610351562,145.6999969482422,141.30999755859375,142.44000244140625,142.2275848388672,188505600,,,1.0,144.600006,145.699997,141.309998,142.440002
NVDA,2024-12-09,138.97000122070312,139.9499969482422,137.1300048828125,138.80999755859375,138.6029815673828,189308600,,,1.0,138.970001,139.949997,137.130005,138.809998
NVDA,2024-12-10,139.00999450683594,141.82000732421875,133.7899932861328,135.07000732421875,134.86859130859375,210020900,,,1.0,139.009995,141.820007,133.789993,135.070007
NVDA,2024-12-11,137.36000061035156,140.1699981689453,135.2100067138672,139.30999755859375,139.10223388671875,184905200,,,1.0,137.360001,140.169998,135.210007,139.309998
NVDA,2024-12-12,137.0800018310547,138.44000244140625,135.8000030517578,137.33999633789062,137.13519287109375,159211400,,,1.0,137.080002,138.440002,135.800003,137.339996
NVDA,2024-12-13,138.94000244140625,139.60000610351562,132.5399932861328,134.25,134.04978942871094,231514900,,,1.0,138.940002,139.600006,132.539993,134.25
NVDA,2024-12-16,134.17999267578125,134.39999389648438,130.4199981689453,132.0,131.80313110351562,237951100,,,1.0,134.179993,134.399994,130.419998,132.0
NVDA,2024-12-17,129.08999633789062,131.58999633789062,126.86000061035156,130.38999938964844,130.195556640625,259410300,,,1.0,129.089996,131.589996,126.860001,130.389999
NVDA,2024-12-18,133.86000061035156,136.6999969482422,128.27999877929688,128.91000366210938,128.71774291992188,277444500,,,1.0,133.860001,136.699997,128.279999,128.910004
NVDA,2024-12-19,131.75999450683594,134.02999877929688,129.5500030517578,130.67999267578125,130.485107421875,209719200,,,1.0,131.759995,134.029999,129.550003,130.679993
NVDA,2024-12-20,129.80999755859375,135.27999877929688,128.22000122070312,134.6999969482422,134.49911499023438,306528600,,,1.0,129.809998,135.279999,128.220001,134.699997
NVDA,2024-12-23,136.27999877929688,139.7899932861328,135.1199951171875,139.6699981689453,139.46170043945312,176053500,,,1.0,136.279999,139.789993,135.119995,139.669998
NVDA,2024-12-24,140.0,141.89999389648438,138.64999389648438,140.22000122070312,140.01089477539062,105157000,,,1.0,140.0,141.899994,138.649994,140.220001
NVDA,2024-12-26,139.6999969482422,140.85000610351562,137.72999572753906,139.92999267578125,139.7213134765625,116205600,,,1.0,139.699997,140.850006,137.729996,139.929993
NVDA,2024-12-27,138.5500030517578,139.02000427246094,134.7100067138672,137.00999450683594,136.8056640625,170582600,,,1.0,138.550003,139.020004,134.710007,137.009995
NVDA,2024-12-30,134.8300018310547,140.27000427246094,134.02000427246094,137.49000549316406,137.2849578857422,167734700,,,1.0,134.830002,140.270004,134.020004,137.490005
NVDA,2024-12-31,138.02999877929688,138.07000732421875,133.8300018310547,134.2899932861328,134.0897216796875,155659200,,,1.0,138.029999,138.070007,133.830002,134.289993
NVDA,2025-01-02,136.0,138.8800048828125,134.6300048828125,138.30999755859375,138.10374450683594,198247200,,,1.0,136.0,138.880005,134.630005,138.309998
NVDA,2025-01-03,140.00999450683594,144.89999389648438,139.72999572753906,144.47000122070312,144.2545623779297,229322500,,,1.0,140.009995,144.899994,139.729996,144.470001
NVDA,2025-01-06,148.58999633789062,152.16000366210938,147.82000732421875,149.42999267578125,149.2071533203125,265377400,,,1.0,148.589996,152.160004,147.820007,149.429993
NVDA,2025-01-07,153.02999877929688,153.1300048828125,140.00999450683594,140.13999938964844,139.93099975585938,351782200,,,1.0,153.029999,153.130005,140.009995,140.139999
NVDA,2025-01-08,142.5800018310547,143.9499969482422,137.55999755859375,140.11000061035156,139.9010467529297,227349900,,,1.0,142.580002,143.949997,137.559998,140.110001
NVDA,2025-01-10,137.4499969482422,139.9199981689453,134.22000122070312,135.91000366210938,135.70733642578125,207602500,,,1.0,137.449997,139.919998,134.220001,135.910004
NVDA,2025-01-13,129.99000549316406,133.49000549316406,129.50999450683594,133.22999572753906,133.03131103515625,204808900,,,1.0,129.990005,133.490005,129.509995,133.229996
NVDA,2025-01-14,136.0500030517578,136.3800048828125,130.0500030517578,131.75999450683594,131.56349182128906,195590500,,,1.0,136.050003,136.380005,130.050003,131.759995
NVDA,2025-01-15,133.64999389648438,136.4499969482422,131.2899932861328,136.24000549316406,136.03683471679688,185217300,,,1.0,133.649994,136.449997,131.289993,136.240005
NVDA,2025-01-16,138.63999938964844,138.75,133.49000549316406,133.57000732421875,133.3708038330078,209235600,,,1.0,138.639999,138.75,133.490005,133.570007
NVDA,2025-01-17,136.69000244140625,138.5,135.4600067138672,137.7100067138672,137.50462341308594,201188800,,,1.0,136.690002,138.5,135.460007,137.710007
NVDA,2025-01-21,139.16000366210938,141.8300018310547,137.08999633789062,140.8300018310547,140.61996459960938,197749000,,,1.0,139.160004,141.830002,137.089996,140.830002
NVDA,2025-01-22,144.66000366210938,147.7899932861328,143.6699981689453,147.07000732421875,146.85067749023438,237651400,,,1.0,144.660004,147.789993,143.669998,147.070007
NVDA,2025-01-23,145.0500030517578,147.22999572753906,143.72000122070312,147.22000122070312,147.00047302246094,155915500,,,1.0,145.050003,147.229996,143.720001,147.220001
NVDA,2025-01-24,148.3699951171875,148.97000122070312,141.8800048828125,142.6199951171875,142.40731811523438,234657600,,,1.0,148.369995,148.970001,141.880005,142.619995
NVDA,2025-01-27,124.80000305175781,128.39999389648438,116.69999694824219,118.41999816894531,118.24339294433594,818830900,,,1.0,124.800003,128.399994,116.699997,118.419998
NVDA,2025-01-28,121.80999755859375,129.0,116.25,128.99000549316406,128.7976531982422,579666400,,,1.0,121.809998,129.0,116.25,128.990005
NVDA,2025-01-29,126.5,126.88999938964844,120.05000305175781,123.69999694824219,123.51551818847656,467120600,,,1.0,126.5,126.889999,120.050003,123.699997
NVDA,2025-01-30,123.0999984741211,125.0,118.0999984741211,124.6500015258789,124.46410369873047,392925500,,,1.0,123.099998,125.0,118.099998,124.650002
NVDA,2025-01-31,123.77999877929688,127.8499984741211,119.19000244140625,120.06999969482422,119.89093780517578,388161100,,,1.0,123.779999,127.849998,119.190002,120.07
NVDA,2025-02-03,114.75,118.56999969482422,113.01000213623047,116.66000366210938,116.48603820800781,371235700,,,1.0,114.75,118.57,113.010002,116.660004
NVDA,2025-02-04,116.95999908447266,121.19999694824219,116.69999694824219,118.6500015258789,118.47305297851562,256550000,,,1.0,116.959999,121.199997,116.699997,118.650002
NVDA,2025-02-05,121.76000213623047,125.0,120.76000213623047,124.83000183105469,124.64384460449219,262230800,,,1.0,121.760002,125.0,120.760002,124.830002
NVDA,2025-02-06,127.41999816894531,128.77000427246094,125.20999908447266,128.67999267578125,128.48806762695312,251483600,,,1.0,127.419998,128.770004,125.209999,128.679993
NVDA,2025-02-07,129.22000122070312,130.3699951171875,125.0,129.83999633789062,129.6463623046875,228186300,,,1.0,129.220001,130.369995,125.0,129.839996
NVDA,2025-02-10,130.08999633789062,135.0,129.9600067138672,133.57000732421875,133.3708038330078,216989100,,,1.0,130.089996,135.0,129.960007,133.570007
NVDA,2025-02-11,132.5800018310547,134.47999572753906,131.02000427246094,132.8000030517578,132.6019744873047,178902400,,,1.0,132.580002,134.479996,131.020004,132.800003
NVDA,2025-02-12,130.02000427246094,132.24000549316406,129.0800018310547,131.13999938964844,130.94442749023438,160278600,,,1.0,130.020004,132.240005,129.080002,131.139999
NVDA,2025-02-13,131.55999755859375,136.5,131.1699981689453,135.2899932861328,135.08824157714844,197430000,,,1.0,131.559998,136.5,131.169998,135.289993
NVDA,2025-02-14,136.47999572753906,139.25,135.5,138.85000610351562,138.64292907714844,195479600,,,1.0,136.479996,139.25,135.5,138.850006
NVDA,2025-02-18,141.27000427246094,143.44000244140625,137.92999267578125,139.39999389648438,139.19210815429688,219176600,,,1.0,141.270004,143.440002,137.929993,139.399994
NVDA,2025-02-19,139.50999450683594,141.36000061035156,137.22000122070312,139.22999572753906,139.02235412597656,167536000,,,1.0,139.509995,141.360001,137.220001,139.229996
NVDA,2025-02-20,140.02999877929688,140.66000366210938,136.7899932861328,140.11000061035156,139.9010467529297,143903600,,,1.0,140.029999,140.660004,136.789993,140.110001
NVDA,2025-02-21,140.0399932861328,141.4600067138672,134.02999877929688,134.42999267578125,134.22952270507812,228217600,,,1.0,140.039993,141.460007,134.029999,134.429993
NVDA,2025-02-24,136.55999755859375,138.58999633789062,130.0800018310547,130.27999877929688,130.08570861816406,251381100,,,1.0,136.559998,138.589996,130.080002,130.279999
NVDA,2025-02-25,129.97999572753906,130.1999969482422,124.44000244140625,126.62999725341797,126.44114685058594,271428700,,,1.0,129.979996,130.199997,124.440002,126.629997
NVDA,2025-02-26,129.99000549316406,133.72999572753906,128.49000549316406,131.27999877929688,131.08424377441406,322553800,,,1.0,129.990005,133.729996,128.490005,131.279999
NVDA,2025-02-27,135.0,135.00999450683594,120.01000213623047,120.1500015258789,119.97081756591797,443175800,,,1.0,135.0,135.009995,120.010002,120.150002
NVDA,2025-02-28,118.0199966430664,125.08999633789062,116.4000015258789,124.91999816894531,124.73370361328125,389091100,,,1.0,118.019997,125.089996,116.400002,124.919998
NVDA,2025-03-03,123.51000213623047,123.69999694824219,112.27999877929688,114.05999755859375,113.88990020751953,411381400,,,1.0,123.510002,123.699997,112.279999,114.059998
NVDA,2025-03-04,110.6500015258789,119.30999755859375,110.11000061035156,115.98999786376953,115.81702423095703,398163300,,,1.0,110.650002,119.309998,110.110001,115.989998
NVDA,2025-03-05,117.58000183105469,118.27999877929688,114.51000213623047,117.30000305175781,117.12506866455078,284337900,,,1.0,117.580002,118.279999,114.510002,117.300003
NVDA,2025-03-06,113.52999877929688,115.3499984741211,110.22000122070312,110.56999969482422,110.40511322021484,321181900,,,1.0,113.529999,115.349998,110.220001,110.57
NVDA,2025-03-07,111.25,113.4800033569336,107.55999755859375,112.69000244140625,112.52194213867188,341755500,,,1.0,111.25,113.480003,107.559998,112.690002
NVDA,2025-03-10,109.9000015258789,111.8499984741211,105.45999908447266,106.9800033569336,106.82044982910156,366487400,,,1.0,109.900002,111.849998,105.459999,106.980003
NVDA,2025-03-11,106.98999786376953,112.23999786376953,104.7699966430664,108.76000213623047,108.5978012084961,354865700,,,1.0,106.989998,112.239998,104.769997,108.760002
NVDA,2025-03-12,114.12000274658203,116.76000213623047,112.87999725341797,115.73999786376953,115.57803344726562,323857500,0.01,,1.0,114.120003,116.760002,112.879997,115.739998
NVDA,2025-03-13,117.02999877929688,117.76000213623047,113.79000091552734,115.58000183105469,115.41825103759766,299033100,,,1.0,117.029999,117.760002,113.790001,115.580002
NVDA,2025-03-14,118.61000061035156,121.87999725341797,118.1500015258789,121.66999816894531,121.49972534179688,277593500,,,1.0,118.610001,121.879997,118.150002,121.669998
NVDA,2025-03-17,122.73999786376953,122.88999938964844,118.02999877929688,119.52999877929688,119.36272430419922,255501500,,,1.0,122.739998,122.889999,118.029999,119.529999
NVDA,2025-03-18,118.0,119.0199966430664,114.54000091552734,115.43000030517578,115.2684555053711,299686900,,,1.0,118.0,119.019997,114.540001,115.43
NVDA,2025-03-19,117.2699966430664,120.44999694824219,115.68000030517578,117.5199966430664,117.35552978515625,273426200,,,1.0,117.269997,120.449997,115.68,117.519997
NVDA,2025-03-20,116.55000305175781,120.19999694824219,116.47000122070312,118.52999877929688,118.3641128540039,248829700,,,1.0,116.550003,120.199997,116.470001,118.529999
NVDA,2025-03-21,116.94000244140625,117.98999786376953,115.41999816894531,117.69999694824219,117.5352783203125,266498500,,,1.0,116.940002,117.989998,115.419998,117.699997
NVDA,2025-03-24,119.87999725341797,122.22000122070312,119.33999633789062,121.41000366210938,121.24009704589844,228452500,,,1.0,119.879997,122.220001,119.339996,121.410004
NVDA,2025-03-25,120.55000305175781,121.29000091552734,118.91999816894531,120.69000244140625,120.52110290527344,167447200,,,1.0,120.550003,121.290001,118.919998,120.690002
NVDA,2025-03-26,118.7300033569336,118.83999633789062,112.70999908447266,113.76000213623047,113.60079956054688,293463300,,,1.0,118.730003,118.839996,112.709999,113.760002
NVDA,2025-03-27,111.3499984741211,114.44999694824219,110.66000366210938,111.43000030517578,111.2740707397461,236902100,,,1.0,111.349998,114.449997,110.660004,111.43
NVDA,2025-03-28,111.48999786376953,112.87000274658203,109.06999969482422,109.66999816894531,109.51652526855469,229872500,,,1.0,111.489998,112.870003,109.07,109.669998
NVDA,2025-03-31,105.12999725341797,110.95999908447266,103.6500015258789,108.37999725341797,108.22832489013672,299212700,,,1.0,105.129997,110.959999,103.650002,108.379997
NVDA,2025-04-01,108.5199966430664,110.19999694824219,106.47000122070312,110.1500015258789,109.995849609375,222614000,,,1.0,108.519997,110.199997,106.470001,110.150002
NVDA,2025-04-02,107.29000091552734,111.9800033569336,106.79000091552734,110.41999816894531,110.26547241210938,220601200,,,1.0,107.290001,111.980003,106.790001,110.419998
NVDA,2025-04-03,103.51000213623047,105.62999725341797,101.5999984741211,101.80000305175781,101.65753936767578,338769400,,,1.0,103.510002,105.629997,101.599998,101.800003
NVDA,2025-04-04,98.91000366210938,100.12999725341797,92.11000061035156,94.30999755859375,94.17802429199219,532273800,,,1.0,98.910004,100.129997,92.110001,94.309998
NVDA,2025-04-07,87.45999908447266,101.75,86.62000274658203,97.63999938964844,97.50334930419922,611041300,,,1.0,87.459999,101.75,86.620003,97.639999
NVDA,2025-04-08,103.80999755859375,105.8499984741211,94.45999908447266,96.30000305175781,96.16523742675781,476243400,,,1.0,103.809998,105.849998,94.459999,96.300003
NVDA,2025-04-09,98.88999938964844,115.0999984741211,97.52999877929688,114.33000183105469,114.16999816894531,612918300,,,1.0,98.889999,115.099998,97.529999,114.330002
NVDA,2025-04-10,109.37000274658203,110.86000061035156,99.1500015258789,107.56999969482422,107.4194564819336,437812400,,,1.0,109.370003,110.860001,99.150002,107.57
NVDA,2025-04-11,108.5,111.55000305175781,107.4800033569336,110.93000030517578,110.7747573852539,313417300,,,1.0,108.5,111.550003,107.480003,110.93
NVDA,2025-04-14,114.11000061035156,114.29000091552734,109.06999969482422,110.70999908447266,110.55506134033203,264705000,,,1.0,114.110001,114.290001,109.07,110.709999
NVDA,2025-04-15,110.97000122070312,113.62000274658203,110.5,112.19999694824219,112.04297637939453,228966900,,,1.0,110.970001,113.620003,110.5,112.199997
NVDA,2025-04-16,104.55000305175781,106.79000091552734,100.44999694824219,104.48999786376953,104.34376525878906,397016900,,,1.0,104.550003,106.790001,100.449997,104.489998
NVDA,2025-04-17,104.44999694824219,104.47000122070312,100.05000305175781,101.48999786376953,101.34796142578125,292517500,,,1.0,104.449997,104.470001,100.050003,101.489998
NVDA,2025-04-21,98.7699966430664,99.44000244140625,95.04000091552734,96.91000366210938,96.77438354492188,288501100,,,1.0,98.769997,99.440002,95.040001,96.910004
NVDA,2025-04-22,98.77999877929688,99.80999755859375,97.27999877929688,98.88999938964844,98.75160217285156,241004800,,,1.0,98.779999,99.809998,97.279999,98.889999
NVDA,2025-04-23,104.5199966430664,104.80000305175781,102.0199966430664,102.70999908447266,102.56625366210938,247526000,,,1.0,104.519997,104.800003,102.019997,102.709999
NVDA,2025-04-24,103.4800033569336,106.54000091552734,103.11000061035156,106.43000030517578,106.28104400634766,220815000,,,1.0,103.480003,106.540001,103.110001,106.43
NVDA,2025-04-25,106.8499984741211,111.91999816894531,105.7300033569336,111.01000213623047,110.85466003417969,251064700,,,1.0,106.849998,111.919998,105.730003,111.010002
NVDA,2025-04-28,109.69000244140625,110.37000274658203,106.0199966430664,108.7300033569336,108.57783508300781,207708500,,,1.0,109.690002,110.370003,106.019997,108.730003
NVDA,2025-04-29,107.66999816894531,110.19999694824219,107.44000244140625,109.0199966430664,108.86742401123047,170444300,,,1.0,107.669998,110.199997,107.440002,109.019997
NVDA,2025-04-30,104.47000122070312,108.91999816894531,104.08000183105469,108.91999816894531,108.76756286621094,235044600,,,1.0,104.470001,108.919998,104.080002,108.919998
NVDA,2025-05-01,113.08000183105469,114.94000244140625,111.30000305175781,111.61000061035156,111.45380401611328,236121500,,,1.0,113.080002,114.940002,111.300003,111.610001
NVDA,2025-05-02,114.18000030517578,115.4000015258789,113.37000274658203,114.5,114.33976745605469,190194800,,,1.0,114.18,115.400002,113.370003,114.5
NVDA,2025-05-05,112.91000366210938,114.66999816894531,112.66000366210938,113.81999969482422,113.66071319580078,133163200,,,1.0,112.910004,114.669998,112.660004,113.82
NVDA,2025-05-06,111.4800033569336,114.73999786376953,110.81999969482422,113.54000091552734,113.38111877441406,158525600,,,1.0,111.480003,114.739998,110.82,113.540001
NVDA,2025-05-07,113.05000305175781,117.68000030517578,112.27999877929688,117.05999755859375,116.89618682861328,206758800,,,1.0,113.050003,117.68,112.279999,117.059998
NVDA,2025-05-08,118.25,118.68000030517578,115.8499984741211,117.37000274658203,117.20574951171875,198428100,,,1.0,118.25,118.68,115.849998,117.370003
NVDA,2025-05-09,117.3499984741211,118.2300033569336,115.20999908447266,116.6500015258789,116.48675537109375,132972200,,,1.0,117.349998,118.230003,115.209999,116.650002
NVDA,2025-05-12,121.97000122070312,123.0,120.27999877929688,123.0,122.82787322998047,225023300,,,1.0,121.970001,123.0,120.279999,123.0
NVDA,2025-05-13,124.9800033569336,131.22000122070312,124.47000122070312,129.92999267578125,129.74818420410156,330430100,,,1.0,124.980003,131.220001,124.470001,129.929993
NVDA,2025-05-14,133.1999969482422,135.44000244140625,131.67999267578125,135.33999633789062,135.15060424804688,281180800,,,1.0,133.199997,135.440002,131.679993,135.339996
NVDA,2025-05-15,134.2899932861328,136.3000030517578,132.66000366210938,134.8300018310547,134.64129638671875,226632600,,,1.0,134.289993,136.300003,132.660004,134.830002
NVDA,2025-05-16,136.22000122070312,136.35000610351562,133.4600067138672,135.39999389648438,135.21051025390625,226542500,,,1.0,136.220001,136.350006,133.460007,135.399994
NVDA,2025-05-19,132.38999938964844,135.8699951171875,132.38999938964844,135.57000732421875,135.3802947998047,193154600,,,1.0,132.389999,135.869995,132.389999,135.570007
NVDA,2025-05-20,134.2899932861328,134.5800018310547,132.6199951171875,134.3800048828125,134.19192504882812,161514200,,,1.0,134.289993,134.580002,132.619995,134.380005
NVDA,2025-05-21,133.05999755859375,137.39999389648438,130.58999633789062,131.8000030517578,131.6155548095703,270608700,,,1.0,133.059998,137.399994,130.589996,131.800003
NVDA,2025-05-22,132.22999572753906,134.25,131.5500030517578,132.8300018310547,132.6441192626953,187344000,,,1.0,132.229996,134.25,131.550003,132.830002
NVDA,2025-05-23,130.0,132.67999267578125,129.16000366210938,131.2899932861328,131.10626220703125,198821300,,,1.0,130.0,132.679993,129.160004,131.289993
NVDA,2025-05-27,134.14999389648438,135.66000366210938,133.30999755859375,135.5,135.31036376953125,192953600,,,1.0,134.149994,135.660004,133.309998,135.5
NVDA,2025-05-28,136.02999877929688,137.25,134.7899932861328,134.80999755859375,134.62135314941406,304021100,,,1.0,136.029999,137.25,134.789993,134.809998
NVDA,2025-05-29,142.25,143.49000549316406,137.91000366210938,139.19000244140625,138.99522399902344,369241900,,,1.0,142.25,143.490005,137.910004,139.190002
NVDA,2025-05-30,138.72000122070312,139.6199951171875,132.9199981689453,135.1300048828125,134.94088745117188,333170900,,,1.0,138.720001,139.619995,132.919998,135.130005
NVDA,2025-06-02,135.49000549316406,138.1199951171875,135.39999389648438,137.3800048828125,137.187744140625,197663100,,,1.0,135.490005,138.119995,135.399994,137.380005
NVDA,2025-06-03,138.77999877929688,142.0,137.9499969482422,141.22000122070312,141.02236938476562,225578800,,,1.0,138.779999,142.0,137.949997,141.220001
NVDA,2025-06-04,142.19000244140625,142.38999938964844,139.5399932861328,141.9199981689453,141.72137451171875,167120800,,,1.0,142.190002,142.389999,139.539993,141.919998
NVDA,2025-06-05,142.1699981689453,144.0,138.8300018310547,139.99000549316406,139.79408264160156,231397900,,,1.0,142.169998,144.0,138.830002,139.990005
NVDA,2025-06-06,142.50999450683594,143.27000427246094,141.50999450683594,141.72000122070312,141.5216827392578,153986200,,,1.0,142.509995,143.270004,141.509995,141.720001
NVDA,2025-06-09,143.19000244140625,145.0,141.94000244140625,142.6300048828125,142.43040466308594,185114500,,,1.0,143.190002,145.0,141.940002,142.630005
NVDA,2025-06-10,142.69000244140625,144.2899932861328,141.52999877929688,143.9600067138672,143.758544921875,155881900,,,1.0,142.690002,144.289993,141.529999,143.960007
NVDA,2025-06-11,144.61000061035156,144.99000549316406,141.8699951171875,142.8300018310547,142.64002990722656,167694000,0.01,,1.0,144.610001,144.990005,141.869995,142.830002
NVDA,2025-06-12,141.97000122070312,145.0,141.85000610351562,145.0,144.80714416503906,162365000,,,1.0,141.970001,145.0,141.850006,145.0
NVDA,2025-06-13,142.47999572753906,143.5800018310547,140.85000610351562,141.97000122070312,141.7811737060547,180820600,,,1.0,142.479996,143.580002,140.850006,141.970001
NVDA,2025-06-16,143.35000610351562,146.17999267578125,143.1999969482422,144.69000244140625,144.49754333496094,183133700,,,1.0,143.350006,146.179993,143.199997,144.690002
NVDA,2025-06-17,144.49000549316406,145.22000122070312,143.77999877929688,144.1199951171875,143.9282989501953,139108000,,,1.0,144.490005,145.220001,143.779999,144.119995
NVDA,2025-06-18,144.00999450683594,145.64999389648438,143.1199951171875,145.47999572753906,145.2864990234375,161494100,,,1.0,144.009995,145.649994,143.119995,145.479996
NVDA,2025-06-20,145.4499969482422,146.1999969482422,142.64999389648438,143.85000610351562,143.65866088867188,242956200,,,1.0,145.449997,146.199997,142.649994,143.850006
NVDA,2025-06-23,142.5,144.77999877929688,142.02999877929688,144.1699981689453,143.97824096679688,154308900,,,1.0,142.5,144.779999,142.029999,144.169998
NVDA,2025-06-24,145.55999755859375,147.9600067138672,145.5,147.89999389648438,147.70326232910156,187566100,,,1.0,145.559998,147.960007,145.5,147.899994
NVDA,2025-06-25,149.27000427246094,154.4499969482422,149.25999450683594,154.30999755859375,154.10475158691406,269146500,,,1.0,149.270004,154.449997,149.259995,154.309998
NVDA,2025-06-26,155.97999572753906,156.72000122070312,154.0,155.02000427246094,154.81381225585938,198145700,,,1.0,155.979996,156.720001,154.0,155.020004
NVDA,2025-06-27,156.0399932861328,158.7100067138672,155.25999450683594,157.75,157.54017639160156,263234500,,,1.0,156.039993,158.710007,155.259995,157.75
NVDA,2025-06-30,158.39999389648438,158.66000366210938,155.9600067138672,157.99000549316406,157.77984619140625,194580300,,,1.0,158.399994,158.660004,155.960007,157.990005
NVDA,2025-07-01,156.2899932861328,157.1999969482422,151.49000549316406,153.3000030517578,153.09608459472656,213143600,,,1.0,156.289993,157.199997,151.490005,153.300003
NVDA,2025-07-02,152.97999572753906,157.60000610351562,152.97000122070312,157.25,157.0408477783203,171224100,,,1.0,152.979996,157.600006,152.970001,157.25
NVDA,2025-07-03,158.3699951171875,160.97999572753906,157.77000427246094,159.33999633789062,159.1280517578125,143716100,,,1.0,158.369995,160.979996,157.770004,159.339996
NVDA,2025-07-07,158.1999969482422,159.30999755859375,157.33999633789062,158.24000549316406,158.02951049804688,140139000,,,1.0,158.199997,159.309998,157.339996,158.240005
NVDA,2025-07-08,159.3300018310547,160.22000122070312,158.38999938964844,160.0,159.7871856689453,138133000,,,1.0,159.330002,160.220001,158.389999,160.0
NVDA,2025-07-09,161.22000122070312,164.4199981689453,161.16000366210938,162.8800048828125,162.66334533691406,183656400,,,1.0,161.220001,164.419998,161.160004,162.880005
NVDA,2025-07-10,164.32000732421875,164.5,161.61000061035156,164.10000610351562,163.88172912597656,167704100,,,1.0,164.320007,164.5,161.610001,164.100006
NVDA,2025-07-11,163.72000122070312,167.88999938964844,163.47000122070312,164.9199981689453,164.7006378173828,193633300,,,1.0,163.720001,167.889999,163.470001,164.919998
NVDA,2025-07-14,165.3699951171875,165.49000549316406,162.02000427246094,164.07000732421875,163.85177612304688,136975800,,,1.0,165.369995,165.490005,162.020004,164.070007
NVDA,2025-07-15,171.19000244140625,172.39999389648438,169.1999969482422,170.6999969482422,170.4729461669922,230627400,,,1.0,171.190002,172.399994,169.199997,170.699997
NVDA,2025-07-16,171.05999755859375,171.75,168.89999389648438,171.3699951171875,171.14205932617188,158831500,,,1.0,171.059998,171.75,168.899994,171.369995
NVDA,2025-07-17,172.02000427246094,174.16000366210938,170.8300018310547,173.0,172.7698974609375,160841100,,,1.0,172.020004,174.160004,170.830002,173.0
NVDA,2025-07-18,173.63999938964844,174.25,171.25999450683594,172.41000366210938,172.18067932128906,146456400,,,1.0,173.639999,174.25,171.259995,172.410004
NVDA,2025-07-21,172.75,173.3800048828125,171.0,171.3800048828125,171.1520538330078,123126100,,,1.0,172.75,173.380005,171.0,171.380005
NVDA,2025-07-22,171.33999633789062,171.38999938964844,164.5800018310547,167.02999877929688,166.80783081054688,193114300,,,1.0,171.339996,171.389999,164.580002,167.029999
NVDA,2025-07-23,169.52999877929688,171.25999450683594,167.97000122070312,170.77999877929688,170.5528564453125,154082200,,,1.0,169.529999,171.259995,167.970001,170.779999
NVDA,2025-07-24,172.44000244140625,173.8300018310547,171.3000030517578,173.74000549316406,173.50892639160156,128984600,,,1.0,172.440002,173.830002,171.300003,173.740005
NVDA,2025-07-25,173.61000061035156,174.72000122070312,172.9600067138672,173.5,173.26922607421875,122316800,,,1.0,173.610001,174.720001,172.960007,173.5
NVDA,2025-07-28,174.02000427246094,177.0,173.97000122070312,176.75,176.51490783691406,140023500,,,1.0,174.020004,177.0,173.970001,176.75
NVDA,2025-07-29,177.9600067138672,179.3800048828125,175.02000427246094,175.50999450683594,175.2765350341797,154077500,,,1.0,177.960007,179.380005,175.020004,175.509995
NVDA,2025-07-30,176.50999450683594,179.88999938964844,176.0399932861328,179.27000427246094,179.03155517578125,174312200,,,1.0,176.509995,179.889999,176.039993,179.270004
NVDA,2025-07-31,182.89999389648438,183.3000030517578,175.92999267578125,177.8699951171875,177.6334228515625,221685400,,,1.0,182.899994,183.300003,175.929993,177.869995
NVDA,2025-08-01,174.08999633789062,176.5399932861328,170.88999938964844,173.72000122070312,173.4889373779297,204529000,,,1.0,174.089996,176.539993,170.889999,173.720001
NVDA,2025-08-04,175.16000366210938,180.1999969482422,174.52000427246094,180.0,179.7605743408203,148174600,,,1.0,175.160004,180.199997,174.520004,180.0
NVDA,2025-08-05,179.6199951171875,180.25999450683594,175.89999389648438,178.25999450683594,178.02288818359375,156407600,,,1.0,179.619995,180.259995,175.899994,178.259995
NVDA,2025-08-06,176.3300018310547,179.89999389648438,176.25,179.4199981689453,179.1813507080078,137192300,,,1.0,176.330002,179.899994,176.25,179.419998
NVDA,2025-08-07,181.57000732421875,183.8800048828125,178.8000030517578,180.77000427246094,180.52957153320312,151878400,,,1.0,181.570007,183.880005,178.800003,180.770004
NVDA,2025-08-08,181.5500030517578,183.3000030517578,180.39999389648438,182.6999969482422,182.4569854736328,123396700,,,1.0,181.550003,183.300003,180.399994,182.699997
NVDA,2025-08-11,182.0500030517578,183.83999633789062,180.25,182.05999755859375,181.81784057617188,138323200,,,1.0,182.050003,183.839996,180.25,182.059998
NVDA,2025-08-12,182.9600067138672,184.47999572753906,179.4600067138672,183.16000366210938,182.9163818359375,145485700,,,1.0,182.960007,184.479996,179.460007,183.160004
NVDA,2025-08-13,182.6199951171875,183.97000122070312,179.35000610351562,181.58999633789062,181.3484649658203,179871700,,,1.0,182.619995,183.970001,179.350006,181.589996
NVDA,2025-08-14,179.75,183.02000427246094,179.4600067138672,182.02000427246094,181.77789306640625,129554000,,,1.0,179.75,183.020004,179.460007,182.020004
NVDA,2025-08-15,181.8800048828125,181.89999389648438,178.0399932861328,180.4499969482422,180.20997619628906,156602200,,,1.0,181.880005,181.899994,178.039993,180.449997
NVDA,2025-08-18,180.60000610351562,182.94000244140625,180.58999633789062,182.00999450683594,181.7678985595703,132008000,,,1.0,180.600006,182.940002,180.589996,182.009995
NVDA,2025-08-19,182.42999267578125,182.5,175.49000549316406,175.63999938964844,175.40638732910156,185229200,,,1.0,182.429993,182.5,175.490005,175.639999
NVDA,2025-08-20,175.1699981689453,176.0,168.8000030517578,175.39999389648438,175.1667022705078,215142700,,,1.0,175.169998,176.0,168.800003,175.399994
NVDA,2025-08-21,174.85000610351562,176.89999389648438,173.80999755859375,174.97999572753906,174.7472381591797,140040900,,,1.0,174.850006,176.899994,173.809998,174.979996
NVDA,2025-08-22,172.61000061035156,178.58999633789062,171.1999969482422,177.99000549316406,177.7532501220703,172789400,,,1.0,172.610001,178.589996,171.199997,177.990005
NVDA,2025-08-25,178.35000610351562,181.91000366210938,176.57000732421875,179.80999755859375,179.57083129882812,163012800,,,1.0,178.350006,181.910004,176.570007,179.809998
NVDA,2025-08-26,180.05999755859375,182.38999938964844,178.80999755859375,181.77000427246094,181.52822875976562,168688200,,,1.0,180.059998,182.389999,178.809998,181.770004
NVDA,2025-08-27,181.97999572753906,182.49000549316406,179.10000610351562,181.60000610351562,181.35845947265625,235518900,,,1.0,181.979996,182.490005,179.100006,181.600006
NVDA,2025-08-28,180.82000732421875,184.47000122070312,176.41000366210938,180.1699981689453,179.9303436279297,281787800,,,1.0,180.820007,184.470001,176.410004,180.169998
NVDA,2025-08-29,178.11000061035156,178.14999389648438,173.14999389648438,174.17999267578125,173.94830322265625,243257900,,,1.0,178.110001,178.149994,173.149994,174.179993
NVDA,2025-09-02,170.0,172.3800048828125,167.22000122070312,170.77999877929688,170.5528564453125,231164900,,,1.0,170.0,172.380005,167.220001,170.779999
NVDA,2025-09-03,171.05999755859375,172.41000366210938,168.8800048828125,170.6199951171875,170.39305114746094,164424900,,,1.0,171.059998,172.410004,168.880005,170.619995
NVDA,2025-09-04,170.57000732421875,171.86000061035156,169.41000366210938,171.66000366210938,171.43167114257812,141670100,,,1.0,170.570007,171.860001,169.410004,171.660004
NVDA,2025-09-05,168.02999877929688,169.02999877929688,164.07000732421875,167.02000427246094,166.7978515625,224441400,,,1.0,168.029999,169.029999,164.070007,167.020004
NVDA,2025-09-08,167.5500030517578,170.9600067138672,167.35000610351562,168.30999755859375,168.0861358642578,163769100,,,1.0,167.550003,170.960007,167.350006,168.309998
NVDA,2025-09-09,169.08999633789062,170.97999572753906,166.74000549316406,170.75999450683594,170.53286743164062,157548400,,,1.0,169.089996,170.979996,166.740005,170.759995
NVDA,2025-09-10,176.63999938964844,179.2899932861328,175.47000122070312,177.3300018310547,177.09414672851562,226852000,,,1.0,176.639999,179.289993,175.470001,177.330002
NVDA,2025-09-11,179.67999267578125,180.27999877929688,176.47999572753906,177.1699981689453,176.94430541992188,151159300,0.01,,1.0,179.679993,180.279999,176.479996,177.169998
NVDA,2025-09-12,177.77000427246094,178.60000610351562,176.4499969482422,177.82000732421875,177.593505859375,124911000,,,1.0,177.770004,178.600006,176.449997,177.820007
NVDA,2025-09-15,175.6699981689453,178.85000610351562,174.50999450683594,177.75,177.52357482910156,147061600,,,1.0,175.669998,178.850006,174.509995,177.75
NVDA,2025-09-16,177.0,177.5,174.3800048828125,174.8800048828125,174.65724182128906,140737800,,,1.0,177.0,177.5,174.380005,174.880005
NVDA,2025-09-17,172.63999938964844,173.1999969482422,168.41000366210938,170.2899932861328,170.0730743408203,211843800,,,1.0,172.639999,173.199997,168.410004,170.289993
NVDA,2025-09-18,173.97999572753906,177.10000610351562,172.9600067138672,176.24000549316406,176.01551818847656,191763300,,,1.0,173.979996,177.100006,172.960007,176.240005
NVDA,2025-09-19,175.77000427246094,178.0800018310547,175.17999267578125,176.6699981689453,176.4449462890625,237182100,,,1.0,175.770004,178.080002,175.179993,176.669998
NVDA,2025-09-22,175.3000030517578,184.5500030517578,174.7100067138672,183.61000061035156,183.37612915039062,269637000,,,1.0,175.300003,184.550003,174.710007,183.610001
NVDA,2025-09-23,181.97000122070312,182.4199981689453,176.2100067138672,178.42999267578125,178.2027130126953,192559600,,,1.0,181.970001,182.419998,176.210007,178.429993
NVDA,2025-09-24,179.77000427246094,179.77999877929688,175.39999389648438,176.97000122070312,176.74456787109375,143564100,,,1.0,179.770004,179.779999,175.399994,176.970001
NVDA,2025-09-25,174.47999572753906,180.25999450683594,173.1300048828125,177.69000244140625,177.4636688232422,191586700,,,1.0,174.479996,180.259995,173.130005,177.690002
NVDA,2025-09-26,178.1699981689453,179.77000427246094,174.92999267578125,178.19000244140625,177.96302795410156,148573700,,,1.0,178.169998,179.770004,174.929993,178.190002
NVDA,2025-09-29,180.42999267578125,184.0,180.32000732421875,181.85000610351562,181.6183624267578,193063500,,,1.0,180.429993,184.0,180.320007,181.850006
NVDA,2025-09-30,182.0800018310547,187.35000610351562,181.47999572753906,186.5800018310547,186.3423309326172,236981000,,,1.0,182.080002,187.350006,181.479996,186.580002
NVDA,2025-10-01,185.24000549316406,188.13999938964844,183.89999389648438,187.24000549316406,187.0015106201172,173844900,,,1.0,185.240005,188.139999,183.899994,187.240005
NVDA,2025-10-02,189.60000610351562,191.0500030517578,188.05999755859375,188.88999938964844,188.64939880371094,136805800,,,1.0,189.600006,191.050003,188.059998,188.889999
NVDA,2025-10-03,189.19000244140625,190.36000061035156,185.3800048828125,187.6199951171875,187.38099670410156,137596900,,,1.0,189.190002,190.360001,185.380005,187.619995
NVDA,2025-10-06,185.5,187.22999572753906,183.3300018310547,185.5399932861328,185.3036651611328,157678100,,,1.0,185.5,187.229996,183.330002,185.539993
NVDA,2025-10-07,186.22999572753906,189.05999755859375,184.0,185.0399932861328,184.80429077148438,140088000,,,1.0,186.229996,189.059998,184.0,185.039993
NVDA,2025-10-08,186.57000732421875,189.60000610351562,186.5399932861328,189.11000061035156,188.86911010742188,130168900,,,1.0,186.570007,189.600006,186.539993,189.110001
NVDA,2025-10-09,192.22999572753906,195.3000030517578,191.05999755859375,192.57000732421875,192.32470703125,182997200,,,1.0,192.229996,195.300003,191.059998,192.570007
NVDA,2025-10-10,193.50999450683594,195.6199951171875,182.0500030517578,183.16000366210938,182.92669677734375,268774400,,,1.0,193.509995,195.619995,182.050003,183.160004
NVDA,2025-10-13,187.97000122070312,190.11000061035156,185.9600067138672,188.32000732421875,188.08013916015625,153482800,,,1.0,187.970001,190.110001,185.960007,188.320007
NVDA,2025-10-14,184.77000427246094,184.8000030517578,179.6999969482422,180.02999877929688,179.80067443847656,205641400,,,1.0,184.770004,184.800003,179.699997,180.029999
NVDA,2025-10-15,184.8000030517578,184.8699951171875,177.2899932861328,179.8300018310547,179.60093688964844,214450500,,,1.0,184.800003,184.869995,177.289993,179.830002
NVDA,2025-10-16,182.22999572753906,183.27999877929688,179.77000427246094,181.80999755859375,181.57839965820312,179723300,,,1.0,182.229996,183.279999,179.770004,181.809998
NVDA,2025-10-17,180.17999267578125,184.10000610351562,179.75,183.22000122070312,182.9866180419922,173135200,,,1.0,180.179993,184.100006,179.75,183.220001
NVDA,2025-10-20,183.1300048828125,185.1999969482422,181.72999572753906,182.63999938964844,182.4073486328125,128544700,,,1.0,183.130005,185.199997,181.729996,182.639999
NVDA,2025-10-21,182.7899932861328,182.7899932861328,179.8000030517578,181.16000366210938,180.9292449951172,124240200,,,1.0,182.789993,182.789993,179.800003,181.160004
NVDA,2025-10-22,181.13999938964844,183.44000244140625,176.75999450683594,180.27999877929688,180.05035400390625,162249600,,,1.0,181.139999,183.440002,176.759995,180.279999
NVDA,2025-10-23,180.4199981689453,183.02999877929688,179.7899932861328,182.16000366210938,181.92796325683594,111363700,,,1.0,180.419998,183.029999,179.789993,182.160004
NVDA,2025-10-24,183.83999633789062,187.47000122070312,183.5,186.25999450683594,186.02273559570312,131296700,,,1.0,183.839996,187.470001,183.5,186.259995
NVDA,2025-10-27,189.99000549316406,192.0,188.42999267578125,191.49000549316406,191.24609375,153452700,,,1.0,189.990005,192.0,188.429993,191.490005
NVDA,2025-10-28,193.0500030517578,203.14999389648438,191.91000366210938,201.02999877929688,200.77392578125,297986200,,,1.0,193.050003,203.149994,191.910004,201.029999
NVDA,2025-10-29,207.97999572753906,212.19000244140625,204.77999877929688,207.0399932861328,206.77627563476562,308829600,,,1.0,207.979996,212.190002,204.779999,207.039993
NVDA,2025-10-30,205.14999389648438,206.16000366210938,201.41000366210938,202.88999938964844,202.63156127929688,178864400,,,1.0,205.149994,206.160004,201.410004,202.889999
NVDA,2025-10-31,206.4499969482422,207.97000122070312,202.07000732421875,202.49000549316406,202.23207092285156,179802200,,,1.0,206.449997,207.970001,202.070007,202.490005
NVDA,2025-11-03,208.0800018310547,211.33999633789062,205.55999755859375,206.8800048828125,206.61648559570312,180267300,,,1.0,208.080002,211.339996,205.559998,206.880005
NVDA,2025-11-04,203.0,203.97000122070312,197.92999267578125,198.69000244140625,198.43690490722656,188919300,,,1.0,203.0,203.970001,197.929993,198.690002
NVDA,2025-11-05,198.77000427246094,202.9199981689453,194.64999389648438,195.2100067138672,194.9613494873047,171350300,,,1.0,198.770004,202.919998,194.649994,195.210007
NVDA,2025-11-06,196.4199981689453,197.6199951171875,186.3800048828125,188.0800018310547,187.84043884277344,223029800,,,1.0,196.419998,197.619995,186.380005,188.080002
NVDA,2025-11-07,184.89999389648438,188.32000732421875,178.91000366210938,188.14999389648438,187.91030883789062,264942300,,,1.0,184.899994,188.320007,178.910004,188.149994
NVDA,2025-11-10,195.11000061035156,199.94000244140625,193.7899932861328,199.0500030517578,198.7964630126953,198897100,,,1.0,195.110001,199.940002,193.789993,199.050003
NVDA,2025-11-11,195.16000366210938,195.4199981689453,191.3000030517578,193.16000366210938,192.91395568847656,176483300,,,1.0,195.160004,195.419998,191.300003,193.160004
NVDA,2025-11-12,195.72000122070312,195.88999938964844,191.1300048828125,193.8000030517578,193.55313110351562,154935300,,,1.0,195.720001,195.889999,191.130005,193.800003
NVDA,2025-11-13,191.0500030517578,191.44000244140625,183.85000610351562,186.86000061035156,186.62197875976562,207423100,,,1.0,191.050003,191.440002,183.850006,186.860001
NVDA,2025-11-14,182.86000061035156,191.00999450683594,180.5800018310547,190.1699981689453,189.92774963378906,186591900,,,1.0,182.860001,191.009995,180.580002,190.169998
NVDA,2025-11-17,185.97000122070312,189.0,184.32000732421875,186.60000610351562,186.36231994628906,173628900,,,1.0,185.970001,189.0,184.320007,186.600006
NVDA,2025-11-18,183.3800048828125,184.8000030517578,179.64999389648438,181.36000061035156,181.12899780273438,213598900,,,1.0,183.380005,184.800003,179.649994,181.360001
NVDA,2025-11-19,184.7899932861328,187.86000061035156,182.8300018310547,186.52000427246094,186.28240966796875,247246400,,,1.0,184.789993,187.860001,182.830002,186.520004
NVDA,2025-11-20,195.9499969482422,196.0,179.85000610351562,180.63999938964844,180.40989685058594,343504800,,,1.0,195.949997,196.0,179.850006,180.639999
NVDA,2025-11-21,181.24000549316406,184.55999755859375,172.92999267578125,178.8800048828125,178.6521453857422,346926200,,,1.0,181.240005,184.559998,172.929993,178.880005
NVDA,2025-11-24,179.49000549316406,183.5,176.47999572753906,182.5500030517578,182.31747436523438,256618300,,,1.0,179.490005,183.5,176.479996,182.550003
NVDA,2025-11-25,174.91000366210938,178.16000366210938,169.5500030517578,177.82000732421875,177.593505859375,320600300,,,1.0,174.910004,178.160004,169.550003,177.820007
NVDA,2025-11-26,181.6300048828125,182.91000366210938,178.24000549316406,180.25999450683594,180.03036499023438,183852000,,,1.0,181.630005,182.910004,178.240005,180.259995
NVDA,2025-11-28,179.00999450683594,179.2899932861328,176.5,177.0,176.7745361328125,121332800,,,1.0,179.009995,179.289993,176.5,177.0
NVDA,2025-12-01,174.75999450683594,180.3000030517578,173.67999267578125,179.9199981689453,179.69081115722656,188131000,,,1.0,174.759995,180.300003,173.679993,179.919998
NVDA,2025-12-02,181.75999450683594,185.66000366210938,180.0,181.4600067138672,181.22886657714844,182632200,,,1.0,181.759995,185.660004,180.0,181.460007
NVDA,2025-12-03,181.0800018310547,182.4499969482422,179.11000061035156,179.58999633789062,179.3612518310547,165138000,,,1.0,181.080002,182.449997,179.110001,179.589996
NVDA,2025-12-04,181.6199951171875,184.52000427246094,179.9600067138672,183.3800048828125,183.15660095214844,167364900,0.01,,1.0,181.619995,184.520004,179.960007,183.380005
NVDA,2025-12-05,183.88999938964844,184.66000366210938,180.91000366210938,182.41000366210938,182.1877899169922,143971100,,,1.0,183.889999,184.660004,180.910004,182.410004
NVDA,2025-12-08,182.63999938964844,188.0,182.39999389648438,185.5500030517578,185.323974609375,204378100,,,1.0,182.639999,188.0,182.399994,185.550003
NVDA,2025-12-09,185.55999755859375,185.72000122070312,183.32000732421875,184.97000122070312,184.7446746826172,144719700,,,1.0,185.559998,185.720001,183.320007,184.970001
NVDA,2025-12-10,184.97000122070312,185.47999572753906,182.0399932861328,183.77999877929688,183.55612182617188,162785400,,,1.0,184.970001,185.479996,182.039993,183.779999
NVDA,2025-12-11,180.27999877929688,181.32000732421875,176.6199951171875,180.92999267578125,180.70957946777344,182136600,,,1.0,180.279999,181.320007,176.619995,180.929993
NVDA,2025-12-12,181.11000061035156,182.82000732421875,174.6199951171875,175.02000427246094,174.80679321289062,204274900,,,1.0,181.110001,182.820007,174.619995,175.020004
NVDA,2025-12-15,177.94000244140625,178.4199981689453,175.02999877929688,176.2899932861328,176.07522583007812,164775600,,,1.0,177.940002,178.419998,175.029999,176.289993
NVDA,2025-12-16,176.25999450683594,178.49000549316406,174.89999389648438,177.72000122070312,177.5034942626953,148588100,,,1.0,176.259995,178.490005,174.899994,177.720001
NVDA,2025-12-17,176.10000610351562,176.1300048828125,170.30999755859375,170.94000244140625,170.73175048828125,222775500,,,1.0,176.100006,176.130005,170.309998,170.940002
NVDA,2025-12-18,174.52999877929688,176.14999389648438,171.82000732421875,174.13999938964844,173.9278564453125,176096000,,,1.0,174.529999,176.149994,171.820007,174.139999
NVDA,2025-12-19,176.6699981689453,181.4499969482422,176.33999633789062,180.99000549316406,180.76953125,324925900,,,1.0,176.669998,181.449997,176.339996,180.990005
NVDA,2025-12-22,183.9199981689453,184.16000366210938,182.35000610351562,183.69000244140625,183.4662322998047,129064400,,,1.0,183.919998,184.160004,182.350006,183.690002
NVDA,2025-12-23,182.97000122070312,189.3300018310547,182.89999389648438,189.2100067138672,188.97952270507812,174873600,,,1.0,182.970001,189.330002,182.899994,189.210007
NVDA,2025-12-24,187.94000244140625,188.91000366210938,186.58999633789062,188.61000061035156,188.38023376464844,65528500,,,1.0,187.940002,188.910004,186.589996,188.610001
NVDA,2025-12-26,189.9199981689453,192.69000244140625,188.0,190.52999877929688,190.2978973388672,139740300,,,1.0,189.919998,192.690002,188.0,190.529999
NVDA,2025-12-29,187.7100067138672,188.75999450683594,185.91000366210938,188.22000122070312,187.99070739746094,120006100,,,1.0,187.710007,188.759995,185.910004,188.220001
NVDA,2025-12-30,188.24000549316406,188.99000549316406,186.92999267578125,187.5399932861328,187.31153869628906,97687300,,,1.0,188.240005,188.990005,186.929993,187.539993
NVDA,2025-12-31,189.57000732421875,190.55999755859375,186.49000549316406,186.5,186.27279663085938,120100500,,,1.0,189.570007,190.559998,186.490005,186.5
NVDA,2026-01-02,189.83999633789062,192.92999267578125,188.25999450683594,188.85000610351562,188.6199493408203,148240500,,,1.0,189.839996,192.929993,188.259995,188.850006
NVDA,2026-01-05,191.75999450683594,193.6300048828125,186.14999389648438,188.1199951171875,187.89083862304688,183529700,,,1.0,191.759995,193.630005,186.149994,188.119995
NVDA,2026-01-06,190.52000427246094,192.1699981689453,186.82000732421875,187.24000549316406,187.0119171142578,176862600,,,1.0,190.520004,192.169998,186.820007,187.240005
NVDA,2026-01-07,188.57000732421875,191.3699951171875,186.55999755859375,189.11000061035156,188.87962341308594,153543200,,,1.0,188.570007,191.369995,186.559998,189.110001
NVDA,2026-01-08,189.11000061035156,189.5500030517578,183.7100067138672,185.0399932861328,184.8145751953125,172457000,,,1.0,189.110001,189.550003,183.710007,185.039993
NVDA,2026-01-09,185.0800018310547,186.33999633789062,183.6699981689453,184.86000061035156,184.63479614257812,131327500,,,1.0,185.080002,186.339996,183.669998,184.860001
NVDA,2026-01-12,183.22000122070312,187.1199951171875,183.02000427246094,184.94000244140625,184.71470642089844,137968500,,,1.0,183.220001,187.119995,183.020004,184.940002
NVDA,2026-01-13,185.0,188.11000061035156,183.39999389648438,185.80999755859375,185.58364868164062,160128900,,,1.0,185.0,188.110001,183.399994,185.809998
NVDA,2026-01-14,184.32000732421875,184.4600067138672,180.8000030517578,183.13999938964844,182.91690063476562,159586100,,,1.0,184.320007,184.460007,180.800003,183.139999
NVDA,2026-01-15,186.5,189.6999969482422,186.3300018310547,187.0500030517578,186.82212829589844,206188600,,,1.0,186.5,189.699997,186.330002,187.050003
NVDA,2026-01-16,189.0800018310547,190.44000244140625,186.0800018310547,186.22999572753906,186.0031280517578,187967200,,,1.0,189.080002,190.440002,186.080002,186.229996
NVDA,2026-01-20,181.89999389648438,182.3800048828125,177.61000061035156,178.07000732421875,177.85308837890625,223345300,,,1.0,181.899994,182.380005,177.610001,178.070007
NVDA,2026-01-21,179.0500030517578,185.3800048828125,178.39999389648438,183.32000732421875,183.09669494628906,200381000,,,1.0,179.050003,185.380005,178.399994,183.320007
NVDA,2026-01-22,184.75,186.1699981689453,183.92999267578125,184.83999633789062,184.6148223876953,139636600,,,1.0,184.75,186.169998,183.929993,184.839996
NVDA,2026-01-23,187.5,189.60000610351562,186.82000732421875,187.6699981689453,187.44137573242188,142748100,,,1.0,187.5,189.600006,186.820007,187.669998
NVDA,2026-01-26,187.16000366210938,189.1199951171875,185.99000549316406,186.47000122070312,186.2428436279297,124799600,,,1.0,187.160004,189.119995,185.990005,186.470001
NVDA,2026-01-27,187.24000549316406,190.0,185.6999969482422,188.52000427246094,188.29034423828125,143711600,,,1.0,187.240005,190.0,185.699997,188.520004
NVDA,2026-01-28,191.27000427246094,192.35000610351562,189.83999633789062,191.52000427246094,191.28668212890625,148552700,,,1.0,191.270004,192.350006,189.839996,191.520004
NVDA,2026-01-29,191.33999633789062,193.47999572753906,186.05999755859375,192.50999450683594,192.27548217773438,171764400,,,1.0,191.339996,193.479996,186.059998,192.509995
NVDA,2026-01-30,191.2100067138672,194.49000549316406,189.47000122070312,191.1300048828125,190.8971710205078,179489500,,,1.0,191.210007,194.490005,189.470001,191.130005
NVDA,2026-02-02,187.1999969482422,190.3000030517578,184.8800048828125,185.61000061035156,185.38388061523438,165794100,,,1.0,187.199997,190.300003,184.880005,185.610001
NVDA,2026-02-03,186.24000549316406,186.27000427246094,176.22999572753906,180.33999633789062,180.12030029296875,204019600,,,1.0,186.240005,186.270004,176.229996,180.339996
NVDA,2026-02-04,179.4600067138672,179.5800018310547,171.91000366210938,174.19000244140625,173.97781372070312,207014100,,,1.0,179.460007,179.580002,171.910004,174.190002
NVDA,2026-02-05,174.92999267578125,176.82000732421875,171.02999877929688,171.8800048828125,171.67062377929688,206312900,,,1.0,174.929993,176.820007,171.029999,171.880005
NVDA,2026-02-06,176.69000244140625,187.0,174.60000610351562,185.41000366210938,185.18414306640625,231346200,,,1.0,176.690002,187.0,174.600006,185.410004
NVDA,2026-02-09,184.25999450683594,193.66000366210938,183.9499969482422,190.0399932861328,189.80848693847656,196387400,,,1.0,184.259995,193.660004,183.949997,190.039993
NVDA,2026-02-10,191.3800048828125,192.47999572753906,188.1199951171875,188.5399932861328,188.31031799316406,136764800,,,1.0,191.380005,192.479996,188.119995,188.539993
NVDA,2026-02-11,192.4499969482422,193.25999450683594,188.77000427246094,190.0500030517578,189.81849670410156,144192700,,,1.0,192.449997,193.259995,188.770004,190.050003
NVDA,2026-02-12,193.02999877929688,193.61000061035156,186.50999450683594,186.94000244140625,186.7122802734375,189932500,,,1.0,193.029999,193.610001,186.509995,186.940002
NVDA,2026-02-13,187.47999572753906,187.5,181.58999633789062,182.80999755859375,182.58729553222656,161888000,,,1.0,187.479996,187.5,181.589996,182.809998
NVDA,2026-02-17,181.75,187.14999389648438,179.17999267578125,184.97000122070312,184.7446746826172,162276900,,,1.0,181.75,187.149994,179.179993,184.970001
NVDA,2026-02-18,188.75,190.3699951171875,186.75999450683594,187.97999572753906,187.75099182128906,164749100,,,1.0,188.75,190.369995,186.759995,187.979996
NVDA,2026-02-19,187.05999755859375,188.42999267578125,185.66000366210938,187.89999389648438,187.6710968017578,126554500,,,1.0,187.059998,188.429993,185.660004,187.899994
NVDA,2026-02-20,186.57000732421875,190.3300018310547,185.94000244140625,189.82000732421875,189.58877563476562,178422300,,,1.0,186.570007,190.330002,185.940002,189.820007
NVDA,2026-02-23,191.39999389648438,193.9499969482422,189.5800018310547,191.5500030517578,191.316650390625,171584800,,,1.0,191.399994,193.949997,189.580002,191.550003
NVDA,2026-02-24,191.49000549316406,193.77000427246094,187.39999389648438,192.85000610351562,192.61508178710938,175123600,,,1.0,191.490005,193.770004,187.399994,192.850006
NVDA,2026-02-25,194.4499969482422,197.6300048828125,193.7899932861328,195.55999755859375,195.32176208496094,250637100,,,1.0,194.449997,197.630005,193.789993,195.559998
NVDA,2026-02-26,194.27000427246094,194.2899932861328,184.32000732421875,184.88999938964844,184.66476440429688,360807900,,,1.0,194.270004,194.289993,184.320007,184.889999
NVDA,2026-02-27,181.25,182.58999633789062,176.3800048828125,177.19000244140625,176.97415161132812,311636500,,,1.0,181.25,182.589996,176.380005,177.190002
NVDA,2026-03-02,175.00999450683594,183.4600067138672,174.63999938964844,182.47999572753906,182.25770568847656,209095300,,,1.0,175.009995,183.460007,174.639999,182.479996
NVDA,2026-03-03,178.49000549316406,180.89999389648438,176.9199981689453,180.0500030517578,179.83065795898438,178099400,,,1.0,178.490005,180.899994,176.919998,180.050003
NVDA,2026-03-04,180.44000244140625,184.6999969482422,180.05999755859375,183.0399932861328,182.8170166015625,177731200,,,1.0,180.440002,184.699997,180.059998,183.039993
NVDA,2026-03-05,181.1699981689453,184.05999755859375,177.8800048828125,183.33999633789062,183.11663818359375,198779700,,,1.0,181.169998,184.059998,177.880005,183.339996
NVDA,2026-03-06,179.83999633789062,182.75999450683594,176.82000732421875,177.82000732421875,177.6033935546875,189021900,,,1.0,179.839996,182.759995,176.820007,177.820007
NVDA,2026-03-09,176.8300018310547,182.91000366210938,175.55999755859375,182.64999389648438,182.427490234375,177213600,,,1.0,176.830002,182.910004,175.559998,182.649994
NVDA,2026-03-10,182.39999389648438,186.44000244140625,182.00999450683594,184.77000427246094,184.54490661621094,179118500,,,1.0,182.399994,186.440002,182.009995,184.770004
NVDA,2026-03-11,185.91000366210938,187.6199951171875,184.4499969482422,186.02999877929688,185.8134307861328,145280400,0.01,,1.0,185.910004,187.619995,184.449997,186.029999
NVDA,2026-03-12,184.0500030517578,184.94000244140625,181.75,183.13999938964844,182.9268035888672,155762700,,,1.0,184.050003,184.940002,181.75,183.139999
NVDA,2026-03-13,184.9199981689453,186.08999633789062,179.94000244140625,180.25,180.0401611328125,160988400,,,1.0,184.919998,186.089996,179.940002,180.25
NVDA,2026-03-16,182.97000122070312,188.8800048828125,181.41000366210938,183.22000122070312,183.0067138671875,217307400,,,1.0,182.970001,188.880005,181.410004,183.220001
NVDA,2026-03-17,185.05999755859375,185.39999389648438,181.67999267578125,181.92999267578125,181.71820068359375,182497800,,,1.0,185.059998,185.399994,181.679993,181.929993
NVDA,2026-03-18,182.47999572753906,183.3800048828125,180.3300018310547,180.39999389648438,180.1899871826172,156683100,,,1.0,182.479996,183.380005,180.330002,180.399994
NVDA,2026-03-19,178.00999450683594,179.97999572753906,175.7899932861328,178.55999755859375,178.3521270751953,170968500,,,1.0,178.009995,179.979996,175.789993,178.559998
NVDA,2026-03-20,178.0,178.25999450683594,171.72000122070312,172.6999969482422,172.4989471435547,241323500,,,1.0,178.0,178.259995,171.720001,172.699997
NVDA,2026-03-23,177.25999450683594,178.3699951171875,174.75999450683594,175.63999938964844,175.43553161621094,182836300,,,1.0,177.259995,178.369995,174.759995,175.639999
NVDA,2026-03-24,174.8300018310547,176.22000122070312,173.97999572753906,175.1999969482422,174.99603271484375,147667800,,,1.0,174.830002,176.220001,173.979996,175.199997
NVDA,2026-03-25,177.10000610351562,181.22000122070312,176.85000610351562,178.67999267578125,178.47198486328125,162602100,,,1.0,177.100006,181.220001,176.850006,178.679993
NVDA,2026-03-26,176.07000732421875,176.50999450683594,171.13999938964844,171.24000549316406,171.04066467285156,186152200,,,1.0,176.070007,176.509995,171.139999,171.240005
NVDA,2026-03-27,170.0,170.97000122070312,167.00999450683594,167.52000427246094,167.32498168945312,196212700,,,1.0,170.0,170.970001,167.009995,167.520004
NVDA,2026-03-30,168.77999877929688,169.4499969482422,164.27000427246094,165.1699981689453,164.97772216796875,185627000,,,1.0,168.779999,169.449997,164.270004,165.169998
NVDA,2026-03-31,166.97000122070312,174.6199951171875,166.9600067138672,174.39999389648438,174.1969757080078,226181300,,,1.0,166.970001,174.619995,166.960007,174.399994
NVDA,2026-04-01,176.0,177.3699951171875,174.75,175.75,175.54541015625,168132000,,,1.0,176.0,177.369995,174.75,175.75
NVDA,2026-04-02,172.17999267578125,177.49000549316406,171.3699951171875,177.38999938964844,177.18348693847656,143143200,,,1.0,172.179993,177.490005,171.369995,177.389999
NVDA,2026-04-06,177.16000366210938,177.7899932861328,175.75999450683594,177.63999938964844,177.43319702148438,107564300,,,1.0,177.160004,177.789993,175.759995,177.639999
NVDA,2026-04-07,175.72999572753906,178.22999572753906,173.66000366210938,178.10000610351562,177.89266967773438,132534900,,,1.0,175.729996,178.229996,173.660004,178.100006
NVDA,2026-04-08,184.5,185.25999450683594,180.3000030517578,182.0800018310547,181.8680419921875,147732700,,,1.0,184.5,185.259995,180.300003,182.080002
NVDA,2026-04-09,181.83999633789062,184.0800018310547,180.6199951171875,183.91000366210938,183.69590759277344,116428500,,,1.0,181.839996,184.080002,180.619995,183.910004
NVDA,2026-04-10,184.30999755859375,190.0,184.3000030517578,188.6300048828125,188.41041564941406,160459500,,,1.0,184.309998,190.0,184.300003,188.630005
NVDA,2026-04-13,186.02999877929688,189.66000366210938,185.74000549316406,189.30999755859375,189.08961486816406,133648200,,,1.0,186.029999,189.660004,185.740005,189.309998
NVDA,2026-04-14,190.83999633789062,196.50999450683594,190.77000427246094,196.50999450683594,196.28123474121094,161307000,,,1.0,190.839996,196.509995,190.770004,196.509995
NVDA,2026-04-15,196.5399932861328,200.39999389648438,195.74000549316406,198.8699951171875,198.63848876953125,185338400,,,1.0,196.539993,200.399994,195.740005,198.869995
NVDA,2026-04-16,197.42999267578125,199.85000610351562,195.80999755859375,198.35000610351562,198.1190948486328,134012900,,,1.0,197.429993,199.850006,195.809998,198.350006
NVDA,2026-04-17,199.89999389648438,201.6999969482422,199.27000427246094,201.67999267578125,201.44520568847656,160324400,,,1.0,199.899994,201.699997,199.270004,201.679993
NVDA,2026-04-20,199.97999572753906,202.1699981689453,197.83999633789062,202.05999755859375,201.82476806640625,119381400,,,1.0,199.979996,202.169998,197.839996,202.059998
NVDA,2026-04-21,202.1300048828125,202.75,199.0,199.8800048828125,199.64732360839844,107945300,,,1.0,202.130005,202.75,199.0,199.880005
NVDA,2026-04-22,200.99000549316406,202.5,199.0,202.5,202.26426696777344,107501000,,,1.0,200.990005,202.5,199.0,202.5
NVDA,2026-04-23,202.4600067138672,203.8300018310547,197.22000122070312,199.63999938964844,199.4075927734375,113561800,,,1.0,202.460007,203.830002,197.220001,199.639999
NVDA,2026-04-24,199.9600067138672,210.9499969482422,199.80999755859375,208.27000427246094,208.0275421142578,214134400,,,1.0,199.960007,210.949997,199.809998,208.270004
NVDA,2026-04-27,209.64999389648438,216.8300018310547,207.3800048828125,216.61000061035156,216.3578338623047,187172400,,,1.0,209.649994,216.830002,207.380005,216.610001
NVDA,2026-04-28,209.49000549316406,214.72999572753906,208.1999969482422,213.1699981689453,212.92184448242188,180275400,,,1.0,209.490005,214.729996,208.199997,213.169998
NVDA,2026-04-29,212.6999969482422,212.72000122070312,207.5800018310547,209.25,209.00640869140625,123711800,,,1.0,212.699997,212.720001,207.580002,209.25
NVDA,2026-04-30,209.92999267578125,210.3000030517578,198.6999969482422,199.57000732421875,199.33767700195312,225239200,,,1.0,209.929993,210.300003,198.699997,199.570007
NVDA,2026-05-01,201.27999877929688,203.0,197.1199951171875,198.4499969482422,198.21897888183594,128647000,,,1.0,201.279999,203.0,197.119995,198.449997
NVDA,2026-05-04,199.5,201.72999572753906,194.74000549316406,198.47999572753906,198.24893188476562,125368100,,,1.0,199.5,201.729996,194.740005,198.479996
NVDA,2026-05-05,199.3000030517578,200.24000549316406,196.02999877929688,196.5,196.271240234375,113406600,,,1.0,199.300003,200.240005,196.029999,196.5
NVDA,2026-05-06,199.88999938964844,208.27000427246094,198.61000061035156,207.8300018310547,207.5880584716797,188362800,,,1.0,199.889999,208.270004,198.610001,207.830002
NVDA,2026-05-07,208.33999633789062,214.1999969482422,206.5,211.5,211.2537841796875,168307900,,,1.0,208.339996,214.199997,206.5,211.5
NVDA,2026-05-08,213.02999877929688,217.8000030517578,212.88999938964844,215.1999969482422,214.94947814941406,136421400,,,1.0,213.029999,217.800003,212.889999,215.199997
NVDA,2026-05-11,214.0399932861328,222.3000030517578,213.88999938964844,219.44000244140625,219.18453979492188,160685800,,,1.0,214.039993,222.300003,213.889999,219.440002
NVDA,2026-05-12,218.5500030517578,223.75,214.9199981689453,220.77999877929688,220.52297973632812,159176600,,,1.0,218.550003,223.75,214.919998,220.779999
NVDA,2026-05-13,224.92999267578125,227.83999633789062,221.57000732421875,225.8300018310547,225.56710815429688,150405400,,,1.0,224.929993,227.839996,221.570007,225.830002
NVDA,2026-05-14,229.85000610351562,236.5399932861328,229.3000030517578,235.74000549316406,235.465576171875,180782900,,,1.0,229.850006,236.539993,229.300003,235.740005
NVDA,2026-05-15,229.75999450683594,231.5,224.24000549316406,225.32000732421875,225.05770874023438,180977600,,,1.0,229.759995,231.5,224.240005,225.320007
NVDA,2026-05-18,229.8699951171875,230.0,218.3699951171875,222.32000732421875,222.0612030029297,146280900,,,1.0,229.869995,230.0,218.369995,222.320007
NVDA,2026-05-19,219.6199951171875,224.47999572753906,217.91000366210938,220.61000061035156,220.35317993164062,140948200,,,1.0,219.619995,224.479996,217.910004,220.610001
NVDA,2026-05-20,223.17999267578125,226.1300048828125,220.5,223.47000122070312,223.20985412597656,184201600,,,1.0,223.179993,226.130005,220.5,223.470001
NVDA,2026-05-21,222.2899932861328,227.39999389648438,217.92999267578125,219.50999450683594,219.25445556640625,203381800,,,1.0,222.289993,227.399994,217.929993,219.509995
NVDA,2026-05-22,220.89999389648438,221.00999450683594,214.8000030517578,215.3300018310547,215.07933044433594,169275700,,,1.0,220.899994,221.009995,214.800003,215.330002
NVDA,2026-05-26,216.5399932861328,218.17999267578125,212.0,214.86000061035156,214.60987854003906,187202600,,,1.0,216.539993,218.179993,212.0,214.860001
NVDA,2026-05-27,214.1199951171875,214.14999389648438,208.77999877929688,212.60000610351562,212.35250854492188,167601200,,,1.0,214.119995,214.149994,208.779999,212.600006
NVDA,2026-05-28,211.27999877929688,215.52000427246094,211.22000122070312,214.25,214.00057983398438,143996000,,,1.0,211.279999,215.520004,211.220001,214.25
NVDA,2026-05-29,214.5800018310547,217.86000061035156,211.1300048828125,211.13999938964844,210.8942108154297,289410600,,,1.0,214.580002,217.860001,211.130005,211.139999
NVDA,2026-06-01,215.72999572753906,224.8699951171875,215.6999969482422,224.36000061035156,224.09881591796875,212850700,,,1.0,215.729996,224.869995,215.699997,224.360001
NVDA,2026-06-02,227.17999267578125,232.27999877929688,221.35000610351562,222.82000732421875,222.56060791015625,193362900,,,1.0,227.179993,232.279999,221.350006,222.820007
NVDA,2026-06-03,221.72000122070312,222.82000732421875,214.50999450683594,214.75,214.5,160907000,,,1.0,221.720001,222.820007,214.509995,214.75
NVDA,2026-06-04,213.91000366210938,221.60000610351562,210.97000122070312,218.66000366210938,218.66000366210938,169022200,0.25,,1.0,213.910004,221.600006,210.970001,218.660004
NVDA,2026-06-05,214.52999877929688,214.8699951171875,204.3300018310547,205.10000610351562,205.10000610351562,219655500,,,1.0,214.529999,214.869995,204.330002,205.100006
NVDA,2026-06-08,210.17999267578125,210.47000122070312,206.0,208.63999938964844,208.63999938964844,138372800,,,1.0,210.179993,210.470001,206.0,208.639999
NVDA,2026-06-09,210.6199951171875,211.39999389648438,199.33999633789062,208.19000244140625,208.19000244140625,180962500,,,1.0,210.619995,211.399994,199.339996,208.190002
NVDA,2026-06-10,204.42999267578125,207.22000122070312,199.9199981689453,200.4199981689453,200.4199981689453,161746600,,,1.0,204.429993,207.220001,199.919998,200.419998
NVDA,2026-06-11,201.49000549316406,205.66000366210938,199.5399932861328,204.8699951171875,204.8699951171875,158643200,,,1.0,201.490005,205.660004,199.539993,204.869995
NVDA,2026-06-12,204.86000061035156,207.07000732421875,203.44000244140625,205.19000244140625,205.19000244140625,112001800,,,1.0,204.860001,207.070007,203.440002,205.190002
NVDA,2026-06-15,208.9199981689453,212.7100067138672,208.33999633789062,212.4499969482422,212.4499969482422,149936700,,,1.0,208.919998,212.710007,208.339996,212.449997
NVDA,2026-06-16,211.17999267578125,211.49000549316406,207.2899932861328,207.41000366210938,207.41000366210938,125694100,,,1.0,211.179993,211.490005,207.289993,207.410004
NVDA,2026-06-17,208.52999877929688,209.2100067138672,203.0800018310547,204.64999389648438,204.64999389648438,128363500,,,1.0,208.529999,209.210007,203.080002,204.649994
NVDA,2026-06-18,207.3300018310547,211.38999938964844,206.5,210.69000244140625,210.69000244140625,241272000,,,1.0,207.330002,211.389999,206.5,210.690002
NVDA,2026-06-22,211.44000244140625,213.99000549316406,207.72000122070312,208.64999389648438,208.64999389648438,122041400,,,1.0,211.440002,213.990005,207.720001,208.649994
NVDA,2026-06-23,202.1699981689453,203.77000427246094,200.0,200.0399932861328,200.0399932861328,153496200,,,1.0,202.169998,203.770004,200.0,200.039993
NVDA,2026-06-24,200.1199951171875,201.6699981689453,196.5800018310547,199.0,199.0,151810700,,,1.0,200.119995,201.669998,196.580002,199.0
NVDA,2026-06-25,200.0800018310547,200.8000030517578,192.1300048828125,195.74000549316406,195.74000549316406,149550000,,,1.0,200.080002,200.800003,192.130005,195.740005
NVDA,2026-06-26,193.1199951171875,195.5500030517578,191.22000122070312,192.52999877929688,192.52999877929688,179304100,,,1.0,193.119995,195.550003,191.220001,192.529999
NVDA,2026-06-29,193.85000610351562,196.17999267578125,189.8000030517578,194.97000122070312,194.97000122070312,148835700,,,1.0,193.850006,196.179993,189.800003,194.970001
NVDA,2026-06-30,197.24000549316406,200.6300048828125,195.11000061035156,200.08999633789062,200.08999633789062,166476700,,,1.0,197.240005,200.630005,195.110001,200.089996
NVDA,2026-07-01,196.1999969482422,199.85000610351562,193.4499969482422,197.5800018310547,197.5800018310547,146147600,,,1.0,196.199997,199.850006,193.449997,197.580002
NVDA,2026-07-02,197.13999938964844,200.05999755859375,192.35000610351562,194.8300018310547,194.8300018310547,142068700,,,1.0,197.139999,200.059998,192.350006,194.830002
NVDA,2026-07-06,194.4199981689453,197.5500030517578,193.99000549316406,195.5500030517578,195.5500030517578,108999000,,,1.0,194.419998,197.550003,193.990005,195.550003
NVDA,2026-07-07,192.3699951171875,198.41000366210938,191.13999938964844,196.92999267578125,196.92999267578125,124154600,,,1.0,192.369995,198.410004,191.139999,196.929993
NVDA,2026-07-08,195.17999267578125,205.16000366210938,195.05999755859375,204.1199951171875,204.1199951171875,147419100,,,1.0,195.179993,205.160004,195.059998,204.119995
NVDA,2026-07-09,204.4600067138672,204.58999633789062,198.9600067138672,202.77999877929688,202.77999877929688,132037400,,,1.0,204.460007,204.589996,198.960007,202.779999
NVDA,2026-07-10,202.0,211.0,201.9199981689453,210.9600067138672,210.9600067138672,148421000,,,1.0,202.0,211.0,201.919998,210.960007
NVDA,2026-07-13,208.5399932861328,210.57000732421875,203.0,203.52999877929688,203.52999877929688,121411000,,,1.0,208.539993,210.570007,203.0,203.529999
NVDA,2026-07-14,208.1999969482422,212.5500030517578,203.8000030517578,211.8000030517578,211.8000030517578,124379600,,,1.0,208.199997,212.550003,203.800003,211.800003
NVDA,2026-07-15,211.9600067138672,213.80999755859375,206.0399932861328,212.5,212.5,124797200,,,1.0,211.960007,213.809998,206.039993,212.5
NVDA,2026-07-16,210.1699981689453,211.0800018310547,205.85000610351562,207.39999389648438,207.39999389648438,122986100,,,1.0,210.169998,211.080002,205.850006,207.399994
NVDA,2026-07-17,202.63999938964844,206.64999389648438,197.97000122070312,202.80999755859375,202.80999755859375,144281900,,,1.0,202.639999,206.649994,197.970001,202.809998
NVDA,2026-07-20,205.8699951171875,207.74000549316406,202.27999877929688,203.27999877929688,203.27999877929688,88701500,,,1.0,205.869995,207.740005,202.279999,203.279999
NVDA,2026-07-21,207.5399932861328,208.64999389648438,204.00999450683594,207.2899932861328,207.2899932861328,108685600,,,1.0,207.539993,208.649994,204.009995,207.289993
NVDA,2026-07-22,205.80999755859375,214.38999938964844,204.9499969482422,212.05999755859375,212.05999755859375,137645600,,,1.0,205.809998,214.389999,204.949997,212.059998
NVDA,2026-07-23,209.4600067138672,210.8699951171875,205.9600067138672,208.75999450683594,208.75999450683594,110505300,,,1.0,209.460007,210.869995,205.960007,208.759995
NVDA,2026-07-24,207.4499969482422,211.91000366210938,204.80999755859375,206.83999633789062,206.83999633789062,114836800,,,1.0,207.449997,211.910004,204.809998,206.839996
NVDA,2026-07-27,208.1999969482422,208.75,195.44000244140625,196.50999450683594,196.50999450683594,154353700,,,1.0,208.199997,208.75,195.440002,196.509995
NVDA,2026-07-28,195.0,198.6999969482422,192.74000549316406,197.00999450683594,197.00999450683594,134111500,,,1.0,195.0,198.699997,192.740005,197.009995
NVDA,2026-07-29,195.85000610351562,197.07000732421875,190.00999450683594,190.00999450683594,190.00999450683594,147680800,,,1.0,195.850006,197.070007,190.009995,190.009995
NVDA,2026-07-30,193.4499969482422,197.25,191.52000427246094,195.0399932861328,195.0399932861328,129010200,,,1.0,193.449997,197.25,191.520004,195.039993
NVDA,2026-07-31,198.44000244140625,202.0,194.9499969482422,200.75,200.75,139961200,,,1.0,198.440002,202.0,194.949997,200.75
NVDA,2026-08-03,197.69000244140625,208.74000549316406,196.85000610351562,206.63999938964844,206.63999938964844,128406900,,,1.0,197.690002,208.740005,196.850006,206.639999
NVDA,2026-08-04,211.3000030517578,213.05999755859375,209.0500030517578,211.94000244140625,211.94000244140625,134922000,,,1.0,211.300003,213.059998,209.050003,211.940002
NVDA,2026-08-05,216.86000061035156,222.22000122070312,216.39999389648438,219.22000122070312,219.22000122070312,158187400,,,1.0,216.860001,222.220001,216.399994,219.220001
NVDA,2026-08-06,221.52999877929688,223.6300048828125,217.0,218.99000549316406,218.99000549316406,113686000,,,1.0,221.529999,223.630005,217.0,218.990005
GOOGL,2020-01-02,67.42050170898438,68.43399810791016,67.32450103759766,68.43399810791016,67.8324966430664,27278000,,,20.0,1348.410034,1368.679962,1346.490021,1368.679962
GOOGL,2020-01-03,67.4000015258789,68.6875,67.36599731445312,68.07599639892578,67.47765350341797,23408000,,,20.0,1348.000031,1373.75,1347.319946,1361.519928
GOOGL,2020-01-06,67.58149719238281,69.91600036621094,67.55000305175781,69.8905029296875,69.27621459960938,46768000,,,20.0,1351.629944,1398.320007,1351.000061,1397.810059
GOOGL,2020-01-07,70.02300262451172,70.17500305175781,69.5780029296875,69.75550079345703,69.14239501953125,34330000,,,20.0,1400.460052,1403.500061,1391.560059,1395.110016
GOOGL,2020-01-08,69.74099731445312,70.59249877929688,69.63150024414062,70.25199890136719,69.63453674316406,35314000,,,20.0,1394.819946,1411.849976,1392.630005,1405.039978
GOOGL,2020-01-09,71.09649658203125,71.43399810791016,70.510498046875,70.989501953125,70.36556243896484,33200000,,,20.0,1421.929932,1428.679962,1410.209961,1419.790039
GOOGL,2020-01-10,71.47350311279297,71.74700164794922,70.9800033569336,71.447998046875,70.82002258300781,26258000,,,20.0,1429.470062,1434.940033,1419.600067,1428.959961
GOOGL,2020-01-13,71.76249694824219,72.0739974975586,71.26850128173828,72.00150299072266,71.3686752319336,30730000,,,20.0,1435.249939,1441.47995,1425.370026,1440.03006
GOOGL,2020-01-14,72.0,72.13150024414062,71.38849639892578,71.52950286865234,70.90081024169922,26076000,,,20.0,1440.0,1442.630005,1427.769928,1430.590057
GOOGL,2020-01-15,71.6510009765625,72.03900146484375,71.58300018310547,71.95999908447266,71.32752227783203,21550000,,,20.0,1433.02002,1440.780029,1431.660004,1439.199982
GOOGL,2020-01-16,72.27249908447266,72.53500366210938,72.0,72.50800323486328,71.87071228027344,26080000,,,20.0,1445.449982,1450.700073,1440.0,1450.160065
GOOGL,2020-01-17,73.12699890136719,74.02749633789062,72.82749938964844,73.97599792480469,73.3258056640625,52424000,,,20.0,1462.539978,1480.549927,1456.549988,1479.519958
GOOGL,2020-01-21,73.94999694824219,74.49400329589844,73.510498046875,74.11250305175781,73.46111297607422,48930000,,,20.0,1478.999939,1489.880066,1470.209961,1482.250061
GOOGL,2020-01-22,74.48650360107422,75.02899932861328,74.13300323486328,74.19349670410156,73.54139709472656,28458000,,,20.0,1489.730072,1500.579987,1482.660065,1483.869934
GOOGL,2020-01-23,74.37750244140625,74.67500305175781,74.01599884033203,74.2344970703125,73.58202362060547,26650000,,,20.0,1487.550049,1493.500061,1480.319977,1484.689941
GOOGL,2020-01-24,74.64099884033203,74.70999908447266,73.15899658203125,73.30850219726562,72.6641616821289,29786000,,,20.0,1492.819977,1494.199982,1463.179932,1466.170044
GOOGL,2020-01-27,71.5770034790039,71.8290023803711,70.9749984741211,71.58650207519531,70.95732116699219,34132000,,,20.0,1431.54007,1436.580048,1419.499969,1431.730042
GOOGL,2020-01-28,72.08699798583984,72.73999786376953,71.51799774169922,72.5250015258789,71.8875503540039,29724000,,,20.0,1441.73996,1454.799957,1430.359955,1450.500031
GOOGL,2020-01-29,72.9229965209961,73.20700073242188,72.26950073242188,72.83499908447266,72.19483184814453,21566000,,,20.0,1458.45993,1464.140015,1445.390015,1456.699982
GOOGL,2020-01-30,71.90499877929688,72.76249694824219,71.75,72.7125015258789,72.07341003417969,27110000,,,20.0,1438.099976,1455.249939,1435.0,1454.250031
GOOGL,2020-01-31,73.39299774169922,73.4834976196289,71.35299682617188,71.63899993896484,71.00935363769531,43822000,,,20.0,1467.859955,1469.669952,1427.059937,1432.779999
GOOGL,2020-02-03,73.0824966430664,74.31500244140625,72.83049774169922,74.12999725341797,73.47844696044922,71636000,,,20.0,1461.649933,1486.300049,1456.609955,1482.599945
GOOGL,2020-02-04,72.72450256347656,73.36699676513672,71.10150146484375,72.27050018310547,71.63528442382812,95880000,,,20.0,1454.490051,1467.339935,1422.030029,1445.410004
GOOGL,2020-02-05,73.18049621582031,73.22899627685547,71.48400115966797,72.30249786376953,71.6670150756836,36376000,,,20.0,1463.609924,1464.579926,1429.680023,1446.049957
GOOGL,2020-02-06,72.5989990234375,74.0780029296875,72.52400207519531,73.79850006103516,73.14985656738281,37822000,,,20.0,1451.97998,1481.560059,1450.480042,1475.970001
GOOGL,2020-02-07,73.36949920654297,74.26249694824219,73.27050018310547,73.95549774169922,73.30548095703125,28360000,,,20.0,1467.389984,1485.249939,1465.410004,1479.109955
GOOGL,2020-02-10,73.86150360107422,75.44400024414062,73.76000213623047,75.43299865722656,74.7699966430664,38302000,,,20.0,1477.230072,1508.880005,1475.200043,1508.659973
GOOGL,2020-02-11,75.66349792480469,76.49400329589844,75.27249908447266,75.50299835205078,74.83939361572266,34852000,,,20.0,1513.269958,1529.880066,1505.449982,1510.059967
GOOGL,2020-02-12,75.79299926757812,76.01499938964844,75.43350219726562,75.93150329589844,75.26412200927734,31042000,,,20.0,1515.859985,1520.299988,1508.670044,1518.630066
GOOGL,2020-02-13,75.5,76.29750061035156,75.19999694824219,75.66950225830078,75.0044174194336,22914000,,,20.0,1510.0,1525.950012,1503.999939,1513.390045
GOOGL,2020-02-14,75.72650146484375,76.00250244140625,75.27749633789062,75.9365005493164,75.2690658569336,23198000,,,20.0,1514.530029,1520.050049,1505.549927,1518.730011
GOOGL,2020-02-18,75.71700286865234,76.52799987792969,75.55049896240234,75.97200012207031,75.30426025390625,25642000,,,20.0,1514.340057,1530.559998,1511.009979,1519.440002
GOOGL,2020-02-19,76.36000061035156,76.53700256347656,76.04900360107422,76.24349975585938,75.5733642578125,22746000,,,20.0,1527.200012,1530.740051,1520.980072,1524.869995
GOOGL,2020-02-20,75.95050048828125,76.35350036621094,75.21299743652344,75.84950256347656,75.18283081054688,25962000,,,20.0,1519.01001,1527.070007,1504.259949,1516.990051
GOOGL,2020-02-21,75.22899627685547,75.54750061035156,73.92449951171875,74.1729965209961,73.52106475830078,42520000,,,20.0,1504.579926,1510.950012,1478.48999,1483.45993
GOOGL,2020-02-24,71.15249633789062,71.81900024414062,70.3395004272461,70.99299621582031,70.3690185546875,49560000,,,20.0,1423.049927,1436.380005,1406.790009,1419.859924
GOOGL,2020-02-25,71.55000305175781,71.84249877929688,69.02100372314453,69.31600189208984,68.7067642211914,51580000,,,20.0,1431.000061,1436.849976,1380.420074,1386.320038
GOOGL,2020-02-26,69.7490005493164,70.68350219726562,68.82749938964844,69.52349853515625,68.91244506835938,49776000,,,20.0,1394.980011,1413.670044,1376.549988,1390.469971
GOOGL,2020-02-27,67.95700073242188,68.47000122070312,65.71199798583984,65.74749755859375,65.16962432861328,62290000,,,20.0,1359.140015,1369.400024,1314.23996,1314.949951
GOOGL,2020-02-28,63.71549987792969,67.12249755859375,63.410499572753906,66.9625015258789,66.37393951416016,80198000,,,20.0,1274.309998,1342.449951,1268.209991,1339.250031
GOOGL,2020-03-02,67.56950378417969,69.37349700927734,66.26000213623047,69.31600189208984,68.7067642211914,55430000,,,20.0,1351.390076,1387.46994,1325.200043,1386.320038
GOOGL,2020-03-03,69.88400268554688,70.40950012207031,66.46199798583984,66.88600158691406,66.29813385009766,56602000,,,20.0,1397.680054,1408.190002,1329.23996,1337.720032
GOOGL,2020-03-04,67.947998046875,69.13899993896484,66.8499984741211,69.08000183105469,68.47283172607422,47598000,,,20.0,1358.959961,1382.779999,1336.999969,1381.600037
GOOGL,2020-03-05,67.27749633789062,67.68150329589844,65.08200073242188,65.73799896240234,65.16021728515625,54380000,,,20.0,1345.549927,1353.630066,1301.640015,1314.759979
GOOGL,2020-03-06,63.497501373291016,65.13749694824219,62.86050033569336,64.78700256347656,64.21756744384766,64640000,,,20.0,1269.950027,1302.749939,1257.210007,1295.740051
GOOGL,2020-03-09,60.24800109863281,62.63650131225586,59.902000427246094,60.78950119018555,60.25519943237305,69252000,,,20.0,1204.960022,1252.730026,1198.040009,1215.790024
GOOGL,2020-03-10,62.71950149536133,63.79249954223633,60.72549819946289,63.75849914550781,63.19811248779297,54872000,,,20.0,1254.39003,1275.849991,1214.509964,1275.169983
GOOGL,2020-03-11,62.41350173950195,62.846500396728516,59.55699920654297,60.54499816894531,60.01285171508789,54732000,,,20.0,1248.270035,1256.930008,1191.139984,1210.899963
GOOGL,2020-03-12,56.13100051879883,59.4375,55.423500061035156,55.57749938964844,55.08901596069336,94326000,,,20.0,1122.62001,1188.75,1108.470001,1111.549988
GOOGL,2020-03-13,58.7495002746582,60.720001220703125,55.614498138427734,60.7135009765625,60.179874420166016,79400000,,,20.0,1174.990005,1214.400024,1112.289963,1214.27002
GOOGL,2020-03-16,54.480499267578125,57.27349853515625,53.354000091552734,53.650001525878906,53.17845916748047,96520000,,,20.0,1089.609985,1145.469971,1067.080002,1073.000031
GOOGL,2020-03-17,54.53200149536133,56.29999923706055,52.45500183105469,55.90299987792969,55.41165542602539,83194000,,,20.0,1090.64003,1125.999985,1049.100037,1118.059998
GOOGL,2020-03-18,52.99700164794922,55.2495002746582,51.849998474121094,54.55950164794922,54.079959869384766,93044000,,,20.0,1059.940033,1104.990005,1036.999969,1091.190033
GOOGL,2020-03-19,54.4109992980957,57.63050079345703,52.77750015258789,55.583499908447266,55.0949592590332,74064000,,,20.0,1088.219986,1152.610016,1055.550003,1111.669998
GOOGL,2020-03-20,56.54499816894531,56.92399978637695,53.10499954223633,53.410499572753906,52.941062927246094,82878000,,,20.0,1130.899963,1138.479996,1062.099991,1068.209991
GOOGL,2020-03-23,52.81850051879883,53.34550094604492,50.44350051879883,52.70650100708008,52.24325180053711,83672000,,,20.0,1056.37001,1066.910019,1008.87001,1054.13002
GOOGL,2020-03-24,55.19900131225586,56.666500091552734,54.32149887084961,56.5004997253418,56.003902435302734,72468000,,,20.0,1103.980026,1133.330002,1086.429977,1130.009995
GOOGL,2020-03-25,56.229000091552734,57.30849838256836,54.1505012512207,55.08100128173828,54.59687423706055,90324000,,,20.0,1124.580002,1146.169968,1083.010025,1101.620026
GOOGL,2020-03-26,55.736000061035156,58.57400131225586,54.60150146484375,58.145999908447266,57.63494110107422,76562000,,,20.0,1114.720001,1171.480026,1092.030029,1162.919998
GOOGL,2020-03-27,56.37350082397461,57.5525016784668,55.20000076293945,55.51300048828125,55.02507781982422,62794000,,,20.0,1127.470016,1151.050034,1104.000015,1110.26001
GOOGL,2020-03-30,56.63199996948242,57.54999923706055,54.92449951171875,57.31549835205078,56.811744689941406,58736000,,,20.0,1132.639999,1150.999985,1098.48999,1146.309967
GOOGL,2020-03-31,57.436500549316406,58.66999816894531,56.83599853515625,58.09749984741211,57.58686065673828,65228000,,,20.0,1148.730011,1173.399963,1136.719971,1161.949997
GOOGL,2020-04-01,56.20000076293945,56.47100067138672,54.67449951171875,55.10499954223633,54.620670318603516,51970000,,,20.0,1124.000015,1129.420013,1093.48999,1102.099991
GOOGL,2020-04-02,55.0,56.13850021362305,54.65650177001953,55.85150146484375,55.36061477661133,56410000,,,20.0,1100.0,1122.770004,1093.130035,1117.030029
GOOGL,2020-04-03,55.73550033569336,55.93949890136719,53.75400161743164,54.6349983215332,54.15479278564453,51374000,,,20.0,1114.710007,1118.789978,1075.080032,1092.699966
GOOGL,2020-04-06,56.650001525878906,59.537498474121094,56.25,59.15950012207031,58.639530181884766,63320000,,,20.0,1133.000031,1190.749969,1125.0,1183.190002
GOOGL,2020-04-07,60.85049819946289,61.03900146484375,58.86249923706055,59.12799835205078,58.60830307006836,61620000,,,20.0,1217.009964,1220.780029,1177.249985,1182.559967
GOOGL,2020-04-08,60.154998779296875,60.744998931884766,59.1974983215332,60.349998474121094,59.8195686340332,40334000,,,20.0,1203.099976,1214.899979,1183.949966,1206.999969
GOOGL,2020-04-09,60.909000396728516,61.0994987487793,59.62099838256836,60.32849884033203,59.798255920410156,54028000,,,20.0,1218.180008,1221.989975,1192.419968,1206.569977
GOOGL,2020-04-13,60.07500076293945,60.72600173950195,59.11650085449219,60.52050018310547,59.98856735229492,38702000,,,20.0,1201.500015,1214.520035,1182.330017,1210.410004
GOOGL,2020-04-14,61.99850082397461,63.787498474121094,61.426998138427734,63.26150131225586,62.705474853515625,63358000,,,20.0,1239.970016,1275.749969,1228.539963,1265.230026
GOOGL,2020-04-15,62.32550048828125,63.75550079345703,61.70000076293945,62.8650016784668,62.31246566772461,42236000,,,20.0,1246.51001,1275.110016,1234.000015,1257.300034
GOOGL,2020-04-16,63.356998443603516,63.667999267578125,61.90999984741211,62.871498107910156,62.31890869140625,57896000,,,20.0,1267.139969,1273.359985,1238.199997,1257.429962
GOOGL,2020-04-17,64.08499908447266,64.5,63.29999923706055,63.95000076293945,63.38793182373047,51050000,,,20.0,1281.699982,1290.0,1265.999985,1279.000015
GOOGL,2020-04-20,63.49449920654297,63.840999603271484,62.821998596191406,63.057498931884766,62.50326919555664,35292000,,,20.0,1269.889984,1276.819992,1256.439972,1261.149979
GOOGL,2020-04-21,62.135501861572266,62.5,60.25,60.608001708984375,60.0753059387207,49648000,,,20.0,1242.710037,1250.0,1205.0,1212.160034
GOOGL,2020-04-22,62.05550003051758,63.99399948120117,61.86000061035156,62.920501708984375,62.36748123168945,46296000,,,20.0,1241.110001,1279.87999,1237.200012,1258.410034
GOOGL,2020-04-23,63.2869987487793,64.40750122070312,63.0265007019043,63.55849838256836,62.9998664855957,34202000,,,20.0,1265.739975,1288.150024,1260.530014,1271.169968
GOOGL,2020-04-24,62.75,63.885501861572266,62.20000076293945,63.83000183105469,63.26897430419922,37402000,,,20.0,1255.0,1277.710037,1244.000015,1276.600037
GOOGL,2020-04-27,64.5999984741211,64.70500183105469,63.25299835205078,63.542999267578125,62.984500885009766,44186000,,,20.0,1291.999969,1294.100037,1265.059967,1270.859985
GOOGL,2020-04-28,64.16000366210938,64.23799896240234,61.51900100708008,61.62950134277344,61.08782196044922,80700000,,,20.0,1283.200073,1284.759979,1230.38002,1232.590027
GOOGL,2020-04-29,67.25,68.00749969482422,66.33650207519531,67.10900115966797,66.51914978027344,108358000,,,20.0,1345.0,1360.149994,1326.730042,1342.180023
GOOGL,2020-04-30,66.56800079345703,67.5,66.07499694824219,67.33499908447266,66.7431869506836,55842000,,,20.0,1331.360016,1350.0,1321.499939,1346.699982
GOOGL,2020-05-01,66.20449829101562,67.57150268554688,65.48300170898438,65.86599731445312,65.2870864868164,48872000,,,20.0,1324.089966,1351.430054,1309.660034,1317.319946
GOOGL,2020-05-04,65.40650177001953,66.22350311279297,64.80049896240234,66.1449966430664,65.5636215209961,30806000,,,20.0,1308.130035,1324.470062,1296.009979,1322.899933
GOOGL,2020-05-05,66.875,68.55049896240234,66.75150299072266,67.45099639892578,66.858154296875,39666000,,,20.0,1337.5,1371.009979,1335.03006,1349.019928
GOOGL,2020-05-06,67.9000015258789,68.43450164794922,67.25650024414062,67.27149963378906,66.68022918701172,31732000,,,20.0,1358.000031,1368.690033,1345.130005,1345.429993
GOOGL,2020-05-07,68.06549835205078,68.80000305175781,67.62699890136719,68.46399688720703,67.86223602294922,30652000,,,20.0,1361.309967,1376.000061,1352.539978,1369.279938
GOOGL,2020-05-08,69.09100341796875,69.83200073242188,68.60050201416016,69.21700286865234,68.608642578125,33326000,,,20.0,1381.820068,1396.640015,1372.01004,1384.340057
GOOGL,2020-05-11,68.8395004272461,70.77649688720703,68.7750015258789,70.17949676513672,69.56266784667969,32718000,,,20.0,1376.790009,1415.529938,1375.500031,1403.589935
GOOGL,2020-05-12,70.41100311279297,70.71649932861328,68.72550201416016,68.75900268554688,68.1546630859375,33918000,,,20.0,1408.220062,1414.329987,1374.51004,1375.180054
GOOGL,2020-05-13,68.80799865722656,69.2665023803711,66.40049743652344,67.41649627685547,66.82394409179688,40368000,,,20.0,1376.159973,1385.330048,1328.009949,1348.329926
GOOGL,2020-05-14,66.6760025024414,67.86849975585938,66.16500091552734,67.84300231933594,67.24671173095703,36660000,,,20.0,1333.52005,1357.369995,1323.300018,1356.860046
GOOGL,2020-05-15,67.41300201416016,68.72899627685547,66.94999694824219,68.65299987792969,68.04959106445312,41544000,,,20.0,1348.26004,1374.579926,1338.999939,1373.059998
GOOGL,2020-05-18,68.0790023803711,69.63800048828125,67.70999908447266,69.25900268554688,68.65025329589844,47094000,,,20.0,1361.580048,1392.76001,1354.199982,1385.180054
GOOGL,2020-05-19,69.27400207519531,69.62449645996094,68.68800354003906,68.72000122070312,68.11601257324219,31586000,,,20.0,1385.480042,1392.489929,1373.760071,1374.400024
GOOGL,2020-05-20,69.45800018310547,70.60150146484375,69.37100219726562,70.45800018310547,69.83872985839844,38262000,,,20.0,1389.160004,1412.030029,1387.420044,1409.160004
GOOGL,2020-05-21,70.54949951171875,70.822998046875,69.71949768066406,70.3375015258789,69.71929931640625,30894000,,,20.0,1410.98999,1416.459961,1394.389954,1406.750031
GOOGL,2020-05-22,70.19499969482422,70.8499984741211,69.79750061035156,70.66200256347656,70.04094696044922,28544000,,,20.0,1403.899994,1416.999969,1395.950012,1413.240051
GOOGL,2020-05-26,72.0979995727539,72.25550079345703,70.97000122070312,71.06849670410156,70.44385528564453,44590000,,,20.0,1441.959991,1445.110016,1419.400024,1421.369934
GOOGL,2020-05-27,71.0,71.26750183105469,69.7300033569336,71.01399993896484,70.38983154296875,31684000,,,20.0,1420.0,1425.350037,1394.600067,1420.279999
GOOGL,2020-05-28,70.0,72.2229995727539,69.9540023803711,70.91200256347656,70.28874206542969,35170000,,,20.0,1400.0,1444.459991,1399.080048,1418.240051
GOOGL,2020-05-29,71.02149963378906,71.83650207519531,70.79900360107422,71.6760025024414,71.04601287841797,37044000,,,20.0,1420.429993,1436.730042,1415.980072,1433.52005
GOOGL,2020-06-01,71.28500366210938,72.0790023803711,71.11399841308594,71.74349975585938,71.11293029785156,25162000,,,20.0,1425.700073,1441.580048,1422.279968,1434.869995
GOOGL,2020-06-02,71.75,72.1500015258789,71.08049774169922,72.1155014038086,71.4816665649414,23442000,,,20.0,1435.0,1443.000031,1421.609955,1442.310028
GOOGL,2020-06-03,72.13500213623047,72.45050048828125,71.58100128173828,71.9625015258789,71.33000946044922,27732000,,,20.0,1442.700043,1449.01001,1431.620026,1439.250031
GOOGL,2020-06-04,71.83899688720703,72.06600189208984,70.30049896240234,70.71499633789062,70.09346008300781,26982000,,,20.0,1436.779938,1441.320038,1406.009979,1414.299927
GOOGL,2020-06-05,70.78199768066406,72.31500244140625,70.38099670410156,72.0009994506836,71.36817169189453,42642000,,,20.0,1415.639954,1446.300049,1407.619934,1440.019989
GOOGL,2020-06-08,71.31400299072266,72.44999694824219,71.2239990234375,72.4020004272461,71.76564025878906,33878000,,,20.0,1426.28006,1448.999939,1424.47998,1448.040009
GOOGL,2020-06-09,72.26200103759766,73.38999938964844,72.11799621582031,72.60399627685547,71.96586608886719,33624000,,,20.0,1445.240021,1467.799988,1442.359924,1452.079926
GOOGL,2020-06-10,73.07550048828125,73.63849639892578,72.71800231933594,73.23500061035156,72.59131622314453,31762000,,,20.0,1461.51001,1472.769928,1454.360046,1464.700012
GOOGL,2020-06-11,72.05149841308594,72.58000183105469,69.92050170898438,70.09500122070312,69.47891235351562,47144000,,,20.0,1441.029968,1451.600037,1398.410034,1401.900024
GOOGL,2020-06-12,71.29299926757812,71.72550201416016,69.29000091552734,70.64600372314453,70.02507019042969,36676000,,,20.0,1425.859985,1434.51004,1385.800018,1412.920074
GOOGL,2020-06-15,69.47450256347656,71.25,69.36000061035156,71.03700256347656,70.41263580322266,30468000,,,20.0,1389.490051,1425.0,1387.200012,1420.740051
GOOGL,2020-06-16,72.44999694824219,72.8584976196289,71.44950103759766,72.32350158691406,71.68783569335938,30648000,,,20.0,1448.999939,1457.169952,1428.990021,1446.470032
GOOGL,2020-06-17,72.64700317382812,73.11000061035156,71.75650024414062,72.62699890136719,71.98865509033203,30610000,,,20.0,1452.940063,1462.200012,1435.130005,1452.539978
GOOGL,2020-06-18,72.49250030517578,72.64849853515625,71.31199645996094,71.70600128173828,71.07575988769531,34862000,,,20.0,1449.850006,1452.969971,1426.239929,1434.120026
GOOGL,2020-06-19,72.0,72.2249984741211,70.94999694824219,71.23200225830078,70.60591888427734,52784000,,,20.0,1440.0,1444.499969,1418.999939,1424.640045
GOOGL,2020-06-22,71.25050354003906,72.54750061035156,70.95950317382812,72.53299713134766,71.89547729492188,29442000,,,20.0,1425.010071,1450.950012,1419.190063,1450.659943
GOOGL,2020-06-23,72.5999984741211,73.76000213623047,72.25,73.1989974975586,72.55563354492188,37752000,,,20.0,1451.999969,1475.200043,1445.0,1463.97995
GOOGL,2020-06-24,73.16400146484375,73.78949737548828,71.5,71.63500213623047,71.00537109375,31592000,,,20.0,1463.280029,1475.789948,1430.0,1432.700043
GOOGL,2020-06-25,71.56099700927734,72.11599731445312,70.97699737548828,72.05500030517578,71.42168426513672,23958000,,,20.0,1431.21994,1442.319946,1419.539948,1441.100006
GOOGL,2020-06-26,71.63150024414062,71.85099792480469,67.75,68.12699890136719,67.5281982421875,97640000,,,20.0,1432.630005,1437.019958,1355.0,1362.539978
GOOGL,2020-06-29,68.01699829101562,69.9000015258789,67.5824966430664,69.8584976196289,69.2444839477539,45074000,,,20.0,1360.339966,1398.000031,1351.649933,1397.169952
GOOGL,2020-06-30,69.84400177001953,71.19999694824219,69.34649658203125,70.90249633789062,70.2793197631836,40286000,,,20.0,1396.880035,1423.999939,1386.929932,1418.049927
GOOGL,2020-07-01,70.95850372314453,72.42400360107422,70.70899963378906,72.0999984741211,71.4662857055664,42182000,,,20.0,1419.170074,1448.480072,1414.179993,1441.999969
GOOGL,2020-07-02,72.59200286865234,74.4260025024414,72.55349731445312,73.49649810791016,72.85050964355469,57218000,,,20.0,1451.840057,1488.52005,1451.069946,1469.929962
GOOGL,2020-07-06,74.40750122070312,75.5,73.8489990234375,74.98249816894531,74.32344818115234,44712000,,,20.0,1488.150024,1510.0,1476.97998,1499.649963
GOOGL,2020-07-07,74.80650329589844,76.06600189208984,74.48500061035156,74.49600219726562,73.84123229980469,42364000,,,20.0,1496.130066,1521.320038,1489.700012,1489.920044
GOOGL,2020-07-08,75.04000091552734,75.55850219726562,74.61499786376953,75.18000030517578,74.51921844482422,31766000,,,20.0,1500.800018,1511.170044,1492.299957,1503.600006
GOOGL,2020-07-09,75.49649810791016,76.45700073242188,74.77950286865234,75.93299865722656,75.26560974121094,41836000,,,20.0,1509.929962,1529.140015,1495.590057,1518.659973
GOOGL,2020-07-10,75.6624984741211,77.06700134277344,75.03600311279297,76.95050048828125,76.27415466308594,35918000,,,20.0,1513.249969,1541.340027,1500.720062,1539.01001
GOOGL,2020-07-13,77.49700164794922,78.81800079345703,75.3280029296875,75.61150360107422,74.94692993164062,42954000,,,20.0,1549.940033,1576.360016,1506.560059,1512.230072
GOOGL,2020-07-14,74.6395034790039,76.13999938964844,74.29650115966797,76.04299926757812,75.37464141845703,38108000,,,20.0,1492.79007,1522.799988,1485.930023,1520.859985
GOOGL,2020-07-15,76.1614990234375,76.81649780273438,74.8915023803711,75.84400177001953,75.1773910522461,31026000,,,20.0,1523.22998,1536.329956,1497.830048,1516.880035
GOOGL,2020-07-16,75.07499694824219,75.79550170898438,74.41349792480469,75.74600219726562,75.08024597167969,26484000,,,20.0,1501.499939,1515.910034,1488.269958,1514.920044
GOOGL,2020-07-17,75.84549713134766,76.17150115966797,74.90499877929688,75.84249877929688,75.17589569091797,34264000,,,20.0,1516.909943,1523.430023,1498.099976,1516.849976
GOOGL,2020-07-20,75.75,78.45050048828125,75.13500213623047,78.19200134277344,77.5047378540039,30166000,,,20.0,1515.0,1569.01001,1502.700043,1563.840027
GOOGL,2020-07-21,79.25150299072266,79.35250091552734,77.63099670410156,77.7959976196289,77.11222076416016,27486000,,,20.0,1585.03006,1587.050018,1552.619934,1555.919952
GOOGL,2020-07-22,77.7854995727539,78.3489990234375,77.1614990234375,78.24250030517578,77.55480194091797,24482000,,,20.0,1555.709991,1566.97998,1543.22998,1564.850006
GOOGL,2020-07-23,78.29650115966797,78.51750183105469,75.42949676513672,75.8375015258789,75.17095184326172,33910000,,,20.0,1565.930023,1570.350037,1508.589935,1516.750031
GOOGL,2020-07-24,74.95950317382812,75.77149963378906,74.37950134277344,75.4104995727539,74.74769592285156,29902000,,,20.0,1499.190063,1515.429993,1487.590027,1508.209991
GOOGL,2020-07-27,75.66300201416016,76.87799835205078,75.61650085449219,76.47149658203125,75.79936981201172,27124000,,,20.0,1513.26004,1537.559967,1512.330017,1529.429932
GOOGL,2020-07-28,76.25,76.30049896240234,75.0260009765625,75.18250274658203,74.52169799804688,30910000,,,20.0,1525.0,1526.009979,1500.52002,1503.650055
GOOGL,2020-07-29,75.25,76.66649627685547,75.15049743652344,76.17549896240234,75.5059585571289,22676000,,,20.0,1505.0,1533.329926,1503.009949,1523.509979
GOOGL,2020-07-30,74.89849853515625,77.04450225830078,74.75849914550781,76.91850280761719,76.24243927001953,36042000,,,20.0,1497.969971,1540.890045,1495.169983,1538.370056
GOOGL,2020-07-31,74.85250091552734,75.2509994506836,72.69999694824219,74.39749908447266,73.74359130859375,91468000,,,20.0,1497.050018,1505.019989,1453.999939,1487.949982
GOOGL,2020-08-03,74.55000305175781,74.8864974975586,73.58599853515625,74.13800048828125,73.48636627197266,45482000,,,20.0,1491.000061,1497.72995,1471.719971,1482.76001
GOOGL,2020-08-04,74.33550262451172,74.65550231933594,73.20149993896484,73.66500091552734,73.01754760742188,37212000,,,20.0,1486.710052,1493.110046,1464.029999,1473.300018
GOOGL,2020-08-05,73.84100341796875,74.5,73.56099700927734,73.95449829101562,73.30448913574219,29134000,,,20.0,1476.820068,1490.0,1471.21994,1479.089966
GOOGL,2020-08-06,73.80750274658203,75.3134994506836,73.59500122070312,75.24749755859375,74.58612823486328,33306000,,,20.0,1476.150055,1506.269989,1471.900024,1504.949951
GOOGL,2020-08-07,75.4520034790039,76.00450134277344,74.3134994506836,74.91850280761719,74.26002502441406,27718000,,,20.0,1509.04007,1520.090027,1486.269989,1498.370056
GOOGL,2020-08-10,74.54000091552734,75.35749816894531,73.87449645996094,74.84100341796875,74.18319702148438,20546000,,,20.0,1490.800018,1507.149963,1477.489929,1496.820068
GOOGL,2020-08-11,74.69999694824219,75.52200317382812,73.90950012207031,74.0270004272461,73.37635803222656,31098000,,,20.0,1493.999939,1510.440063,1478.190002,1480.540009
GOOGL,2020-08-12,74.35600280761719,75.58350372314453,74.25,75.36199951171875,74.69962310791016,22512000,,,20.0,1487.120056,1511.670074,1485.0,1507.23999
GOOGL,2020-08-13,75.4104995727539,76.84850311279297,75.4104995727539,75.8324966430664,75.16598510742188,22388000,,,20.0,1508.209991,1536.970062,1508.209991,1516.649933
GOOGL,2020-08-14,75.68049621582031,75.989501953125,74.94999694824219,75.23149871826172,74.57025909423828,21942000,,,20.0,1513.609924,1519.790039,1498.999939,1504.629974
GOOGL,2020-08-17,75.79850006103516,76.18900299072266,75.25,75.81199645996094,75.14566040039062,19990000,,,20.0,1515.970001,1523.78006,1505.0,1516.239929
GOOGL,2020-08-18,76.30599975585938,77.86849975585938,76.08350372314453,77.78900146484375,77.10529327392578,28378000,,,20.0,1526.119995,1557.369995,1521.670074,1555.780029
GOOGL,2020-08-19,77.62449645996094,78.44300079345703,77.0,77.23049926757812,76.55168914794922,30472000,,,20.0,1552.489929,1568.860016,1540.0,1544.609985
GOOGL,2020-08-20,76.99849700927734,79.00849914550781,76.7229995727539,78.8125,78.11979675292969,26382000,,,20.0,1539.96994,1580.169983,1534.459991,1576.25
GOOGL,2020-08-21,78.58999633789062,79.59400177001953,78.1155014038086,78.77850341796875,78.08609008789062,34838000,,,20.0,1571.799927,1591.880035,1562.310028,1575.570068
GOOGL,2020-08-24,79.62349700927734,80.43900299072266,78.75199890136719,79.25749969482422,78.5608901977539,25638000,,,20.0,1592.46994,1608.78006,1575.039978,1585.149994
GOOGL,2020-08-25,79.00499725341797,80.44400024414062,78.89399719238281,80.2925033569336,79.58678436279297,25150000,,,20.0,1580.099945,1608.880005,1577.879944,1605.850067
GOOGL,2020-08-26,80.31500244140625,82.6395034790039,80.04900360107422,82.20649719238281,81.48396301269531,52188000,,,20.0,1606.300049,1652.79007,1600.980072,1644.129944
GOOGL,2020-08-27,82.33049774169922,82.39949798583984,80.94049835205078,81.4260025024414,80.7103271484375,31350000,,,20.0,1646.609955,1647.98996,1618.809967,1628.52005
GOOGL,2020-08-28,81.47350311279297,82.06749725341797,81.28050231933594,81.97149658203125,81.25102233886719,22418000,,,20.0,1629.470062,1641.349945,1625.610046,1639.429932
GOOGL,2020-08-31,82.17849731445312,82.2249984741211,81.2665023803711,81.47650146484375,80.76038360595703,26422000,,,20.0,1643.569946,1644.499969,1625.330048,1629.530029
GOOGL,2020-09-01,81.60800170898438,82.96099853515625,81.47650146484375,82.75399780273438,82.02664947509766,22652000,,,20.0,1632.160034,1659.219971,1629.530029,1655.079956
GOOGL,2020-09-02,83.40049743652344,86.30500030517578,83.0094985961914,85.86949920654297,85.11476135253906,49522000,,,20.0,1668.009949,1726.100006,1660.189972,1717.389984
GOOGL,2020-09-03,84.97599792480469,85.0,80.385498046875,81.47550201416016,80.75939178466797,63726000,,,20.0,1699.519958,1700.0,1607.709961,1629.51004
GOOGL,2020-09-04,80.44999694824219,81.74949645996094,76.89849853515625,79.06050109863281,78.36561584472656,55850000,,,20.0,1608.999939,1634.989929,1537.969971,1581.210022
GOOGL,2020-09-08,76.25,77.77749633789062,75.82499694824219,76.18000030517578,75.51042938232422,54032000,,,20.0,1525.0,1555.549927,1516.499939,1523.600006
GOOGL,2020-09-09,77.44499969482422,77.93599700927734,76.25849914550781,77.36150360107422,76.68155670166016,39242000,,,20.0,1548.899994,1558.71994,1525.169983,1547.230072
GOOGL,2020-09-10,77.50900268554688,78.68299865722656,76.0,76.30249786376953,75.63185119628906,33024000,,,20.0,1550.180054,1573.659973,1520.0,1526.049957
GOOGL,2020-09-11,76.40750122070312,76.93499755859375,74.6510009765625,75.78800201416016,75.12187957763672,30706000,,,20.0,1528.150024,1538.699951,1493.02002,1515.76004
GOOGL,2020-09-14,76.5824966430664,77.8499984741211,75.25550079345703,75.44149780273438,74.7784194946289,42660000,,,20.0,1531.649933,1556.999969,1505.110016,1508.829956
GOOGL,2020-09-15,76.39450073242188,77.54949951171875,76.1050033569336,76.75599670410156,76.08137512207031,23042000,,,20.0,1527.890015,1550.98999,1522.100067,1535.119934
GOOGL,2020-09-16,77.1240005493164,77.71849822998047,75.57949829101562,75.60449981689453,74.93998718261719,22128000,,,20.0,1542.480011,1554.369965,1511.589966,1512.089996
GOOGL,2020-09-17,74.29049682617188,74.93299865722656,73.12300109863281,74.35199737548828,73.69849395751953,40008000,,,20.0,1485.809937,1498.659973,1462.460022,1487.039948
GOOGL,2020-09-18,74.41500091552734,74.76000213623047,71.58100128173828,72.55449676513672,71.91679382324219,63056000,,,20.0,1488.300018,1495.200043,1431.620026,1451.089935
GOOGL,2020-09-21,71.58100128173828,72.00299835205078,70.13400268554688,71.50700378417969,70.8785171508789,56908000,,,20.0,1431.620026,1440.059967,1402.680054,1430.140076
GOOGL,2020-09-22,72.51599884033203,73.19850158691406,71.4749984741211,72.99099731445312,72.34945678710938,33950000,,,20.0,1450.319977,1463.970032,1429.499969,1459.819946
GOOGL,2020-09-23,72.60449981689453,72.65399932861328,70.13400268554688,70.46949768066406,69.85011291503906,37726000,,,20.0,1452.089996,1453.079987,1402.680054,1409.389954
GOOGL,2020-09-24,70.13400268554688,71.89949798583984,70.10749816894531,71.14299774169922,70.51770782470703,34552000,,,20.0,1402.680054,1437.98996,1402.149963,1422.859955
GOOGL,2020-09-25,71.25250244140625,72.2969970703125,70.38400268554688,71.9530029296875,71.3205795288086,30326000,,,20.0,1425.050049,1445.939941,1407.680054,1439.060059
GOOGL,2020-09-28,73.59950256347656,73.64949798583984,72.31400299072266,72.93299865722656,72.29195404052734,30784000,,,20.0,1471.990051,1472.98996,1446.28006,1458.659973
GOOGL,2020-09-29,73.19550323486328,73.5999984741211,72.69999694824219,73.3010025024414,72.65673065185547,31816000,,,20.0,1463.910065,1471.999969,1453.999939,1466.02005
GOOGL,2020-09-30,73.0469970703125,74.30999755859375,72.78800201416016,73.27999877929688,72.63591766357422,40924000,,,20.0,1460.939941,1486.199951,1455.76004,1465.599976
GOOGL,2020-10-01,74.18299865722656,74.75350189208984,73.83999633789062,74.3949966430664,73.74112701416016,32884000,,,20.0,1483.659973,1495.070038,1476.799927,1487.899933
GOOGL,2020-10-02,72.98149871826172,73.95149993896484,72.36750030517578,72.77999877929688,72.14030456542969,31222000,,,20.0,1459.629974,1479.029999,1447.350006,1455.599976
GOOGL,2020-10-05,73.13249969482422,74.23500061035156,73.00450134277344,74.1415023803711,73.48986053466797,21602000,,,20.0,1462.649994,1484.700012,1460.090027,1482.830048
GOOGL,2020-10-06,73.7750015258789,74.22599792480469,72.25050354003906,72.5510025024414,71.91333770751953,26096000,,,20.0,1475.500031,1484.519958,1445.010071,1451.02005
GOOGL,2020-10-07,72.96549987792969,73.44850158691406,71.6614990234375,72.95700073242188,72.31575012207031,36108000,,,20.0,1459.309998,1468.970032,1433.22998,1459.140015
GOOGL,2020-10-08,73.27249908447266,74.40149688720703,73.27249908447266,74.17150115966797,73.51957702636719,26076000,,,20.0,1465.449982,1488.029938,1465.449982,1483.430023
GOOGL,2020-10-09,74.64299774169922,75.59249877929688,74.3499984741211,75.52249908447266,74.85871124267578,32966000,,,20.0,1492.859955,1511.849976,1486.999969,1510.449982
GOOGL,2020-10-12,76.9000015258789,79.4209976196289,76.46499633789062,78.22949981689453,77.54191589355469,55344000,,,20.0,1538.000031,1588.419952,1529.299927,1564.589996
GOOGL,2020-10-13,78.85050201416016,79.25800323486328,77.93150329589844,78.35350036621094,77.66484069824219,39072000,,,20.0,1577.01004,1585.160065,1558.630066,1567.070007
GOOGL,2020-10-14,78.7300033569336,79.19249725341797,77.29499816894531,78.1719970703125,77.48492431640625,33174000,,,20.0,1574.600067,1583.849945,1545.899963,1563.439941
GOOGL,2020-10-15,77.2249984741211,78.56999969482422,77.05650329589844,77.77349853515625,77.08991241455078,31210000,,,20.0,1544.499969,1571.399994,1541.130066,1555.469971
GOOGL,2020-10-16,78.09149932861328,78.885498046875,77.88300323486328,78.38500213623047,77.69605255126953,34194000,,,20.0,1561.829987,1577.709961,1557.660065,1567.700043
GOOGL,2020-10-19,78.79650115966797,79.19650268554688,76.14600372314453,76.49749755859375,75.82514190673828,29734000,,,20.0,1575.930023,1583.930054,1522.920074,1529.949951
GOOGL,2020-10-20,76.15550231933594,78.69200134277344,76.0250015258789,77.55400085449219,76.87236022949219,41670000,,,20.0,1523.110046,1573.840027,1520.500031,1551.080017
GOOGL,2020-10-21,78.49250030517578,80.75700378417969,78.35700225830078,79.29949951171875,78.60250854492188,60322000,,,20.0,1569.850006,1615.140076,1567.140045,1585.98999
GOOGL,2020-10-22,79.25,80.6709976196289,78.8740005493164,80.33300018310547,79.62693786621094,30512000,,,20.0,1585.0,1613.419952,1577.480011,1606.660004
GOOGL,2020-10-23,80.75250244140625,81.70600128173828,80.59549713134766,81.64900207519531,80.93136596679688,30548000,,,20.0,1615.050049,1634.120026,1611.909943,1632.980042
GOOGL,2020-10-26,80.75,81.47899627685547,78.38899993896484,79.2145004272461,78.51825714111328,35826000,,,20.0,1615.0,1629.579926,1567.779999,1584.290009
GOOGL,2020-10-27,79.44650268554688,80.0999984741211,78.84950256347656,79.94400024414062,79.24134826660156,25902000,,,20.0,1588.930054,1601.999969,1576.990051,1598.880005
GOOGL,2020-10-28,77.50050354003906,77.69049835205078,75.42400360107422,75.54000091552734,74.87605285644531,45174000,,,20.0,1550.010071,1553.809967,1508.480072,1510.800018
GOOGL,2020-10-29,75.85099792480469,79.43699645996094,75.82749938964844,77.84400177001953,77.1598129272461,55406000,,,20.0,1517.019958,1588.739929,1516.549988,1556.880035
GOOGL,2020-10-30,83.37200164794922,84.06600189208984,80.07849884033203,80.80549621582031,80.09526062011719,99878000,,,20.0,1667.440033,1681.320038,1601.569977,1616.109924
GOOGL,2020-11-02,81.177001953125,82.91200256347656,80.71199798583984,81.21600341796875,80.5021743774414,44228000,,,20.0,1623.540039,1658.240051,1614.23996,1624.320068
GOOGL,2020-11-03,81.53800201416016,82.94999694824219,80.60549926757812,82.28299713134766,81.55978393554688,31432000,,,20.0,1630.76004,1658.999939,1612.109985,1645.659943
GOOGL,2020-11-04,85.27899932861328,88.50150299072266,85.1500015258789,87.2925033569336,86.52526092529297,71342000,,,20.0,1705.579987,1770.03006,1703.000031,1745.850067
GOOGL,2020-11-05,88.52249908447266,89.59100341796875,87.05149841308594,88.125,87.3504409790039,39758000,,,20.0,1770.449982,1791.820068,1741.029968,1762.5
GOOGL,2020-11-06,87.56700134277344,88.42500305175781,86.83399963378906,87.98650360107422,87.21316528320312,28622000,,,20.0,1751.340027,1768.500061,1736.679993,1759.730072
GOOGL,2020-11-09,89.79900360107422,90.84449768066406,87.87750244140625,88.07099914550781,87.29692840576172,53440000,,,20.0,1795.980072,1816.889954,1757.550049,1761.419983
GOOGL,2020-11-10,86.4885025024414,87.96900177001953,85.80599975585938,86.88600158691406,86.12232971191406,43022000,,,20.0,1729.77005,1759.380035,1716.119995,1737.720032
GOOGL,2020-11-11,87.41999816894531,88.1449966430664,87.15299987792969,87.36150360107422,86.59365844726562,31838000,,,20.0,1748.399963,1762.899933,1743.059998,1747.230072
GOOGL,2020-11-12,87.0999984741211,88.2490005493164,86.89849853515625,87.14099884033203,86.37508392333984,26474000,,,20.0,1741.999969,1764.980011,1737.969971,1742.819977
GOOGL,2020-11-13,87.4000015258789,88.85649871826172,86.79900360107422,88.61299896240234,87.83415222167969,29744000,,,20.0,1748.000031,1777.129974,1735.980072,1772.259979
GOOGL,2020-11-16,88.20700073242188,89.71700286865234,88.06649780273438,88.70149993896484,87.92188262939453,25468000,,,20.0,1764.140015,1794.340057,1761.329956,1774.029999
GOOGL,2020-11-17,88.39299774169922,88.85700225830078,87.97450256347656,88.08300018310547,87.3088150024414,21314000,,,20.0,1767.859955,1777.140045,1759.490051,1761.660004
GOOGL,2020-11-18,87.83200073242188,88.25,86.92849731445312,87.03199768066406,86.26703643798828,20108000,,,20.0,1756.640015,1765.0,1738.569946,1740.639954
GOOGL,2020-11-19,86.6614990234375,88.17449951171875,86.5009994506836,87.92849731445312,87.15567779541016,20106000,,,20.0,1733.22998,1763.48999,1730.019989,1758.569946
GOOGL,2020-11-20,88.0999984741211,88.41799926757812,86.75,86.81900024414062,86.05592346191406,27694000,,,20.0,1761.999969,1768.359985,1735.0,1736.380005
GOOGL,2020-11-23,87.01100158691406,87.29949951171875,85.50900268554688,86.37799835205078,85.61878967285156,22530000,,,20.0,1740.220032,1745.98999,1710.180054,1727.559967
GOOGL,2020-11-24,86.375,88.3239974975586,86.0364990234375,88.19499969482422,87.4198226928711,27984000,,,20.0,1727.5,1766.47995,1720.72998,1763.899994
GOOGL,2020-11-25,88.3905029296875,88.51899719238281,87.41799926757812,88.20649719238281,87.43121337890625,19600000,,,20.0,1767.810059,1770.379944,1748.359985,1764.129944
GOOGL,2020-11-27,88.22699737548828,89.85050201416016,88.22699737548828,89.35099792480469,88.56566619873047,14790000,,,20.0,1764.539948,1797.01004,1764.539948,1787.019958
GOOGL,2020-11-30,88.78250122070312,89.01699829101562,87.39199829101562,87.72000122070312,86.94902038574219,32418000,,,20.0,1775.650024,1780.339966,1747.839966,1754.400024
GOOGL,2020-12-01,88.33300018310547,91.08599853515625,88.15149688720703,89.76799774169922,88.97900390625,37350000,,,20.0,1766.660004,1821.719971,1763.029938,1795.359955
GOOGL,2020-12-02,89.76799774169922,91.63700103759766,89.25849914550781,91.24849700927734,90.44650268554688,29424000,,,20.0,1795.359955,1832.740021,1785.169983,1824.96994
GOOGL,2020-12-03,91.0270004272461,92.19149780273438,90.8499984741211,91.09200286865234,90.29136657714844,24728000,,,20.0,1820.540009,1843.829956,1816.999969,1821.840057
GOOGL,2020-12-04,91.01100158691406,91.4749984741211,90.67949676513672,91.18800354003906,90.38652801513672,20544000,,,20.0,1820.220032,1829.499969,1813.589935,1823.760071
GOOGL,2020-12-07,90.77749633789062,91.4645004272461,90.1520004272461,90.85150146484375,90.052978515625,22288000,,,20.0,1815.549927,1829.290009,1803.040009,1817.030029
GOOGL,2020-12-08,90.4260025024414,90.79850006103516,89.56400299072266,90.56649780273438,89.77047729492188,19936000,,,20.0,1808.52005,1815.970001,1791.28006,1811.329956
GOOGL,2020-12-09,90.51799774169922,91.41850280761719,88.0999984741211,88.89299774169922,88.11168670654297,31728000,,,20.0,1810.359955,1828.370056,1761.999969,1777.859955
GOOGL,2020-12-10,88.12999725341797,88.74949645996094,86.67649841308594,88.38249969482422,87.6056900024414,28688000,,,20.0,1762.599945,1774.989929,1733.529968,1767.649994
GOOGL,2020-12-11,88.0,88.8655014038086,87.63700103759766,88.73999786376953,87.96003723144531,18628000,,,20.0,1760.0,1777.310028,1752.740021,1774.799957
GOOGL,2020-12-14,88.53600311279297,89.48999786376953,87.45649719238281,87.61299896240234,86.84294891357422,33050000,,,20.0,1770.720062,1789.799957,1749.129944,1752.259979
GOOGL,2020-12-15,87.99299621582031,88.19999694824219,87.08350372314453,88.05400085449219,87.28006744384766,21352000,,,20.0,1759.859924,1763.999939,1741.670074,1761.080017
GOOGL,2020-12-16,88.45549774169922,88.45549774169922,87.4530029296875,87.8594970703125,87.0872802734375,24676000,,,20.0,1769.109955,1769.109955,1749.060059,1757.189941
GOOGL,2020-12-17,88.19650268554688,88.33550262451172,86.55750274658203,87.02549743652344,86.26060485839844,34880000,,,20.0,1763.930054,1766.710052,1731.150055,1740.509949
GOOGL,2020-12-18,87.30850219726562,87.41799926757812,85.75,86.31099700927734,85.55238342285156,85256000,,,20.0,1746.170044,1748.359985,1715.0,1726.21994
GOOGL,2020-12-21,85.45649719238281,86.8499984741211,84.69999694824219,86.72799682617188,85.96571350097656,33974000,,,20.0,1709.129944,1736.999969,1693.999939,1734.559937
GOOGL,2020-12-22,86.46649932861328,86.63050079345703,85.28900146484375,86.01100158691406,85.25502014160156,20370000,,,20.0,1729.329987,1732.610016,1705.780029,1720.220032
GOOGL,2020-12-23,86.19650268554688,87.20549774169922,86.05999755859375,86.4114990234375,85.6520004272461,22974000,,,20.0,1723.930054,1744.109955,1721.199951,1728.22998
GOOGL,2020-12-24,86.44999694824219,87.12049865722656,86.21749877929688,86.70800018310547,85.94589233398438,9312000,,,20.0,1728.999939,1742.409973,1724.349976,1734.160004
GOOGL,2020-12-28,87.24549865722656,89.3499984741211,87.09100341796875,88.697998046875,87.91839599609375,27650000,,,20.0,1744.909973,1786.999969,1741.820068,1773.959961
GOOGL,2020-12-29,89.36150360107422,89.42350006103516,87.75550079345703,87.88800048828125,87.11552429199219,19726000,,,20.0,1787.230072,1788.470001,1755.110016,1757.76001
GOOGL,2020-12-30,88.25,88.38800048828125,86.4000015258789,86.8125,86.04948425292969,21026000,,,20.0,1765.0,1767.76001,1728.000031,1736.25
GOOGL,2020-12-31,86.8635025024414,87.875,86.80449676513672,87.63200378417969,86.86178588867188,21070000,,,20.0,1737.27005,1757.5,1736.089935,1752.640076
GOOGL,2021-01-04,88.0,88.12449645996094,85.35700225830078,86.30650329589844,85.54793548583984,37324000,,,20.0,1760.0,1762.489929,1707.140045,1726.130066
GOOGL,2021-01-05,86.25450134277344,87.34149932861328,85.84500122070312,87.00250244140625,86.2378158569336,20360000,,,20.0,1725.090027,1746.829987,1716.900024,1740.050049
GOOGL,2021-01-06,85.01300048828125,87.19850158691406,84.80500030517578,86.14399719238281,85.38684844970703,46588000,,,20.0,1700.26001,1743.970032,1696.100006,1722.879944
GOOGL,2021-01-07,86.33799743652344,88.89099884033203,86.33799743652344,88.71700286865234,87.937255859375,41936000,,,20.0,1726.759949,1777.819977,1726.759949,1774.340057
GOOGL,2021-01-08,88.85800170898438,89.96800231933594,88.06099700927734,89.8915023803711,89.1014175415039,35484000,,,20.0,1777.160034,1799.360046,1761.21994,1797.830048
GOOGL,2021-01-11,88.85099792480469,89.21900177001953,87.60700225830078,87.81449890136719,87.04267883300781,34796000,,,20.0,1777.019958,1784.380035,1752.140045,1756.289978
GOOGL,2021-01-12,87.26799774169922,88.3949966430664,85.81900024414062,86.87149810791016,86.10797119140625,29528000,,,20.0,1745.359955,1767.899933,1716.380005,1737.429962
GOOGL,2021-01-13,86.36599731445312,87.81950378417969,86.36599731445312,87.36250305175781,86.59465026855469,23432000,,,20.0,1727.319946,1756.390076,1727.319946,1747.250061
GOOGL,2021-01-14,87.44349670410156,88.37750244140625,86.30349731445312,86.5459976196289,85.78532409667969,29212000,,,20.0,1748.869934,1767.550049,1726.069946,1730.919952
GOOGL,2021-01-15,86.45099639892578,87.38099670410156,85.58550262451172,86.38099670410156,85.62178039550781,31444000,,,20.0,1729.019928,1747.619934,1711.710052,1727.619934
GOOGL,2021-01-19,87.1500015258789,90.19200134277344,86.6415023803711,89.22350311279297,88.43928527832031,41660000,,,20.0,1743.000031,1803.840027,1732.830048,1784.470062
GOOGL,2021-01-20,91.31849670410156,94.98600006103516,90.97550201416016,94.00350189208984,93.17728424072266,64152000,,,20.0,1826.369934,1899.720001,1819.51004,1880.070038
GOOGL,2021-01-21,94.68250274658203,96.60399627685547,93.97049713134766,94.2074966430664,93.37947082519531,58634000,,,20.0,1893.650055,1932.079926,1879.409943,1884.149933
GOOGL,2021-01-22,94.572998046875,95.21949768066406,93.82499694824219,94.62799835205078,93.7962875366211,32744000,,,20.0,1891.459961,1904.389954,1876.499939,1892.559967
GOOGL,2021-01-25,95.63700103759766,96.09100341796875,92.95800018310547,94.71399688720703,93.88153076171875,50586000,,,20.0,1912.740021,1921.820068,1859.160004,1894.279938
GOOGL,2021-01-26,94.29949951171875,95.7874984741211,93.80650329589844,95.39749908447266,94.55902862548828,31462000,,,20.0,1885.98999,1915.749969,1876.130066,1907.949982
GOOGL,2021-01-27,93.74549865722656,94.02349853515625,89.86399841308594,90.9469985961914,90.14763641357422,82512000,,,20.0,1874.909973,1880.469971,1797.279968,1818.939972
GOOGL,2021-01-28,91.55000305175781,94.39949798583984,91.55000305175781,92.66000366210938,91.84558868408203,55278000,,,20.0,1831.000061,1887.98996,1831.000061,1853.200073
GOOGL,2021-01-29,91.70099639892578,92.37699890136719,90.0780029296875,91.36799621582031,90.56494140625,44530000,,,20.0,1834.019928,1847.539978,1801.560059,1827.359924
GOOGL,2021-02-01,92.22949981689453,95.7770004272461,92.22949981689453,94.65350341796875,93.82157897949219,40252000,,,20.0,1844.589996,1915.540009,1844.589996,1893.070068
GOOGL,2021-02-02,95.65650177001953,97.46849822998047,95.31849670410156,95.95600128173828,95.11262512207031,66332000,,,20.0,1913.130035,1949.369965,1906.369934,1919.120026
GOOGL,2021-02-03,103.28050231933594,105.33100128173828,100.67749786376953,102.94400024414062,102.03919219970703,97882000,,,20.0,2065.610046,2106.620026,2013.549957,2058.880005
GOOGL,2021-02-04,103.03099822998047,103.46499633789062,101.75499725341797,102.68150329589844,101.77899932861328,48596000,,,20.0,2060.619965,2069.299927,2035.099945,2053.630066
GOOGL,2021-02-05,102.97799682617188,104.7969970703125,102.5,104.44149780273438,103.52352905273438,29866000,,,20.0,2059.559937,2095.939941,2050.0,2088.829956
GOOGL,2021-02-08,105.0,105.75,103.1675033569336,104.22599792480469,103.30992126464844,28828000,,,20.0,2100.0,2115.0,2063.350067,2084.519958
GOOGL,2021-02-09,103.73999786376953,104.92549896240234,103.5,103.76950073242188,102.85742950439453,21892000,,,20.0,2074.799957,2098.509979,2070.0,2075.390015
GOOGL,2021-02-10,104.15699768066406,104.94400024414062,102.61199951171875,104.3239974975586,103.40705871582031,25102000,,,20.0,2083.139954,2098.880005,2052.23999,2086.47995
GOOGL,2021-02-11,104.55000305175781,104.69999694824219,103.44300079345703,104.4375,103.51956939697266,20480000,,,20.0,2091.000061,2093.999939,2068.860016,2088.75
GOOGL,2021-02-12,103.9885025024414,104.9749984741211,103.67849731445312,104.75150299072266,103.83081817626953,18990000,,,20.0,2079.77005,2099.499969,2073.569946,2095.03006
GOOGL,2021-02-16,104.5875015258789,107.25700378417969,104.5875015258789,105.53500366210938,104.60741424560547,31004000,,,20.0,2091.750031,2145.140076,2091.750031,2110.700073
GOOGL,2021-02-17,104.6989974975586,106.12200164794922,104.4175033569336,105.93099975585938,104.99993896484375,20294000,,,20.0,2093.97995,2122.440033,2088.350067,2118.619995
GOOGL,2021-02-18,105.25,106.09950256347656,104.66649627685547,105.29049682617188,104.36506652832031,22546000,,,20.0,2105.0,2121.990051,2093.329926,2105.809937
GOOGL,2021-02-19,105.3895034790039,105.92900085449219,104.17150115966797,104.44049835205078,103.52253723144531,37938000,,,20.0,2107.79007,2118.580017,2083.430023,2088.809967
GOOGL,2021-02-22,102.68000030517578,104.0165023803711,102.4000015258789,102.71299743652344,101.81022644042969,29466000,,,20.0,2053.600006,2080.330048,2048.000031,2054.259949
GOOGL,2021-02-23,100.69950103759766,103.625,99.5114974975586,103.00599670410156,102.10064697265625,34658000,,,20.0,2013.990021,2072.5,1990.22995,2060.119934
GOOGL,2021-02-24,101.50199890136719,104.41600036621094,101.37650299072266,104.19049835205078,103.27473449707031,22608000,,,20.0,2030.039978,2088.320007,2027.53006,2083.809967
GOOGL,2021-02-25,102.79650115966797,104.1500015258789,100.32450103759766,100.79750061035156,99.91156005859375,41548000,,,20.0,2055.930023,2083.000031,2006.490021,2015.950012
GOOGL,2021-02-26,101.49749755859375,102.82599639892578,100.05049896240234,101.09549713134766,100.20694732666016,40042000,,,20.0,2029.949951,2056.519928,2001.009979,2021.909943
GOOGL,2021-03-01,102.4000015258789,103.8115005493164,101.72100067138672,103.48300170898438,102.57347106933594,26060000,,,20.0,2048.000031,2076.230011,2034.420013,2069.660034
GOOGL,2021-03-02,103.24199676513672,104.73699951171875,102.83350372314453,103.2239990234375,102.31674194335938,25564000,,,20.0,2064.839935,2094.73999,2056.670074,2064.47998
GOOGL,2021-03-03,102.59750366210938,103.79949951171875,99.69999694824219,100.57050323486328,99.68656921386719,33892000,,,20.0,2051.950073,2075.98999,1993.999939,2011.410065
GOOGL,2021-03-04,100.74349975585938,103.72949981689453,100.27149963378906,101.69650268554688,100.80265808105469,49216000,,,20.0,2014.869995,2074.589996,2005.429993,2033.930054
GOOGL,2021-03-05,103.05750274658203,105.30999755859375,101.38899993896484,104.85350036621094,103.9319076538086,53100000,,,20.0,2061.150055,2106.199951,2027.779999,2097.070007
GOOGL,2021-03-08,104.2030029296875,105.68699645996094,100.2594985961914,100.375,99.4927749633789,36868000,,,20.0,2084.060059,2113.739929,2005.189972,2007.5
GOOGL,2021-03-09,102.48750305175781,103.19599914550781,101.77999877929688,102.01799774169922,101.121337890625,33920000,,,20.0,2049.750061,2063.919983,2035.599976,2040.359955
GOOGL,2021-03-10,103.06999969482422,103.06999969482422,100.96649932861328,101.80950164794922,100.9146728515625,27100000,,,20.0,2061.399994,2061.399994,2019.329987,2036.190033
GOOGL,2021-03-11,102.91100311279297,105.5634994506836,102.82250213623047,105.0270004272461,104.1038818359375,27702000,,,20.0,2058.220062,2111.269989,2056.450043,2100.540009
GOOGL,2021-03-12,103.82050323486328,103.88050079345703,101.62100219726562,102.5,101.5990982055664,33818000,,,20.0,2076.410065,2077.610016,2032.420044,2050.0
GOOGL,2021-03-15,102.2490005493164,102.74949645996094,101.3895034790039,102.72200012207031,101.81915283203125,26168000,,,20.0,2044.980011,2054.989929,2027.79007,2054.440002
GOOGL,2021-03-16,103.29949951171875,105.68399810791016,102.9645004272461,104.19450378417969,103.27870178222656,31900000,,,20.0,2065.98999,2113.679962,2059.290009,2083.890076
GOOGL,2021-03-17,103.42350006103516,104.94999694824219,102.20600128173828,104.11100006103516,103.19593811035156,26382000,,,20.0,2068.470001,2098.999939,2044.120026,2082.220001
GOOGL,2021-03-18,102.40899658203125,103.4375,100.95899963378906,101.06700134277344,100.17869567871094,31700000,,,20.0,2048.179932,2068.75,2019.179993,2021.340027
GOOGL,2021-03-19,101.48650360107422,101.85199737548828,100.14649963378906,101.3479995727539,100.45721435546875,46072000,,,20.0,2029.730072,2037.039948,2002.929993,2026.959991
GOOGL,2021-03-22,101.38150024414062,102.41699981689453,100.69999694824219,101.53450012207031,100.64208221435547,33536000,,,20.0,2027.630005,2048.339996,2013.999939,2030.690002
GOOGL,2021-03-23,101.99749755859375,103.20549774169922,101.4000015258789,102.06649780273438,101.1694107055664,28510000,,,20.0,2039.949951,2064.109955,2028.000031,2041.329956
GOOGL,2021-03-24,102.58799743652344,103.37999725341797,101.44999694824219,101.62650299072266,100.7332763671875,25218000,,,20.0,2051.759949,2067.599945,2028.999939,2032.53006
GOOGL,2021-03-25,101.45249938964844,102.28199768066406,99.80449676513672,101.62300109863281,100.72981262207031,35616000,,,20.0,2029.049988,2045.639954,1996.089935,2032.460022
GOOGL,2021-03-26,101.5895004272461,101.96949768066406,100.19249725341797,101.23650360107422,100.34671783447266,27978000,,,20.0,2031.790009,2039.389954,2003.849945,2024.730072
GOOGL,2021-03-29,101.10800170898438,102.46050262451172,100.27249908447266,102.28949737548828,101.39045715332031,26492000,,,20.0,2022.160034,2049.210052,2005.449982,2045.789948
GOOGL,2021-03-30,102.64900207519531,103.13349914550781,101.80750274658203,102.32350158691406,101.42414855957031,27312000,,,20.0,2052.980042,2062.669983,2036.150055,2046.470032
GOOGL,2021-03-31,102.72000122070312,104.31300354003906,102.3499984741211,103.1259994506836,102.21957397460938,42570000,,,20.0,2054.400024,2086.260071,2046.999969,2062.519989
GOOGL,2021-04-01,104.61250305175781,106.7874984741211,104.57150268554688,106.48899841308594,105.55302429199219,39880000,,,20.0,2092.250061,2135.749969,2091.430054,2129.779968
GOOGL,2021-04-05,107.35749816894531,111.44950103759766,107.260498046875,110.947998046875,109.97283935546875,48510000,,,20.0,2147.149963,2228.990021,2145.209961,2218.959961
GOOGL,2021-04-06,110.5459976196289,111.4000015258789,110.0895004272461,110.46299743652344,109.49210357666016,35240000,,,20.0,2210.919952,2228.000031,2201.790009,2209.259949
GOOGL,2021-04-07,110.65499877929688,112.2249984741211,110.65499877929688,111.95149993896484,110.967529296875,24134000,,,20.0,2213.099976,2244.499969,2213.099976,2239.029999
GOOGL,2021-04-08,113.19999694824219,113.5895004272461,112.15049743652344,112.52149963378906,111.53251647949219,28664000,,,20.0,2263.999939,2271.790009,2243.009949,2250.429993
GOOGL,2021-04-09,112.27200317382812,113.69850158691406,111.86299896240234,113.53350067138672,112.5356216430664,26146000,,,20.0,2245.440063,2273.970032,2237.259979,2270.670013
GOOGL,2021-04-12,112.70600128173828,112.84449768066406,111.39099884033203,112.23100280761719,111.24458312988281,25024000,,,20.0,2254.120026,2256.889954,2227.819977,2244.620056
GOOGL,2021-04-13,112.54949951171875,113.17350006103516,112.15249633789062,112.72149658203125,111.73075866699219,25682000,,,20.0,2250.98999,2263.470001,2243.049927,2254.429932
GOOGL,2021-04-14,113.37149810791016,113.37149810791016,111.8010025024414,112.09549713134766,111.1102523803711,21002000,,,20.0,2267.429962,2267.429962,2236.02005,2241.909943
GOOGL,2021-04-15,113.09750366210938,114.80000305175781,112.55850219726562,114.26249694824219,113.25820922851562,29174000,,,20.0,2261.950073,2296.000061,2251.170044,2285.249939
GOOGL,2021-04-16,114.46199798583984,114.71199798583984,113.5459976196289,114.13749694824219,113.13430786132812,26282000,,,20.0,2289.23996,2294.23996,2270.919952,2282.749939
GOOGL,2021-04-19,113.50900268554688,115.20449829101562,113.50900268554688,114.48799896240234,113.48172760009766,30290000,,,20.0,2270.180054,2304.089966,2270.180054,2289.759979
GOOGL,2021-04-20,114.87449645996094,114.94999694824219,112.85600280761719,113.95050048828125,112.94894409179688,22288000,,,20.0,2297.489929,2298.999939,2257.120056,2279.01001
GOOGL,2021-04-21,113.60250091552734,114.0,112.24099731445312,113.9175033569336,112.91624450683594,23204000,,,20.0,2272.050018,2280.0,2244.819946,2278.350067
GOOGL,2021-04-22,113.7699966430664,114.44400024414062,112.01599884033203,112.6259994506836,111.63609313964844,24146000,,,20.0,2275.399933,2288.880005,2240.319977,2252.519989
GOOGL,2021-04-23,113.3499984741211,115.30599975585938,113.0625,114.99649810791016,113.98576354980469,29066000,,,20.0,2266.999969,2306.119995,2261.25,2299.929962
GOOGL,2021-04-26,115.22599792480469,116.22650146484375,114.86599731445312,115.49649810791016,114.48136901855469,32038000,,,20.0,2304.519958,2324.530029,2297.319946,2309.929962
GOOGL,2021-04-27,115.88150024414062,115.92250061035156,114.30799865722656,114.54900360107422,113.54219818115234,44386000,,,20.0,2317.630005,2318.450012,2286.159973,2290.980072
GOOGL,2021-04-28,119.625,121.56900024414062,117.66100311279297,117.9520034790039,116.91529846191406,81106000,,,20.0,2392.5,2431.380005,2353.220062,2359.04007
GOOGL,2021-04-29,119.46150207519531,120.20800018310547,118.69249725341797,119.63800048828125,118.58647918701172,41234000,,,20.0,2389.230042,2404.160004,2373.849945,2392.76001
GOOGL,2021-04-30,118.4010009765625,119.09249877929688,117.3280029296875,117.67500305175781,116.64071655273438,44856000,,,20.0,2368.02002,2381.849976,2346.560059,2353.500061
GOOGL,2021-05-03,118.24549865722656,119.07749938964844,116.7750015258789,117.15399932861328,116.12431335449219,28242000,,,20.0,2364.909973,2381.549988,2335.500031,2343.079987
GOOGL,2021-05-04,115.67749786376953,116.24949645996094,112.83399963378906,115.34149932861328,114.32772827148438,44818000,,,20.0,2313.549957,2324.989929,2256.679993,2306.829987
GOOGL,2021-05-05,116.43150329589844,116.75,115.41400146484375,115.7385025024414,114.72124481201172,26636000,,,20.0,2328.630066,2335.0,2308.280029,2314.77005
GOOGL,2021-05-06,115.31649780273438,116.86750030517578,114.6520004272461,116.86750030517578,115.84031677246094,25190000,,,20.0,2306.329956,2337.350006,2293.040009,2337.350006
GOOGL,2021-05-07,118.19450378417969,118.5625,117.30799865722656,117.59649658203125,116.56290435791016,28898000,,,20.0,2363.890076,2371.25,2346.159973,2351.929932
GOOGL,2021-05-10,116.40699768066406,116.55000305175781,114.22699737548828,114.5875015258789,113.58037567138672,30914000,,,20.0,2328.139954,2331.000061,2284.539948,2291.750031
GOOGL,2021-05-11,112.15350341796875,114.01399993896484,111.69599914550781,113.50299835205078,112.50538635253906,34186000,,,20.0,2243.070068,2280.279999,2233.919983,2270.059967
GOOGL,2021-05-12,111.30950164794922,112.39900207519531,109.68099975585938,110.01249694824219,109.04557800292969,46376000,,,20.0,2226.190033,2247.980042,2193.619995,2200.249939
GOOGL,2021-05-13,111.30599975585938,111.97200012207031,110.33599853515625,111.4520034790039,110.47241973876953,33204000,,,20.0,2226.119995,2239.440002,2206.719971,2229.04007
GOOGL,2021-05-14,112.927001953125,114.23600006103516,112.5,113.91899871826172,112.91773223876953,31996000,,,20.0,2258.540039,2284.720001,2250.0,2278.379974
GOOGL,2021-05-17,113.17849731445312,114.48899841308594,112.77549743652344,114.44599914550781,113.44010162353516,21598000,,,20.0,2263.569946,2289.779968,2255.509949,2288.919983
GOOGL,2021-05-18,115.11750030517578,115.38400268554688,113.1094970703125,113.12349700927734,112.12921905517578,22204000,,,20.0,2302.350006,2307.680054,2262.189941,2262.46994
GOOGL,2021-05-19,111.42150115966797,113.74949645996094,111.27200317382812,113.57499694824219,112.57675170898438,23684000,,,20.0,2228.430023,2274.989929,2225.440063,2271.499939
GOOGL,2021-05-20,114.55000305175781,115.5999984741211,114.1760025024414,115.34750366210938,114.33368682861328,32352000,,,20.0,2291.000061,2311.999969,2283.52005,2306.950073
GOOGL,2021-05-21,115.87049865722656,115.94450378417969,114.46499633789062,114.70649719238281,113.69831085205078,40632000,,,20.0,2317.409973,2318.890076,2289.299927,2294.129944
GOOGL,2021-05-24,115.74449920654297,118.27749633789062,115.5979995727539,118.052001953125,117.01441192626953,31832000,,,20.0,2314.889984,2365.549927,2311.959991,2361.040039
GOOGL,2021-05-25,118.5999984741211,119.19999694824219,117.75,118.14350128173828,117.1051025390625,22440000,,,20.0,2371.999969,2383.999939,2355.0,2362.870026
GOOGL,2021-05-26,118.32599639892578,119.44950103759766,118.322998046875,119.0155029296875,117.96944427490234,21572000,,,20.0,2366.519928,2388.990021,2366.459961,2380.310059
GOOGL,2021-05-27,119.45249938964844,119.45249938964844,117.81300354003906,118.13400268554688,117.09569549560547,35224000,,,20.0,2389.049988,2389.049988,2356.260071,2362.680054
GOOGL,2021-05-28,118.72100067138672,118.80349731445312,117.64250183105469,117.84249877929688,116.8067398071289,21482000,,,20.0,2374.420013,2376.069946,2352.850037,2356.849976
GOOGL,2021-06-01,118.72200012207031,119.2854995727539,117.71399688720703,119.05899810791016,118.01254272460938,23354000,,,20.0,2374.440002,2385.709991,2354.279938,2381.179962
GOOGL,2021-06-02,119.4574966430664,119.68199920654297,117.61799621582031,118.52950286865234,117.48770141601562,21158000,,,20.0,2389.149933,2393.639984,2352.359924,2370.590057
GOOGL,2021-06-03,117.2864990234375,117.85099792480469,116.47599792480469,117.37899780273438,116.3473129272461,18696000,,,20.0,2345.72998,2357.019958,2329.519958,2347.579956
GOOGL,2021-06-04,118.4635009765625,119.95149993896484,118.12049865722656,119.67849731445312,118.6266098022461,24458000,,,20.0,2369.27002,2399.029999,2362.409973,2393.569946
GOOGL,2021-06-07,119.47200012207031,120.22550201416016,119.05000305175781,120.11499786376953,119.05926513671875,24120000,,,20.0,2389.440002,2404.51004,2381.000061,2402.299957
GOOGL,2021-06-08,120.60050201416016,120.97599792480469,119.73899841308594,119.9219970703125,118.86796569824219,24240000,,,20.0,2412.01004,2419.519958,2394.779968,2398.439941
GOOGL,2021-06-09,120.57150268554688,120.64399719238281,119.84500122070312,120.39700317382812,119.33879089355469,17942000,,,20.0,2411.430054,2412.879944,2396.900024,2407.940063
GOOGL,2021-06-10,120.34600067138672,121.80000305175781,120.18900299072266,121.75650024414062,120.68635559082031,25904000,,,20.0,2406.920013,2436.000061,2403.78006,2435.130005
GOOGL,2021-06-11,122.0,122.08599853515625,120.947998046875,121.51000213623047,120.44200897216797,21958000,,,20.0,2440.0,2441.719971,2418.959961,2430.200043
GOOGL,2021-06-14,121.61299896240234,122.44599914550781,120.9000015258789,122.44550323486328,121.36929321289062,22098000,,,20.0,2432.259979,2448.919983,2418.000031,2448.910065
GOOGL,2021-06-15,122.44999694824219,122.77549743652344,121.05599975585938,121.41950225830078,120.3523178100586,21562000,,,20.0,2448.999939,2455.509949,2421.119995,2428.390045
GOOGL,2021-06-16,121.5719985961914,121.88600158691406,119.47000122070312,120.77249908447266,119.71099090576172,26472000,,,20.0,2431.439972,2437.720032,2389.400024,2415.449982
GOOGL,2021-06-17,120.69750213623047,122.52249908447266,120.5,121.74349975585938,120.67346954345703,25842000,,,20.0,2413.950043,2450.449982,2410.0,2434.869995
GOOGL,2021-06-18,121.36699676513672,121.60299682617188,120.01499938964844,120.11100006103516,119.0552978515625,46116000,,,20.0,2427.339935,2432.059937,2400.299988,2402.220001
GOOGL,2021-06-21,120.50050354003906,122.0,119.89849853515625,121.8125,120.74185943603516,27414000,,,20.0,2410.010071,2440.0,2397.969971,2436.25
GOOGL,2021-06-22,121.75,122.4000015258789,121.06400299072266,122.33049774169922,121.25530242919922,22390000,,,20.0,2435.0,2448.000031,2421.28006,2446.609955
GOOGL,2021-06-23,122.09349822998047,123.09549713134766,121.83450317382812,122.12699890136719,121.05358123779297,19148000,,,20.0,2441.869965,2461.909943,2436.690063,2442.539978
GOOGL,2021-06-24,122.69999694824219,123.05549621582031,122.30000305175781,122.5,121.42330932617188,21362000,,,20.0,2453.999939,2461.109924,2446.000061,2450.0
GOOGL,2021-06-25,122.0,122.63300323486328,121.56500244140625,122.50849914550781,121.43172454833984,34594000,,,20.0,2440.0,2452.660065,2431.300049,2450.169983
GOOGL,2021-06-28,122.67849731445312,122.78500366210938,121.40550231933594,122.53600311279297,121.45899963378906,28526000,,,20.0,2453.569946,2455.700073,2428.110046,2450.720062
GOOGL,2021-06-29,122.67050170898438,123.02100372314453,121.69100189208984,122.27249908447266,121.19781494140625,23108000,,,20.0,2453.410034,2460.420074,2433.820038,2445.449982
GOOGL,2021-06-30,121.99449920654297,122.25700378417969,121.35449981689453,122.0895004272461,121.01642608642578,24474000,,,20.0,2439.889984,2445.140076,2427.089996,2441.790009
GOOGL,2021-07-01,121.7249984741211,122.58699798583984,121.53150177001953,122.44450378417969,121.36830139160156,18110000,,,20.0,2434.499969,2451.73996,2430.630035,2448.890076
GOOGL,2021-07-02,123.1500015258789,125.40399932861328,123.05950164794922,125.25749969482422,124.15657806396484,25982000,,,20.0,2463.000031,2508.079987,2461.190033,2505.149994
GOOGL,2021-07-06,125.64849853515625,126.4280014038086,124.5824966430664,126.19000244140625,125.08088684082031,26404000,,,20.0,2512.969971,2528.560028,2491.649933,2523.800049
GOOGL,2021-07-07,127.16200256347656,127.28399658203125,126.15299987792969,126.4739990234375,125.36239624023438,24060000,,,20.0,2543.240051,2545.679932,2523.059998,2529.47998
GOOGL,2021-07-08,124.0260009765625,125.59549713134766,124.02200317382812,125.04399871826172,123.94495391845703,23790000,,,20.0,2480.52002,2511.909943,2480.440063,2500.879974
GOOGL,2021-07-09,125.0250015258789,125.7344970703125,124.55149841308594,125.51850128173828,124.41527557373047,18632000,,,20.0,2500.500031,2514.689941,2491.029968,2510.370026
GOOGL,2021-07-12,126.1780014038086,127.06950378417969,125.61100006103516,126.97550201416016,125.85948181152344,17668000,,,20.0,2523.560028,2541.390076,2512.220001,2539.51004
GOOGL,2021-07-13,127.03849792480469,128.0574951171875,126.67449951171875,127.34149932861328,126.22225952148438,19240000,,,20.0,2540.769958,2561.149902,2533.48999,2546.829987
GOOGL,2021-07-14,127.95800018310547,129.32650756835938,127.91449737548828,128.23699951171875,127.10989379882812,23742000,,,20.0,2559.160004,2586.530151,2558.289948,2564.73999
GOOGL,2021-07-15,128.6490020751953,128.6999969482422,126.52999877929688,127.00499725341797,125.88871002197266,24218000,,,20.0,2572.980042,2573.999939,2530.599976,2540.099945
GOOGL,2021-07-16,127.66300201416016,127.8115005493164,126.15350341796875,126.97000122070312,125.85403442382812,20424000,,,20.0,2553.26004,2556.230011,2523.070068,2539.400024
GOOGL,2021-07-19,126.0895004272461,126.20500183105469,123.50499725341797,124.5780029296875,123.48304748535156,27968000,,,20.0,2521.790009,2524.100037,2470.099945,2491.560059
GOOGL,2021-07-20,125.52749633789062,127.04299926757812,124.35050201416016,126.20950317382812,125.10021209716797,26312000,,,20.0,2510.549927,2540.859985,2487.01004,2524.190063
GOOGL,2021-07-21,126.13349914550781,127.59600067138672,126.02349853515625,127.54900360107422,126.42794036865234,20746000,,,20.0,2522.669983,2551.920013,2520.469971,2550.980072
GOOGL,2021-07-22,127.84400177001953,128.48300170898438,127.4990005493164,128.42149353027344,127.29277038574219,14302000,,,20.0,2556.880035,2569.660034,2549.980011,2568.429871
GOOGL,2021-07-23,130.4304962158203,133.3990020751953,129.80050659179688,133.01499938964844,131.8458709716797,41506000,,,20.0,2608.609924,2667.980042,2596.010132,2660.299988
GOOGL,2021-07-26,133.32850646972656,134.23699951171875,132.30149841308594,134.03500366210938,132.85693359375,30572000,,,20.0,2666.570129,2684.73999,2646.029968,2680.700073
GOOGL,2021-07-27,134.25050354003906,134.3990020751953,130.10400390625,131.89999389648438,130.74069213867188,54710000,,,20.0,2685.010071,2687.980042,2602.080078,2637.999878
GOOGL,2021-07-28,136.31199645996094,138.2969970703125,135.27749633789062,136.093994140625,134.89781188964844,95130000,,,20.0,2726.239929,2765.939941,2705.549927,2721.879883
GOOGL,2021-07-29,136.14999389648438,136.66099548339844,135.54299926757812,135.77749633789062,134.5841064453125,31716000,,,20.0,2722.999878,2733.21991,2710.859985,2715.549927
GOOGL,2021-07-30,135.03500366210938,135.30450439453125,134.2550048828125,134.72650146484375,133.54234313964844,25576000,,,20.0,2700.700073,2706.090088,2685.100098,2694.530029
GOOGL,2021-08-02,135.11700439453125,135.3365020751953,133.79400634765625,134.85450744628906,133.66925048828125,21634000,,,20.0,2702.340088,2706.730042,2675.880127,2697.090149
GOOGL,2021-08-03,135.13499450683594,135.73199462890625,133.3195037841797,135.6300048828125,134.43792724609375,20762000,,,20.0,2702.69989,2714.639893,2666.390076,2712.600098
GOOGL,2021-08-04,135.34950256347656,135.64950561523438,134.48699951171875,135.12550354003906,133.93785095214844,19676000,,,20.0,2706.990051,2712.990112,2689.73999,2702.510071
GOOGL,2021-08-05,135.6804962158203,136.35000610351562,134.8459930419922,136.25149536132812,135.05393981933594,17870000,,,20.0,2713.609924,2727.000122,2696.919861,2725.029907
GOOGL,2021-08-06,136.04200744628906,136.47250366210938,135.2100067138672,135.73849487304688,134.54544067382812,20488000,,,20.0,2720.840149,2729.450073,2704.200134,2714.769897
GOOGL,2021-08-09,135.9425048828125,137.1840057373047,135.33949279785156,136.91299438476562,135.70962524414062,17760000,,,20.0,2718.850098,2743.680115,2706.789856,2738.259888
GOOGL,2021-08-10,137.3419952392578,137.7725067138672,136.364501953125,136.8070068359375,135.60458374023438,19414000,,,20.0,2746.839905,2755.450134,2727.290039,2736.140137
GOOGL,2021-08-11,137.18150329589844,137.6824951171875,136.27149963378906,136.2790069580078,135.08119201660156,15352000,,,20.0,2743.630066,2753.649902,2725.429993,2725.580139
GOOGL,2021-08-12,135.97549438476562,137.3000030517578,135.42550659179688,137.19400024414062,135.9881591796875,16506000,,,20.0,2719.509888,2746.000061,2708.510132,2743.880005
GOOGL,2021-08-13,137.25,137.85650634765625,137.0330047607422,137.7274932861328,136.5169677734375,15948000,,,20.0,2745.0,2757.130127,2740.660095,2754.549866
GOOGL,2021-08-16,137.52499389648438,138.3625030517578,135.2989959716797,138.3094940185547,137.09384155273438,22384000,,,20.0,2750.499878,2767.250061,2705.979919,2766.18988
GOOGL,2021-08-17,137.75,138.2655029296875,136.08200073242188,136.6614990234375,135.46034240722656,21716000,,,20.0,2755.0,2765.310059,2721.640015,2733.22998
GOOGL,2021-08-18,136.5,137.10450744628906,135.32150268554688,135.44900512695312,134.2584991455078,19258000,,,20.0,2730.0,2742.090149,2706.430054,2708.980103
GOOGL,2021-08-19,134.4355010986328,136.3524932861328,134.25,135.67999267578125,134.4874725341797,21782000,,,20.0,2688.710022,2727.049866,2685.0,2713.599854
GOOGL,2021-08-20,136.0,137.5540008544922,135.25,137.42950439453125,136.2216033935547,31194000,,,20.0,2720.0,2751.080017,2705.0,2748.590088
GOOGL,2021-08-23,137.96949768066406,140.87449645996094,137.6074981689453,140.04150390625,138.81063842773438,28454000,,,20.0,2759.389954,2817.489929,2752.149963,2800.830078
GOOGL,2021-08-24,140.6114959716797,142.0800018310547,140.3385009765625,141.26150512695312,140.01992797851562,19268000,,,20.0,2812.229919,2841.600037,2806.77002,2825.230103
GOOGL,2021-08-25,141.625,142.1894989013672,141.37600708007812,142.07899475097656,140.83023071289062,15848000,,,20.0,2832.5,2843.789978,2827.520142,2841.579895
GOOGL,2021-08-26,141.75,142.41749572753906,141.35699462890625,141.4405059814453,140.19732666015625,20610000,,,20.0,2835.0,2848.349915,2827.139893,2828.81012
GOOGL,2021-08-27,141.65249633789062,144.5124969482422,141.4969940185547,144.00399780273438,142.73834228515625,28780000,,,20.0,2833.049927,2890.249939,2829.93988,2880.079956
GOOGL,2021-08-30,144.39999389648438,145.9705047607422,144.16299438476562,144.5904998779297,143.3196563720703,24434000,,,20.0,2887.999878,2919.410095,2883.259888,2891.809998
GOOGL,2021-08-31,145.14700317382812,145.17149353027344,144.281005859375,144.69749450683594,143.42572021484375,22448000,,,20.0,2902.940063,2903.429871,2885.620117,2893.94989
GOOGL,2021-09-01,145.0,146.25399780273438,144.8834991455078,145.2154998779297,143.9391632080078,21936000,,,20.0,2900.0,2925.079956,2897.669983,2904.309998
GOOGL,2021-09-02,145.21600341796875,145.51950073242188,143.18499755859375,143.28700256347656,142.027587890625,32342000,,,20.0,2904.320068,2910.390015,2863.699951,2865.740051
GOOGL,2021-09-03,143.08050537109375,144.15499877929688,142.40049743652344,143.739501953125,142.4761199951172,19850000,,,20.0,2861.610107,2883.099976,2848.009949,2874.790039
GOOGL,2021-09-07,143.83450317382812,144.56500244140625,143.61900329589844,144.28050231933594,143.01239013671875,20124000,,,20.0,2876.690063,2891.300049,2872.380066,2885.610046
GOOGL,2021-09-08,144.10000610351562,144.39999389648438,143.0,143.6909942626953,142.42807006835938,18344000,,,20.0,2882.000122,2887.999878,2860.0,2873.819885
GOOGL,2021-09-09,143.8404998779297,144.3105010986328,143.17750549316406,143.54100036621094,142.27938842773438,15314000,,,20.0,2876.809998,2886.210022,2863.55011,2870.820007
GOOGL,2021-09-10,144.21249389648438,144.718505859375,140.73800659179688,140.87600708007812,139.6378173828125,36840000,,,20.0,2884.249878,2894.370117,2814.760132,2817.520142
GOOGL,2021-09-13,141.94949340820312,142.9499969482422,141.25,142.33250427246094,141.0814971923828,22094000,,,20.0,2838.989868,2858.999939,2825.0,2846.650085
GOOGL,2021-09-14,142.99549865722656,143.36300659179688,141.75,142.54449462890625,141.2916259765625,19674000,,,20.0,2859.909973,2867.260132,2835.0,2850.889893
GOOGL,2021-09-15,142.77149963378906,144.45050048828125,141.34750366210938,144.42950439453125,143.1600799560547,27408000,,,20.0,2855.429993,2889.01001,2826.950073,2888.590088
GOOGL,2021-09-16,143.95050048828125,144.3000030517578,142.40150451660156,143.61000061035156,142.3477783203125,26190000,,,20.0,2879.01001,2886.000061,2848.03009,2872.200012
GOOGL,2021-09-17,143.03050231933594,143.4499969482422,140.47000122070312,140.8000030517578,139.56246948242188,53384000,,,20.0,2860.610046,2868.999939,2809.400024,2816.000061
GOOGL,2021-09-20,138.1614990234375,139.0,136.32200622558594,138.71949768066406,137.50025939941406,46518000,,,20.0,2763.22998,2780.0,2726.440125,2774.389954
GOOGL,2021-09-21,139.74949645996094,140.01150512695312,138.2779998779297,139.0330047607422,137.81100463867188,25332000,,,20.0,2794.989929,2800.230103,2765.559998,2780.660095
GOOGL,2021-09-22,139.3040008544922,140.88699340820312,138.55149841308594,140.2834930419922,139.05047607421875,25056000,,,20.0,2786.080017,2817.739868,2771.029968,2805.669861
GOOGL,2021-09-23,140.9875030517578,141.69650268554688,140.40150451660156,141.21600341796875,139.9748077392578,20952000,,,20.0,2819.750061,2833.930054,2808.03009,2824.320068
GOOGL,2021-09-24,140.5384979248047,142.33050537109375,140.24099731445312,142.21499633789062,140.96502685546875,22984000,,,20.0,2810.769958,2846.610107,2804.819946,2844.299927
GOOGL,2021-09-27,140.80450439453125,141.93850708007812,140.0675048828125,141.07200622558594,139.8320770263672,21882000,,,20.0,2816.090088,2838.770142,2801.350098,2821.440125
GOOGL,2021-09-28,138.65499877929688,139.09649658203125,135.36000061035156,135.8300018310547,134.6361541748047,45772000,,,20.0,2773.099976,2781.929932,2707.200012,2716.600037
GOOGL,2021-09-29,136.97999572753906,137.1510009765625,133.86500549316406,134.35350036621094,133.172607421875,30848000,,,20.0,2739.599915,2743.02002,2677.30011,2687.070007
GOOGL,2021-09-30,134.26150512695312,135.54249572753906,133.55599975585938,133.67599487304688,132.5010528564453,37996000,,,20.0,2685.230103,2710.849915,2671.119995,2673.519897
GOOGL,2021-10-01,134.44749450683594,136.91050720214844,134.072998046875,136.54299926757812,135.3428955078125,35360000,,,20.0,2688.94989,2738.210144,2681.459961,2730.859985
GOOGL,2021-10-04,135.9604949951172,135.9604949951172,131.0500030517578,133.6595001220703,132.48471069335938,51202000,,,20.0,2719.2099,2719.2099,2621.000061,2673.190002
GOOGL,2021-10-05,134.04100036621094,137.22450256347656,134.04100036621094,136.0229949951172,134.82745361328125,32404000,,,20.0,2680.820007,2744.490051,2680.820007,2720.4599
GOOGL,2021-10-06,134.75,137.75,134.5500030517578,137.56500244140625,136.3558807373047,24364000,,,20.0,2695.0,2755.0,2691.000061,2751.300049
GOOGL,2021-10-07,138.89199829101562,140.04200744628906,138.6510009765625,139.22500610351562,138.00131225585938,25110000,,,20.0,2777.839966,2800.840149,2773.02002,2784.500122
GOOGL,2021-10-08,139.57699584960938,140.33099365234375,139.21749877929688,139.78550720214844,138.556884765625,26526000,,,20.0,2791.539917,2806.619873,2784.349976,2795.710144
GOOGL,2021-10-11,139.29200744628906,140.71200561523438,138.85899353027344,138.91400146484375,137.69305419921875,17954000,,,20.0,2785.840149,2814.240112,2777.179871,2778.280029
GOOGL,2021-10-12,139.47999572753906,139.5070037841797,135.75999450683594,136.44900512695312,135.24972534179688,36332000,,,20.0,2789.599915,2790.140076,2715.19989,2728.980103
GOOGL,2021-10-13,137.40249633789062,138.0,136.5189971923828,137.58200073242188,136.37274169921875,19654000,,,20.0,2748.049927,2760.0,2730.379944,2751.640015
GOOGL,2021-10-14,139.4739990234375,141.33749389648438,138.8249969482422,141.1510009765625,139.91038513183594,31894000,,,20.0,2789.47998,2826.749878,2776.499939,2823.02002
GOOGL,2021-10-15,141.614501953125,141.71800231933594,140.7550048828125,141.3679962158203,140.12547302246094,30274000,,,20.0,2832.290039,2834.360046,2815.100098,2827.359924
GOOGL,2021-10-18,141.07650756835938,142.79600524902344,141.0695037841797,142.7779998779297,141.5230712890625,20396000,,,20.0,2821.530151,2855.920105,2821.390076,2855.559998
GOOGL,2021-10-19,143.3874969482422,143.66250610351562,142.60000610351562,143.23699951171875,141.97804260253906,20164000,,,20.0,2867.749939,2873.250122,2852.000122,2864.73999
GOOGL,2021-10-20,143.33799743652344,143.54600524902344,141.37649536132812,141.7689971923828,140.52294921875,23288000,,,20.0,2866.759949,2870.920105,2827.529907,2835.379944
GOOGL,2021-10-21,141.7689971923828,142.156005859375,140.5,141.88600158691406,140.63893127441406,26292000,,,20.0,2835.379944,2843.120117,2810.0,2837.720032
GOOGL,2021-10-22,139.14999389648438,140.58299255371094,136.05599975585938,137.56649780273438,136.3573760986328,50588000,,,20.0,2782.999878,2811.659851,2721.119995,2751.329956
GOOGL,2021-10-25,137.5500030517578,138.0,135.4239959716797,137.44700622558594,136.2389373779297,34412000,,,20.0,2751.000061,2760.0,2708.479919,2748.940125
GOOGL,2021-10-26,139.2635040283203,140.08299255371094,138.30450439453125,139.30850219726562,138.08409118652344,49236000,,,20.0,2785.270081,2801.659851,2766.090088,2786.170044
GOOGL,2021-10-27,139.40499877929688,148.64999389648438,139.40499877929688,146.21749877929688,144.93234252929688,85782000,,,20.0,2788.099976,2972.999878,2788.099976,2924.349976
GOOGL,2021-10-28,147.13450622558594,147.1580047607422,144.6269989013672,145.8489990234375,144.5670928955078,36206000,,,20.0,2942.690125,2943.160095,2892.539978,2916.97998
GOOGL,2021-10-29,145.0780029296875,148.24200439453125,144.64950561523438,148.04600524902344,146.7447967529297,43320000,,,20.0,2901.560059,2964.840088,2892.990112,2960.920105
GOOGL,2021-11-01,148.04600524902344,148.04600524902344,143.22549438476562,143.4969940185547,142.2357635498047,46924000,,,20.0,2960.920105,2960.920105,2864.509888,2869.93988
GOOGL,2021-11-02,144.57949829101562,146.60899353027344,144.3354949951172,145.4324951171875,144.15423583984375,33482000,,,20.0,2891.589966,2932.179871,2886.7099,2908.649902
GOOGL,2021-11-03,145.90049743652344,146.66900634765625,144.59100341796875,146.59800720214844,145.30955505371094,27494000,,,20.0,2918.009949,2933.380127,2891.820068,2931.960144
GOOGL,2021-11-04,147.12449645996094,149.73350524902344,146.30799865722656,148.2675018310547,146.96434020996094,38412000,,,20.0,2942.489929,2994.670105,2926.159973,2965.350037
GOOGL,2021-11-05,149.16949462890625,150.32749938964844,148.19700622558594,148.8520050048828,147.543701171875,38354000,,,20.0,2983.389893,3006.549988,2963.940125,2977.0401
GOOGL,2021-11-08,149.8249969482422,150.61500549316406,148.4304962158203,149.031005859375,147.72113037109375,23052000,,,20.0,2996.499939,3012.30011,2968.609924,2980.620117
GOOGL,2021-11-09,149.23300170898438,149.83450317382812,147.2449951171875,148.9185028076172,147.609619140625,19530000,,,20.0,2984.660034,2996.690063,2944.899902,2978.370056
GOOGL,2021-11-10,147.5,148.07000732421875,144.53750610351562,145.89349365234375,144.61119079589844,29970000,,,20.0,2950.0,2961.400146,2890.750122,2917.869873
GOOGL,2021-11-11,146.489501953125,147.53550720214844,145.60049438476562,145.76649475097656,144.4853057861328,16518000,,,20.0,2929.790039,2950.710144,2912.009888,2915.329895
GOOGL,2021-11-12,146.61549377441406,148.85000610351562,145.41099548339844,148.67799377441406,147.3712158203125,22360000,,,20.0,2932.309875,2977.000122,2908.21991,2973.559875
GOOGL,2021-11-15,148.90049743652344,149.54949951171875,147.5749969482422,148.45199584960938,147.14720153808594,23508000,,,20.0,2978.009949,2990.98999,2951.499939,2969.039917
GOOGL,2021-11-16,148.14950561523438,148.7624969482422,147.3125,147.87600708007812,146.57626342773438,18904000,,,20.0,2962.990112,2975.249939,2946.25,2957.520142
GOOGL,2021-11-17,148.02749633789062,148.5594940185547,147.24000549316406,148.0469970703125,146.7457733154297,19594000,,,20.0,2960.549927,2971.18988,2944.80011,2960.939941
GOOGL,2021-11-18,148.2415008544922,150.58050537109375,147.88450622558594,149.8385009765625,148.52154541015625,35608000,,,20.0,2964.830017,3011.610107,2957.690125,2996.77002
GOOGL,2021-11-19,149.97549438476562,150.9665069580078,148.8990020751953,148.92649841308594,147.6175537109375,33682000,,,20.0,2999.509888,3019.330139,2977.980042,2978.529968
GOOGL,2021-11-22,149.33250427246094,149.82949829101562,146.1475067138672,146.302001953125,145.01612854003906,30594000,,,20.0,2986.650085,2996.589966,2922.950134,2926.040039
GOOGL,2021-11-23,146.1529998779297,146.66000366210938,144.11500549316406,145.78199768066406,144.50070190429688,27218000,,,20.0,2923.059998,2933.200073,2882.30011,2915.639954
GOOGL,2021-11-24,145.47349548339844,146.24949645996094,144.3730010986328,146.1199951171875,144.83567810058594,18040000,,,20.0,2909.46991,2924.989929,2887.460022,2922.399902
GOOGL,2021-11-26,144.34849548339844,144.5574951171875,141.84249877929688,142.18299865722656,140.93331909179688,30470000,,,20.0,2886.96991,2891.149902,2836.849976,2843.659973
GOOGL,2021-11-29,144.0,146.29750061035156,143.89349365234375,145.53050231933594,144.25137329101562,32596000,,,20.0,2880.0,2925.950012,2877.869873,2910.610046
GOOGL,2021-11-30,145.0084991455078,146.0,141.60150146484375,141.8975067138672,140.65029907226562,42068000,,,20.0,2900.169983,2920.0,2832.030029,2837.950134
GOOGL,2021-12-01,144.0,145.95050048828125,140.91200256347656,141.05149841308594,139.81175231933594,34020000,,,20.0,2880.0,2919.01001,2818.240051,2821.029968
GOOGL,2021-12-02,141.25,143.864501953125,140.21449279785156,142.96600341796875,141.7094268798828,29194000,,,20.0,2825.0,2877.290039,2804.289856,2859.320068
GOOGL,2021-12-03,143.68099975585938,144.39999389648438,140.30099487304688,142.00149536132812,140.75338745117188,41230000,,,20.0,2873.619995,2887.999878,2806.019897,2840.029907
GOOGL,2021-12-06,143.04049682617188,143.8524932861328,140.14999389648438,143.15499877929688,141.89675903320312,30618000,,,20.0,2860.809937,2877.049866,2802.999878,2863.099976
GOOGL,2021-12-07,145.59649658203125,147.531005859375,145.2274932861328,147.26950073242188,145.97511291503906,32240000,,,20.0,2911.929932,2950.620117,2904.549866,2945.390015
GOOGL,2021-12-08,147.59649658203125,148.39300537109375,146.406005859375,148.18649291992188,146.884033203125,24270000,,,20.0,2951.929932,2967.860107,2928.120117,2963.729858
GOOGL,2021-12-09,147.59100341796875,149.10000610351562,147.11500549316406,147.6385040283203,146.34088134765625,23270000,,,20.0,2951.820068,2982.000122,2942.30011,2952.770081
GOOGL,2021-12-10,148.6999969482422,148.9774932861328,146.70399475097656,148.00149536132812,146.70066833496094,24458000,,,20.0,2973.999939,2979.549866,2934.079895,2960.029907
GOOGL,2021-12-13,147.781494140625,147.97000122070312,145.5175018310547,145.82650756835938,144.54478454589844,27070000,,,20.0,2955.629883,2959.400024,2910.350037,2916.530151
GOOGL,2021-12-14,143.96800231933594,144.47999572753906,141.21499633789062,143.90699768066406,142.64215087890625,38446000,,,20.0,2879.360046,2889.599915,2824.299927,2878.139954
GOOGL,2021-12-15,143.40899658203125,146.7209930419922,141.67799377441406,146.4409942626953,145.1538848876953,36370000,,,20.0,2868.179932,2934.419861,2833.559875,2928.819885
GOOGL,2021-12-16,147.17050170898438,147.677001953125,143.60699462890625,144.44500732421875,143.1754608154297,33650000,,,20.0,2943.410034,2953.540039,2872.139893,2888.900146
GOOGL,2021-12-17,142.5,143.83450317382812,141.3000030517578,141.72500610351562,140.47933959960938,50416000,,,20.0,2850.0,2876.690063,2826.000061,2834.500122
GOOGL,2021-12-20,140.0,141.77450561523438,139.3209991455078,141.60699462890625,140.36239624023438,27192000,,,20.0,2800.0,2835.490112,2786.419983,2832.139893
GOOGL,2021-12-21,142.05349731445312,143.86900329589844,140.50250244140625,143.47250366210938,142.2114715576172,28756000,,,20.0,2841.069946,2877.380066,2810.050049,2869.450073
GOOGL,2021-12-22,143.0675048828125,146.5,143.0675048828125,146.4149932861328,145.1280975341797,26322000,,,20.0,2861.350098,2930.0,2861.350098,2928.299866
GOOGL,2021-12-23,146.5,148.24349975585938,146.45199584960938,146.91650390625,145.62521362304688,26384000,,,20.0,2930.0,2964.869995,2929.039917,2938.330078
GOOGL,2021-12-27,147.25599670410156,148.343994140625,147.16949462890625,147.906494140625,146.6064910888672,15976000,,,20.0,2945.119934,2966.879883,2943.389893,2958.129883
GOOGL,2021-12-28,148.23599243164062,148.2989959716797,146.05450439453125,146.68699645996094,145.39772033691406,18200000,,,20.0,2964.719849,2965.979919,2921.090088,2933.739929
GOOGL,2021-12-29,146.64450073242188,147.41700744628906,145.6475067138672,146.65499877929688,145.36599731445312,17788000,,,20.0,2932.890015,2948.340149,2912.950134,2933.099976
GOOGL,2021-12-30,146.69400024414062,147.3000030517578,145.9945068359375,146.20050048828125,144.91549682617188,15688000,,,20.0,2933.880005,2946.000061,2919.890137,2924.01001
GOOGL,2021-12-31,146.0500030517578,146.69850158691406,144.8520050048828,144.8520050048828,143.57884216308594,18136000,,,20.0,2921.000061,2933.970032,2897.0401,2897.0401
GOOGL,2022-01-03,145.05499267578125,145.8509979248047,143.71299743652344,144.9915008544922,143.71713256835938,28646000,,,20.0,2901.099854,2917.019958,2874.259949,2899.830017
GOOGL,2022-01-04,145.39599609375,146.48500061035156,143.7165069580078,144.39950561523438,143.13034057617188,28400000,,,20.0,2907.919922,2929.700012,2874.330139,2887.990112
GOOGL,2022-01-05,144.4199981689453,144.49949645996094,137.68800354003906,137.77499389648438,136.5640411376953,54618000,,,20.0,2888.399963,2889.989929,2753.760071,2755.499878
GOOGL,2022-01-06,136.99850463867188,139.94000244140625,136.55850219726562,137.74749755859375,136.5367889404297,37348000,,,20.0,2739.970093,2798.800049,2731.170044,2754.949951
GOOGL,2022-01-07,138.14549255371094,138.44850158691406,135.76649475097656,137.01699829101562,135.8126983642578,29760000,,,20.0,2762.909851,2768.970032,2715.329895,2740.339966
GOOGL,2022-01-10,135.0780029296875,138.8195037841797,133.1645050048828,138.66949462890625,137.45069885253906,44408000,,,20.0,2701.560059,2776.390076,2663.2901,2773.389893
GOOGL,2022-01-11,138.0070037841797,140.21600341796875,136.6925048828125,139.73599243164062,138.5078125,28730000,,,20.0,2760.140076,2804.320068,2733.850098,2794.719849
GOOGL,2022-01-12,141.14999389648438,142.60800170898438,140.6945037841797,141.4304962158203,140.1874237060547,26108000,,,20.0,2822.999878,2852.160034,2813.890076,2828.609924
GOOGL,2022-01-13,141.5399932861328,142.85000610351562,138.40899658203125,138.58700561523438,137.36892700195312,31436000,,,20.0,2830.799866,2857.000122,2768.179932,2771.740112
GOOGL,2022-01-14,137.07899475097656,140.74200439453125,136.99850463867188,139.48049926757812,138.2545623779297,29662000,,,20.0,2741.579895,2814.840088,2739.970093,2789.609985
GOOGL,2022-01-18,136.1750030517578,137.13150024414062,135.43850708007812,135.9980010986328,134.8026580810547,34872000,,,20.0,2723.500061,2742.630005,2708.770142,2719.960022
GOOGL,2022-01-19,136.52349853515625,137.95950317382812,135.0155029296875,135.1165008544922,133.92892456054688,28648000,,,20.0,2730.469971,2759.190063,2700.310059,2702.330017
GOOGL,2022-01-20,136.25,137.62600708007812,132.96449279785156,133.3074951171875,132.1358184814453,29908000,,,20.0,2725.0,2752.520142,2659.289856,2666.149902
GOOGL,2022-01-21,132.593505859375,134.86549377441406,130.0865020751953,130.35150146484375,129.205810546875,55652000,,,20.0,2651.870117,2697.309875,2601.730042,2607.030029
GOOGL,2022-01-24,125.97799682617188,131.2030029296875,124.5,130.8040008544922,129.6543426513672,76622000,,,20.0,2519.559937,2624.060059,2490.0,2616.080017
GOOGL,2022-01-25,128.74000549316406,129.3990020751953,126.50050354003906,126.93499755859375,125.8193359375,46960000,,,20.0,2574.80011,2587.980042,2530.010071,2538.699951
GOOGL,2022-01-26,131.11900329589844,133.0,127.14199829101562,129.23300170898438,128.09713745117188,49130000,,,20.0,2622.380066,2660.0,2542.839966,2584.660034
GOOGL,2022-01-27,131.3040008544922,132.65249633789062,128.9324951171875,129.0050048828125,127.87114715576172,31950000,,,20.0,2626.080017,2653.049927,2578.649902,2580.100098
GOOGL,2022-01-28,129.65899658203125,133.35650634765625,128.48500061035156,133.3509979248047,132.17892456054688,34362000,,,20.0,2593.179932,2667.130127,2569.700012,2667.019958
GOOGL,2022-01-31,134.16200256347656,135.47300720214844,132.20950317382812,135.30349731445312,134.11427307128906,39986000,,,20.0,2683.240051,2709.460144,2644.190063,2706.069946
GOOGL,2022-02-01,137.59449768066406,137.79299926757812,134.36849975585938,137.6439971923828,136.43418884277344,68644000,,,20.0,2751.889954,2755.859985,2687.369995,2752.879944
GOOGL,2022-02-02,151.25,151.54649353027344,145.5225067138672,148.0,146.69918823242188,123200000,,,20.0,3025.0,3030.929871,2910.450134,2960.0
GOOGL,2022-02-03,145.70550537109375,149.6750030517578,142.66549682617188,143.08999633789062,141.8323516845703,71518000,,,20.0,2914.110107,2993.500061,2853.309937,2861.799927
GOOGL,2022-02-04,143.4445037841797,144.875,140.51499938964844,143.29299926757812,142.0335693359375,57998000,,,20.0,2868.890076,2897.5,2810.299988,2865.859985
GOOGL,2022-02-07,144.25,144.25,138.89999389648438,139.2010040283203,137.9775390625,54974000,,,20.0,2885.0,2885.0,2777.999878,2784.020081
GOOGL,2022-02-08,139.02650451660156,140.0,137.01400756835938,139.3990020751953,138.17376708984375,54284000,,,20.0,2780.53009,2800.0,2740.280151,2787.980042
GOOGL,2022-02-09,140.9635009765625,142.52450561523438,140.18699645996094,141.5919952392578,140.3474884033203,40144000,,,20.0,2819.27002,2850.490112,2803.739929,2831.839905
GOOGL,2022-02-10,139.70350646972656,141.4844970703125,137.95700073242188,138.6199951171875,137.40159606933594,39330000,,,20.0,2794.070129,2829.689941,2759.140015,2772.399902
GOOGL,2022-02-11,138.60000610351562,139.156494140625,133.39999389648438,134.28250122070312,133.1022491455078,39958000,,,20.0,2772.000122,2783.129883,2667.999878,2685.650024
GOOGL,2022-02-14,133.25650024414062,136.3000030517578,133.25650024414062,135.5260009765625,134.33485412597656,34302000,,,20.0,2665.130005,2726.000061,2665.130005,2710.52002
GOOGL,2022-02-15,137.57049560546875,138.10850524902344,135.82150268554688,136.60850524902344,135.4078369140625,26680000,,,20.0,2751.409912,2762.170105,2716.430054,2732.170105
GOOGL,2022-02-16,136.64649963378906,138.08599853515625,134.9239959716797,137.73800659179688,136.52740478515625,25022000,,,20.0,2732.929993,2761.719971,2698.479919,2754.760132
GOOGL,2022-02-17,136.2429962158203,137.11349487304688,132.47850036621094,132.53900146484375,131.3740997314453,38950000,,,20.0,2724.859924,2742.269897,2649.570007,2650.780029
GOOGL,2022-02-18,133.4669952392578,134.07000732421875,130.19650268554688,130.4029998779297,129.25685119628906,45620000,,,20.0,2669.339905,2681.400146,2603.930054,2608.059998
GOOGL,2022-02-22,129.83799743652344,132.1804962158203,128.22349548339844,129.81350708007812,128.6725311279297,44990000,,,20.0,2596.759949,2643.609924,2564.46991,2596.270142
GOOGL,2022-02-23,131.64849853515625,132.05099487304688,127.52749633789062,127.58799743652344,126.46659088134766,32786000,,,20.0,2632.969971,2641.019897,2550.549927,2551.759949
GOOGL,2022-02-24,124.95349884033203,133.0,124.95349884033203,132.6909942626953,131.5247344970703,54456000,,,20.0,2499.069977,2660.0,2499.069977,2653.819885
GOOGL,2022-02-25,133.552001953125,135.27149963378906,131.75149536132812,134.45950317382812,133.27769470214844,36406000,,,20.0,2671.040039,2705.429993,2635.029907,2689.190063
GOOGL,2022-02-28,133.0500030517578,135.75149536132812,132.59249877929688,135.0570068359375,133.86996459960938,38864000,,,20.0,2661.000061,2715.029907,2651.849976,2701.140137
GOOGL,2022-03-01,134.8784942626953,136.2554931640625,133.218505859375,134.06149291992188,132.88319396972656,26496000,,,20.0,2697.569885,2725.109863,2664.370117,2681.229858
GOOGL,2022-03-02,134.6280059814453,135.2624969482422,133.07150268554688,134.57150268554688,133.3887176513672,23520000,,,20.0,2692.56012,2705.249939,2661.430054,2691.430054
GOOGL,2022-03-03,136.00999450683594,136.4394989013672,133.02549743652344,133.89950561523438,132.72262573242188,24604000,,,20.0,2720.19989,2728.789978,2660.509949,2677.990112
GOOGL,2022-03-04,132.92750549316406,133.85150146484375,130.33749389648438,131.906494140625,130.74713134765625,30430000,,,20.0,2658.55011,2677.030029,2606.749878,2638.129883
GOOGL,2022-03-07,131.48800659179688,131.73500061035156,126.29499816894531,126.37850189208984,125.26773071289062,45112000,,,20.0,2629.760132,2634.700012,2525.899963,2527.570038
GOOGL,2022-03-08,126.25,131.25,125.67449951171875,127.10449981689453,125.98735046386719,40428000,,,20.0,2525.0,2625.0,2513.48999,2542.089996
GOOGL,2022-03-09,131.25,133.73550415039062,129.90049743652344,133.4199981689453,132.24729919433594,37026000,,,20.0,2625.0,2674.710083,2598.009949,2668.399963
GOOGL,2022-03-10,131.26600646972656,133.27200317382812,130.91250610351562,132.42950439453125,131.26553344726562,27102000,,,20.0,2625.320129,2665.440063,2618.250122,2648.590088
GOOGL,2022-03-11,133.48849487304688,133.79550170898438,129.63150024414062,129.87049865722656,128.72903442382812,31526000,,,20.0,2669.769897,2675.910034,2592.630005,2597.409973
GOOGL,2022-03-14,130.25,130.40899658203125,125.2750015258789,125.95099639892578,124.84396362304688,38812000,,,20.0,2605.0,2608.179932,2505.500031,2519.019928
GOOGL,2022-03-15,126.97599792480469,129.85450744628906,125.72049713134766,129.197998046875,128.06243896484375,30920000,,,20.0,2539.519958,2597.090149,2514.409943,2583.959961
GOOGL,2022-03-16,130.73300170898438,133.33299255371094,128.7344970703125,133.28050231933594,132.10906982421875,35576000,,,20.0,2614.660034,2666.659851,2574.689941,2665.610046
GOOGL,2022-03-17,133.1490020751953,134.08050537109375,132.18499755859375,133.83900451660156,132.6626739501953,28264000,,,20.0,2662.980042,2681.610107,2643.699951,2676.78009
GOOGL,2022-03-18,133.42449951171875,136.24400329589844,132.2584991455078,136.12550354003906,134.9290771484375,44566000,,,20.0,2668.48999,2724.880066,2645.169983,2722.510071
GOOGL,2022-03-21,136.1634979248047,137.0500030517578,134.09249877929688,136.10150146484375,134.9052734375,26832000,,,20.0,2723.269958,2741.000061,2681.849976,2722.030029
GOOGL,2022-03-22,136.10150146484375,141.0500030517578,136.10150146484375,139.8679962158203,138.63865661621094,35496000,,,20.0,2722.030029,2821.000061,2722.030029,2797.359924
GOOGL,2022-03-23,138.70249938964844,139.5885009765625,137.8350067138672,138.27549743652344,137.0601348876953,25154000,,,20.0,2774.049988,2791.77002,2756.700134,2765.509949
GOOGL,2022-03-24,139.1999969482422,141.61900329589844,137.75050354003906,141.57200622558594,140.3276824951172,26396000,,,20.0,2783.999939,2832.380066,2755.010071,2831.440125
GOOGL,2022-03-25,141.91600036621094,142.03500366210938,139.7375030517578,141.67300415039062,140.4278106689453,24126000,,,20.0,2838.320007,2840.700073,2794.750061,2833.460083
GOOGL,2022-03-28,140.90049743652344,142.00250244140625,139.81149291992188,141.45550537109375,140.2122039794922,35050000,,,20.0,2818.009949,2840.050049,2796.229858,2829.110107
GOOGL,2022-03-29,142.6475067138672,143.7935028076172,142.0384979248047,142.5054931640625,141.2529754638672,34318000,,,20.0,2852.950134,2875.870056,2840.769958,2850.109863
GOOGL,2022-03-30,142.4600067138672,142.7205047607422,141.60000610351562,141.93850708007812,140.69097900390625,19884000,,,20.0,2849.200134,2854.410095,2832.000122,2838.770142
GOOGL,2022-03-31,142.05299377441406,142.10800170898438,139.02450561523438,139.0675048828125,137.84519958496094,37524000,,,20.0,2841.059875,2842.160034,2780.490112,2781.350098
GOOGL,2022-04-01,139.5,140.4709930419922,138.3074951171875,140.15049743652344,138.91867065429688,25942000,,,20.0,2790.0,2809.419861,2766.149902,2803.009949
GOOGL,2022-04-04,140.35850524902344,143.71200561523438,140.3105010986328,142.97149658203125,141.71490478515625,25942000,,,20.0,2807.170105,2874.240112,2806.210022,2859.429932
GOOGL,2022-04-05,142.86900329589844,142.99049377441406,140.38250732421875,140.59100341796875,139.35531616210938,21418000,,,20.0,2857.380066,2859.809875,2807.650146,2811.820068
GOOGL,2022-04-06,138.75,139.36050415039062,135.51699829101562,136.54800415039062,135.34783935546875,32468000,,,20.0,2775.0,2787.210083,2710.339966,2730.960083
GOOGL,2022-04-07,136.00999450683594,137.1645050048828,134.2274932861328,135.8885040283203,134.6941375732422,26234000,,,20.0,2720.19989,2743.2901,2684.549866,2717.770081
GOOGL,2022-04-08,135.58349609375,135.6699981689453,132.9654998779297,133.28750610351562,132.11599731445312,25142000,,,20.0,2711.669922,2713.399963,2659.309998,2665.750122
GOOGL,2022-04-11,131.82350158691406,132.09249877929688,128.6685028076172,128.82350158691406,127.69123840332031,36884000,,,20.0,2636.470032,2641.849976,2573.370056,2576.470032
GOOGL,2022-04-12,131.60000610351562,131.60000610351562,126.78900146484375,127.7145004272461,126.59198760986328,32710000,,,20.0,2632.000122,2632.000122,2535.780029,2554.290009
GOOGL,2022-04-13,128.0,130.33399963378906,127.74099731445312,129.8939971923828,128.7523193359375,27928000,,,20.0,2560.0,2606.679993,2554.819946,2597.879944
GOOGL,2022-04-14,130.47950744628906,130.47950744628906,126.60099792480469,126.7300033569336,125.61613464355469,31598000,,,20.0,2609.590149,2609.590149,2532.019958,2534.600067
GOOGL,2022-04-18,127.0,128.21249389648438,126.18199920654297,127.67649841308594,126.55430603027344,20808000,,,20.0,2540.0,2564.249878,2523.639984,2553.529968
GOOGL,2022-04-19,127.69149780273438,130.33299255371094,126.99949645996094,130.00900268554688,128.86630249023438,26490000,,,20.0,2553.829956,2606.659851,2539.989929,2600.180054
GOOGL,2022-04-20,130.89199829101562,131.3990020751953,127.5,128.0399932861328,126.91461944580078,31696000,,,20.0,2617.839966,2627.980042,2550.0,2560.799866
GOOGL,2022-04-21,129.25,130.09849548339844,124.52649688720703,124.81449890136719,123.71746063232422,36446000,,,20.0,2585.0,2601.96991,2490.529938,2496.289978
GOOGL,2022-04-22,125.0,125.4020004272461,118.92500305175781,119.635498046875,118.58397674560547,56884000,,,20.0,2500.0,2508.040009,2378.500061,2392.709961
GOOGL,2022-04-25,119.10099792480469,123.27749633789062,118.51100158691406,123.0739974975586,121.99226379394531,46128000,,,20.0,2382.019958,2465.549927,2370.220032,2461.47995
GOOGL,2022-04-26,122.29450225830078,122.51000213623047,118.51100158691406,118.6500015258789,117.60713958740234,73054000,,,20.0,2445.890045,2450.200043,2370.220032,2373.000031
GOOGL,2022-04-27,114.46949768066406,117.24199676513672,112.73650360107422,114.29450225830078,113.28994750976562,91820000,,,20.0,2289.389954,2344.839935,2254.730072,2285.890045
GOOGL,2022-04-28,116.41500091552734,119.64949798583984,114.11499786376953,118.52249908447266,117.48077392578125,48884000,,,20.0,2328.300018,2392.98996,2282.299957,2370.449982
GOOGL,2022-04-29,116.7344970703125,117.91999816894531,113.81449890136719,114.1094970703125,113.10655975341797,42676000,,,20.0,2334.689941,2358.399963,2276.289978,2282.189941
GOOGL,2022-05-02,113.40499877929688,116.74549865722656,112.5999984741211,116.58300018310547,115.5583267211914,35534000,,,20.0,2268.099976,2334.909973,2251.999969,2331.660004
GOOGL,2022-05-03,116.43049621582031,118.44200134277344,116.03450012207031,117.33399963378906,116.30271911621094,24968000,,,20.0,2328.609924,2368.840027,2320.690002,2346.679993
GOOGL,2022-05-04,117.03150177001953,122.85449981689453,115.11599731445312,122.26100158691406,121.1864013671875,49916000,,,20.0,2340.630035,2457.089996,2302.319946,2445.220032
GOOGL,2022-05-05,120.2040023803711,121.03900146484375,115.00550079345703,116.50550079345703,115.48150634765625,45840000,,,20.0,2404.080048,2420.780029,2300.110016,2330.110016
GOOGL,2022-05-06,115.18450164794922,117.57150268554688,114.0155029296875,115.74649810791016,114.72917938232422,39710000,,,20.0,2303.690033,2351.430054,2280.310059,2314.929962
GOOGL,2022-05-09,113.25,115.0770034790039,112.00050354003906,112.51100158691406,111.5221176147461,40802000,,,20.0,2265.0,2301.54007,2240.010071,2250.220032
GOOGL,2022-05-10,115.50749969482422,116.25,112.90049743652344,114.3949966430664,113.3895492553711,39900000,,,20.0,2310.149994,2325.0,2258.009949,2287.899933
GOOGL,2022-05-11,113.23650360107422,116.364501953125,113.23650360107422,113.60250091552734,112.60400390625,37534000,,,20.0,2264.730072,2327.290039,2264.730072,2272.050018
GOOGL,2022-05-12,111.37750244140625,114.29499816894531,109.82450103759766,112.84400177001953,111.85218048095703,53836000,,,20.0,2227.550049,2285.899963,2196.490021,2256.880035
GOOGL,2022-05-13,114.53299713134766,117.875,113.6050033569336,116.05049896240234,115.0304946899414,35038000,,,20.0,2290.659943,2357.5,2272.100067,2321.009979
GOOGL,2022-05-16,114.95549774169922,116.16999816894531,113.8895034790039,114.44499969482422,113.43910217285156,25990000,,,20.0,2299.109955,2323.399963,2277.79007,2288.899994
GOOGL,2022-05-17,116.84049987792969,116.9000015258789,114.87000274658203,116.4729995727539,115.44929504394531,23054000,,,20.0,2336.809998,2338.000031,2297.400055,2329.459991
GOOGL,2022-05-18,115.0,115.4000015258789,111.55549621582031,111.89949798583984,110.91600036621094,35126000,,,20.0,2300.0,2308.000031,2231.109924,2237.98996
GOOGL,2022-05-19,111.43150329589844,113.01000213623047,110.0,110.38400268554688,109.41380310058594,34144000,,,20.0,2228.630066,2260.200043,2200.0,2207.680054
GOOGL,2022-05-20,111.95099639892578,112.18350219726562,105.79650115966797,108.90799713134766,107.9507827758789,48962000,,,20.0,2239.019928,2243.670044,2115.930023,2178.159943
GOOGL,2022-05-23,109.5875015258789,112.14749908447266,108.74099731445312,111.48799896240234,110.50810241699219,37184000,,,20.0,2191.750031,2242.949982,2174.819946,2229.759979
GOOGL,2022-05-24,105.77200317382812,106.45850372314453,101.8844985961914,105.97000122070312,105.03860473632812,76780000,,,20.0,2115.440063,2129.170074,2037.689972,2119.400024
GOOGL,2022-05-25,104.9854965209961,106.5,103.85649871826172,105.80500030517578,104.87504577636719,40258000,,,20.0,2099.70993,2130.0,2077.129974,2116.100006
GOOGL,2022-05-26,105.677001953125,108.64949798583984,105.2249984741211,107.7925033569336,106.84507751464844,37948000,,,20.0,2113.540039,2172.98996,2104.499969,2155.850067
GOOGL,2022-05-27,109.48300170898438,112.31800079345703,109.13849639892578,112.31649780273438,111.32930755615234,37914000,,,20.0,2189.660034,2246.360016,2182.769928,2246.329956
GOOGL,2022-05-31,112.74649810791016,115.73500061035156,112.07849884033203,113.76200103759766,112.76212310791016,50012000,,,20.0,2254.929962,2314.700012,2241.569977,2275.240021
GOOGL,2022-06-01,114.8550033569336,117.10150146484375,113.25,113.89199829101562,112.8909683227539,36606000,,,20.0,2297.100067,2342.030029,2265.0,2277.839966
GOOGL,2022-06-02,114.0,117.89949798583984,112.94650268554688,117.62249755859375,116.58867645263672,37992000,,,20.0,2280.0,2357.98996,2258.930054,2352.449951
GOOGL,2022-06-03,116.0625,116.32150268554688,113.51850128173828,114.54100036621094,113.5342788696289,26136000,,,20.0,2321.25,2326.430054,2270.370026,2290.820007
GOOGL,2022-06-06,116.70449829101562,119.34700012207031,116.16400146484375,116.82050323486328,115.79373168945312,33542000,,,20.0,2334.089966,2386.940002,2323.280029,2336.410065
GOOGL,2022-06-07,115.48049926757812,117.69100189208984,115.052001953125,117.14949798583984,116.11982727050781,31590000,,,20.0,2309.609985,2353.820038,2301.040039,2342.98996
GOOGL,2022-06-08,116.7614974975586,118.57050323486328,116.5999984741211,117.19400024414062,116.16395568847656,26108000,,,20.0,2335.22995,2371.410065,2331.999969,2343.880005
GOOGL,2022-06-09,116.32749938964844,118.29900360107422,114.7760009765625,114.83550262451172,113.82618713378906,25798000,,,20.0,2326.549988,2365.980072,2295.52002,2296.710052
GOOGL,2022-06-10,112.44499969482422,113.27899932861328,110.36599731445312,111.1614990234375,110.18448638916016,41452000,,,20.0,2248.899994,2265.579987,2207.319946,2223.22998
GOOGL,2022-06-13,106.7864990234375,108.79149627685547,106.11900329589844,106.39250183105469,105.45738220214844,47252000,,,20.0,2135.72998,2175.829926,2122.380066,2127.850037
GOOGL,2022-06-14,106.53500366210938,107.92449951171875,105.80000305175781,106.71549987792969,105.77754974365234,33706000,,,20.0,2130.700073,2158.48999,2116.000061,2134.309998
GOOGL,2022-06-15,108.54499816894531,111.42350006103516,107.66950225830078,109.7645034790039,108.79975128173828,39698000,,,20.0,2170.899963,2228.470001,2153.390045,2195.29007
GOOGL,2022-06-16,107.22100067138672,108.64849853515625,105.13800048828125,106.03350067138672,105.10154724121094,51684000,,,20.0,2144.420013,2172.969971,2102.76001,2120.670013
GOOGL,2022-06-17,106.03350067138672,108.69950103759766,105.0459976196289,107.14350128173828,106.20178985595703,51376000,,,20.0,2120.670013,2173.990021,2100.919952,2142.870026
GOOGL,2022-06-21,108.92949676513672,112.489501953125,108.5999984741211,111.54399871826172,110.5635986328125,47416000,,,20.0,2178.589935,2249.790039,2171.999969,2230.879974
GOOGL,2022-06-22,110.55650329589844,113.34649658203125,110.38249969482422,111.48750305175781,110.50761413574219,30774000,,,20.0,2211.130066,2266.929932,2207.649994,2229.750061
GOOGL,2022-06-23,112.23149871826172,112.74250030517578,110.50050354003906,112.24199676513672,111.25547790527344,28362000,,,20.0,2244.629974,2254.850006,2210.010071,2244.839935
GOOGL,2022-06-24,112.99500274658203,118.0790023803711,112.95249938964844,117.9749984741211,116.93807983398438,41164000,,,20.0,2259.900055,2361.580048,2259.049988,2359.499969
GOOGL,2022-06-27,118.27300262451172,118.57949829101562,115.17949676513672,115.83350372314453,114.81541442871094,36420000,,,20.0,2365.460052,2371.589966,2303.589935,2316.670074
GOOGL,2022-06-28,115.80249786376953,117.30950164794922,111.8479995727539,112.00749969482422,111.02304077148438,35792000,,,20.0,2316.049957,2346.190033,2236.959991,2240.149994
GOOGL,2022-06-29,111.552001953125,113.1604995727539,110.87249755859375,111.70149993896484,110.7197265625,24716000,,,20.0,2231.040039,2263.209991,2217.449951,2234.029999
GOOGL,2022-06-30,110.0,110.88800048828125,106.75,108.96299743652344,108.00527954101562,43170000,,,20.0,2200.0,2217.76001,2135.0,2179.259949
GOOGL,2022-07-01,107.93299865722656,109.25,106.73049926757812,108.73750305175781,107.78177642822266,35476000,,,20.0,2158.659973,2185.0,2134.609985,2174.750061
GOOGL,2022-07-05,107.10050201416016,113.37699890136719,105.73149871826172,113.26300048828125,112.26750183105469,39342000,,,20.0,2142.01004,2267.539978,2114.629974,2265.26001
GOOGL,2022-07-06,113.302001953125,115.5895004272461,111.47599792480469,114.5719985961914,113.56497955322266,37432000,,,20.0,2266.040039,2311.790009,2229.519958,2291.439972
GOOGL,2022-07-07,115.08000183105469,119.18949890136719,114.83350372314453,118.78299713134766,117.73897552490234,40936000,,,20.0,2301.600037,2383.789978,2296.670074,2375.659943
GOOGL,2022-07-08,117.25,119.68499755859375,116.90149688720703,119.35350036621094,118.30445861816406,38238000,,,20.0,2345.0,2393.699951,2338.029938,2387.070007
GOOGL,2022-07-11,117.99800109863281,117.99800109863281,115.33049774169922,115.67649841308594,114.65978240966797,31196000,,,20.0,2359.960022,2359.960022,2306.609955,2313.529968
GOOGL,2022-07-12,116.21499633789062,116.9739990234375,113.69000244140625,114.02050018310547,113.01834869384766,29960000,,,20.0,2324.299927,2339.47998,2273.800049,2280.410004
GOOGL,2022-07-13,111.70099639892578,114.19599914550781,111.20149993896484,111.35350036621094,110.37478637695312,43722000,,,20.0,2234.019928,2283.919983,2224.029999,2227.070007
GOOGL,2022-07-14,110.21050262451172,111.09300231933594,108.37300109863281,110.36750030517578,109.39744567871094,37004000,,,20.0,2204.210052,2221.860046,2167.460022,2207.350006
GOOGL,2022-07-15,112.00050354003906,113.1405029296875,110.9000015258789,111.77749633789062,110.79505157470703,46770000,,,20.0,2240.010071,2262.810059,2218.000031,2235.549927
GOOGL,2022-07-18,112.63999938964844,113.68000030517578,108.37000274658203,109.02999877929688,108.07169342041016,43164600,,20:1,1.0,112.639999,113.68,108.370003,109.029999
GOOGL,2022-07-19,110.8499984741211,114.0199966430664,109.55999755859375,113.80999755859375,112.80967712402344,36530900,,,1.0,110.849998,114.019997,109.559998,113.809998
GOOGL,2022-07-20,113.16999816894531,115.4000015258789,112.4800033569336,113.9000015258789,112.8989028930664,35600400,,,1.0,113.169998,115.400002,112.480003,113.900002
GOOGL,2022-07-21,114.27999877929688,114.55000305175781,111.11000061035156,114.33999633789062,113.33502197265625,32676200,,,1.0,114.279999,114.550003,111.110001,114.339996
GOOGL,2022-07-22,111.0,112.33999633789062,106.5,107.9000015258789,106.95162963867188,48901200,,,1.0,111.0,112.339996,106.5,107.900002
GOOGL,2022-07-25,108.41000366210938,109.87000274658203,106.30000305175781,107.51000213623047,106.5650634765625,34690900,,,1.0,108.410004,109.870003,106.300003,107.510002
GOOGL,2022-07-26,106.5999984741211,107.19999694824219,104.06999969482422,105.0199966430664,104.09693908691406,47991000,,,1.0,106.599998,107.199997,104.07,105.019997
GOOGL,2022-07-27,109.26000213623047,113.91000366210938,108.01000213623047,113.05999755859375,112.0662841796875,59858500,,,1.0,109.260002,113.910004,108.010002,113.059998
GOOGL,2022-07-28,112.37000274658203,114.33999633789062,111.45999908447266,114.22000122070312,113.2160873413086,32816600,,,1.0,112.370003,114.339996,111.459999,114.220001
GOOGL,2022-07-29,113.08000183105469,116.70999908447266,113.05999755859375,116.31999969482422,115.29762268066406,37223400,,,1.0,113.080002,116.709999,113.059998,116.32
GOOGL,2022-08-01,115.30000305175781,116.72000122070312,114.33999633789062,114.86000061035156,113.85045623779297,26034300,,,1.0,115.300003,116.720001,114.339996,114.860001
GOOGL,2022-08-02,114.0,116.3499984741211,113.72000122070312,115.12999725341797,114.11808776855469,20236000,,,1.0,114.0,116.349998,113.720001,115.129997
GOOGL,2022-08-03,115.70999908447266,118.62000274658203,115.4800033569336,118.08000183105469,117.04216766357422,28499000,,,1.0,115.709999,118.620003,115.480003,118.080002
GOOGL,2022-08-04,117.4800033569336,118.77999877929688,116.88999938964844,118.19000244140625,117.15119934082031,21602900,,,1.0,117.480003,118.779999,116.889999,118.190002
GOOGL,2022-08-05,116.2300033569336,118.11000061035156,116.0,117.47000122070312,116.43753051757812,19159500,,,1.0,116.230003,118.110001,116.0,117.470001
GOOGL,2022-08-08,118.38999938964844,120.1500015258789,116.87999725341797,117.30000305175781,116.26901245117188,19138300,,,1.0,118.389999,120.150002,116.879997,117.300003
GOOGL,2022-08-09,117.13999938964844,117.31999969482422,115.70999908447266,116.62999725341797,115.60489654541016,19086500,,,1.0,117.139999,117.32,115.709999,116.629997
GOOGL,2022-08-10,118.77999877929688,120.91999816894531,118.41000366210938,119.69999694824219,118.64790344238281,30930400,,,1.0,118.779999,120.919998,118.410004,119.699997
GOOGL,2022-08-11,121.27999877929688,121.48999786376953,118.55999755859375,118.83999633789062,117.79547882080078,24293700,,,1.0,121.279999,121.489998,118.559998,118.839996
GOOGL,2022-08-12,120.26000213623047,121.68000030517578,119.45999908447266,121.68000030517578,120.61053466796875,19096300,,,1.0,120.260002,121.68,119.459999,121.68
GOOGL,2022-08-15,121.12999725341797,122.30000305175781,120.61000061035156,122.08000183105469,121.00700378417969,19494800,,,1.0,121.129997,122.300003,120.610001,122.080002
GOOGL,2022-08-16,121.5199966430664,122.43000030517578,120.63999938964844,121.69999694824219,120.63034057617188,19041200,,,1.0,121.519997,122.43,120.639999,121.699997
GOOGL,2022-08-17,120.12000274658203,121.29000091552734,119.37999725341797,119.55000305175781,118.4992446899414,22847000,,,1.0,120.120003,121.290001,119.379997,119.550003
GOOGL,2022-08-18,119.43000030517578,120.81999969482422,118.72000122070312,120.16999816894531,119.11378479003906,17987700,,,1.0,119.43,120.82,118.720001,120.169998
GOOGL,2022-08-19,119.05999755859375,119.1500015258789,116.76000213623047,117.20999908447266,116.17980194091797,21809500,,,1.0,119.059998,119.150002,116.760002,117.209999
GOOGL,2022-08-22,115.19999694824219,115.62999725341797,113.8499984741211,114.23999786376953,113.23590850830078,21456600,,,1.0,115.199997,115.629997,113.849998,114.239998
GOOGL,2022-08-23,113.4800033569336,115.01000213623047,113.43000030517578,113.86000061035156,112.8592529296875,15870400,,,1.0,113.480003,115.010002,113.43,113.860001
GOOGL,2022-08-24,113.5,114.77999877929688,112.87000274658203,113.69000244140625,112.69074249267578,17734600,,,1.0,113.5,114.779999,112.870003,113.690002
GOOGL,2022-08-25,114.23999786376953,116.72000122070312,114.11000061035156,116.6500015258789,115.62474060058594,16956800,,,1.0,114.239998,116.720001,114.110001,116.650002
GOOGL,2022-08-26,114.72000122070312,115.12000274658203,110.19000244140625,110.33999633789062,109.37019348144531,37245700,,,1.0,114.720001,115.120003,110.190002,110.339996
GOOGL,2022-08-29,109.98999786376953,110.94999694824219,108.80000305175781,109.41999816894531,108.45826721191406,21191200,,,1.0,109.989998,110.949997,108.800003,109.419998
GOOGL,2022-08-30,110.16999816894531,110.5,107.80000305175781,108.94000244140625,107.98249816894531,27513300,,,1.0,110.169998,110.5,107.800003,108.940002
GOOGL,2022-08-31,110.6500015258789,110.8499984741211,108.12999725341797,108.22000122070312,107.26882934570312,28627000,,,1.0,110.650002,110.849998,108.129997,108.220001
GOOGL,2022-09-01,108.27999877929688,110.44999694824219,107.36000061035156,109.73999786376953,108.77546691894531,28360900,,,1.0,108.279999,110.449997,107.360001,109.739998
GOOGL,2022-09-02,110.58999633789062,110.73999786376953,107.26000213623047,107.8499984741211,106.90208435058594,24160700,,,1.0,110.589996,110.739998,107.260002,107.849998
GOOGL,2022-09-06,107.30000305175781,108.02999877929688,105.77999877929688,106.80999755859375,105.87120819091797,25068300,,,1.0,107.300003,108.029999,105.779999,106.809998
GOOGL,2022-09-07,107.05999755859375,109.9800033569336,106.9000015258789,109.44999694824219,108.4880142211914,23167000,,,1.0,107.059998,109.980003,106.900002,109.449997
GOOGL,2022-09-08,108.04000091552734,109.5999984741211,107.16000366210938,108.37999725341797,107.42742156982422,24238300,,,1.0,108.040001,109.599998,107.160004,108.379997
GOOGL,2022-09-09,109.06999969482422,110.98999786376953,109.0199966430664,110.6500015258789,109.67745971679688,23197700,,,1.0,109.07,110.989998,109.019997,110.650002
GOOGL,2022-09-12,110.98999786376953,111.62000274658203,109.93000030517578,110.86000061035156,109.8856201171875,22966800,,,1.0,110.989998,111.620003,109.93,110.860001
GOOGL,2022-09-13,107.80000305175781,108.30000305175781,104.08999633789062,104.31999969482422,103.40310668945312,38172900,,,1.0,107.800003,108.300003,104.089996,104.32
GOOGL,2022-09-14,104.56999969482422,105.27999877929688,103.66000366210938,105.0,104.0771255493164,26395100,,,1.0,104.57,105.279999,103.660004,105.0
GOOGL,2022-09-15,104.02999877929688,105.2699966430664,102.3499984741211,102.91000366210938,102.00550079345703,34188300,,,1.0,104.029999,105.269997,102.349998,102.910004
GOOGL,2022-09-16,102.06999969482422,103.12999725341797,100.94000244140625,102.80000305175781,101.89646911621094,42797200,,,1.0,102.07,103.129997,100.940002,102.800003
GOOGL,2022-09-19,101.75,103.33000183105469,101.55000305175781,103.06999969482422,102.16409301757812,23036800,,,1.0,101.75,103.330002,101.550003,103.07
GOOGL,2022-09-20,102.08000183105469,102.37000274658203,100.5199966430664,101.13999938964844,100.25105285644531,26517100,,,1.0,102.080002,102.370003,100.519997,101.139999
GOOGL,2022-09-21,101.66999816894531,102.87999725341797,99.2699966430664,99.27999877929688,98.40740203857422,31487300,,,1.0,101.669998,102.879997,99.269997,99.279999
GOOGL,2022-09-22,98.81999969482422,101.23999786376953,98.79000091552734,100.13999938964844,99.25982666015625,34298600,,,1.0,98.82,101.239998,98.790001,100.139999
GOOGL,2022-09-23,99.62999725341797,99.66000366210938,97.47000122070312,98.73999786376953,97.87214660644531,31625400,,,1.0,99.629997,99.660004,97.470001,98.739998
GOOGL,2022-09-26,98.0999984741211,99.87999725341797,97.80000305175781,98.16999816894531,97.3071517944336,27072700,,,1.0,98.099998,99.879997,97.800003,98.169998
GOOGL,2022-09-27,99.43000030517578,100.0,96.87000274658203,97.5,96.6430435180664,30072800,,,1.0,99.43,100.0,96.870003,97.5
GOOGL,2022-09-28,97.6500015258789,100.69999694824219,97.11000061035156,100.05000305175781,99.17063903808594,32466300,,,1.0,97.650002,100.699997,97.110001,100.050003
GOOGL,2022-09-29,98.63999938964844,98.63999938964844,95.95999908447266,97.41999816894531,96.5637435913086,31047200,,,1.0,98.639999,98.639999,95.959999,97.419998
GOOGL,2022-09-30,97.05000305175781,98.9000015258789,95.55999755859375,95.6500015258789,94.80931091308594,32941500,,,1.0,97.050003,98.900002,95.559998,95.650002
GOOGL,2022-10-03,96.76000213623047,99.29000091552734,96.5199966430664,98.63999938964844,97.77300262451172,27982000,,,1.0,96.760002,99.290001,96.519997,98.639999
GOOGL,2022-10-04,100.44000244140625,101.83999633789062,100.37999725341797,101.63999938964844,100.74665069580078,28850800,,,1.0,100.440002,101.839996,100.379997,101.639999
GOOGL,2022-10-05,99.83000183105469,101.93000030517578,98.80000305175781,101.43000030517578,100.53850555419922,22176900,,,1.0,99.830002,101.93,98.800003,101.43
GOOGL,2022-10-06,100.68000030517578,102.93000030517578,100.58999633789062,101.41999816894531,100.52859497070312,22324000,,,1.0,100.68,102.93,100.589996,101.419998
GOOGL,2022-10-07,99.8499984741211,100.52999877929688,98.30000305175781,98.68000030517578,97.81266784667969,27502800,,,1.0,99.849998,100.529999,98.300003,98.68
GOOGL,2022-10-10,99.0,99.0999984741211,97.01000213623047,97.86000061035156,96.99988555908203,18225100,,,1.0,99.0,99.099998,97.010002,97.860001
GOOGL,2022-10-11,97.43000030517578,99.25,96.30999755859375,97.18000030517578,96.32585906982422,26507100,,,1.0,97.43,99.25,96.309998,97.18
GOOGL,2022-10-12,97.30000305175781,98.75,96.73999786376953,97.55999755859375,96.7025146484375,21876400,,,1.0,97.300003,98.75,96.739998,97.559998
GOOGL,2022-10-13,95.1500015258789,99.77999877929688,94.37999725341797,99.05999755859375,98.1893310546875,34574500,,,1.0,95.150002,99.779999,94.379997,99.059998
GOOGL,2022-10-14,99.98999786376953,100.69000244140625,96.37000274658203,96.55999755859375,95.7113037109375,25410700,,,1.0,99.989998,100.690002,96.370003,96.559998
GOOGL,2022-10-17,98.86000061035156,100.93000030517578,98.83000183105469,99.97000122070312,99.0913314819336,28419200,,,1.0,98.860001,100.93,98.830002,99.970001
GOOGL,2022-10-18,103.12999725341797,103.47000122070312,99.97000122070312,100.7699966430664,99.88429260253906,24060700,,,1.0,103.129997,103.470001,99.970001,100.769997
GOOGL,2022-10-19,100.01000213623047,101.0199966430664,98.91999816894531,99.62999725341797,98.75432586669922,23811100,,,1.0,100.010002,101.019997,98.919998,99.629997
GOOGL,2022-10-20,100.0,102.31999969482422,99.38999938964844,99.97000122070312,99.0913314819336,25323200,,,1.0,100.0,102.32,99.389999,99.970001
GOOGL,2022-10-21,97.8499984741211,101.30999755859375,97.72000122070312,101.12999725341797,100.24113464355469,32458700,,,1.0,97.849998,101.309998,97.720001,101.129997
GOOGL,2022-10-24,101.80000305175781,102.75,99.9800033569336,102.5199966430664,101.6189193725586,27176400,,,1.0,101.800003,102.75,99.980003,102.519997
GOOGL,2022-10-25,102.9000015258789,104.81999969482422,102.72000122070312,104.4800033569336,103.56169891357422,40611400,,,1.0,102.900002,104.82,102.720001,104.480003
GOOGL,2022-10-26,96.43000030517578,98.30999755859375,94.69000244140625,94.93000030517578,94.09563446044922,88114100,,,1.0,96.43,98.309998,94.690002,94.93
GOOGL,2022-10-27,94.5199966430664,95.43000030517578,91.80000305175781,92.22000122070312,91.40945434570312,60710900,,,1.0,94.519997,95.43,91.800003,92.220001
GOOGL,2022-10-28,92.2699966430664,96.55000305175781,92.12999725341797,96.29000091552734,95.44367980957031,43697300,,,1.0,92.269997,96.550003,92.129997,96.290001
GOOGL,2022-10-31,95.41999816894531,96.02999877929688,93.9800033569336,94.51000213623047,93.6793212890625,31675000,,,1.0,95.419998,96.029999,93.980003,94.510002
GOOGL,2022-11-01,95.44999694824219,96.02999877929688,90.37000274658203,90.47000122070312,89.67481994628906,47161400,,,1.0,95.449997,96.029999,90.370003,90.470001
GOOGL,2022-11-02,90.94000244140625,91.18000030517578,86.87999725341797,86.97000122070312,86.20560455322266,57038300,,,1.0,90.940002,91.18,86.879997,86.970001
GOOGL,2022-11-03,86.31999969482422,86.5199966430664,83.33999633789062,83.43000030517578,82.69670104980469,61288000,,,1.0,86.32,86.519997,83.339996,83.43
GOOGL,2022-11-04,85.4000015258789,86.63999938964844,83.70999908447266,86.58000183105469,85.81902313232422,51124900,,,1.0,85.400002,86.639999,83.709999,86.580002
GOOGL,2022-11-07,87.27999877929688,88.9000015258789,86.8499984741211,88.48999786376953,87.71224212646484,34078900,,,1.0,87.279999,88.900002,86.849998,88.489998
GOOGL,2022-11-08,88.9000015258789,90.31999969482422,87.58999633789062,88.9000015258789,88.11862182617188,30429000,,,1.0,88.900002,90.32,87.589996,88.900002
GOOGL,2022-11-09,88.44999694824219,89.44000244140625,87.27999877929688,87.31999969482422,86.55252075195312,31769100,,,1.0,88.449997,89.440002,87.279999,87.32
GOOGL,2022-11-10,92.25,94.38999938964844,91.61000061035156,93.94000244140625,93.11432647705078,51620100,,,1.0,92.25,94.389999,91.610001,93.940002
GOOGL,2022-11-11,94.69000244140625,96.93000030517578,93.91999816894531,96.41000366210938,95.5626220703125,33090500,,,1.0,94.690002,96.93,93.919998,96.410004
GOOGL,2022-11-14,95.08999633789062,96.79000091552734,94.51000213623047,95.69999694824219,94.8588638305664,30179500,,,1.0,95.089996,96.790001,94.510002,95.699997
GOOGL,2022-11-15,98.26000213623047,100.13999938964844,96.70999908447266,98.44000244140625,97.57478332519531,41640800,,,1.0,98.260002,100.139999,96.709999,98.440002
GOOGL,2022-11-16,97.9000015258789,99.63999938964844,97.63999938964844,98.8499984741211,97.9811782836914,29105200,,,1.0,97.900002,99.639999,97.639999,98.849998
GOOGL,2022-11-17,96.97000122070312,99.27999877929688,96.79000091552734,98.36000061035156,97.49549102783203,26052600,,,1.0,96.970001,99.279999,96.790001,98.360001
GOOGL,2022-11-18,98.7699966430664,98.9000015258789,96.37000274658203,97.43000030517578,96.57365417480469,28342300,,,1.0,98.769997,98.900002,96.370003,97.43
GOOGL,2022-11-21,97.29000091552734,98.4000015258789,95.36000061035156,95.5999984741211,94.75971984863281,21647400,,,1.0,97.290001,98.400002,95.360001,95.599998
GOOGL,2022-11-22,95.94999694824219,97.22000122070312,94.05000305175781,97.05000305175781,96.19700622558594,23438500,,,1.0,95.949997,97.220001,94.050003,97.050003
GOOGL,2022-11-23,97.08999633789062,98.76000213623047,97.08999633789062,98.45999908447266,97.5946044921875,18868100,,,1.0,97.089996,98.760002,97.089996,98.459999
GOOGL,2022-11-25,98.23999786376953,98.63999938964844,97.4000015258789,97.45999908447266,96.60340118408203,9701400,,,1.0,98.239998,98.639999,97.400002,97.459999
GOOGL,2022-11-28,97.04000091552734,97.58000183105469,95.61000061035156,96.05000305175781,95.2057876586914,26237500,,,1.0,97.040001,97.580002,95.610001,96.050003
GOOGL,2022-11-29,95.7300033569336,96.12000274658203,94.11000061035156,95.19000244140625,94.35334014892578,20061700,,,1.0,95.730003,96.120003,94.110001,95.190002
GOOGL,2022-11-30,94.81999969482422,101.04000091552734,94.41999816894531,100.98999786376953,100.10236358642578,43647500,,,1.0,94.82,101.040001,94.419998,100.989998
GOOGL,2022-12-01,101.0199966430664,102.25,100.25,100.98999786376953,100.10236358642578,28687100,,,1.0,101.019997,102.25,100.25,100.989998
GOOGL,2022-12-02,99.05000305175781,100.7699966430664,98.9000015258789,100.44000244140625,99.55718994140625,21480700,,,1.0,99.050003,100.769997,98.900002,100.440002
GOOGL,2022-12-05,99.4000015258789,101.37999725341797,99.0,99.4800033569336,98.60564422607422,24405100,,,1.0,99.400002,101.379997,99.0,99.480003
GOOGL,2022-12-06,99.30000305175781,99.77999877929688,96.41999816894531,96.9800033569336,96.12762451171875,24910700,,,1.0,99.300003,99.779999,96.419998,96.980003
GOOGL,2022-12-07,96.41000366210938,96.87999725341797,94.72000122070312,94.94000244140625,94.10555267333984,31045400,,,1.0,96.410004,96.879997,94.720001,94.940002
GOOGL,2022-12-08,95.37999725341797,95.58000183105469,93.44999694824219,93.70999908447266,92.88636016845703,32213300,,,1.0,95.379997,95.580002,93.449997,93.709999
GOOGL,2022-12-09,93.7699966430664,94.26000213623047,92.75,92.83000183105469,92.01409149169922,28225400,,,1.0,93.769997,94.260002,92.75,92.830002
GOOGL,2022-12-12,92.70999908447266,93.55999755859375,91.61000061035156,93.30999755859375,92.48987579345703,29420000,,,1.0,92.709999,93.559998,91.610001,93.309998
GOOGL,2022-12-13,97.76000213623047,99.52999877929688,95.02999877929688,95.62999725341797,94.78948211669922,40593700,,,1.0,97.760002,99.529999,95.029999,95.629997
GOOGL,2022-12-14,95.19999694824219,96.87000274658203,93.5999984741211,95.06999969482422,94.23439025878906,28733600,,,1.0,95.199997,96.870003,93.599998,95.07
GOOGL,2022-12-15,93.12999725341797,93.63999938964844,90.01000213623047,90.86000061035156,90.06140899658203,40107000,,,1.0,93.129997,93.639999,90.010002,90.860001
GOOGL,2022-12-16,90.76000213623047,91.33000183105469,89.5199966430664,90.26000213623047,89.46668243408203,58011800,,,1.0,90.760002,91.330002,89.519997,90.260002
GOOGL,2022-12-19,90.26000213623047,90.55999755859375,88.20999908447266,88.44000244140625,87.66268157958984,29493000,,,1.0,90.260002,90.559998,88.209999,88.440002
GOOGL,2022-12-20,88.11000061035156,89.18000030517578,87.44000244140625,89.0199966430664,88.23756408691406,23453800,,,1.0,88.110001,89.18,87.440002,89.019997
GOOGL,2022-12-21,89.08000183105469,90.22000122070312,88.31999969482422,89.58000183105469,88.79265594482422,24745600,,,1.0,89.080002,90.220001,88.32,89.580002
GOOGL,2022-12-22,88.16000366210938,88.54000091552734,86.31999969482422,87.76000213623047,86.98866271972656,27658300,,,1.0,88.160004,88.540001,86.32,87.760002
GOOGL,2022-12-23,87.11000061035156,89.55000305175781,87.06999969482422,89.2300033569336,88.44573974609375,23003000,,,1.0,87.110001,89.550003,87.07,89.230003
GOOGL,2022-12-27,88.80000305175781,88.94000244140625,87.01000213623047,87.38999938964844,86.62189483642578,20097300,,,1.0,88.800003,88.940002,87.010002,87.389999
GOOGL,2022-12-28,86.9800033569336,88.04000091552734,85.94000244140625,86.0199966430664,85.26395416259766,19523200,,,1.0,86.980003,88.040001,85.940002,86.019997
GOOGL,2022-12-29,86.62000274658203,88.8499984741211,86.61000061035156,88.44999694824219,87.67259216308594,23333500,,,1.0,86.620003,88.849998,86.610001,88.449997
GOOGL,2022-12-30,86.9800033569336,88.30000305175781,86.56999969482422,88.2300033569336,87.45451354980469,23986300,,,1.0,86.980003,88.300003,86.57,88.230003
GOOGL,2023-01-03,89.58999633789062,91.05000305175781,88.5199966430664,89.12000274658203,88.33670043945312,28131200,,,1.0,89.589996,91.050003,88.519997,89.120003
GOOGL,2023-01-04,90.3499984741211,90.6500015258789,87.2699966430664,88.08000183105469,87.30584716796875,34854800,,,1.0,90.349998,90.650002,87.269997,88.080002
GOOGL,2023-01-05,87.47000122070312,87.56999969482422,85.9000015258789,86.19999694824219,85.4423599243164,27194400,,,1.0,87.470001,87.57,85.900002,86.199997
GOOGL,2023-01-06,86.79000091552734,87.69000244140625,84.86000061035156,87.33999633789062,86.57234191894531,41381500,,,1.0,86.790001,87.690002,84.860001,87.339996
GOOGL,2023-01-09,88.36000061035156,90.05000305175781,87.86000061035156,88.0199966430664,87.24637603759766,29003900,,,1.0,88.360001,90.050003,87.860001,88.019997
GOOGL,2023-01-10,85.9800033569336,88.66999816894531,85.83000183105469,88.41999816894531,87.6428451538086,30467800,,,1.0,85.980003,88.669998,85.830002,88.419998
GOOGL,2023-01-11,89.18000030517578,91.5999984741211,89.01000213623047,91.5199966430664,90.7155990600586,26862000,,,1.0,89.18,91.599998,89.010002,91.519997
GOOGL,2023-01-12,91.4800033569336,91.87000274658203,89.75,91.12999725341797,90.32902526855469,30258100,,,1.0,91.480003,91.870003,89.75,91.129997
GOOGL,2023-01-13,90.8499984741211,92.19000244140625,90.12999725341797,92.12000274658203,91.31033325195312,26329200,,,1.0,90.849998,92.190002,90.129997,92.120003
GOOGL,2023-01-17,92.05999755859375,92.25,90.05000305175781,91.29000091552734,90.48763275146484,32602400,,,1.0,92.059998,92.25,90.050003,91.290001
GOOGL,2023-01-18,92.13999938964844,92.80000305175781,90.63999938964844,91.12000274658203,90.31912231445312,29116700,,,1.0,92.139999,92.800003,90.639999,91.120003
GOOGL,2023-01-19,90.72000122070312,93.61000061035156,90.62999725341797,93.05000305175781,92.2321548461914,37000400,,,1.0,90.720001,93.610001,90.629997,93.050003
GOOGL,2023-01-20,95.0999984741211,98.30000305175781,95.0199966430664,98.0199966430664,97.1584701538086,63191100,,,1.0,95.099998,98.300003,95.019997,98.019997
GOOGL,2023-01-23,97.94999694824219,100.04000091552734,97.5,99.79000091552734,98.91291046142578,40005100,,,1.0,97.949997,100.040001,97.5,99.790001
GOOGL,2023-01-24,98.0999984741211,99.61000061035156,97.19999694824219,97.69999694824219,96.84127807617188,33078500,,,1.0,98.099998,99.610001,97.199997,97.699997
GOOGL,2023-01-25,95.56999969482422,96.16000366210938,93.76000213623047,95.22000122070312,94.38308715820312,42330000,,,1.0,95.57,96.160004,93.760002,95.220001
GOOGL,2023-01-26,96.5,97.56999969482422,95.37999725341797,97.5199966430664,96.66287231445312,30114000,,,1.0,96.5,97.57,95.379997,97.519997
GOOGL,2023-01-27,97.30999755859375,100.31999969482422,97.30999755859375,99.37000274658203,98.49661254882812,33879800,,,1.0,97.309998,100.32,97.309998,99.370003
GOOGL,2023-01-30,97.4800033569336,98.29000091552734,96.4000015258789,96.94000244140625,96.08796691894531,27226200,,,1.0,97.480003,98.290001,96.400002,96.940002
GOOGL,2023-01-31,96.87000274658203,98.87999725341797,96.81999969482422,98.83999633789062,97.97126770019531,29870700,,,1.0,96.870003,98.879997,96.82,98.839996
GOOGL,2023-02-01,98.70999908447266,101.19000244140625,97.58000183105469,100.43000030517578,99.54730224609375,35531100,,,1.0,98.709999,101.190002,97.580002,100.43
GOOGL,2023-02-02,105.80000305175781,107.8499984741211,105.61000061035156,107.73999786376953,106.79303741455078,69883800,,,1.0,105.800003,107.849998,105.610001,107.739998
GOOGL,2023-02-03,102.93000030517578,107.80999755859375,102.58000183105469,104.77999877929688,103.85905456542969,65309300,,,1.0,102.93,107.809998,102.580002,104.779999
GOOGL,2023-02-06,102.4000015258789,104.36000061035156,101.87999725341797,102.9000015258789,101.99559020996094,31999600,,,1.0,102.400002,104.360001,101.879997,102.900002
GOOGL,2023-02-07,103.22000122070312,108.18000030517578,103.12000274658203,107.63999938964844,106.69390869140625,49010200,,,1.0,103.220001,108.18,103.120003,107.639999
GOOGL,2023-02-08,102.05000305175781,103.13999938964844,98.04000091552734,99.37000274658203,98.49661254882812,94743500,,,1.0,102.050003,103.139999,98.040001,99.370003
GOOGL,2023-02-09,100.0,100.02999877929688,93.62999725341797,95.01000213623047,94.17493438720703,119455000,,,1.0,100.0,100.029999,93.629997,95.010002
GOOGL,2023-02-10,95.44999694824219,96.75,94.25,94.56999969482422,93.7387924194336,54980700,,,1.0,95.449997,96.75,94.25,94.57
GOOGL,2023-02-13,94.73999786376953,95.19999694824219,93.83999633789062,94.61000061035156,93.77845001220703,50076100,,,1.0,94.739998,95.199997,93.839996,94.610001
GOOGL,2023-02-14,94.43000030517578,94.8499984741211,92.26000213623047,94.68000030517578,93.84783935546875,54726100,,,1.0,94.43,94.849998,92.260002,94.68
GOOGL,2023-02-15,94.48999786376953,97.12000274658203,94.1500015258789,96.94000244140625,96.08796691894531,50169000,,,1.0,94.489998,97.120003,94.150002,96.940002
GOOGL,2023-02-16,95.37000274658203,97.68000030517578,94.73999786376953,95.51000213623047,94.67053985595703,42462600,,,1.0,95.370003,97.68,94.739998,95.510002
GOOGL,2023-02-17,94.8499984741211,95.55999755859375,93.20999908447266,94.3499984741211,93.5207290649414,34284100,,,1.0,94.849998,95.559998,93.209999,94.349998
GOOGL,2023-02-21,93.0,93.0999984741211,91.72000122070312,91.79000091552734,90.98323822021484,33629300,,,1.0,93.0,93.099998,91.720001,91.790001
GOOGL,2023-02-22,91.69999694824219,92.11000061035156,90.61000061035156,91.6500015258789,90.84447479248047,30884000,,,1.0,91.699997,92.110001,90.610001,91.650002
GOOGL,2023-02-23,91.91999816894531,91.94000244140625,89.76000213623047,90.88999938964844,90.09114074707031,41206400,,,1.0,91.919998,91.940002,89.760002,90.889999
GOOGL,2023-02-24,89.44000244140625,89.88999938964844,88.58000183105469,89.12999725341797,88.34660339355469,36585100,,,1.0,89.440002,89.889999,88.580002,89.129997
GOOGL,2023-02-27,89.87000274658203,90.16000366210938,89.33999633789062,89.87000274658203,89.08010864257812,27502300,,,1.0,89.870003,90.160004,89.339996,89.870003
GOOGL,2023-02-28,89.33000183105469,91.2300033569336,89.31999969482422,90.05999755859375,89.2684326171875,30142000,,,1.0,89.330002,91.230003,89.32,90.059998
GOOGL,2023-03-01,89.9800033569336,91.02999877929688,89.66999816894531,90.36000061035156,89.56580352783203,31111200,,,1.0,89.980003,91.029999,89.669998,90.360001
GOOGL,2023-03-02,89.66000366210938,92.27999877929688,89.58999633789062,92.0,91.1913833618164,32204400,,,1.0,89.660004,92.279999,89.589996,92.0
GOOGL,2023-03-03,92.4800033569336,93.7300033569336,92.44999694824219,93.6500015258789,92.82689666748047,35160100,,,1.0,92.480003,93.730003,92.449997,93.650002
GOOGL,2023-03-06,94.0199966430664,95.97000122070312,94.0,95.12999725341797,94.29386901855469,32639300,,,1.0,94.019997,95.970001,94.0,95.129997
GOOGL,2023-03-07,94.9800033569336,95.66999816894531,93.52999877929688,93.86000061035156,93.0350341796875,27835500,,,1.0,94.980003,95.669998,93.529999,93.860001
GOOGL,2023-03-08,94.12000274658203,95.95999908447266,94.0,94.25,93.42161560058594,34103300,,,1.0,94.120003,95.959999,94.0,94.25
GOOGL,2023-03-09,94.05000305175781,95.52999877929688,91.9000015258789,92.31999969482422,91.50857543945312,28813500,,,1.0,94.050003,95.529999,91.900002,92.32
GOOGL,2023-03-10,92.16999816894531,92.79000091552734,90.4000015258789,90.62999725341797,89.83341979980469,35941000,,,1.0,92.169998,92.790001,90.400002,90.629997
GOOGL,2023-03-13,90.08999633789062,92.56999969482422,89.41999816894531,91.11000061035156,90.30921173095703,37335600,,,1.0,90.089996,92.57,89.419998,91.110001
GOOGL,2023-03-14,92.55999755859375,94.36000061035156,92.44000244140625,93.97000122070312,93.1440658569336,36050200,,,1.0,92.559998,94.360001,92.440002,93.970001
GOOGL,2023-03-15,93.22000122070312,96.93000030517578,92.63999938964844,96.11000061035156,95.26526641845703,50622100,,,1.0,93.220001,96.93,92.639999,96.110001
GOOGL,2023-03-16,96.19999694824219,101.19000244140625,95.5,100.31999969482422,99.43824768066406,65492000,,,1.0,96.199997,101.190002,95.5,100.32
GOOGL,2023-03-17,100.26000213623047,102.83999633789062,100.0999984741211,101.62000274658203,100.7268295288086,61028500,,,1.0,100.260002,102.839996,100.099998,101.620003
GOOGL,2023-03-20,100.12000274658203,101.75,99.87000274658203,101.22000122070312,100.3303451538086,32960400,,,1.0,100.120003,101.75,99.870003,101.220001
GOOGL,2023-03-21,101.25,105.0999984741211,101.22000122070312,104.91999816894531,103.99781799316406,42110300,,,1.0,101.25,105.099998,101.220001,104.919998
GOOGL,2023-03-22,104.2699966430664,106.58999633789062,103.33000183105469,103.37000274658203,102.46145629882812,43427400,,,1.0,104.269997,106.589996,103.330002,103.370003
GOOGL,2023-03-23,105.05999755859375,106.30000305175781,104.45999908447266,105.5999984741211,104.67184448242188,40797800,,,1.0,105.059998,106.300003,104.459999,105.599998
GOOGL,2023-03-24,104.98999786376953,105.48999786376953,103.83999633789062,105.44000244140625,104.51326751708984,30393300,,,1.0,104.989998,105.489998,103.839996,105.440002
GOOGL,2023-03-27,104.62000274658203,104.76000213623047,101.93000030517578,102.45999908447266,101.5594482421875,31120900,,,1.0,104.620003,104.760002,101.93,102.459999
GOOGL,2023-03-28,102.44000244140625,102.44999694824219,99.73999786376953,101.02999877929688,100.14201354980469,32057900,,,1.0,102.440002,102.449997,99.739998,101.029999
GOOGL,2023-03-29,102.27999877929688,102.48999786376953,100.6500015258789,101.38999938964844,100.49886322021484,28779600,,,1.0,102.279999,102.489998,100.650002,101.389999
GOOGL,2023-03-30,100.91000366210938,101.16000366210938,99.77999877929688,100.88999938964844,100.00324249267578,33086200,,,1.0,100.910004,101.160004,99.779999,100.889999
GOOGL,2023-03-31,101.30000305175781,103.88999938964844,101.04000091552734,103.7300033569336,102.81828308105469,36863400,,,1.0,101.300003,103.889999,101.040001,103.730003
GOOGL,2023-04-03,102.38999938964844,104.52999877929688,101.93000030517578,104.36000061035156,103.44276428222656,25035400,,,1.0,102.389999,104.529999,101.93,104.360001
GOOGL,2023-04-04,104.33000183105469,105.58000183105469,104.04000091552734,104.72000122070312,103.7995834350586,24420100,,,1.0,104.330002,105.580002,104.040001,104.720001
GOOGL,2023-04-05,105.77999877929688,106.0999984741211,103.66000366210938,104.47000122070312,103.55179595947266,28290500,,,1.0,105.779999,106.099998,103.660004,104.470001
GOOGL,2023-04-06,105.26000213623047,109.16999816894531,104.33000183105469,108.41999816894531,107.4670639038086,48711500,,,1.0,105.260002,109.169998,104.330002,108.419998
GOOGL,2023-04-10,106.9800033569336,107.58999633789062,105.12000274658203,106.44000244140625,105.50447082519531,27067400,,,1.0,106.980003,107.589996,105.120003,106.440002
GOOGL,2023-04-11,106.55000305175781,106.7300033569336,104.68000030517578,105.3499984741211,104.42404174804688,26311800,,,1.0,106.550003,106.730003,104.68,105.349998
GOOGL,2023-04-12,106.58000183105469,106.75,104.33999633789062,104.63999938964844,103.72028350830078,24370300,,,1.0,106.580002,106.75,104.339996,104.639999
GOOGL,2023-04-13,105.83999633789062,107.48999786376953,105.83999633789062,107.43000030517578,106.48576354980469,24843600,,,1.0,105.839996,107.489998,105.839996,107.43
GOOGL,2023-04-14,106.88999938964844,108.94000244140625,106.83999633789062,108.87000274658203,107.91311645507812,26578000,,,1.0,106.889999,108.940002,106.839996,108.870003
GOOGL,2023-04-17,104.66000366210938,106.16000366210938,104.5199966430664,105.97000122070312,105.03860473632812,37571200,,,1.0,104.660004,106.160004,104.519997,105.970001
GOOGL,2023-04-18,106.48999786376953,106.54000091552734,104.06999969482422,104.5,103.58151245117188,26596400,,,1.0,106.489998,106.540001,104.07,104.5
GOOGL,2023-04-19,103.58000183105469,104.9800033569336,103.06999969482422,104.18000030517578,103.26434326171875,20905700,,,1.0,103.580002,104.980003,103.07,104.18
GOOGL,2023-04-20,103.91000366210938,106.25,103.87000274658203,105.29000091552734,104.36457824707031,27820800,,,1.0,103.910004,106.25,103.870003,105.290001
GOOGL,2023-04-21,105.47000122070312,106.0,104.77999877929688,105.41000366210938,104.4835205078125,25800100,,,1.0,105.470001,106.0,104.779999,105.410004
GOOGL,2023-04-24,105.48999786376953,106.62999725341797,104.69999694824219,105.97000122070312,105.03860473632812,23542800,,,1.0,105.489998,106.629997,104.699997,105.970001
GOOGL,2023-04-25,105.83000183105469,106.69000244140625,103.83999633789062,103.8499984741211,102.9372329711914,46664100,,,1.0,105.830002,106.690002,103.839996,103.849998
GOOGL,2023-04-26,104.91999816894531,106.3499984741211,102.62999725341797,103.70999908447266,102.7984619140625,53347600,,,1.0,104.919998,106.349998,102.629997,103.709999
GOOGL,2023-04-27,104.44999694824219,108.37000274658203,103.54000091552734,107.58999633789062,106.64436340332031,50089200,,,1.0,104.449997,108.370003,103.540001,107.589996
GOOGL,2023-04-28,107.04000091552734,107.3499984741211,105.08999633789062,107.33999633789062,106.39655303955078,36139800,,,1.0,107.040001,107.349998,105.089996,107.339996
GOOGL,2023-05-01,106.83999633789062,107.98999786376953,106.81999969482422,107.19999694824219,106.2577896118164,26681700,,,1.0,106.839996,107.989998,106.82,107.199997
GOOGL,2023-05-02,107.13999938964844,107.19999694824219,103.70999908447266,105.31999969482422,104.3943099975586,30997200,,,1.0,107.139999,107.199997,103.709999,105.32
GOOGL,2023-05-03,105.52999877929688,107.48999786376953,104.95999908447266,105.41000366210938,104.4835205078125,21795400,,,1.0,105.529999,107.489998,104.959999,105.410004
GOOGL,2023-05-04,105.48999786376953,105.5999984741211,103.97000122070312,104.69000244140625,103.76985168457031,23419500,,,1.0,105.489998,105.599998,103.970001,104.690002
GOOGL,2023-05-05,104.81999969482422,105.87999725341797,104.11000061035156,105.56999969482422,104.64212036132812,26639300,,,1.0,104.82,105.879997,104.110001,105.57
GOOGL,2023-05-08,105.18000030517578,107.95999908447266,105.16000366210938,107.7699966430664,106.82278442382812,26511400,,,1.0,105.18,107.959999,105.160004,107.769997
GOOGL,2023-05-09,108.38999938964844,110.1500015258789,107.19000244140625,107.3499984741211,106.4064712524414,36360100,,,1.0,108.389999,110.150002,107.190002,107.349998
GOOGL,2023-05-10,107.97000122070312,112.94000244140625,107.93000030517578,111.75,110.7677993774414,63153400,,,1.0,107.970001,112.940002,107.93,111.75
GOOGL,2023-05-11,115.4000015258789,117.91999816894531,114.41000366210938,116.56999969482422,115.54544067382812,78900000,,,1.0,115.400002,117.919998,114.410004,116.57
GOOGL,2023-05-12,116.68000030517578,118.02999877929688,116.11000061035156,117.51000213623047,116.4771728515625,41102300,,,1.0,116.68,118.029999,116.110001,117.510002
GOOGL,2023-05-15,116.11000061035156,118.4800033569336,116.01000213623047,116.51000213623047,115.48596954345703,36266800,,,1.0,116.110001,118.480003,116.010002,116.510002
GOOGL,2023-05-16,116.48999786376953,120.75,116.43000030517578,119.51000213623047,118.45960235595703,45035600,,,1.0,116.489998,120.75,116.43,119.510002
GOOGL,2023-05-17,119.61000061035156,121.66999816894531,118.88999938964844,120.83999633789062,119.77790069580078,33323600,,,1.0,119.610001,121.669998,118.889999,120.839996
GOOGL,2023-05-18,120.94999694824219,123.30999755859375,120.83000183105469,122.83000183105469,121.75041961669922,35234200,,,1.0,120.949997,123.309998,120.830002,122.830002
GOOGL,2023-05-19,123.55000305175781,125.97000122070312,122.1500015258789,122.76000213623047,121.6810302734375,41353400,,,1.0,123.550003,125.970001,122.150002,122.760002
GOOGL,2023-05-22,122.94000244140625,126.43000030517578,122.73999786376953,125.05000305175781,123.95089721679688,35253000,,,1.0,122.940002,126.43,122.739998,125.050003
GOOGL,2023-05-23,124.16000366210938,124.62999725341797,122.20999908447266,122.55999755859375,121.48277282714844,34046300,,,1.0,124.160004,124.629997,122.209999,122.559998
GOOGL,2023-05-24,121.12000274658203,121.91000366210938,119.86000061035156,120.9000015258789,119.83737182617188,34182600,,,1.0,121.120003,121.910004,119.860001,120.900002
GOOGL,2023-05-25,124.5199966430664,125.31999969482422,121.95999908447266,123.4800033569336,122.39470672607422,42317000,,,1.0,124.519997,125.32,121.959999,123.480003
GOOGL,2023-05-26,123.16999816894531,125.26000213623047,122.44999694824219,124.61000061035156,123.5147705078125,35635900,,,1.0,123.169998,125.260002,122.449997,124.610001
GOOGL,2023-05-30,125.63999938964844,125.66000366210938,122.0,123.66999816894531,122.58302307128906,35076700,,,1.0,125.639999,125.660004,122.0,123.669998
GOOGL,2023-05-31,122.75,124.05999755859375,122.5,122.87000274658203,121.7900619506836,37325800,,,1.0,122.75,124.059998,122.5,122.870003
GOOGL,2023-06-01,122.81999969482422,124.41999816894531,122.62000274658203,123.72000122070312,122.63258361816406,30772700,,,1.0,122.82,124.419998,122.620003,123.720001
GOOGL,2023-06-02,123.98999786376953,126.1500015258789,123.76000213623047,124.66999816894531,123.5742416381836,26980100,,,1.0,123.989998,126.150002,123.760002,124.669998
GOOGL,2023-06-05,124.01000213623047,127.43000030517578,123.83999633789062,126.01000213623047,124.90245819091797,32305500,,,1.0,124.010002,127.43,123.839996,126.010002
GOOGL,2023-06-06,126.01000213623047,128.2899932861328,125.36000061035156,127.30999755859375,126.19104766845703,26638300,,,1.0,126.010002,128.289993,125.360001,127.309998
GOOGL,2023-06-07,126.97000122070312,129.0399932861328,122.12000274658203,122.5,121.42330932617188,52539000,,,1.0,126.970001,129.039993,122.120003,122.5
GOOGL,2023-06-08,122.2300033569336,123.2300033569336,121.23999786376953,122.13999938964844,121.06646728515625,29389200,,,1.0,122.230003,123.230003,121.239998,122.139999
GOOGL,2023-06-09,122.25,123.76000213623047,121.91000366210938,122.2300033569336,121.15570068359375,23778300,,,1.0,122.25,123.760002,121.910004,122.230003
GOOGL,2023-06-12,122.79000091552734,124.05000305175781,121.66000366210938,123.63999938964844,122.55329132080078,28306400,,,1.0,122.790001,124.050003,121.660004,123.639999
GOOGL,2023-06-13,124.9800033569336,125.16000366210938,123.18000030517578,123.83000183105469,122.74162292480469,22278300,,,1.0,124.980003,125.160004,123.18,123.830002
GOOGL,2023-06-14,123.0999984741211,124.05000305175781,121.44999694824219,123.66999816894531,122.58302307128906,30592300,,,1.0,123.099998,124.050003,121.449997,123.669998
GOOGL,2023-06-15,123.13999938964844,125.45999908447266,122.4000015258789,125.08999633789062,123.99054718017578,35246300,,,1.0,123.139999,125.459999,122.400002,125.089996
GOOGL,2023-06-16,125.93000030517578,126.11000061035156,123.27999877929688,123.52999877929688,122.44425201416016,45535600,,,1.0,125.93,126.110001,123.279999,123.529999
GOOGL,2023-06-20,122.93000030517578,124.56999969482422,122.13999938964844,123.0999984741211,122.0180435180664,26097500,,,1.0,122.93,124.57,122.139999,123.099998
GOOGL,2023-06-21,122.4000015258789,122.66000366210938,120.0999984741211,120.55000305175781,119.4904556274414,30306300,,,1.0,122.400002,122.660004,120.099998,120.550003
GOOGL,2023-06-22,120.0,123.23999786376953,118.83000183105469,123.1500015258789,122.06758880615234,26952200,,,1.0,120.0,123.239998,118.830002,123.150002
GOOGL,2023-06-23,121.37999725341797,122.79000091552734,121.05999755859375,122.33999633789062,121.26470947265625,34913600,,,1.0,121.379997,122.790001,121.059998,122.339996
GOOGL,2023-06-26,120.76000213623047,122.0,118.2699966430664,118.33999633789062,117.29987335205078,33969900,,,1.0,120.760002,122.0,118.269997,118.339996
GOOGL,2023-06-27,117.08000183105469,119.08000183105469,116.0999984741211,118.33000183105469,117.28996276855469,39535900,,,1.0,117.080002,119.080002,116.099998,118.330002
GOOGL,2023-06-28,117.08999633789062,120.38999938964844,116.8499984741211,120.18000030517578,119.12371063232422,27091400,,,1.0,117.089996,120.389999,116.849998,120.18
GOOGL,2023-06-29,119.23999786376953,120.05999755859375,118.30000305175781,119.0999984741211,118.05320739746094,24090900,,,1.0,119.239998,120.059998,118.300003,119.099998
GOOGL,2023-06-30,120.16999816894531,121.08000183105469,119.69000244140625,119.69999694824219,118.64790344238281,29532200,,,1.0,120.169998,121.080002,119.690002,119.699997
GOOGL,2023-07-03,119.23999786376953,120.19000244140625,118.81999969482422,119.9000015258789,118.84617614746094,14467900,,,1.0,119.239998,120.190002,118.82,119.900002
GOOGL,2023-07-05,119.23999786376953,122.61000061035156,119.2300033569336,121.75,120.6799087524414,27584800,,,1.0,119.239998,122.610001,119.230003,121.75
GOOGL,2023-07-06,119.80000305175781,120.30000305175781,118.4000015258789,120.11000061035156,119.05430603027344,24745200,,,1.0,119.800003,120.300003,118.400002,120.110001
GOOGL,2023-07-07,120.0999984741211,121.05000305175781,119.4000015258789,119.4800033569336,118.42984771728516,21709500,,,1.0,120.099998,121.050003,119.400002,119.480003
GOOGL,2023-07-10,118.30000305175781,118.30999755859375,116.13999938964844,116.44999694824219,115.42649841308594,35315200,,,1.0,118.300003,118.309998,116.139999,116.449997
GOOGL,2023-07-11,116.29000091552734,117.70999908447266,115.3499984741211,117.13999938964844,116.11042022705078,23078800,,,1.0,116.290001,117.709999,115.349998,117.139999
GOOGL,2023-07-12,118.80000305175781,120.33000183105469,118.41000366210938,118.93000030517578,117.88469696044922,30404400,,,1.0,118.800003,120.330002,118.410004,118.93
GOOGL,2023-07-13,120.93000030517578,124.83000183105469,120.44999694824219,124.54000091552734,123.44538879394531,44297900,,,1.0,120.93,124.830002,120.449997,124.540001
GOOGL,2023-07-14,124.80000305175781,126.77999877929688,123.48999786376953,125.41999816894531,124.31764221191406,33283100,,,1.0,124.800003,126.779999,123.489998,125.419998
GOOGL,2023-07-17,125.94000244140625,127.0999984741211,124.19999694824219,124.6500015258789,123.55441284179688,25716200,,,1.0,125.940002,127.099998,124.199997,124.650002
GOOGL,2023-07-18,124.5999984741211,124.68000030517578,122.95999908447266,123.76000213623047,122.67223358154297,26193600,,,1.0,124.599998,124.68,122.959999,123.760002
GOOGL,2023-07-19,124.5999984741211,125.18000030517578,121.80000305175781,122.02999877929688,120.95742797851562,37224000,,,1.0,124.599998,125.18,121.800003,122.029999
GOOGL,2023-07-20,121.41999816894531,124.08999633789062,118.22000122070312,119.19999694824219,118.15231323242188,37906800,,,1.0,121.419998,124.089996,118.220001,119.199997
GOOGL,2023-07-21,120.62000274658203,120.98999786376953,118.7300033569336,120.0199966430664,118.9651107788086,72937900,,,1.0,120.620003,120.989998,118.730003,120.019997
GOOGL,2023-07-24,121.66000366210938,123.0,120.9800033569336,121.52999877929688,120.46183776855469,29686100,,,1.0,121.660004,123.0,120.980003,121.529999
GOOGL,2023-07-25,121.36000061035156,123.1500015258789,121.0199966430664,122.20999908447266,121.13585662841797,52509600,,,1.0,121.360001,123.150002,121.019997,122.209999
GOOGL,2023-07-26,130.07000732421875,130.97999572753906,128.32000732421875,129.27000427246094,128.13380432128906,61682100,,,1.0,130.070007,130.979996,128.320007,129.270004
GOOGL,2023-07-27,131.6699981689453,133.24000549316406,128.7899932861328,129.39999389648438,128.2626495361328,44952100,,,1.0,131.669998,133.240005,128.789993,129.399994
GOOGL,2023-07-28,130.77999877929688,133.74000549316406,130.57000732421875,132.5800018310547,131.41473388671875,36591200,,,1.0,130.779999,133.740005,130.570007,132.580002
GOOGL,2023-07-31,132.72999572753906,133.52999877929688,131.77999877929688,132.72000122070312,131.55348205566406,28055500,,,1.0,132.729996,133.529999,131.779999,132.720001
GOOGL,2023-08-01,130.77999877929688,132.6300048828125,130.67999267578125,131.5500030517578,130.39376831054688,23166800,,,1.0,130.779999,132.630005,130.679993,131.550003
GOOGL,2023-08-02,129.4499969482422,130.08999633789062,127.55999755859375,128.3800048828125,127.25162506103516,26273300,,,1.0,129.449997,130.089996,127.559998,128.380005
GOOGL,2023-08-03,127.97000122070312,129.38999938964844,127.41999816894531,128.4499969482422,127.32100677490234,20089500,,,1.0,127.970001,129.389999,127.419998,128.449997
GOOGL,2023-08-04,129.27999877929688,131.50999450683594,127.91000366210938,128.11000061035156,126.98401641845703,26147200,,,1.0,129.279999,131.509995,127.910004,128.110001
GOOGL,2023-08-07,129.16000366210938,131.61000061035156,129.02000427246094,131.52999877929688,130.37396240234375,22746300,,,1.0,129.160004,131.610001,129.020004,131.529999
GOOGL,2023-08-08,130.6199951171875,131.50999450683594,129.5399932861328,131.39999389648438,130.2450714111328,23535200,,,1.0,130.619995,131.509995,129.539993,131.399994
GOOGL,2023-08-09,131.66000366210938,132.0399932861328,129.0,129.66000366210938,128.52037048339844,24912900,,,1.0,131.660004,132.039993,129.0,129.660004
GOOGL,2023-08-10,131.32000732421875,132.0500030517578,129.4499969482422,129.69000244140625,128.5501251220703,20857800,,,1.0,131.320007,132.050003,129.449997,129.690002
GOOGL,2023-08-11,128.66000366210938,129.92999267578125,128.1699981689453,129.55999755859375,128.42124938964844,19591100,,,1.0,128.660004,129.929993,128.169998,129.559998
GOOGL,2023-08-14,129.38999938964844,131.3699951171875,128.9600067138672,131.3300018310547,130.17567443847656,24695600,,,1.0,129.389999,131.369995,128.960007,131.330002
GOOGL,2023-08-15,131.10000610351562,131.4199981689453,129.27999877929688,129.77999877929688,128.6393280029297,19770700,,,1.0,131.100006,131.419998,129.279999,129.779999
GOOGL,2023-08-16,128.6999969482422,130.27999877929688,127.87000274658203,128.6999969482422,127.56880950927734,25216100,,,1.0,128.699997,130.279999,127.870003,128.699997
GOOGL,2023-08-17,129.8000030517578,131.99000549316406,129.2899932861328,129.9199981689453,128.778076171875,33446300,,,1.0,129.800003,131.990005,129.289993,129.919998
GOOGL,2023-08-18,128.50999450683594,129.25,126.37999725341797,127.45999908447266,126.33971405029297,30504800,,,1.0,128.509995,129.25,126.379997,127.459999
GOOGL,2023-08-21,127.18000030517578,128.72999572753906,126.55999755859375,128.3699951171875,127.24171447753906,25248700,,,1.0,127.18,128.729996,126.559998,128.369995
GOOGL,2023-08-22,128.50999450683594,130.27999877929688,128.32000732421875,129.0800018310547,127.9454574584961,22054900,,,1.0,128.509995,130.279999,128.320007,129.080002
GOOGL,2023-08-23,130.17999267578125,133.41000366210938,129.8699951171875,132.3699951171875,131.20657348632812,27819700,,,1.0,130.179993,133.410004,129.869995,132.369995
GOOGL,2023-08-24,133.9499969482422,134.25,129.57000732421875,129.77999877929688,128.6393280029297,28500700,,,1.0,133.949997,134.25,129.570007,129.779999
GOOGL,2023-08-25,129.5399932861328,130.75999450683594,127.25,129.8800048828125,128.7384490966797,26762900,,,1.0,129.539993,130.759995,127.25,129.880005
GOOGL,2023-08-28,131.30999755859375,132.5399932861328,130.13999938964844,131.00999450683594,129.85850524902344,20543300,,,1.0,131.309998,132.539993,130.139999,131.009995
GOOGL,2023-08-29,132.24000549316406,136.57000732421875,132.24000549316406,134.57000732421875,133.38723754882812,43075600,,,1.0,132.240005,136.570007,132.240005,134.570007
GOOGL,2023-08-30,134.77999877929688,136.27999877929688,134.07000732421875,135.8800048828125,134.6857147216797,28315800,,,1.0,134.779999,136.279999,134.070007,135.880005
GOOGL,2023-08-31,136.00999450683594,138.0,135.7899932861328,136.1699981689453,134.97317504882812,30053800,,,1.0,136.009995,138.0,135.789993,136.169998
GOOGL,2023-09-01,137.4600067138672,137.4600067138672,134.85000610351562,135.66000366210938,134.4676513671875,21543700,,,1.0,137.460007,137.460007,134.850006,135.660004
GOOGL,2023-09-05,135.44000244140625,136.4199981689453,134.5800018310547,135.77000427246094,134.57667541503906,19403100,,,1.0,135.440002,136.419998,134.580002,135.770004
GOOGL,2023-09-06,136.02000427246094,136.52999877929688,133.6699981689453,134.4600067138672,133.2781982421875,18684500,,,1.0,136.020004,136.529999,133.669998,134.460007
GOOGL,2023-09-07,133.58999633789062,135.5800018310547,132.9499969482422,135.25999450683594,134.0711669921875,18844300,,,1.0,133.589996,135.580002,132.949997,135.259995
GOOGL,2023-09-08,134.91000366210938,136.66000366210938,134.85000610351562,136.3800048828125,135.18133544921875,23558300,,,1.0,134.910004,136.660004,134.850006,136.380005
GOOGL,2023-09-11,136.5399932861328,137.47999572753906,135.7899932861328,136.9199981689453,135.71656799316406,20763400,,,1.0,136.539993,137.479996,135.789993,136.919998
GOOGL,2023-09-12,136.25999450683594,136.8699951171875,135.19000244140625,135.33999633789062,134.15048217773438,18405500,,,1.0,136.259995,136.869995,135.190002,135.339996
GOOGL,2023-09-13,135.08999633789062,136.89999389648438,134.14999389648438,136.7100067138672,135.50843811035156,20749500,,,1.0,135.089996,136.899994,134.149994,136.710007
GOOGL,2023-09-14,137.60000610351562,138.6999969482422,136.24000549316406,138.10000610351562,136.88619995117188,24751000,,,1.0,137.600006,138.699997,136.240005,138.100006
GOOGL,2023-09-15,137.97999572753906,138.52000427246094,136.47999572753906,137.39999389648438,136.19235229492188,38919600,,,1.0,137.979996,138.520004,136.479996,137.399994
GOOGL,2023-09-18,136.61000061035156,139.16000366210938,136.61000061035156,138.2100067138672,136.9952392578125,21861300,,,1.0,136.610001,139.160004,136.610001,138.210007
GOOGL,2023-09-19,137.4199981689453,138.41000366210938,136.6199951171875,138.0399932861328,136.82672119140625,20353700,,,1.0,137.419998,138.410004,136.619995,138.039993
GOOGL,2023-09-20,138.0800018310547,138.0800018310547,133.6199951171875,133.74000549316406,132.56451416015625,29927500,,,1.0,138.080002,138.080002,133.619995,133.740005
GOOGL,2023-09-21,131.44000244140625,132.22999572753906,130.07000732421875,130.44000244140625,129.29354858398438,31503900,,,1.0,131.440002,132.229996,130.070007,130.440002
GOOGL,2023-09-22,130.75999450683594,132.02999877929688,129.60000610351562,130.25,129.1051788330078,26397300,,,1.0,130.759995,132.029999,129.600006,130.25
GOOGL,2023-09-25,129.8300018310547,131.1699981689453,128.9600067138672,131.11000061035156,129.95765686035156,20094600,,,1.0,129.830002,131.169998,128.960007,131.110001
GOOGL,2023-09-26,129.77000427246094,130.36000061035156,127.22000122070312,128.57000732421875,127.43997955322266,25718700,,,1.0,129.770004,130.360001,127.220001,128.570007
GOOGL,2023-09-27,128.57000732421875,130.89999389648438,128.57000732421875,130.5399932861328,129.39263916015625,22746500,,,1.0,128.570007,130.899994,128.570007,130.539993
GOOGL,2023-09-28,129.83999633789062,133.3000030517578,129.7899932861328,132.30999755859375,131.14706420898438,22513100,,,1.0,129.839996,133.300003,129.789993,132.309998
GOOGL,2023-09-29,133.27999877929688,134.0500030517578,130.36000061035156,130.86000061035156,129.7098388671875,30859800,,,1.0,133.279999,134.050003,130.360001,130.860001
GOOGL,2023-10-02,131.2100067138672,134.4199981689453,131.1699981689453,134.1699981689453,132.99073791503906,22288000,,,1.0,131.210007,134.419998,131.169998,134.169998
GOOGL,2023-10-03,133.94000244140625,134.25999450683594,131.83999633789062,132.42999267578125,131.26602172851562,22989400,,,1.0,133.940002,134.259995,131.839996,132.429993
GOOGL,2023-10-04,132.7899932861328,135.57000732421875,132.52999877929688,135.24000549316406,134.0513153076172,26752300,,,1.0,132.789993,135.570007,132.529999,135.240005
GOOGL,2023-10-05,135.07000732421875,135.49000549316406,133.4499969482422,135.07000732421875,133.88284301757812,19832600,,,1.0,135.070007,135.490005,133.449997,135.070007
GOOGL,2023-10-06,134.00999450683594,138.16000366210938,134.00999450683594,137.5800018310547,136.3707733154297,27597600,,,1.0,134.009995,138.160004,134.009995,137.580002
GOOGL,2023-10-09,136.94000244140625,138.94000244140625,135.61000061035156,138.4199981689453,137.20339965820312,19278100,,,1.0,136.940002,138.940002,135.610001,138.419998
GOOGL,2023-10-10,138.5,139.72000122070312,137.3300018310547,138.05999755859375,136.84652709960938,27786600,,,1.0,138.5,139.720001,137.330002,138.059998
GOOGL,2023-10-11,138.5800018310547,141.11000061035156,138.5800018310547,140.5500030517578,139.3146514892578,25884300,,,1.0,138.580002,141.110001,138.580002,140.550003
GOOGL,2023-10-12,141.0500030517578,141.22000122070312,138.25999450683594,138.97000122070312,137.74853515625,24765500,,,1.0,141.050003,141.220001,138.259995,138.970001
GOOGL,2023-10-13,139.3800048828125,140.0,136.6199951171875,137.36000061035156,136.1527099609375,23420500,,,1.0,139.380005,140.0,136.619995,137.360001
GOOGL,2023-10-16,138.1699981689453,139.6300048828125,137.99000549316406,139.10000610351562,137.87742614746094,28501900,,,1.0,138.169998,139.630005,137.990005,139.100006
GOOGL,2023-10-17,138.6300048828125,139.89999389648438,137.17999267578125,139.72000122070312,138.49195861816406,23515800,,,1.0,138.630005,139.899994,137.179993,139.720001
GOOGL,2023-10-18,139.4499969482422,140.72000122070312,137.3800048828125,137.9600067138672,136.7474365234375,23375000,,,1.0,139.449997,140.720001,137.380005,137.960007
GOOGL,2023-10-19,138.5,139.66000366210938,137.3800048828125,137.75,136.53927612304688,26066000,,,1.0,138.5,139.660004,137.380005,137.75
GOOGL,2023-10-20,137.3300018310547,137.8699951171875,135.0800018310547,135.60000610351562,134.40817260742188,26335700,,,1.0,137.330002,137.869995,135.080002,135.600006
GOOGL,2023-10-23,135.0399932861328,137.66000366210938,133.9499969482422,136.5,135.30026245117188,26317900,,,1.0,135.039993,137.660004,133.949997,136.5
GOOGL,2023-10-24,137.8300018310547,139.36000061035156,137.4199981689453,138.80999755859375,137.58993530273438,44814300,,,1.0,137.830002,139.360001,137.419998,138.809998
GOOGL,2023-10-25,128.16000366210938,128.30999755859375,125.06999969482422,125.61000061035156,124.5059814453125,84366200,,,1.0,128.160004,128.309998,125.07,125.610001
GOOGL,2023-10-26,123.2699966430664,124.33000183105469,121.2699966430664,122.27999877929688,121.20523834228516,57061100,,,1.0,123.269997,124.330002,121.269997,122.279999
GOOGL,2023-10-27,122.87999725341797,123.30999755859375,120.20999908447266,122.16999816894531,121.09622192382812,44566500,,,1.0,122.879997,123.309998,120.209999,122.169998
GOOGL,2023-10-30,123.20999908447266,125.4000015258789,122.75,124.45999908447266,123.36607360839844,28940100,,,1.0,123.209999,125.400002,122.75,124.459999
GOOGL,2023-10-31,125.05999755859375,125.37000274658203,122.69000244140625,124.08000183105469,122.98941802978516,26292300,,,1.0,125.059998,125.370003,122.690002,124.080002
GOOGL,2023-11-01,124.06999969482422,126.48999786376953,123.72000122070312,126.44999694824219,125.33859252929688,30082400,,,1.0,124.07,126.489998,123.720001,126.449997
GOOGL,2023-11-02,128.4199981689453,128.97999572753906,126.93000030517578,127.48999786376953,126.36945343017578,27124600,,,1.0,128.419998,128.979996,126.93,127.489998
GOOGL,2023-11-03,128.02000427246094,129.52999877929688,127.86000061035156,129.10000610351562,127.96530151367188,26393100,,,1.0,128.020004,129.529999,127.860001,129.100006
GOOGL,2023-11-06,129.0500030517578,130.33999633789062,128.6699981689453,130.25,129.1051788330078,19052700,,,1.0,129.050003,130.339996,128.669998,130.25
GOOGL,2023-11-07,130.7100067138672,131.91000366210938,129.8800048828125,130.97000122070312,129.81884765625,29757300,,,1.0,130.710007,131.910004,129.880005,130.970001
GOOGL,2023-11-08,130.97000122070312,132.2100067138672,130.77999877929688,131.83999633789062,130.6811981201172,26425800,,,1.0,130.970001,132.210007,130.779999,131.839996
GOOGL,2023-11-09,131.9600067138672,132.5500030517578,130.07000732421875,130.24000549316406,129.09532165527344,23747800,,,1.0,131.960007,132.550003,130.070007,130.240005
GOOGL,2023-11-10,130.10000610351562,132.8000030517578,129.41000366210938,132.58999633789062,131.4246063232422,26913300,,,1.0,130.100006,132.800003,129.410004,132.589996
GOOGL,2023-11-13,131.77999877929688,132.58999633789062,131.25,132.08999633789062,130.9290313720703,18324800,,,1.0,131.779999,132.589996,131.25,132.089996
GOOGL,2023-11-14,134.19000244140625,135.6999969482422,133.32000732421875,133.6199951171875,132.445556640625,32395200,,,1.0,134.190002,135.699997,133.320007,133.619995
GOOGL,2023-11-15,134.8699951171875,135.02999877929688,133.57000732421875,134.6199951171875,133.436767578125,23861500,,,1.0,134.869995,135.029999,133.570007,134.619995
GOOGL,2023-11-16,135.19000244140625,137.22000122070312,134.32000732421875,136.92999267578125,135.72647094726562,28013200,,,1.0,135.190002,137.220001,134.320007,136.929993
GOOGL,2023-11-17,136.0,136.05999755859375,133.64999389648438,135.30999755859375,134.12071228027344,37240600,,,1.0,136.0,136.059998,133.649994,135.309998
GOOGL,2023-11-20,133.69000244140625,136.66000366210938,133.6199951171875,136.25,135.05245971679688,27815500,,,1.0,133.690002,136.660004,133.619995,136.25
GOOGL,2023-11-21,136.2899932861328,137.17999267578125,135.9600067138672,136.97000122070312,135.7661590576172,22635300,,,1.0,136.289993,137.179993,135.960007,136.970001
GOOGL,2023-11-22,137.47000122070312,139.4199981689453,137.47000122070312,138.49000549316406,137.2727813720703,17813900,,,1.0,137.470001,139.419998,137.470001,138.490005
GOOGL,2023-11-24,138.02999877929688,138.1300048828125,135.99000549316406,136.69000244140625,135.4886016845703,12514300,,,1.0,138.029999,138.130005,135.990005,136.690002
GOOGL,2023-11-27,136.02999877929688,138.4199981689453,136.0,136.41000366210938,135.21104431152344,23436500,,,1.0,136.029999,138.419998,136.0,136.410004
GOOGL,2023-11-28,136.0800018310547,137.25,135.4199981689453,137.1999969482422,135.99412536621094,18730000,,,1.0,136.080002,137.25,135.419998,137.199997
GOOGL,2023-11-29,137.57000732421875,138.2899932861328,134.83999633789062,134.99000549316406,133.8035430908203,23967200,,,1.0,137.570007,138.289993,134.839996,134.990005
GOOGL,2023-11-30,135.0500030517578,135.5500030517578,131.27999877929688,132.52999877929688,131.3651580810547,38988300,,,1.0,135.050003,135.550003,131.279999,132.529999
GOOGL,2023-12-01,131.86000061035156,132.11000061035156,130.6699981689453,131.86000061035156,130.7010498046875,31442300,,,1.0,131.860001,132.110001,130.669998,131.860001
GOOGL,2023-12-04,129.8800048828125,130.02999877929688,127.9000015258789,129.27000427246094,128.13380432128906,36669900,,,1.0,129.880005,130.029999,127.900002,129.270004
GOOGL,2023-12-05,128.9499969482422,132.13999938964844,128.25,130.99000549316406,129.83872985839844,27384800,,,1.0,128.949997,132.139999,128.25,130.990005
GOOGL,2023-12-06,131.44000244140625,131.83999633789062,129.8800048828125,130.02000427246094,128.87722778320312,23576200,,,1.0,131.440002,131.839996,129.880005,130.020004
GOOGL,2023-12-07,135.0399932861328,138.55999755859375,134.6999969482422,136.92999267578125,135.72647094726562,56767100,,,1.0,135.039993,138.559998,134.699997,136.929993
GOOGL,2023-12-08,134.1999969482422,136.39999389648438,134.02999877929688,134.99000549316406,133.8035430908203,32260100,,,1.0,134.199997,136.399994,134.029999,134.990005
GOOGL,2023-12-11,132.3800048828125,133.33999633789062,131.36000061035156,133.2899932861328,132.1184844970703,31138000,,,1.0,132.380005,133.339996,131.360001,133.289993
GOOGL,2023-12-12,131.80999755859375,133.0,131.25999450683594,132.52000427246094,131.355224609375,29032800,,,1.0,131.809998,133.0,131.259995,132.520004
GOOGL,2023-12-13,133.3800048828125,133.5,131.57000732421875,132.57000732421875,131.40478515625,30104800,,,1.0,133.380005,133.5,131.570007,132.570007
GOOGL,2023-12-14,133.3800048828125,133.72000122070312,129.69000244140625,131.94000244140625,130.78036499023438,38722400,,,1.0,133.380005,133.720001,129.690002,131.940002
GOOGL,2023-12-15,131.6199951171875,133.50999450683594,131.17999267578125,132.60000610351562,131.4345245361328,50847100,,,1.0,131.619995,133.509995,131.179993,132.600006
GOOGL,2023-12-18,132.6300048828125,137.14999389648438,132.42999267578125,135.8000030517578,134.6063995361328,32258000,,,1.0,132.630005,137.149994,132.429993,135.800003
GOOGL,2023-12-19,136.83999633789062,137.47000122070312,136.0800018310547,136.64999389648438,135.4489288330078,25476800,,,1.0,136.839996,137.470001,136.080002,136.649994
GOOGL,2023-12-20,138.97000122070312,141.6999969482422,138.07000732421875,138.33999633789062,137.12408447265625,49107200,,,1.0,138.970001,141.699997,138.070007,138.339996
GOOGL,2023-12-21,139.49000549316406,140.69000244140625,139.17999267578125,140.4199981689453,139.18580627441406,27488300,,,1.0,139.490005,140.690002,139.179993,140.419998
GOOGL,2023-12-22,140.77000427246094,141.99000549316406,140.7100067138672,141.49000549316406,140.24639892578125,26532200,,,1.0,140.770004,141.990005,140.710007,141.490005
GOOGL,2023-12-26,141.58999633789062,142.67999267578125,141.19000244140625,141.52000427246094,140.276123046875,16780300,,,1.0,141.589996,142.679993,141.190002,141.520004
GOOGL,2023-12-27,141.58999633789062,142.0800018310547,139.88999938964844,140.3699951171875,139.13626098632812,19628600,,,1.0,141.589996,142.080002,139.889999,140.369995
GOOGL,2023-12-28,140.77999877929688,141.13999938964844,139.75,140.22999572753906,138.9974822998047,16045700,,,1.0,140.779999,141.139999,139.75,140.229996
GOOGL,2023-12-29,139.6300048828125,140.36000061035156,138.77999877929688,139.69000244140625,138.4622344970703,18733000,,,1.0,139.630005,140.360001,138.779999,139.690002
GOOGL,2024-01-02,138.5500030517578,139.4499969482422,136.47999572753906,138.1699981689453,136.95558166503906,23711200,,,1.0,138.550003,139.449997,136.479996,138.169998
GOOGL,2024-01-03,137.25,139.6300048828125,137.0800018310547,138.9199981689453,137.69898986816406,24212100,,,1.0,137.25,139.630005,137.080002,138.919998
GOOGL,2024-01-04,138.4199981689453,139.16000366210938,136.35000610351562,136.38999938964844,135.19122314453125,27137700,,,1.0,138.419998,139.160004,136.350006,136.389999
GOOGL,2024-01-05,136.75,137.16000366210938,135.14999389648438,135.72999572753906,134.53701782226562,22513900,,,1.0,136.75,137.160004,135.149994,135.729996
GOOGL,2024-01-08,136.2899932861328,139.00999450683594,136.25999450683594,138.83999633789062,137.61968994140625,21404000,,,1.0,136.289993,139.009995,136.259995,138.839996
GOOGL,2024-01-09,138.5,141.49000549316406,138.14999389648438,140.9499969482422,139.71116638183594,24759600,,,1.0,138.5,141.490005,138.149994,140.949997
GOOGL,2024-01-10,141.0,143.0,140.91000366210938,142.27999877929688,141.02944946289062,21320200,,,1.0,141.0,143.0,140.910004,142.279999
GOOGL,2024-01-11,143.49000549316406,145.22000122070312,140.63999938964844,142.0800018310547,140.83123779296875,24008700,,,1.0,143.490005,145.220001,140.639999,142.080002
GOOGL,2024-01-12,142.6699981689453,143.1999969482422,141.82000732421875,142.64999389648438,141.39620971679688,18785500,,,1.0,142.669998,143.199997,141.820007,142.649994
GOOGL,2024-01-16,142.0,144.35000610351562,141.4499969482422,142.49000549316406,141.2376251220703,22670500,,,1.0,142.0,144.350006,141.449997,142.490005
GOOGL,2024-01-17,141.35000610351562,141.83999633789062,138.89999389648438,141.47000122070312,140.22657775878906,20968600,,,1.0,141.350006,141.839996,138.899994,141.470001
GOOGL,2024-01-18,142.0500030517578,144.2100067138672,141.99000549316406,143.47999572753906,142.2189178466797,25746400,,,1.0,142.050003,144.210007,141.990005,143.479996
GOOGL,2024-01-19,144.74000549316406,146.4499969482422,144.3800048828125,146.3800048828125,145.0934295654297,34271900,,,1.0,144.740005,146.449997,144.380005,146.380005
GOOGL,2024-01-22,147.10000610351562,148.38999938964844,145.83999633789062,145.99000549316406,144.7068634033203,32200400,,,1.0,147.100006,148.389999,145.839996,145.990005
GOOGL,2024-01-23,145.88999938964844,147.17999267578125,145.5,147.0399932861328,145.7476348876953,21636100,,,1.0,145.889999,147.179993,145.5,147.039993
GOOGL,2024-01-24,148.5399932861328,149.85000610351562,148.10000610351562,148.6999969482422,147.3930206298828,25233500,,,1.0,148.539993,149.850006,148.100006,148.699997
GOOGL,2024-01-25,150.07000732421875,153.0500030517578,149.5399932861328,151.8699951171875,150.53515625,29149100,,,1.0,150.070007,153.050003,149.539993,151.869995
GOOGL,2024-01-26,151.10000610351562,152.5399932861328,151.00999450683594,152.19000244140625,150.85235595703125,26115500,,,1.0,151.100006,152.539993,151.009995,152.190002
GOOGL,2024-01-29,152.05999755859375,153.77999877929688,151.42999267578125,153.50999450683594,152.16078186035156,27784300,,,1.0,152.059998,153.779999,151.429993,153.509995
GOOGL,2024-01-30,152.8000030517578,153.6199951171875,151.19000244140625,151.4600067138672,150.12875366210938,36331800,,,1.0,152.800003,153.619995,151.190002,151.460007
GOOGL,2024-01-31,143.6199951171875,144.0,139.8699951171875,140.10000610351562,138.86862182617188,71910000,,,1.0,143.619995,144.0,139.869995,140.100006
GOOGL,2024-02-01,142.1199951171875,143.05999755859375,140.7899932861328,141.16000366210938,139.91928100585938,40466500,,,1.0,142.119995,143.059998,140.789993,141.160004
GOOGL,2024-02-02,139.25999450683594,142.6199951171875,136.5,142.3800048828125,141.1285858154297,62499600,,,1.0,139.259995,142.619995,136.5,142.380005
GOOGL,2024-02-05,142.82000732421875,145.47000122070312,142.77999877929688,143.67999267578125,142.41714477539062,38505400,,,1.0,142.820007,145.470001,142.779999,143.679993
GOOGL,2024-02-06,144.64999389648438,145.36000061035156,143.19000244140625,144.10000610351562,142.8334503173828,29128200,,,1.0,144.649994,145.360001,143.190002,144.100006
GOOGL,2024-02-07,144.75999450683594,145.6199951171875,143.92999267578125,145.5399932861328,144.26080322265625,25208900,,,1.0,144.759995,145.619995,143.929993,145.539993
GOOGL,2024-02-08,145.8300018310547,146.3300018310547,145.10000610351562,145.91000366210938,144.6275634765625,22563800,,,1.0,145.830002,146.330002,145.100006,145.910004
GOOGL,2024-02-09,146.67999267578125,149.44000244140625,146.17999267578125,149.0,147.69041442871094,26829500,,,1.0,146.679993,149.440002,146.179993,149.0
GOOGL,2024-02-12,148.4199981689453,149.33999633789062,147.3699951171875,147.52999877929688,146.23330688476562,21564100,,,1.0,148.419998,149.339996,147.369995,147.529999
GOOGL,2024-02-13,144.9199981689453,146.6699981689453,143.69000244140625,145.13999938964844,143.8643341064453,27837700,,,1.0,144.919998,146.669998,143.690002,145.139999
GOOGL,2024-02-14,146.0800018310547,146.52000427246094,144.08999633789062,145.94000244140625,144.65728759765625,22704200,,,1.0,146.080002,146.520004,144.089996,145.940002
GOOGL,2024-02-15,143.13999938964844,143.52000427246094,140.4600067138672,142.77000427246094,141.51516723632812,37590700,,,1.0,143.139999,143.520004,140.460007,142.770004
GOOGL,2024-02-16,142.99000549316406,143.19000244140625,140.13999938964844,140.52000427246094,139.2849578857422,31468900,,,1.0,142.990005,143.190002,140.139999,140.520004
GOOGL,2024-02-20,139.66000366210938,142.0800018310547,139.49000549316406,141.1199951171875,139.87965393066406,25144700,,,1.0,139.660004,142.080002,139.490005,141.119995
GOOGL,2024-02-21,141.4499969482422,142.69000244140625,140.67999267578125,142.5500030517578,141.29708862304688,23223300,,,1.0,141.449997,142.690002,140.679993,142.550003
GOOGL,2024-02-22,144.92999267578125,145.0,142.8000030517578,144.08999633789062,142.82354736328125,27191900,,,1.0,144.929993,145.0,142.800003,144.089996
GOOGL,2024-02-23,143.6699981689453,144.67999267578125,143.42999267578125,143.9600067138672,142.69468688964844,19493800,,,1.0,143.669998,144.679993,143.429993,143.960007
GOOGL,2024-02-26,142.13999938964844,142.44000244140625,137.38999938964844,137.57000732421875,136.3608856201172,53641800,,,1.0,142.139999,142.440002,137.389999,137.570007
GOOGL,2024-02-27,138.02000427246094,139.25,137.08999633789062,138.8800048828125,137.65933227539062,33099200,,,1.0,138.020004,139.25,137.089996,138.880005
GOOGL,2024-02-28,137.89999389648438,138.00999450683594,135.41000366210938,136.3800048828125,135.18133544921875,37328600,,,1.0,137.899994,138.009995,135.410004,136.380005
GOOGL,2024-02-29,137.27999877929688,138.86000061035156,136.39999389648438,138.4600067138672,137.24305725097656,42133000,,,1.0,137.279999,138.860001,136.399994,138.460007
GOOGL,2024-03-01,138.42999267578125,138.8699951171875,136.9199981689453,137.13999938964844,135.9346466064453,31151100,,,1.0,138.429993,138.869995,136.919998,137.139999
GOOGL,2024-03-04,135.66000366210938,135.66000366210938,131.91000366210938,133.35000610351562,132.1779327392578,55999400,,,1.0,135.660004,135.660004,131.910004,133.350006
GOOGL,2024-03-05,131.8800048828125,133.24000549316406,130.6699981689453,132.6699981689453,131.50390625,40194800,,,1.0,131.880005,133.240005,130.669998,132.669998
GOOGL,2024-03-06,133.1199951171875,133.5800018310547,130.85000610351562,131.39999389648438,130.2450714111328,35318600,,,1.0,133.119995,133.580002,130.850006,131.399994
GOOGL,2024-03-07,132.7899932861328,134.94000244140625,131.61000061035156,134.3800048828125,133.19888305664062,37738200,,,1.0,132.789993,134.940002,131.610001,134.380005
GOOGL,2024-03-08,134.2100067138672,138.08999633789062,134.0,135.41000366210938,134.21983337402344,39370400,,,1.0,134.210007,138.089996,134.0,135.410004
GOOGL,2024-03-11,136.1300048828125,139.10000610351562,136.1300048828125,137.6699981689453,136.45997619628906,32437800,,,1.0,136.130005,139.100006,136.130005,137.669998
GOOGL,2024-03-12,137.02999877929688,139.3800048828125,137.02999877929688,138.5,137.28268432617188,27563400,,,1.0,137.029999,139.380005,137.029999,138.5
GOOGL,2024-03-13,139.0,141.08999633789062,138.99000549316406,139.7899932861328,138.5613250732422,23347200,,,1.0,139.0,141.089996,138.990005,139.789993
GOOGL,2024-03-14,141.19000244140625,143.58999633789062,140.4600067138672,143.10000610351562,141.84225463867188,42753400,,,1.0,141.190002,143.589996,140.460007,143.100006
GOOGL,2024-03-15,142.5,143.17999267578125,140.02999877929688,141.17999267578125,139.93911743164062,49475400,,,1.0,142.5,143.179993,140.029999,141.179993
GOOGL,2024-03-18,148.61000061035156,152.14999389648438,147.1699981689453,147.67999267578125,146.38198852539062,69273700,,,1.0,148.610001,152.149994,147.169998,147.679993
GOOGL,2024-03-19,148.16000366210938,148.7899932861328,146.0800018310547,147.02999877929688,145.73768615722656,24070400,,,1.0,148.160004,148.789993,146.080002,147.029999
GOOGL,2024-03-20,148.0,148.86000061035156,146.74000549316406,148.74000549316406,147.4326934814453,21311500,,,1.0,148.0,148.860001,146.740005,148.740005
GOOGL,2024-03-21,149.47000122070312,150.3699951171875,146.89999389648438,147.60000610351562,146.30270385742188,24755600,,,1.0,149.470001,150.369995,146.899994,147.600006
GOOGL,2024-03-22,149.1199951171875,151.5800018310547,148.97999572753906,150.77000427246094,149.44482421875,29211800,,,1.0,149.119995,151.580002,148.979996,150.770004
GOOGL,2024-03-25,149.94000244140625,150.3800048828125,147.82000732421875,150.07000732421875,148.75099182128906,19229300,,,1.0,149.940002,150.380005,147.820007,150.070007
GOOGL,2024-03-26,150.22000122070312,152.25999450683594,149.97999572753906,150.6699981689453,149.34571838378906,22149100,,,1.0,150.220001,152.259995,149.979996,150.669998
GOOGL,2024-03-27,151.17999267578125,151.63999938964844,148.89999389648438,150.8699951171875,149.54397583007812,22879200,,,1.0,151.179993,151.639999,148.899994,150.869995
GOOGL,2024-03-28,150.85000610351562,151.42999267578125,150.1699981689453,150.92999267578125,149.60342407226562,24485400,,,1.0,150.850006,151.429993,150.169998,150.929993
GOOGL,2024-04-01,150.69000244140625,155.74000549316406,150.61000061035156,155.49000549316406,154.12338256835938,31730800,,,1.0,150.690002,155.740005,150.610001,155.490005
GOOGL,2024-04-02,153.5,154.6999969482422,152.14999389648438,154.55999755859375,153.2015380859375,24586000,,,1.0,153.5,154.699997,152.149994,154.559998
GOOGL,2024-04-03,153.60000610351562,155.0800018310547,152.72999572753906,154.9199981689453,153.55836486816406,24705000,,,1.0,153.600006,155.080002,152.729996,154.919998
GOOGL,2024-04-04,153.5,154.77000427246094,150.4499969482422,150.52999877929688,149.20692443847656,34724700,,,1.0,153.5,154.770004,150.449997,150.529999
GOOGL,2024-04-05,150.02999877929688,153.4199981689453,149.60000610351562,152.5,151.15963745117188,23459200,,,1.0,150.029999,153.419998,149.600006,152.5
GOOGL,2024-04-08,152.77999877929688,155.27000427246094,152.61000061035156,154.85000610351562,153.48899841308594,20702000,,,1.0,152.779999,155.270004,152.610001,154.850006
GOOGL,2024-04-09,156.08999633789062,158.55999755859375,155.19000244140625,156.60000610351562,155.22360229492188,31079500,,,1.0,156.089996,158.559998,155.190002,156.600006
GOOGL,2024-04-10,156.2100067138672,156.61000061035156,154.67999267578125,156.13999938964844,154.7676544189453,22838600,,,1.0,156.210007,156.610001,154.679993,156.139999
GOOGL,2024-04-11,156.91000366210938,159.67999267578125,156.4600067138672,159.41000366210938,158.00888061523438,27166400,,,1.0,156.910004,159.679993,156.460007,159.410004
GOOGL,2024-04-12,157.9600067138672,160.22000122070312,157.13999938964844,157.72999572753906,156.34365844726562,25353700,,,1.0,157.960007,160.220001,157.139999,157.729996
GOOGL,2024-04-15,158.86000061035156,159.24000549316406,154.58999633789062,154.86000061035156,153.49888610839844,27136500,,,1.0,158.860001,159.240005,154.589996,154.860001
GOOGL,2024-04-16,154.19000244140625,155.64999389648438,153.42999267578125,154.39999389648438,153.04293823242188,20779500,,,1.0,154.190002,155.649994,153.429993,154.399994
GOOGL,2024-04-17,155.6199951171875,157.0800018310547,154.5800018310547,155.47000122070312,154.10353088378906,21763100,,,1.0,155.619995,157.080002,154.580002,155.470001
GOOGL,2024-04-18,155.33999633789062,156.94000244140625,154.6199951171875,156.00999450683594,154.6387939453125,19883000,,,1.0,155.339996,156.940002,154.619995,156.009995
GOOGL,2024-04-19,156.1999969482422,156.36000061035156,152.3000030517578,154.08999633789062,152.73562622070312,32615600,,,1.0,156.199997,156.360001,152.300003,154.089996
GOOGL,2024-04-22,154.30999755859375,157.63999938964844,154.05999755859375,156.27999877929688,154.9064178466797,26446200,,,1.0,154.309998,157.639999,154.059998,156.279999
GOOGL,2024-04-23,156.9600067138672,158.97000122070312,156.27999877929688,158.25999450683594,156.86898803710938,21151600,,,1.0,156.960007,158.970001,156.279999,158.259995
GOOGL,2024-04-24,157.49000549316406,159.57000732421875,157.1699981689453,159.1300048828125,157.7313690185547,22779100,,,1.0,157.490005,159.570007,157.169998,159.130005
GOOGL,2024-04-25,151.3300018310547,156.49000549316406,150.8699951171875,156.0,154.62889099121094,57109700,,,1.0,151.330002,156.490005,150.869995,156.0
GOOGL,2024-04-26,174.3699951171875,174.7100067138672,169.64999389648438,171.9499969482422,170.4386749267578,64665300,,,1.0,174.369995,174.710007,169.649994,171.949997
GOOGL,2024-04-29,169.05999755859375,169.5500030517578,165.2100067138672,166.14999389648438,164.68963623046875,45610000,,,1.0,169.059998,169.550003,165.210007,166.149994
GOOGL,2024-04-30,165.61000061035156,168.10000610351562,162.60000610351562,162.77999877929688,161.3492889404297,33562900,,,1.0,165.610001,168.100006,162.600006,162.779999
GOOGL,2024-05-01,164.3000030517578,167.1199951171875,163.08999633789062,163.86000061035156,162.4197998046875,33493200,,,1.0,164.300003,167.119995,163.089996,163.860001
GOOGL,2024-05-02,164.7899932861328,166.72999572753906,163.88999938964844,166.6199951171875,165.155517578125,24294500,,,1.0,164.789993,166.729996,163.889999,166.619995
GOOGL,2024-05-03,167.55999755859375,167.9600067138672,163.0500030517578,167.24000549316406,165.7700958251953,34662400,,,1.0,167.559998,167.960007,163.050003,167.240005
GOOGL,2024-05-06,167.4600067138672,168.13999938964844,166.02999877929688,168.10000610351562,166.62255859375,21871300,,,1.0,167.460007,168.139999,166.029999,168.100006
GOOGL,2024-05-07,168.5,171.75999450683594,168.38999938964844,171.25,169.7448272705078,28039700,,,1.0,168.5,171.759995,168.389999,171.25
GOOGL,2024-05-08,169.0,170.14999389648438,168.74000549316406,169.3800048828125,167.89126586914062,19569100,,,1.0,169.0,170.149994,168.740005,169.380005
GOOGL,2024-05-09,169.38999938964844,170.69000244140625,168.17999267578125,169.9600067138672,168.4661865234375,15346700,,,1.0,169.389999,170.690002,168.179993,169.960007
GOOGL,2024-05-10,168.02999877929688,169.85000610351562,166.19000244140625,168.64999389648438,167.16766357421875,29799900,,,1.0,168.029999,169.850006,166.190002,168.649994
GOOGL,2024-05-13,164.25999450683594,169.27999877929688,164.0,169.13999938964844,167.6533660888672,31327600,,,1.0,164.259995,169.279999,164.0,169.139999
GOOGL,2024-05-14,169.77000427246094,171.25,168.8000030517578,170.33999633789062,168.8428192138672,25127100,,,1.0,169.770004,171.25,168.800003,170.339996
GOOGL,2024-05-15,170.6300048828125,172.64999389648438,170.50999450683594,172.50999450683594,170.99378967285156,26948400,,,1.0,170.630005,172.649994,170.509995,172.509995
GOOGL,2024-05-16,173.2899932861328,175.1199951171875,172.69000244140625,174.17999267578125,172.64907836914062,27867900,,,1.0,173.289993,175.119995,172.690002,174.179993
GOOGL,2024-05-17,174.17999267578125,176.27000427246094,173.69000244140625,176.05999755859375,174.51254272460938,24479300,,,1.0,174.179993,176.270004,173.690002,176.059998
GOOGL,2024-05-20,176.19000244140625,178.77000427246094,176.0800018310547,176.9199981689453,175.364990234375,22554400,,,1.0,176.190002,178.770004,176.080002,176.919998
GOOGL,2024-05-21,176.89999389648438,178.14999389648438,175.80999755859375,177.85000610351562,176.2868194580078,16989400,,,1.0,176.899994,178.149994,175.809998,177.850006
GOOGL,2024-05-22,176.63999938964844,177.14999389648438,175.2100067138672,176.3800048828125,174.82974243164062,17880000,,,1.0,176.639999,177.149994,175.210007,176.380005
GOOGL,2024-05-23,177.07000732421875,178.25,172.9499969482422,173.5500030517578,172.02462768554688,21024900,,,1.0,177.070007,178.25,172.949997,173.550003
GOOGL,2024-05-24,174.97999572753906,175.77000427246094,173.64999389648438,174.99000549316406,173.45196533203125,16579400,,,1.0,174.979996,175.770004,173.649994,174.990005
GOOGL,2024-05-28,174.4499969482422,177.27000427246094,174.3699951171875,176.39999389648438,174.8495635986328,20572200,,,1.0,174.449997,177.270004,174.369995,176.399994
GOOGL,2024-05-29,175.42999267578125,176.83999633789062,174.72000122070312,175.89999389648438,174.3539581298828,23388700,,,1.0,175.429993,176.839996,174.720001,175.899994
GOOGL,2024-05-30,175.1999969482422,175.22000122070312,171.7899932861328,172.11000061035156,170.59727478027344,22931500,,,1.0,175.199997,175.220001,171.789993,172.110001
GOOGL,2024-05-31,171.86000061035156,173.05999755859375,169.44000244140625,172.5,170.9838409423828,37638900,,,1.0,171.860001,173.059998,169.440002,172.5
GOOGL,2024-06-03,172.5399932861328,174.52999877929688,171.16000366210938,173.1699981689453,171.64794921875,27459100,,,1.0,172.539993,174.529999,171.160004,173.169998
GOOGL,2024-06-04,173.27999877929688,173.85000610351562,171.88999938964844,173.7899932861328,172.26251220703125,26879600,,,1.0,173.279999,173.850006,171.889999,173.789993
GOOGL,2024-06-05,175.1999969482422,176.64999389648438,173.92999267578125,175.41000366210938,173.86827087402344,22068500,,,1.0,175.199997,176.649994,173.929993,175.410004
GOOGL,2024-06-06,175.89999389648438,177.14999389648438,175.75,176.72999572753906,175.1766815185547,23251000,,,1.0,175.899994,177.149994,175.75,176.729996
GOOGL,2024-06-07,177.0500030517578,177.8699951171875,174.3000030517578,174.4600067138672,172.9266357421875,19661400,,,1.0,177.050003,177.869995,174.300003,174.460007
GOOGL,2024-06-10,174.97000122070312,177.05999755859375,172.75999450683594,175.00999450683594,173.67088317871094,23726700,0.2,,1.0,174.970001,177.059998,172.759995,175.009995
GOOGL,2024-06-11,176.22000122070312,176.83999633789062,173.77000427246094,176.6199951171875,175.26853942871094,21540600,,,1.0,176.220001,176.839996,173.770004,176.619995
GOOGL,2024-06-12,178.25,180.41000366210938,176.11000061035156,177.7899932861328,176.4296112060547,27864700,,,1.0,178.25,180.410004,176.110001,177.789993
GOOGL,2024-06-13,176.11000061035156,176.74000549316406,174.8800048828125,175.16000366210938,173.8197479248047,20913300,,,1.0,176.110001,176.740005,174.880005,175.160004
GOOGL,2024-06-14,174.22000122070312,177.05999755859375,174.14999389648438,176.7899932861328,175.43727111816406,18063600,,,1.0,174.220001,177.059998,174.149994,176.789993
GOOGL,2024-06-17,175.4600067138672,178.36000061035156,174.80999755859375,177.24000549316406,175.88381958007812,19618500,,,1.0,175.460007,178.360001,174.809998,177.240005
GOOGL,2024-06-18,177.13999938964844,177.38999938964844,174.10000610351562,175.08999633789062,173.75027465820312,21869900,,,1.0,177.139999,177.389999,174.100006,175.089996
GOOGL,2024-06-20,175.3699951171875,177.2899932861328,174.99000549316406,176.3000030517578,174.9510040283203,20160100,,,1.0,175.369995,177.289993,174.990005,176.300003
GOOGL,2024-06-21,177.0,180.85000610351562,176.61000061035156,179.6300048828125,178.25552368164062,57759000,,,1.0,177.0,180.850006,176.610001,179.630005
GOOGL,2024-06-24,180.16000366210938,180.88999938964844,178.6699981689453,179.22000122070312,177.84866333007812,18298000,,,1.0,180.160004,180.889999,178.669998,179.220001
GOOGL,2024-06-25,179.6199951171875,184.2899932861328,179.4199981689453,184.02999877929688,182.62184143066406,23130200,,,1.0,179.619995,184.289993,179.419998,184.029999
GOOGL,2024-06-26,182.6300048828125,184.50999450683594,182.47999572753906,183.8800048828125,182.4730224609375,19839000,,,1.0,182.630005,184.509995,182.479996,183.880005
GOOGL,2024-06-27,184.17999267578125,186.0500030517578,184.02000427246094,185.41000366210938,183.99130249023438,18848900,,,1.0,184.179993,186.050003,184.020004,185.410004
GOOGL,2024-06-28,184.32000732421875,185.1300048828125,181.9600067138672,182.14999389648438,180.75624084472656,29156600,,,1.0,184.320007,185.130005,181.960007,182.149994
GOOGL,2024-07-01,183.02999877929688,183.8800048828125,181.3000030517578,182.99000549316406,181.58982849121094,16006100,,,1.0,183.029999,183.880005,181.300003,182.990005
GOOGL,2024-07-02,182.0500030517578,185.57000732421875,181.55999755859375,185.24000549316406,183.82260131835938,17372500,,,1.0,182.050003,185.570007,181.559998,185.240005
GOOGL,2024-07-03,184.85000610351562,186.08999633789062,184.0,185.82000732421875,184.39816284179688,10242100,,,1.0,184.850006,186.089996,184.0,185.820007
GOOGL,2024-07-05,185.86000061035156,190.86000061035156,185.8000030517578,190.60000610351562,189.1416015625,20967500,,,1.0,185.860001,190.860001,185.800003,190.600006
GOOGL,2024-07-08,189.89999389648438,190.1699981689453,187.77999877929688,189.02999877929688,187.58360290527344,21035900,,,1.0,189.899994,190.169998,187.779999,189.029999
GOOGL,2024-07-09,190.30999755859375,191.36000061035156,188.72000122070312,188.97999572753906,187.53399658203125,15121400,,,1.0,190.309998,191.360001,188.720001,188.979996
GOOGL,2024-07-10,189.14999389648438,191.75,189.02999877929688,191.17999267578125,189.71714782714844,15952500,,,1.0,189.149994,191.75,189.029999,191.179993
GOOGL,2024-07-11,189.85000610351562,190.86000061035156,185.0800018310547,185.57000732421875,184.15011596679688,25625800,,,1.0,189.850006,190.860001,185.080002,185.570007
GOOGL,2024-07-12,185.0800018310547,187.11000061035156,184.49000549316406,185.07000732421875,183.6539306640625,22898400,,,1.0,185.080002,187.110001,184.490005,185.070007
GOOGL,2024-07-15,184.9199981689453,188.24000549316406,184.9199981689453,186.52999877929688,185.1027374267578,16474000,,,1.0,184.919998,188.240005,184.919998,186.529999
GOOGL,2024-07-16,187.36000061035156,188.67999267578125,183.3699951171875,183.9199981689453,182.51272583007812,18290700,,,1.0,187.360001,188.679993,183.369995,183.919998
GOOGL,2024-07-17,182.97000122070312,183.5500030517578,179.89999389648438,181.02000427246094,179.63490295410156,20734100,,,1.0,182.970001,183.550003,179.899994,181.020004
GOOGL,2024-07-18,181.92999267578125,182.5,176.47000122070312,177.69000244140625,176.33038330078125,25315700,,,1.0,181.929993,182.5,176.470001,177.690002
GOOGL,2024-07-19,178.8800048828125,180.2899932861328,177.1300048828125,177.66000366210938,176.3006134033203,18881900,,,1.0,178.880005,180.289993,177.130005,177.660004
GOOGL,2024-07-22,180.58999633789062,182.6999969482422,180.22999572753906,181.6699981689453,180.27992248535156,24100300,,,1.0,180.589996,182.699997,180.229996,181.669998
GOOGL,2024-07-23,182.0500030517578,183.61000061035156,181.5399932861328,181.7899932861328,180.39898681640625,36352700,,,1.0,182.050003,183.610001,181.539993,181.789993
GOOGL,2024-07-24,173.60000610351562,176.19000244140625,171.82000732421875,172.6300048828125,171.30908203125,49585200,,,1.0,173.600006,176.190002,171.820007,172.630005
GOOGL,2024-07-25,172.52000427246094,173.4199981689453,167.19000244140625,167.27999877929688,166.00003051757812,44852000,,,1.0,172.520004,173.419998,167.190002,167.279999
GOOGL,2024-07-26,167.14999389648438,168.08999633789062,164.05999755859375,167.0,165.72218322753906,41336900,,,1.0,167.149994,168.089996,164.059998,167.0
GOOGL,2024-07-29,168.8300018310547,170.42999267578125,167.99000549316406,169.52999877929688,168.23281860351562,20293800,,,1.0,168.830002,170.429993,167.990005,169.529999
GOOGL,2024-07-30,170.24000549316406,171.22999572753906,168.44000244140625,170.2899932861328,168.9869842529297,18959700,,,1.0,170.240005,171.229996,168.440002,170.289993
GOOGL,2024-07-31,173.24000549316406,174.25,170.00999450683594,171.5399932861328,170.22743225097656,25729100,,,1.0,173.240005,174.25,170.009995,171.539993
GOOGL,2024-08-01,170.25,174.0500030517578,168.8800048828125,170.75999450683594,169.45339965820312,24531400,,,1.0,170.25,174.050003,168.880005,170.759995
GOOGL,2024-08-02,166.44000244140625,168.50999450683594,164.6699981689453,166.66000366210938,165.384765625,29130100,,,1.0,166.440002,168.509995,164.669998,166.660004
GOOGL,2024-08-05,155.5,164.42999267578125,154.92999267578125,159.25,158.0314483642578,53630700,,,1.0,155.5,164.429993,154.929993,159.25
GOOGL,2024-08-06,159.3300018310547,160.57000732421875,156.41000366210938,158.2899932861328,157.07879638671875,49004600,,,1.0,159.330002,160.570007,156.410004,158.289993
GOOGL,2024-08-07,161.25,162.97999572753906,158.47000122070312,158.94000244140625,157.72384643554688,25138600,,,1.0,161.25,162.979996,158.470001,158.940002
GOOGL,2024-08-08,160.50999450683594,163.69000244140625,160.2100067138672,162.02999877929688,160.7902069091797,25578800,,,1.0,160.509995,163.690002,160.210007,162.029999
GOOGL,2024-08-09,160.00999450683594,163.7899932861328,159.05999755859375,163.6699981689453,162.4176483154297,28602300,,,1.0,160.009995,163.789993,159.059998,163.669998
GOOGL,2024-08-12,164.35000610351562,164.89999389648438,161.83999633789062,162.2899932861328,161.04820251464844,15895300,,,1.0,164.350006,164.899994,161.839996,162.289993
GOOGL,2024-08-13,163.41000366210938,164.72999572753906,162.97000122070312,164.16000366210938,162.90391540527344,18551700,,,1.0,163.410004,164.729996,162.970001,164.160004
GOOGL,2024-08-14,162.39999389648438,163.22000122070312,157.7100067138672,160.3699951171875,159.14288330078125,40591100,,,1.0,162.399994,163.220001,157.710007,160.369995
GOOGL,2024-08-15,160.5,161.63999938964844,159.61000061035156,161.3000030517578,160.06578063964844,31524300,,,1.0,160.5,161.639999,159.610001,161.300003
GOOGL,2024-08-16,161.47000122070312,165.05999755859375,161.1300048828125,162.9600067138672,161.7130889892578,24208600,,,1.0,161.470001,165.059998,161.130005,162.960007
GOOGL,2024-08-19,165.27999877929688,166.69000244140625,164.25999450683594,166.6699981689453,165.3946990966797,22416200,,,1.0,165.279999,166.690002,164.259995,166.669998
GOOGL,2024-08-20,166.89999389648438,168.63999938964844,166.82000732421875,167.17999267578125,165.90078735351562,18341500,,,1.0,166.899994,168.639999,166.820007,167.179993
GOOGL,2024-08-21,165.14999389648438,166.85000610351562,164.6699981689453,165.85000610351562,164.58099365234375,22902000,,,1.0,165.149994,166.850006,164.669998,165.850006
GOOGL,2024-08-22,167.25999450683594,167.58999633789062,163.30999755859375,163.8000030517578,162.54666137695312,22493300,,,1.0,167.259995,167.589996,163.309998,163.800003
GOOGL,2024-08-23,164.72000122070312,166.17999267578125,163.8300018310547,165.6199951171875,164.3527374267578,13955700,,,1.0,164.720001,166.179993,163.830002,165.619995
GOOGL,2024-08-26,166.3800048828125,167.5500030517578,164.4600067138672,166.16000366210938,164.88861083984375,14190400,,,1.0,166.380005,167.550003,164.460007,166.160004
GOOGL,2024-08-27,165.83999633789062,166.44000244140625,164.4600067138672,164.67999267578125,163.41990661621094,11821900,,,1.0,165.839996,166.440002,164.460007,164.679993
GOOGL,2024-08-28,165.0399932861328,165.60000610351562,161.52999877929688,162.85000610351562,161.60391235351562,16407400,,,1.0,165.039993,165.600006,161.529999,162.850006
GOOGL,2024-08-29,164.30999755859375,165.97000122070312,160.25,161.77999877929688,160.5421142578125,19699800,,,1.0,164.309998,165.970001,160.25,161.779999
GOOGL,2024-08-30,162.6199951171875,163.66000366210938,161.69000244140625,163.3800048828125,162.1298828125,22123800,,,1.0,162.619995,163.660004,161.690002,163.380005
GOOGL,2024-09-03,161.72000122070312,161.85000610351562,156.47999572753906,157.36000061035156,156.15591430664062,38945300,,,1.0,161.720001,161.850006,156.479996,157.360001
GOOGL,2024-09-04,156.66000366210938,159.0,155.9600067138672,156.4499969482422,155.2528839111328,19353800,,,1.0,156.660004,159.0,155.960007,156.449997
GOOGL,2024-09-05,156.3000030517578,159.4499969482422,155.97999572753906,157.24000549316406,156.03684997558594,18688700,,,1.0,156.300003,159.449997,155.979996,157.240005
GOOGL,2024-09-06,157.3000030517578,157.8300018310547,150.5500030517578,150.9199981689453,149.7652130126953,37912100,,,1.0,157.300003,157.830002,150.550003,150.919998
GOOGL,2024-09-09,152.50999450683594,153.39999389648438,147.22000122070312,148.7100067138672,147.7679443359375,39260500,0.2,,1.0,152.509995,153.399994,147.220001,148.710007
GOOGL,2024-09-10,150.4499969482422,151.27000427246094,148.33999633789062,148.66000366210938,147.71827697753906,31118800,,,1.0,150.449997,151.270004,148.339996,148.660004
GOOGL,2024-09-11,149.9199981689453,151.5,147.52000427246094,151.16000366210938,150.20240783691406,29607700,,,1.0,149.919998,151.5,147.520004,151.160004
GOOGL,2024-09-12,153.8000030517578,154.82000732421875,152.64999389648438,154.69000244140625,153.71006774902344,29621500,,,1.0,153.800003,154.820007,152.649994,154.690002
GOOGL,2024-09-13,155.42999267578125,158.3800048828125,155.2100067138672,157.4600067138672,156.46250915527344,29591200,,,1.0,155.429993,158.380005,155.210007,157.460007
GOOGL,2024-09-16,157.30999755859375,158.25,156.60000610351562,158.05999755859375,157.05870056152344,18379800,,,1.0,157.309998,158.25,156.600006,158.059998
GOOGL,2024-09-17,159.02000427246094,160.5500030517578,158.3800048828125,159.32000732421875,158.3107147216797,20715600,,,1.0,159.020004,160.550003,158.380005,159.320007
GOOGL,2024-09-18,159.86000061035156,160.5,158.60000610351562,159.80999755859375,158.79762268066406,23677300,,,1.0,159.860001,160.5,158.600006,159.809998
GOOGL,2024-09-19,163.7100067138672,163.7899932861328,161.33999633789062,162.13999938964844,161.11285400390625,26587700,,,1.0,163.710007,163.789993,161.339996,162.139999
GOOGL,2024-09-20,163.5,163.72999572753906,162.05999755859375,163.58999633789062,162.55369567871094,40896400,,,1.0,163.5,163.729996,162.059998,163.589996
GOOGL,2024-09-23,164.35000610351562,165.49000549316406,161.6699981689453,161.85000610351562,160.82470703125,24150900,,,1.0,164.350006,165.490005,161.669998,161.850006
GOOGL,2024-09-24,163.02999877929688,163.22000122070312,160.69000244140625,162.2899932861328,161.2618865966797,23332100,,,1.0,163.029999,163.220001,160.690002,162.289993
GOOGL,2024-09-25,161.47000122070312,162.80999755859375,161.3000030517578,161.49000549316406,160.4669952392578,18869200,,,1.0,161.470001,162.809998,161.300003,161.490005
GOOGL,2024-09-26,163.63999938964844,164.0800018310547,162.27999877929688,162.72999572753906,161.69911193847656,20319300,,,1.0,163.639999,164.080002,162.279999,162.729996
GOOGL,2024-09-27,162.80999755859375,165.6999969482422,162.6300048828125,163.9499969482422,162.91139221191406,21101300,,,1.0,162.809998,165.699997,162.630005,163.949997
GOOGL,2024-09-30,163.32000732421875,166.14999389648438,163.25999450683594,165.85000610351562,164.79934692382812,20413900,,,1.0,163.320007,166.149994,163.259995,165.850006
GOOGL,2024-10-01,167.69000244140625,169.16000366210938,164.5800018310547,166.99000549316406,165.93212890625,28338100,,,1.0,167.690002,169.160004,164.580002,166.990005
GOOGL,2024-10-02,166.4199981689453,167.52000427246094,164.72999572753906,165.86000061035156,164.809326171875,17760200,,,1.0,166.419998,167.520004,164.729996,165.860001
GOOGL,2024-10-03,164.41000366210938,166.63999938964844,163.9199981689453,165.86000061035156,164.809326171875,15073100,,,1.0,164.410004,166.639999,163.919998,165.860001
GOOGL,2024-10-04,168.05999755859375,168.22999572753906,165.47999572753906,167.05999755859375,166.00169372558594,19047400,,,1.0,168.059998,168.229996,165.479996,167.059998
GOOGL,2024-10-07,167.72000122070312,168.47999572753906,162.75,162.97999572753906,161.94752502441406,22463100,,,1.0,167.720001,168.479996,162.75,162.979996
GOOGL,2024-10-08,163.94000244140625,164.72999572753906,162.8699951171875,164.3800048828125,163.3386688232422,23072700,,,1.0,163.940002,164.729996,162.869995,164.380005
GOOGL,2024-10-09,163.4499969482422,164.83999633789062,159.74000549316406,161.86000061035156,160.8346405029297,31181800,,,1.0,163.449997,164.839996,159.740005,161.860001
GOOGL,2024-10-10,160.8699951171875,163.07000732421875,160.39999389648438,162.0800018310547,161.05325317382812,14144100,,,1.0,160.869995,163.070007,160.399994,162.080002
GOOGL,2024-10-11,162.1300048828125,163.89999389648438,161.24000549316406,163.24000549316406,162.20590209960938,15344300,,,1.0,162.130005,163.899994,161.240005,163.240005
GOOGL,2024-10-14,163.63999938964844,166.22999572753906,163.39999389648438,164.9600067138672,163.91500854492188,19016100,,,1.0,163.639999,166.229996,163.399994,164.960007
GOOGL,2024-10-15,165.7899932861328,167.67999267578125,164.6300048828125,165.4600067138672,164.41184997558594,20247200,,,1.0,165.789993,167.679993,164.630005,165.460007
GOOGL,2024-10-16,164.52999877929688,165.8000030517578,163.74000549316406,165.16000366210938,164.11373901367188,16406000,,,1.0,164.529999,165.800003,163.740005,165.160004
GOOGL,2024-10-17,165.72999572753906,166.3699951171875,162.75999450683594,162.92999267578125,161.89785766601562,21453400,,,1.0,165.729996,166.369995,162.759995,162.929993
GOOGL,2024-10-18,163.19000244140625,164.7100067138672,163.0800018310547,163.4199981689453,162.38475036621094,19757700,,,1.0,163.190002,164.710007,163.080002,163.419998
GOOGL,2024-10-21,162.9499969482422,164.5,162.6199951171875,164.07000732421875,163.0306396484375,20946500,,,1.0,162.949997,164.5,162.619995,164.070007
GOOGL,2024-10-22,162.97999572753906,165.77000427246094,162.97999572753906,165.13999938964844,164.0938720703125,16568100,,,1.0,162.979996,165.770004,162.979996,165.139999
GOOGL,2024-10-23,164.75999450683594,165.82000732421875,161.92999267578125,162.77999877929688,161.74879455566406,18280500,,,1.0,164.759995,165.820007,161.929993,162.779999
GOOGL,2024-10-24,162.8300018310547,163.3300018310547,161.00999450683594,162.72000122070312,161.68917846679688,22412500,,,1.0,162.830002,163.330002,161.009995,162.720001
GOOGL,2024-10-25,163.6699981689453,165.58999633789062,163.4199981689453,165.27000427246094,164.22305297851562,19828900,,,1.0,163.669998,165.589996,163.419998,165.270004
GOOGL,2024-10-28,168.75,168.75,163.9499969482422,166.72000122070312,165.66384887695312,32138600,,,1.0,168.75,168.75,163.949997,166.720001
GOOGL,2024-10-29,167.72999572753906,170.3800048828125,167.08999633789062,169.67999267578125,168.60508728027344,42169000,,,1.0,167.729996,170.380005,167.089996,169.679993
GOOGL,2024-10-30,180.67999267578125,182.02000427246094,174.05999755859375,174.4600067138672,173.35482788085938,68890800,,,1.0,180.679993,182.020004,174.059998,174.460007
GOOGL,2024-10-31,173.1300048828125,176.82000732421875,171.0,171.11000061035156,170.0260467529297,44769000,,,1.0,173.130005,176.820007,171.0,171.110001
GOOGL,2024-11-01,170.07000732421875,172.32000732421875,168.8800048828125,171.2899932861328,170.20486450195312,31796500,,,1.0,170.070007,172.320007,168.880005,171.289993
GOOGL,2024-11-04,169.92999267578125,170.72999572753906,168.00999450683594,169.24000549316406,168.16790771484375,21492700,,,1.0,169.929993,170.729996,168.009995,169.240005
GOOGL,2024-11-05,169.42999267578125,170.52999877929688,168.83999633789062,169.74000549316406,168.6647186279297,18242100,,,1.0,169.429993,170.529999,168.839996,169.740005
GOOGL,2024-11-06,173.8000030517578,176.94000244140625,173.5,176.50999450683594,175.39181518554688,33695500,,,1.0,173.800003,176.940002,173.5,176.509995
GOOGL,2024-11-07,177.41000366210938,181.0800018310547,177.19000244140625,180.75,179.60496520996094,25352900,,,1.0,177.410004,181.080002,177.190002,180.75
GOOGL,2024-11-08,180.64999389648438,180.89999389648438,178.0800018310547,178.35000610351562,177.2201690673828,22006200,,,1.0,180.649994,180.899994,178.080002,178.350006
GOOGL,2024-11-11,178.5800018310547,180.5500030517578,178.47000122070312,180.35000610351562,179.20753479003906,17450400,,,1.0,178.580002,180.550003,178.470001,180.350006
GOOGL,2024-11-12,179.82000732421875,182.49000549316406,179.38999938964844,181.6199951171875,180.46945190429688,25134900,,,1.0,179.820007,182.490005,179.389999,181.619995
GOOGL,2024-11-13,180.4600067138672,180.9600067138672,178.5399932861328,178.8800048828125,177.746826171875,23184000,,,1.0,180.460007,180.960007,178.539993,178.880005
GOOGL,2024-11-14,178.27999877929688,178.82000732421875,174.32000732421875,175.5800018310547,174.4677276611328,31007500,,,1.0,178.279999,178.820007,174.320007,175.580002
GOOGL,2024-11-15,173.72999572753906,174.13999938964844,171.22000122070312,172.49000549316406,171.39730834960938,32504600,,,1.0,173.729996,174.139999,171.220001,172.490005
GOOGL,2024-11-18,173.4199981689453,175.44000244140625,172.89999389648438,175.3000030517578,174.18948364257812,20135300,,,1.0,173.419998,175.440002,172.899994,175.300003
GOOGL,2024-11-19,173.72000122070312,178.8699951171875,173.55999755859375,178.1199951171875,176.9916229248047,23434900,,,1.0,173.720001,178.869995,173.559998,178.119995
GOOGL,2024-11-20,177.33999633789062,177.67999267578125,173.77999877929688,175.97999572753906,174.8651885986328,18997100,,,1.0,177.339996,177.679993,173.779999,175.979996
GOOGL,2024-11-21,173.89999389648438,174.1300048828125,163.6999969482422,167.6300048828125,166.56808471679688,59734400,,,1.0,173.899994,174.130005,163.699997,167.630005
GOOGL,2024-11-22,165.85000610351562,166.4600067138672,163.89999389648438,164.75999450683594,163.7162322998047,38604600,,,1.0,165.850006,166.460007,163.899994,164.759995
GOOGL,2024-11-25,166.08999633789062,168.6300048828125,165.61000061035156,167.64999389648438,166.58795166015625,33135300,,,1.0,166.089996,168.630005,165.610001,167.649994
GOOGL,2024-11-26,167.6300048828125,169.82000732421875,167.5800018310547,169.1199951171875,168.04864501953125,20486700,,,1.0,167.630005,169.820007,167.580002,169.119995
GOOGL,2024-11-27,169.0,169.47999572753906,168.02000427246094,169.22999572753906,168.157958984375,19266500,,,1.0,169.0,169.479996,168.020004,169.229996
GOOGL,2024-11-29,168.5,169.42999267578125,167.16000366210938,168.9499969482422,167.8797149658203,14257200,,,1.0,168.5,169.429993,167.160004,168.949997
GOOGL,2024-12-02,168.77000427246094,172.0800018310547,168.57000732421875,171.49000549316406,170.40362548828125,23789100,,,1.0,168.770004,172.080002,168.570007,171.490005
GOOGL,2024-12-03,171.49000549316406,172.67999267578125,170.85000610351562,171.33999633789062,170.2545623779297,22248700,,,1.0,171.490005,172.679993,170.850006,171.339996
GOOGL,2024-12-04,171.14999389648438,174.91000366210938,171.05999755859375,174.3699951171875,173.26536560058594,31615100,,,1.0,171.149994,174.910004,171.059998,174.369995
GOOGL,2024-12-05,175.36000061035156,176.05999755859375,172.3300018310547,172.63999938964844,171.54635620117188,21356200,,,1.0,175.360001,176.059998,172.330002,172.639999
GOOGL,2024-12-06,172.02999877929688,175.0800018310547,171.86000061035156,174.7100067138672,173.60324096679688,21462400,,,1.0,172.029999,175.080002,171.860001,174.710007
GOOGL,2024-12-09,173.9600067138672,176.25999450683594,173.64999389648438,175.3699951171875,174.45877075195312,25389600,0.2,,1.0,173.960007,176.259995,173.649994,175.369995
GOOGL,2024-12-10,182.85000610351562,186.36000061035156,181.0500030517578,185.1699981689453,184.2078399658203,54813000,,,1.0,182.850006,186.360001,181.050003,185.169998
GOOGL,2024-12-11,185.30999755859375,195.61000061035156,184.85000610351562,195.39999389648438,194.38470458984375,67894100,,,1.0,185.309998,195.610001,184.850006,195.399994
GOOGL,2024-12-12,195.0,195.17999267578125,191.7100067138672,191.9600067138672,190.9625701904297,34817500,,,1.0,195.0,195.179993,191.710007,191.960007
GOOGL,2024-12-13,191.00999450683594,192.72999572753906,189.63999938964844,189.82000732421875,188.83367919921875,25143500,,,1.0,191.009995,192.729996,189.639999,189.820007
GOOGL,2024-12-16,192.8699951171875,199.0,192.6199951171875,196.66000366210938,195.63815307617188,44934900,,,1.0,192.869995,199.0,192.619995,196.660004
GOOGL,2024-12-17,197.25,201.4199981689453,194.97999572753906,195.4199981689453,194.4045867919922,43504000,,,1.0,197.25,201.419998,194.979996,195.419998
GOOGL,2024-12-18,195.22000122070312,197.0,187.74000549316406,188.39999389648438,187.42103576660156,34166100,,,1.0,195.220001,197.0,187.740005,188.399994
GOOGL,2024-12-19,191.6300048828125,193.02999877929688,188.3800048828125,188.50999450683594,187.5304718017578,32265200,,,1.0,191.630005,193.029999,188.380005,188.509995
GOOGL,2024-12-20,185.77999877929688,192.88999938964844,185.22000122070312,191.41000366210938,190.41543579101562,63462900,,,1.0,185.779999,192.889999,185.220001,191.410004
GOOGL,2024-12-23,192.6199951171875,195.10000610351562,190.14999389648438,194.6300048828125,193.6186981201172,25675000,,,1.0,192.619995,195.100006,190.149994,194.630005
GOOGL,2024-12-24,194.83999633789062,196.11000061035156,193.77999877929688,196.11000061035156,195.09100341796875,10403300,,,1.0,194.839996,196.110001,193.779999,196.110001
GOOGL,2024-12-26,195.14999389648438,196.75,194.3800048828125,195.60000610351562,194.5836639404297,12046600,,,1.0,195.149994,196.75,194.380005,195.600006
GOOGL,2024-12-27,194.9499969482422,195.32000732421875,190.64999389648438,192.75999450683594,191.75839233398438,18891400,,,1.0,194.949997,195.320007,190.649994,192.759995
GOOGL,2024-12-30,189.8000030517578,192.5500030517578,189.1199951171875,191.24000549316406,190.24630737304688,14264700,,,1.0,189.800003,192.550003,189.119995,191.240005
GOOGL,2024-12-31,191.0800018310547,191.9600067138672,188.50999450683594,189.3000030517578,188.31637573242188,17466900,,,1.0,191.080002,191.960007,188.509995,189.300003
GOOGL,2025-01-02,190.64999389648438,192.0,187.5,189.42999267578125,188.44569396972656,20370800,,,1.0,190.649994,192.0,187.5,189.429993
GOOGL,2025-01-03,191.3699951171875,193.2100067138672,189.97999572753906,191.7899932861328,190.79342651367188,18596200,,,1.0,191.369995,193.210007,189.979996,191.789993
GOOGL,2025-01-06,193.97999572753906,198.22000122070312,193.85000610351562,196.8699951171875,195.84706115722656,29563600,,,1.0,193.979996,198.220001,193.850006,196.869995
GOOGL,2025-01-07,197.11000061035156,201.0,194.60000610351562,195.49000549316406,194.47422790527344,26487200,,,1.0,197.110001,201.0,194.600006,195.490005
GOOGL,2025-01-08,192.57000732421875,196.2899932861328,192.3800048828125,193.9499969482422,192.9422149658203,24864800,,,1.0,192.570007,196.289993,192.380005,193.949997
GOOGL,2025-01-10,194.3000030517578,196.52000427246094,190.30999755859375,192.0399932861328,191.04214477539062,26665200,,,1.0,194.300003,196.520004,190.309998,192.039993
GOOGL,2025-01-13,190.07000732421875,191.17999267578125,187.36000061035156,191.00999450683594,190.01748657226562,21823700,,,1.0,190.070007,191.179993,187.360001,191.009995
GOOGL,2025-01-14,191.24000549316406,191.97999572753906,188.30999755859375,189.66000366210938,188.67449951171875,17174900,,,1.0,191.240005,191.979996,188.309998,189.660004
GOOGL,2025-01-15,193.08999633789062,196.36000061035156,191.86000061035156,195.5500030517578,194.53392028808594,21776000,,,1.0,193.089996,196.360001,191.860001,195.550003
GOOGL,2025-01-16,194.13999938964844,195.47999572753906,192.80999755859375,192.91000366210938,191.9076385498047,17815400,,,1.0,194.139999,195.479996,192.809998,192.910004
GOOGL,2025-01-17,196.52999877929688,197.22999572753906,193.75,196.0,194.98158264160156,27735100,,,1.0,196.529999,197.229996,193.75,196.0
GOOGL,2025-01-21,199.07000732421875,202.2899932861328,197.8699951171875,198.0500030517578,197.0209197998047,29971300,,,1.0,199.070007,202.289993,197.869995,198.050003
GOOGL,2025-01-22,199.05999755859375,200.47999572753906,197.52999877929688,198.3699951171875,197.33924865722656,26200600,,,1.0,199.059998,200.479996,197.529999,198.369995
GOOGL,2025-01-23,198.13999938964844,200.3000030517578,195.1999969482422,197.97999572753906,196.95127868652344,26951400,,,1.0,198.139999,200.300003,195.199997,197.979996
GOOGL,2025-01-24,198.10000610351562,200.89999389648438,198.0,200.2100067138672,199.1697235107422,23877500,,,1.0,198.100006,200.899994,198.0,200.210007
GOOGL,2025-01-27,192.41000366210938,196.8800048828125,190.72999572753906,191.80999755859375,190.81332397460938,41728900,,,1.0,192.410004,196.880005,190.729996,191.809998
GOOGL,2025-01-28,192.75,195.47999572753906,190.67999267578125,195.3000030517578,194.28521728515625,24157900,,,1.0,192.75,195.479996,190.679993,195.300003
GOOGL,2025-01-29,195.55999755859375,196.7899932861328,193.42999267578125,195.41000366210938,194.39463806152344,18218300,,,1.0,195.559998,196.789993,193.429993,195.410004
GOOGL,2025-01-30,198.0,201.39999389648438,197.6699981689453,200.8699951171875,199.82627868652344,24354700,,,1.0,198.0,201.399994,197.669998,200.869995
GOOGL,2025-01-31,202.0,205.47999572753906,201.8000030517578,204.02000427246094,202.95989990234375,32001100,,,1.0,202.0,205.479996,201.800003,204.020004
GOOGL,2025-02-03,200.69000244140625,203.75,200.10000610351562,201.22999572753906,200.18438720703125,27838300,,,1.0,200.690002,203.75,200.100006,201.229996
GOOGL,2025-02-04,203.38999938964844,207.0500030517578,202.80999755859375,206.3800048828125,205.30764770507812,43856400,,,1.0,203.389999,207.050003,202.809998,206.380005
GOOGL,2025-02-05,191.07000732421875,192.75,188.02999877929688,191.3300018310547,190.33583068847656,70373900,,,1.0,191.070007,192.75,188.029999,191.330002
GOOGL,2025-02-06,189.5,192.10000610351562,188.72000122070312,191.60000610351562,190.6044464111328,29297400,,,1.0,189.5,192.100006,188.720001,191.600006
GOOGL,2025-02-07,191.0500030517578,191.17999267578125,183.24000549316406,185.33999633789062,184.37696838378906,49315000,,,1.0,191.050003,191.179993,183.240005,185.339996
GOOGL,2025-02-10,187.35000610351562,188.1999969482422,185.86000061035156,186.47000122070312,185.50108337402344,23105600,,,1.0,187.350006,188.199997,185.860001,186.470001
GOOGL,2025-02-11,185.02999877929688,186.94000244140625,184.27999877929688,185.32000732421875,184.3570556640625,21239500,,,1.0,185.029999,186.940002,184.279999,185.320007
GOOGL,2025-02-12,183.22000122070312,185.11000061035156,181.8300018310547,183.61000061035156,182.65594482421875,22072600,,,1.0,183.220001,185.110001,181.830002,183.610001
GOOGL,2025-02-13,184.32000732421875,186.27999877929688,183.13999938964844,186.13999938964844,185.17282104492188,21402500,,,1.0,184.320007,186.279999,183.139999,186.139999
GOOGL,2025-02-14,185.05999755859375,186.39999389648438,184.32000732421875,185.22999572753906,184.2675323486328,20448400,,,1.0,185.059998,186.399994,184.320007,185.229996
GOOGL,2025-02-18,185.60000610351562,185.9600067138672,181.74000549316406,183.77000427246094,182.81512451171875,29916700,,,1.0,185.600006,185.960007,181.740005,183.770004
GOOGL,2025-02-19,184.07000732421875,185.4600067138672,183.58999633789062,185.27000427246094,184.3073272705078,19549400,,,1.0,184.070007,185.460007,183.589996,185.270004
GOOGL,2025-02-20,184.8000030517578,185.30999755859375,182.72000122070312,184.55999755859375,183.60101318359375,20441500,,,1.0,184.800003,185.309998,182.720001,184.559998
GOOGL,2025-02-21,185.14999389648438,185.33999633789062,179.0800018310547,179.66000366210938,178.7264862060547,35199200,,,1.0,185.149994,185.339996,179.080002,179.660004
GOOGL,2025-02-24,181.99000549316406,183.1199951171875,178.88999938964844,179.25,178.318603515625,29854200,,,1.0,181.990005,183.119995,178.889999,179.25
GOOGL,2025-02-25,178.0399932861328,178.74000549316406,174.69000244140625,175.4199981689453,174.50851440429688,41913400,,,1.0,178.039993,178.740005,174.690002,175.419998
GOOGL,2025-02-26,175.07000732421875,176.0800018310547,171.5800018310547,172.72999572753906,171.83248901367188,35431300,,,1.0,175.070007,176.080002,171.580002,172.729996
GOOGL,2025-02-27,173.99000549316406,174.55999755859375,167.94000244140625,168.5,167.6244659423828,39991000,,,1.0,173.990005,174.559998,167.940002,168.5
GOOGL,2025-02-28,168.67999267578125,170.61000061035156,166.77000427246094,170.27999877929688,169.3952178955078,48130600,,,1.0,168.679993,170.610001,166.770004,170.279999
GOOGL,2025-03-03,171.92999267578125,173.3699951171875,165.92999267578125,167.00999450683594,166.1422119140625,40770500,,,1.0,171.929993,173.369995,165.929993,167.009995
GOOGL,2025-03-04,166.24000549316406,173.2899932861328,165.8000030517578,170.9199981689453,170.03187561035156,45388000,,,1.0,166.240005,173.289993,165.800003,170.919998
GOOGL,2025-03-05,170.52000427246094,173.77999877929688,169.05999755859375,173.02000427246094,172.12098693847656,30954900,,,1.0,170.520004,173.779999,169.059998,173.020004
GOOGL,2025-03-06,170.52999877929688,174.80999755859375,170.5,172.35000610351562,171.4544677734375,28302000,,,1.0,170.529999,174.809998,170.5,172.350006
GOOGL,2025-03-07,171.25999450683594,174.97000122070312,170.27000427246094,173.86000061035156,172.95663452148438,27385800,,,1.0,171.259995,174.970001,170.270004,173.860001
GOOGL,2025-03-10,168.25999450683594,168.4600067138672,163.69000244140625,165.8699951171875,165.19815063476562,43604000,0.2,,1.0,168.259995,168.460007,163.690002,165.869995
GOOGL,2025-03-11,164.91000366210938,166.75,161.3699951171875,164.0399932861328,163.37554931640625,39587400,,,1.0,164.910004,166.75,161.369995,164.039993
GOOGL,2025-03-12,166.5800018310547,167.63999938964844,163.52999877929688,167.11000061035156,166.4331512451172,28372400,,,1.0,166.580002,167.639999,163.529999,167.110001
GOOGL,2025-03-13,166.0399932861328,166.1300048828125,162.11000061035156,162.75999450683594,162.10076904296875,31756200,,,1.0,166.039993,166.130005,162.110001,162.759995
GOOGL,2025-03-14,163.27000427246094,166.49000549316406,162.4499969482422,165.49000549316406,164.81971740722656,31995900,,,1.0,163.270004,166.490005,162.449997,165.490005
GOOGL,2025-03-17,165.02999877929688,166.3000030517578,163.6699981689453,164.2899932861328,163.62457275390625,31184300,,,1.0,165.029999,166.300003,163.669998,164.289993
GOOGL,2025-03-18,163.67999267578125,164.25,156.72000122070312,160.6699981689453,160.0192413330078,42074800,,,1.0,163.679993,164.25,156.720001,160.669998
GOOGL,2025-03-19,161.75999450683594,165.8699951171875,161.0,163.88999938964844,163.22618103027344,34275600,,,1.0,161.759995,165.869995,161.0,163.889999
GOOGL,2025-03-20,161.57000732421875,164.88999938964844,160.9600067138672,162.8000030517578,162.14060974121094,28138500,,,1.0,161.570007,164.889999,160.960007,162.800003
GOOGL,2025-03-21,161.2100067138672,164.24000549316406,160.88999938964844,163.99000549316406,163.32579040527344,36625800,,,1.0,161.210007,164.240005,160.889999,163.990005
GOOGL,2025-03-24,167.07000732421875,168.32000732421875,165.13999938964844,167.67999267578125,167.0008544921875,30879100,,,1.0,167.070007,168.320007,165.139999,167.679993
GOOGL,2025-03-25,168.97999572753906,170.6300048828125,168.32000732421875,170.55999755859375,169.86917114257812,24174400,,,1.0,168.979996,170.630005,168.320007,170.559998
GOOGL,2025-03-26,169.0,169.61000061035156,164.83999633789062,165.05999755859375,164.39144897460938,28901600,,,1.0,169.0,169.610001,164.839996,165.059998
GOOGL,2025-03-27,164.6300048828125,165.4199981689453,162.0,162.24000549316406,161.5828857421875,24508300,,,1.0,164.630005,165.419998,162.0,162.240005
GOOGL,2025-03-28,160.49000549316406,161.82000732421875,153.6300048828125,154.3300018310547,153.70489501953125,48669300,,,1.0,160.490005,161.820007,153.630005,154.330002
GOOGL,2025-03-31,153.11000061035156,155.5399932861328,150.66000366210938,154.63999938964844,154.01365661621094,54603500,,,1.0,153.110001,155.539993,150.660004,154.639999
GOOGL,2025-04-01,153.6199951171875,158.10000610351562,153.6199951171875,157.07000732421875,156.43380737304688,30672900,,,1.0,153.619995,158.100006,153.619995,157.070007
GOOGL,2025-04-02,155.14999389648438,158.41000366210938,154.6999969482422,157.0399932861328,156.4039306640625,25041700,,,1.0,155.149994,158.410004,154.699997,157.039993
GOOGL,2025-04-03,151.11000061035156,152.77999877929688,150.38999938964844,150.72000122070312,150.10952758789062,46883400,,,1.0,151.110001,152.779999,150.389999,150.720001
GOOGL,2025-04-04,148.00999450683594,151.07000732421875,145.3800048828125,145.60000610351562,145.01028442382812,62259500,,,1.0,148.009995,151.070007,145.380005,145.600006
GOOGL,2025-04-07,141.5500030517578,152.85000610351562,140.52999877929688,146.75,146.15562438964844,76794100,,,1.0,141.550003,152.850006,140.529999,146.75
GOOGL,2025-04-08,151.22000122070312,152.24000549316406,143.02999877929688,144.6999969482422,144.11390686035156,52200200,,,1.0,151.220001,152.240005,143.029999,144.699997
GOOGL,2025-04-09,144.4199981689453,159.5500030517578,143.91000366210938,158.7100067138672,158.0671844482422,70406200,,,1.0,144.419998,159.550003,143.910004,158.710007
GOOGL,2025-04-10,156.5399932861328,157.72000122070312,149.92999267578125,152.82000732421875,152.20103454589844,48022000,,,1.0,156.539993,157.720001,149.929993,152.820007
GOOGL,2025-04-11,152.89999389648438,157.6699981689453,152.82000732421875,157.13999938964844,156.5035400390625,33636200,,,1.0,152.899994,157.669998,152.820007,157.139999
GOOGL,2025-04-14,160.0,161.72000122070312,157.55999755859375,159.07000732421875,158.42572021484375,30333000,,,1.0,160.0,161.720001,157.559998,159.070007
GOOGL,2025-04-15,159.1300048828125,159.64999389648438,155.2100067138672,156.30999755859375,155.67689514160156,27551500,,,1.0,159.130005,159.649994,155.210007,156.309998
GOOGL,2025-04-16,153.10000610351562,155.88999938964844,151.50999450683594,153.3300018310547,152.70895385742188,28187400,,,1.0,153.100006,155.889999,151.509995,153.330002
GOOGL,2025-04-17,154.2899932861328,154.67999267578125,148.5,151.16000366210938,150.54776000976562,33046600,,,1.0,154.289993,154.679993,148.5,151.160004
GOOGL,2025-04-21,148.8800048828125,148.9499969482422,146.10000610351562,147.6699981689453,147.07188415527344,26049100,,,1.0,148.880005,148.949997,146.100006,147.669998
GOOGL,2025-04-22,148.88999938964844,152.19000244140625,148.5399932861328,151.47000122070312,150.85650634765625,26971800,,,1.0,148.889999,152.190002,148.539993,151.470001
GOOGL,2025-04-23,155.61000061035156,157.52999877929688,153.80999755859375,155.35000610351562,154.72079467773438,31128800,,,1.0,155.610001,157.529999,153.809998,155.350006
GOOGL,2025-04-24,156.14999389648438,159.58999633789062,155.7899932861328,159.27999877929688,158.63485717773438,45894000,,,1.0,156.149994,159.589996,155.789993,159.279999
GOOGL,2025-04-25,165.07000732421875,166.10000610351562,161.0399932861328,161.9600067138672,161.30401611328125,56034000,,,1.0,165.070007,166.100006,161.039993,161.960007
GOOGL,2025-04-28,162.42999267578125,163.14999389648438,158.60000610351562,160.61000061035156,159.95947265625,29745800,,,1.0,162.429993,163.149994,158.600006,160.610001
GOOGL,2025-04-29,160.32000732421875,160.74000549316406,157.52000427246094,160.16000366210938,159.51129150390625,26809000,,,1.0,160.320007,160.740005,157.520004,160.160004
GOOGL,2025-04-30,157.97999572753906,159.27000427246094,155.39999389648438,158.8000030517578,158.1568145751953,34981100,,,1.0,157.979996,159.270004,155.399994,158.800003
GOOGL,2025-05-01,160.4499969482422,161.9499969482422,158.91000366210938,161.3000030517578,160.64669799804688,30203200,,,1.0,160.449997,161.949997,158.910004,161.300003
GOOGL,2025-05-02,163.41000366210938,164.97000122070312,161.8699951171875,164.02999877929688,163.36561584472656,25715000,,,1.0,163.410004,164.970001,161.869995,164.029999
GOOGL,2025-05-05,163.0,165.38999938964844,162.72000122070312,164.2100067138672,163.54489135742188,21341800,,,1.0,163.0,165.389999,162.720001,164.210007
GOOGL,2025-05-06,162.1699981689453,164.8000030517578,161.19000244140625,163.22999572753906,162.56884765625,21277200,,,1.0,162.169998,164.800003,161.190002,163.229996
GOOGL,2025-05-07,164.0800018310547,165.0,147.83999633789062,151.3800048828125,150.766845703125,127490100,,,1.0,164.080002,165.0,147.839996,151.380005
GOOGL,2025-05-08,155.0,155.92999267578125,152.89999389648438,154.27999877929688,153.65509033203125,57498700,,,1.0,155.0,155.929993,152.899994,154.279999
GOOGL,2025-05-09,154.1699981689453,155.0500030517578,152.1999969482422,152.75,152.13131713867188,32435300,,,1.0,154.169998,155.050003,152.199997,152.75
GOOGL,2025-05-12,157.49000549316406,159.10000610351562,156.25,158.4600067138672,157.8181915283203,44138800,,,1.0,157.490005,159.100006,156.25,158.460007
GOOGL,2025-05-13,158.7899932861328,160.57000732421875,156.16000366210938,159.52999877929688,158.88385009765625,42382100,,,1.0,158.789993,160.570007,156.160004,159.529999
GOOGL,2025-05-14,159.9600067138672,167.0,159.61000061035156,165.3699951171875,164.7001953125,48755900,,,1.0,159.960007,167.0,159.610001,165.369995
GOOGL,2025-05-15,165.83999633789062,166.2100067138672,162.3699951171875,163.9600067138672,163.29591369628906,33146700,,,1.0,165.839996,166.210007,162.369995,163.960007
GOOGL,2025-05-16,167.72999572753906,169.35000610351562,165.6199951171875,166.19000244140625,165.51686096191406,42846900,,,1.0,167.729996,169.350006,165.619995,166.190002
GOOGL,2025-05-19,164.50999450683594,166.63999938964844,164.22000122070312,166.5399932861328,165.8654327392578,30426100,,,1.0,164.509995,166.639999,164.220001,166.539993
GOOGL,2025-05-20,166.42999267578125,168.5,162.89999389648438,163.97999572753906,163.31581115722656,46607700,,,1.0,166.429993,168.5,162.899994,163.979996
GOOGL,2025-05-21,163.69000244140625,173.13999938964844,163.55999755859375,168.55999755859375,167.8772735595703,73416000,,,1.0,163.690002,173.139999,163.559998,168.559998
GOOGL,2025-05-22,171.85000610351562,176.77000427246094,170.7100067138672,170.8699951171875,170.1779022216797,74864400,,,1.0,171.850006,176.770004,170.710007,170.869995
GOOGL,2025-05-23,169.05999755859375,169.9600067138672,167.88999938964844,168.47000122070312,167.78762817382812,35211400,,,1.0,169.059998,169.960007,167.889999,168.470001
GOOGL,2025-05-27,170.16000366210938,173.1699981689453,170.0,172.89999389648438,172.19967651367188,37995700,,,1.0,170.160004,173.169998,170.0,172.899994
GOOGL,2025-05-28,173.16000366210938,175.27000427246094,171.91000366210938,172.36000061035156,171.66188049316406,34784000,,,1.0,173.160004,175.270004,171.910004,172.360001
GOOGL,2025-05-29,174.0,174.4199981689453,170.6300048828125,171.86000061035156,171.16390991210938,29317300,,,1.0,174.0,174.419998,170.630005,171.860001
GOOGL,2025-05-30,171.35000610351562,172.2100067138672,167.44000244140625,171.74000549316406,171.04441833496094,52639900,,,1.0,171.350006,172.210007,167.440002,171.740005
GOOGL,2025-06-02,167.83999633789062,169.8699951171875,167.38999938964844,169.02999877929688,168.34536743164062,38612300,,,1.0,167.839996,169.869995,167.389999,169.029999
GOOGL,2025-06-03,167.49000549316406,168.47999572753906,165.27999877929688,166.17999267578125,165.50689697265625,45084900,,,1.0,167.490005,168.479996,165.279999,166.179993
GOOGL,2025-06-04,166.74000549316406,168.22000122070312,166.36000061035156,168.0500030517578,167.3693389892578,26900800,,,1.0,166.740005,168.220001,166.360001,168.050003
GOOGL,2025-06-05,170.33999633789062,170.92999267578125,167.58999633789062,168.2100067138672,167.52870178222656,36379100,,,1.0,170.339996,170.929993,167.589996,168.210007
GOOGL,2025-06-06,170.8300018310547,174.5,170.8300018310547,173.67999267578125,172.97653198242188,35731800,,,1.0,170.830002,174.5,170.830002,173.679993
GOOGL,2025-06-09,174.5399932861328,176.47000122070312,174.3699951171875,176.08999633789062,175.58909606933594,28935900,0.21,,1.0,174.539993,176.470001,174.369995,176.089996
GOOGL,2025-06-10,176.1999969482422,181.11000061035156,174.91000366210938,178.60000610351562,178.09194946289062,61766100,,,1.0,176.199997,181.110001,174.910004,178.600006
GOOGL,2025-06-11,179.77000427246094,180.3699951171875,176.75,177.35000610351562,176.8455047607422,31646800,,,1.0,179.770004,180.369995,176.75,177.350006
GOOGL,2025-06-12,176.17999267578125,176.72000122070312,174.75,175.6999969482422,175.2001953125,20941900,,,1.0,176.179993,176.720001,174.75,175.699997
GOOGL,2025-06-13,172.44000244140625,177.1300048828125,172.38999938964844,174.6699981689453,174.17311096191406,27663100,,,1.0,172.440002,177.130005,172.389999,174.669998
GOOGL,2025-06-16,174.72999572753906,176.94000244140625,174.64999389648438,176.77000427246094,176.2671661376953,27389200,,,1.0,174.729996,176.940002,174.649994,176.770004
GOOGL,2025-06-17,175.6999969482422,177.36000061035156,174.5800018310547,175.9499969482422,175.44947814941406,24973000,,,1.0,175.699997,177.360001,174.580002,175.949997
GOOGL,2025-06-18,176.00999450683594,176.55999755859375,173.1999969482422,173.32000732421875,172.8269805908203,28707500,,,1.0,176.009995,176.559998,173.199997,173.320007
GOOGL,2025-06-20,173.9499969482422,174.33999633789062,165.4600067138672,166.63999938964844,166.1659698486328,75659900,,,1.0,173.949997,174.339996,165.460007,166.639999
GOOGL,2025-06-23,166.27000427246094,167.33999633789062,162.0,165.19000244140625,164.72007751464844,57671000,,,1.0,166.270004,167.339996,162.0,165.190002
GOOGL,2025-06-24,166.9199981689453,168.22000122070312,166.1300048828125,166.77000427246094,166.2956085205078,40524300,,,1.0,166.919998,168.220001,166.130005,166.770004
GOOGL,2025-06-25,167.6300048828125,172.36000061035156,167.5500030517578,170.67999267578125,170.1944580078125,35479000,,,1.0,167.630005,172.360001,167.550003,170.679993
GOOGL,2025-06-26,172.42999267578125,173.69000244140625,169.94000244140625,173.5399932861328,173.0463409423828,31796700,,,1.0,172.429993,173.690002,169.940002,173.539993
GOOGL,2025-06-27,173.5399932861328,178.67999267578125,171.72999572753906,178.52999877929688,178.02212524414062,108140200,,,1.0,173.539993,178.679993,171.729996,178.529999
GOOGL,2025-06-30,180.77999877929688,181.22999572753906,174.5800018310547,176.22999572753906,175.72869873046875,63378900,,,1.0,180.779999,181.229996,174.580002,176.229996
GOOGL,2025-07-01,175.74000549316406,176.08999633789062,173.52999877929688,175.83999633789062,175.33978271484375,35904500,,,1.0,175.740005,176.089996,173.529999,175.839996
GOOGL,2025-07-02,175.5399932861328,178.86000061035156,175.07000732421875,178.63999938964844,178.13182067871094,29128900,,,1.0,175.539993,178.860001,175.070007,178.639999
GOOGL,2025-07-03,178.5,179.6699981689453,177.0500030517578,179.52999877929688,179.019287109375,21689700,,,1.0,178.5,179.669998,177.050003,179.529999
GOOGL,2025-07-07,179.05999755859375,179.3000030517578,175.67999267578125,176.7899932861328,176.28709411621094,34175600,,,1.0,179.059998,179.300003,175.679993,176.789993
GOOGL,2025-07-08,177.85000610351562,177.9499969482422,172.80999755859375,174.36000061035156,173.864013671875,40442500,,,1.0,177.850006,177.949997,172.809998,174.360001
GOOGL,2025-07-09,175.25,179.44000244140625,172.77000427246094,176.6199951171875,176.11758422851562,43025600,,,1.0,175.25,179.440002,172.770004,176.619995
GOOGL,2025-07-10,175.6300048828125,178.42999267578125,174.3800048828125,177.6199951171875,177.11471557617188,29252400,,,1.0,175.630005,178.429993,174.380005,177.619995
GOOGL,2025-07-11,176.7899932861328,181.42999267578125,176.47999572753906,180.19000244140625,179.67742919921875,34282900,,,1.0,176.789993,181.429993,176.479996,180.190002
GOOGL,2025-07-14,181.00999450683594,183.6699981689453,179.67999267578125,181.55999755859375,181.04351806640625,32536600,,,1.0,181.009995,183.669998,179.679993,181.559998
GOOGL,2025-07-15,182.80999755859375,184.22000122070312,181.60000610351562,182.0,181.48228454589844,33448300,,,1.0,182.809998,184.220001,181.600006,182.0
GOOGL,2025-07-16,183.24000549316406,184.3300018310547,182.02999877929688,182.97000122070312,182.4495086669922,33104200,,,1.0,183.240005,184.330002,182.029999,182.970001
GOOGL,2025-07-17,182.13999938964844,184.05999755859375,180.47999572753906,183.5800018310547,183.0577850341797,31992600,,,1.0,182.139999,184.059998,180.479996,183.580002
GOOGL,2025-07-18,185.39999389648438,186.4199981689453,183.7100067138672,185.05999755859375,184.5335693359375,34014500,,,1.0,185.399994,186.419998,183.710007,185.059998
GOOGL,2025-07-21,186.25,190.2899932861328,186.14999389648438,190.10000610351562,189.55923461914062,45803100,,,1.0,186.25,190.289993,186.149994,190.100006
GOOGL,2025-07-22,191.5,191.64999389648438,187.4600067138672,191.33999633789062,190.7957000732422,44660200,,,1.0,191.5,191.649994,187.460007,191.339996
GOOGL,2025-07-23,191.5,192.52999877929688,189.17999267578125,190.22999572753906,189.68885803222656,58681900,,,1.0,191.5,192.529999,189.179993,190.229996
GOOGL,2025-07-24,197.02999877929688,197.9499969482422,191.0,192.1699981689453,191.6233367919922,74881700,,,1.0,197.029999,197.949997,191.0,192.169998
GOOGL,2025-07-25,191.97999572753906,194.3300018310547,191.25999450683594,193.17999267578125,192.63046264648438,39785900,,,1.0,191.979996,194.330002,191.259995,193.179993
GOOGL,2025-07-28,193.64999389648438,194.0500030517578,190.83999633789062,192.5800018310547,192.0321807861328,38139500,,,1.0,193.649994,194.050003,190.839996,192.580002
GOOGL,2025-07-29,192.42999267578125,195.9199981689453,192.0800018310547,195.75,195.1931610107422,41389200,,,1.0,192.429993,195.919998,192.080002,195.75
GOOGL,2025-07-30,195.60000610351562,197.60000610351562,194.69000244140625,196.52999877929688,195.970947265625,32445400,,,1.0,195.600006,197.600006,194.690002,196.529999
GOOGL,2025-07-31,195.7100067138672,195.99000549316406,191.08999633789062,191.89999389648438,191.35411071777344,51329200,,,1.0,195.710007,195.990005,191.089996,191.899994
GOOGL,2025-08-01,189.02999877929688,190.8300018310547,187.82000732421875,189.1300048828125,188.5919952392578,34832200,,,1.0,189.029999,190.830002,187.820007,189.130005
GOOGL,2025-08-04,190.2899932861328,195.27000427246094,190.1199951171875,195.0399932861328,194.4851531982422,31547400,,,1.0,190.289993,195.270004,190.119995,195.039993
GOOGL,2025-08-05,194.7100067138672,197.86000061035156,193.88999938964844,194.6699981689453,194.1162109375,31602300,,,1.0,194.710007,197.860001,193.889999,194.669998
GOOGL,2025-08-06,194.5,196.6300048828125,193.6699981689453,196.08999633789062,195.5321807861328,21562900,,,1.0,194.5,196.630005,193.669998,196.089996
GOOGL,2025-08-07,197.05999755859375,197.5399932861328,194.3300018310547,196.52000427246094,195.96096801757812,26321800,,,1.0,197.059998,197.539993,194.330002,196.520004
GOOGL,2025-08-08,197.22000122070312,202.61000061035156,197.1699981689453,201.4199981689453,200.84701538085938,39161800,,,1.0,197.220001,202.610001,197.169998,201.419998
GOOGL,2025-08-11,200.94000244140625,201.47999572753906,199.07000732421875,201.0,200.42822265625,25832400,,,1.0,200.940002,201.479996,199.070007,201.0
GOOGL,2025-08-12,201.3699951171875,204.5,200.58999633789062,203.33999633789062,202.76156616210938,30397900,,,1.0,201.369995,204.5,200.589996,203.339996
GOOGL,2025-08-13,204.1300048828125,204.52999877929688,197.50999450683594,201.9600067138672,201.385498046875,28342900,,,1.0,204.130005,204.529999,197.509995,201.960007
GOOGL,2025-08-14,201.5,204.44000244140625,201.22999572753906,202.94000244140625,202.36270141601562,25230400,,,1.0,201.5,204.440002,201.229996,202.940002
GOOGL,2025-08-15,203.85000610351562,206.44000244140625,201.27999877929688,203.89999389648438,203.31996154785156,34931400,,,1.0,203.850006,206.440002,201.279999,203.899994
GOOGL,2025-08-18,204.1999969482422,205.27000427246094,202.49000549316406,203.5,202.92111206054688,18526600,,,1.0,204.199997,205.270004,202.490005,203.5
GOOGL,2025-08-19,203.02999877929688,203.44000244140625,199.9600067138672,201.57000732421875,200.99661254882812,24240200,,,1.0,203.029999,203.440002,199.960007,201.570007
GOOGL,2025-08-20,200.72999572753906,201.27999877929688,196.60000610351562,199.32000732421875,198.7530059814453,28955500,,,1.0,200.729996,201.279999,196.600006,199.320007
GOOGL,2025-08-21,199.75,202.47999572753906,199.42999267578125,199.75,199.18177795410156,19774600,,,1.0,199.75,202.479996,199.429993,199.75
GOOGL,2025-08-22,202.72999572753906,208.5399932861328,201.3000030517578,206.08999633789062,205.5037384033203,42827000,,,1.0,202.729996,208.539993,201.300003,206.089996
GOOGL,2025-08-25,206.42999267578125,210.52000427246094,205.27999877929688,208.49000549316406,207.8969268798828,29928900,,,1.0,206.429993,210.520004,205.279999,208.490005
GOOGL,2025-08-26,207.50999450683594,207.85000610351562,205.6999969482422,207.13999938964844,206.55076599121094,28464100,,,1.0,207.509995,207.850006,205.699997,207.139999
GOOGL,2025-08-27,205.6999969482422,208.91000366210938,205.64999389648438,207.47999572753906,206.88978576660156,23022900,,,1.0,205.699997,208.910004,205.649994,207.479996
GOOGL,2025-08-28,207.25,212.22000122070312,206.89999389648438,211.63999938964844,211.0379638671875,32339300,,,1.0,207.25,212.220001,206.899994,211.639999
GOOGL,2025-08-29,210.50999450683594,214.64999389648438,210.1999969482422,212.91000366210938,212.30433654785156,39728400,,,1.0,210.509995,214.649994,210.199997,212.910004
GOOGL,2025-09-02,208.44000244140625,211.67999267578125,206.1999969482422,211.35000610351562,210.748779296875,47523000,,,1.0,208.440002,211.679993,206.199997,211.350006
GOOGL,2025-09-03,226.2100067138672,231.30999755859375,224.7899932861328,230.66000366210938,230.0038604736328,103336100,,,1.0,226.210007,231.309998,224.789993,230.660004
GOOGL,2025-09-04,229.64999389648438,232.3699951171875,226.11000061035156,232.3000030517578,231.63919067382812,51684200,,,1.0,229.649994,232.369995,226.110001,232.300003
GOOGL,2025-09-05,232.1999969482422,235.75999450683594,231.89999389648438,235.0,234.3314971923828,46588900,,,1.0,232.199997,235.759995,231.899994,235.0
GOOGL,2025-09-08,235.47000122070312,238.1300048828125,233.6699981689453,234.0399932861328,233.5829620361328,32474700,0.21,,1.0,235.470001,238.130005,233.669998,234.039993
GOOGL,2025-09-09,234.1699981689453,240.47000122070312,233.22999572753906,239.6300048828125,239.1620635986328,38061000,,,1.0,234.169998,240.470001,233.229996,239.630005
GOOGL,2025-09-10,238.89999389648438,241.66000366210938,237.85000610351562,239.1699981689453,238.70294189453125,35141100,,,1.0,238.899994,241.660004,237.850006,239.169998
GOOGL,2025-09-11,239.8800048828125,242.25,236.25,240.3699951171875,239.90060424804688,30599300,,,1.0,239.880005,242.25,236.25,240.369995
GOOGL,2025-09-12,240.3699951171875,242.0800018310547,238.0,240.8000030517578,240.3297576904297,26771600,,,1.0,240.369995,242.080002,238.0,240.800003
GOOGL,2025-09-15,244.66000366210938,252.41000366210938,244.66000366210938,251.61000061035156,251.11865234375,58383800,,,1.0,244.660004,252.410004,244.660004,251.610001
GOOGL,2025-09-16,252.0800018310547,253.0399932861328,249.47000122070312,251.16000366210938,250.66954040527344,34109700,,,1.0,252.080002,253.039993,249.470001,251.160004
GOOGL,2025-09-17,251.22000122070312,251.60000610351562,246.27999877929688,249.52999877929688,249.04270935058594,34108000,,,1.0,251.220001,251.600006,246.279999,249.529999
GOOGL,2025-09-18,251.67999267578125,253.99000549316406,249.8000030517578,252.02999877929688,251.537841796875,31239500,,,1.0,251.679993,253.990005,249.800003,252.029999
GOOGL,2025-09-19,253.25,256.0,251.80999755859375,254.72000122070312,254.22259521484375,55571400,,,1.0,253.25,256.0,251.809998,254.720001
GOOGL,2025-09-22,254.42999267578125,255.77999877929688,250.3000030517578,252.52999877929688,252.03684997558594,32290500,,,1.0,254.429993,255.779999,250.300003,252.529999
GOOGL,2025-09-23,253.0399932861328,254.36000061035156,250.47999572753906,251.66000366210938,251.16856384277344,26628000,,,1.0,253.039993,254.360001,250.479996,251.660004
GOOGL,2025-09-24,251.66000366210938,252.35000610351562,246.44000244140625,247.13999938964844,246.65737915039062,28201000,,,1.0,251.660004,252.350006,246.440002,247.139999
GOOGL,2025-09-25,244.39999389648438,246.49000549316406,240.74000549316406,245.7899932861328,245.3100128173828,31020400,,,1.0,244.399994,246.490005,240.740005,245.789993
GOOGL,2025-09-26,247.07000732421875,249.4199981689453,245.97000122070312,246.5399932861328,246.0585479736328,18503200,,,1.0,247.070007,249.419998,245.970001,246.539993
GOOGL,2025-09-29,247.85000610351562,251.14999389648438,242.77000427246094,244.0500030517578,243.5734100341797,32505800,,,1.0,247.850006,251.149994,242.770004,244.050003
GOOGL,2025-09-30,242.80999755859375,243.2899932861328,239.25,243.10000610351562,242.6252899169922,34724300,,,1.0,242.809998,243.289993,239.25,243.100006
GOOGL,2025-10-01,240.75,246.3000030517578,238.61000061035156,244.89999389648438,244.4217529296875,31658200,,,1.0,240.75,246.300003,238.610001,244.899994
GOOGL,2025-10-02,245.14999389648438,246.80999755859375,242.3000030517578,245.69000244140625,245.210205078125,25483300,,,1.0,245.149994,246.809998,242.300003,245.690002
GOOGL,2025-10-03,244.49000549316406,246.3000030517578,241.66000366210938,245.35000610351562,244.8708953857422,30249600,,,1.0,244.490005,246.300003,241.660004,245.350006
GOOGL,2025-10-06,244.77999877929688,251.32000732421875,244.5800018310547,250.42999267578125,249.94094848632812,28894700,,,1.0,244.779999,251.320007,244.580002,250.429993
GOOGL,2025-10-07,248.27000427246094,250.44000244140625,245.52000427246094,245.75999450683594,245.2800750732422,23181300,,,1.0,248.270004,250.440002,245.520004,245.759995
GOOGL,2025-10-08,244.9600067138672,246.00999450683594,243.82000732421875,244.6199951171875,244.14230346679688,21307100,,,1.0,244.960007,246.009995,243.820007,244.619995
GOOGL,2025-10-09,244.47000122070312,244.75999450683594,239.14999389648438,241.52999877929688,241.05833435058594,27892100,,,1.0,244.470001,244.759995,239.149994,241.529999
GOOGL,2025-10-10,241.42999267578125,244.08999633789062,235.83999633789062,236.57000732421875,236.10804748535156,33180300,,,1.0,241.429993,244.089996,235.839996,236.570007
GOOGL,2025-10-13,240.2100067138672,244.5,239.7100067138672,244.14999389648438,243.6732177734375,24995000,,,1.0,240.210007,244.5,239.710007,244.149994
GOOGL,2025-10-14,241.22999572753906,247.1199951171875,240.50999450683594,245.4499969482422,244.97067260742188,22111600,,,1.0,241.229996,247.119995,240.509995,245.449997
GOOGL,2025-10-15,247.25,252.11000061035156,245.99000549316406,251.02999877929688,250.53977966308594,27007700,,,1.0,247.25,252.110001,245.990005,251.029999
GOOGL,2025-10-16,251.77000427246094,256.9599914550781,250.10000610351562,251.4600067138672,250.9689483642578,27997200,,,1.0,251.770004,256.959991,250.100006,251.460007
GOOGL,2025-10-17,250.75999450683594,254.22000122070312,247.80999755859375,253.3000030517578,252.8053436279297,29671600,,,1.0,250.759995,254.220001,247.809998,253.300003
GOOGL,2025-10-20,254.69000244140625,257.3299865722656,254.22999572753906,256.54998779296875,256.04901123046875,22350200,,,1.0,254.690002,257.329987,254.229996,256.549988
GOOGL,2025-10-21,254.74000549316406,254.8800048828125,244.14999389648438,250.4600067138672,249.9709014892578,47312100,,,1.0,254.740005,254.880005,244.149994,250.460007
GOOGL,2025-10-22,254.3699951171875,256.3599853515625,249.2899932861328,251.69000244140625,251.19850158691406,35029400,,,1.0,254.369995,256.359985,249.289993,251.690002
GOOGL,2025-10-23,252.97999572753906,255.0399932861328,251.85000610351562,253.0800018310547,252.58580017089844,19901400,,,1.0,252.979996,255.039993,251.850006,253.080002
GOOGL,2025-10-24,256.5799865722656,261.67999267578125,255.32000732421875,259.9200134277344,259.4124450683594,28655100,,,1.0,256.579987,261.679993,255.320007,259.920013
GOOGL,2025-10-27,264.82000732421875,270.1400146484375,264.2799987792969,269.2699890136719,268.744140625,35235200,,,1.0,264.820007,270.140015,264.279999,269.269989
GOOGL,2025-10-28,269.69000244140625,270.7300109863281,266.5,267.4700012207031,266.94769287109375,29738600,,,1.0,269.690002,270.730011,266.5,267.470001
GOOGL,2025-10-29,267.75,275.3399963378906,267.6700134277344,274.57000732421875,274.0338439941406,43580300,,,1.0,267.75,275.339996,267.670013,274.570007
GOOGL,2025-10-30,291.5899963378906,291.5899963378906,280.05999755859375,281.4800109863281,280.93035888671875,74876000,,,1.0,291.589996,291.589996,280.059998,281.480011
GOOGL,2025-10-31,283.2099914550781,286.0,277.0299987792969,281.19000244140625,280.640869140625,39267900,,,1.0,283.209991,286.0,277.029999,281.190002
GOOGL,2025-11-03,282.17999267578125,285.5299987792969,279.79998779296875,283.7200012207031,283.16595458984375,29786000,,,1.0,282.179993,285.529999,279.799988,283.720001
GOOGL,2025-11-04,276.75,281.2699890136719,276.260009765625,277.5400085449219,276.9980163574219,30078400,,,1.0,276.75,281.269989,276.26001,277.540009
GOOGL,2025-11-05,278.8699951171875,286.4200134277344,277.3399963378906,284.30999755859375,283.7547607421875,31010300,,,1.0,278.869995,286.420013,277.339996,284.309998
GOOGL,2025-11-06,285.3299865722656,288.3500061035156,281.1400146484375,284.75,284.1939392089844,37173600,,,1.0,285.329987,288.350006,281.140015,284.75
GOOGL,2025-11-07,283.2099914550781,283.7799987792969,275.19000244140625,278.8299865722656,278.2854919433594,34479600,,,1.0,283.209991,283.779999,275.190002,278.829987
GOOGL,2025-11-10,284.4200134277344,290.79998779296875,282.8599853515625,290.1000061035156,289.5334777832031,29557300,,,1.0,284.420013,290.799988,282.859985,290.100006
GOOGL,2025-11-11,287.75,291.9200134277344,287.32000732421875,291.30999755859375,290.74114990234375,19842100,,,1.0,287.75,291.920013,287.320007,291.309998
GOOGL,2025-11-12,291.67999267578125,292.010009765625,283.69000244140625,286.7099914550781,286.15008544921875,24829900,,,1.0,291.679993,292.01001,283.690002,286.709991
GOOGL,2025-11-13,282.3399963378906,282.8399963378906,277.239990234375,278.57000732421875,278.0260009765625,29494000,,,1.0,282.339996,282.839996,277.23999,278.570007
GOOGL,2025-11-14,271.4100036621094,278.55999755859375,270.70001220703125,276.4100036621094,275.8702392578125,31647200,,,1.0,271.410004,278.559998,270.700012,276.410004
GOOGL,2025-11-17,285.7799987792969,293.95001220703125,283.57000732421875,285.0199890136719,284.46337890625,52670200,,,1.0,285.779999,293.950012,283.570007,285.019989
GOOGL,2025-11-18,287.9200134277344,288.79998779296875,278.20001220703125,284.2799987792969,283.724853515625,49158700,,,1.0,287.920013,288.799988,278.200012,284.279999
GOOGL,2025-11-19,287.1600036621094,303.80999755859375,286.6300048828125,292.80999755859375,292.2381896972656,68198900,,,1.0,287.160004,303.809998,286.630005,292.809998
GOOGL,2025-11-20,304.5400085449219,306.4200134277344,288.6700134277344,289.45001220703125,288.884765625,62025200,,,1.0,304.540009,306.420013,288.670013,289.450012
GOOGL,2025-11-21,296.4200134277344,303.9200134277344,293.8500061035156,299.6600036621094,299.0748291015625,74137700,,,1.0,296.420013,303.920013,293.850006,299.660004
GOOGL,2025-11-24,311.1300048828125,319.4800109863281,309.6000061035156,318.5799865722656,317.9578552246094,85165100,,,1.0,311.130005,319.480011,309.600006,318.579987
GOOGL,2025-11-25,326.2099914550781,328.8299865722656,317.6499938964844,323.44000244140625,322.8083801269531,88632100,,,1.0,326.209991,328.829987,317.649994,323.440002
GOOGL,2025-11-26,320.67999267578125,324.5,316.7900085449219,319.95001220703125,319.3252258300781,51373400,,,1.0,320.679993,324.5,316.790009,319.950012
GOOGL,2025-11-28,323.3699951171875,326.8500061035156,316.7900085449219,320.17999267578125,319.5547790527344,26018600,,,1.0,323.369995,326.850006,316.790009,320.179993
GOOGL,2025-12-01,317.70001220703125,319.8500061035156,313.8900146484375,314.8900146484375,314.2751159667969,41183000,,,1.0,317.700012,319.850006,313.890015,314.890015
GOOGL,2025-12-02,316.739990234375,318.3800048828125,313.9100036621094,315.80999755859375,315.1932678222656,35854700,,,1.0,316.73999,318.380005,313.910004,315.809998
GOOGL,2025-12-03,315.8900146484375,321.5799865722656,314.1000061035156,319.6300048828125,319.00579833984375,41838300,,,1.0,315.890015,321.579987,314.100006,319.630005
GOOGL,2025-12-04,322.2300109863281,322.3599853515625,314.70001220703125,317.6199951171875,316.999755859375,31240900,,,1.0,322.230011,322.359985,314.700012,317.619995
GOOGL,2025-12-05,319.489990234375,323.1600036621094,319.1700134277344,321.2699890136719,320.642578125,28851700,,,1.0,319.48999,323.160004,319.170013,321.269989
GOOGL,2025-12-08,320.04998779296875,320.44000244140625,311.2200012207031,313.7200012207031,313.31219482421875,33909400,0.21,,1.0,320.049988,320.440002,311.220001,313.720001
GOOGL,2025-12-09,312.3699951171875,317.989990234375,311.8999938964844,317.0799865722656,316.66778564453125,30194000,,,1.0,312.369995,317.98999,311.899994,317.079987
GOOGL,2025-12-10,315.8299865722656,321.30999755859375,314.67999267578125,320.2099914550781,319.7937316894531,33428900,,,1.0,315.829987,321.309998,314.679993,320.209991
GOOGL,2025-12-11,320.0799865722656,321.1199951171875,308.6000061035156,312.42999267578125,312.0238342285156,42353700,,,1.0,320.079987,321.119995,308.600006,312.429993
GOOGL,2025-12-12,313.70001220703125,314.8699951171875,305.55999755859375,309.2900085449219,308.887939453125,35940200,,,1.0,313.700012,314.869995,305.559998,309.290009
GOOGL,2025-12-15,311.32000732421875,311.4200134277344,304.8800048828125,308.2200012207031,307.8193054199219,29151900,,,1.0,311.320007,311.420013,304.880005,308.220001
GOOGL,2025-12-16,304.95001220703125,310.7699890136719,302.5899963378906,306.57000732421875,306.1714782714844,30585000,,,1.0,304.950012,310.769989,302.589996,306.570007
GOOGL,2025-12-17,308.010009765625,308.0899963378906,296.1199951171875,296.7200012207031,296.3342590332031,43930400,,,1.0,308.01001,308.089996,296.119995,296.720001
GOOGL,2025-12-18,301.7200012207031,303.9599914550781,299.2300109863281,302.4599914550781,302.0668029785156,33518000,,,1.0,301.720001,303.959991,299.230011,302.459991
GOOGL,2025-12-19,301.7300109863281,307.25,300.9700012207031,307.1600036621094,306.7607116699219,59943200,,,1.0,301.730011,307.25,300.970001,307.160004
GOOGL,2025-12-22,309.8800048828125,310.1300048828125,305.29998779296875,309.7799987792969,309.3772888183594,26429900,,,1.0,309.880005,310.130005,305.299988,309.779999
GOOGL,2025-12-23,309.6300048828125,314.94000244140625,309.32000732421875,314.3500061035156,313.94134521484375,25478700,,,1.0,309.630005,314.940002,309.320007,314.350006
GOOGL,2025-12-24,314.7699890136719,315.0799865722656,311.9200134277344,314.0899963378906,313.68170166015625,10097400,,,1.0,314.769989,315.079987,311.920013,314.089996
GOOGL,2025-12-26,314.4800109863281,315.0899963378906,312.2799987792969,313.510009765625,313.1024475097656,10899000,,,1.0,314.480011,315.089996,312.279999,313.51001
GOOGL,2025-12-29,311.3699951171875,314.0199890136719,310.6199951171875,313.55999755859375,313.1523742675781,19621800,,,1.0,311.369995,314.019989,310.619995,313.559998
GOOGL,2025-12-30,312.5,316.95001220703125,312.4599914550781,313.8500061035156,313.4420166015625,17380900,,,1.0,312.5,316.950012,312.459991,313.850006
GOOGL,2025-12-31,312.8500061035156,314.5799865722656,311.44000244140625,313.0,312.5931091308594,16377700,,,1.0,312.850006,314.579987,311.440002,313.0
GOOGL,2026-01-02,316.8999938964844,322.5,310.3299865722656,315.1499938964844,314.7403259277344,32009400,,,1.0,316.899994,322.5,310.329987,315.149994
GOOGL,2026-01-05,317.6600036621094,319.0199890136719,314.6300048828125,316.5400085449219,316.1285400390625,30195600,,,1.0,317.660004,319.019989,314.630005,316.540009
GOOGL,2026-01-06,316.3999938964844,320.94000244140625,311.7799987792969,314.3399963378906,313.9313659667969,31212100,,,1.0,316.399994,320.940002,311.779999,314.339996
GOOGL,2026-01-07,314.3599853515625,326.1499938964844,314.19000244140625,321.9800109863281,321.5614318847656,35104400,,,1.0,314.359985,326.149994,314.190002,321.980011
GOOGL,2026-01-08,328.9700012207031,330.32000732421875,321.5,325.44000244140625,325.0169372558594,31896100,,,1.0,328.970001,330.320007,321.5,325.440002
GOOGL,2026-01-09,327.0899963378906,330.8299865722656,325.79998779296875,328.57000732421875,328.14288330078125,26214200,,,1.0,327.089996,330.829987,325.799988,328.570007
GOOGL,2026-01-12,325.79998779296875,334.0400085449219,325.0,331.8599853515625,331.4285583496094,33923900,,,1.0,325.799988,334.040009,325.0,331.859985
GOOGL,2026-01-13,334.95001220703125,340.489990234375,333.6199951171875,335.9700012207031,335.53326416015625,33517600,,,1.0,334.950012,340.48999,333.619995,335.970001
GOOGL,2026-01-14,335.05999755859375,336.5199890136719,330.4800109863281,335.8399963378906,335.4034118652344,28525600,,,1.0,335.059998,336.519989,330.480011,335.839996
GOOGL,2026-01-15,337.6499938964844,337.69000244140625,330.739990234375,332.7799987792969,332.3473815917969,28442400,,,1.0,337.649994,337.690002,330.73999,332.779999
GOOGL,2026-01-16,334.4100036621094,334.6499938964844,327.70001220703125,330.0,329.5710144042969,40341600,,,1.0,334.410004,334.649994,327.700012,330.0
GOOGL,2026-01-20,320.8699951171875,327.7300109863281,320.42999267578125,322.0,321.5814208984375,35361000,,,1.0,320.869995,327.730011,320.429993,322.0
GOOGL,2026-01-21,320.9200134277344,332.4800109863281,319.3500061035156,328.3800048828125,327.953125,35386600,,,1.0,320.920013,332.480011,319.350006,328.380005
GOOGL,2026-01-22,334.45001220703125,335.1499938964844,328.75,330.5400085449219,330.1103210449219,26253600,,,1.0,334.450012,335.149994,328.75,330.540009
GOOGL,2026-01-23,332.489990234375,333.69000244140625,327.45001220703125,327.92999267578125,327.5036926269531,27280000,,,1.0,332.48999,333.690002,327.450012,327.929993
GOOGL,2026-01-26,327.80999755859375,335.8399963378906,327.0,333.260009765625,332.8267822265625,26042100,,,1.0,327.809998,335.839996,327.0,333.26001
GOOGL,2026-01-27,335.3699951171875,337.9100036621094,333.4800109863281,334.54998779296875,334.1150817871094,21636200,,,1.0,335.369995,337.910004,333.480011,334.549988
GOOGL,2026-01-28,336.05999755859375,337.5400085449219,331.94000244140625,336.010009765625,335.5732116699219,27434400,,,1.0,336.059998,337.540009,331.940002,336.01001
GOOGL,2026-01-29,340.29998779296875,342.2900085449219,326.5400085449219,338.25,337.8102722167969,39785600,,,1.0,340.299988,342.290009,326.540009,338.25
GOOGL,2026-01-30,340.0,340.0,332.2900085449219,338.0,337.56060791015625,31024000,,,1.0,340.0,340.0,332.290009,338.0
GOOGL,2026-02-02,336.2200012207031,344.8299865722656,335.6300048828125,343.69000244140625,343.24322509765625,32006100,,,1.0,336.220001,344.829987,335.630005,343.690002
GOOGL,2026-02-03,347.3399963378906,349.0,337.4700012207031,339.7099914550781,339.26837158203125,36506700,,,1.0,347.339996,349.0,337.470001,339.709991
GOOGL,2026-02-04,342.9599914550781,343.30999755859375,328.5199890136719,333.0400085449219,332.6070556640625,70618400,,,1.0,342.959991,343.309998,328.519989,333.040009
GOOGL,2026-02-05,312.2200012207031,332.69000244140625,306.4599914550781,331.25,330.8193664550781,88205800,,,1.0,312.220001,332.690002,306.459991,331.25
GOOGL,2026-02-06,327.17999267578125,330.3800048828125,319.9200134277344,322.8599853515625,322.4402770996094,56380500,,,1.0,327.179993,330.380005,319.920013,322.859985
GOOGL,2026-02-09,320.92999267578125,327.70001220703125,317.260009765625,324.32000732421875,323.8984069824219,39640100,,,1.0,320.929993,327.700012,317.26001,324.320007
GOOGL,2026-02-10,320.9700012207031,321.6700134277344,314.6099853515625,318.5799865722656,318.16583251953125,39170000,,,1.0,320.970001,321.670013,314.609985,318.579987
GOOGL,2026-02-11,318.9700012207031,321.05999755859375,309.6600036621094,310.9599914550781,310.5557556152344,45406400,,,1.0,318.970001,321.059998,309.660004,310.959991
GOOGL,2026-02-12,312.0899963378906,316.239990234375,307.20001220703125,309.0,308.5982971191406,47761300,,,1.0,312.089996,316.23999,307.200012,309.0
GOOGL,2026-02-13,307.7300109863281,308.6300048828125,303.7099914550781,305.7200012207031,305.32257080078125,38499700,,,1.0,307.730011,308.630005,303.709991,305.720001
GOOGL,2026-02-17,300.0400085449219,304.44000244140625,296.25,302.0199890136719,301.6273498535156,39247600,,,1.0,300.040009,304.440002,296.25,302.019989
GOOGL,2026-02-18,302.0899963378906,305.3800048828125,301.25,303.3299865722656,302.9356689453125,28482100,,,1.0,302.089996,305.380005,301.25,303.329987
GOOGL,2026-02-19,301.82000732421875,305.4700012207031,300.0400085449219,302.8500061035156,302.456298828125,25834400,,,1.0,301.820007,305.470001,300.040009,302.850006
GOOGL,2026-02-20,304.32000732421875,316.5,303.8999938964844,314.9800109863281,314.5705261230469,53210800,,,1.0,304.320007,316.5,303.899994,314.980011
GOOGL,2026-02-23,319.04998779296875,319.5199890136719,309.8699951171875,311.489990234375,311.0850524902344,31423000,,,1.0,319.049988,319.519989,309.869995,311.48999
GOOGL,2026-02-24,310.5199890136719,312.2699890136719,305.92999267578125,310.8999938964844,310.495849609375,25615600,,,1.0,310.519989,312.269989,305.929993,310.899994
GOOGL,2026-02-25,312.05999755859375,313.6400146484375,309.44000244140625,312.8999938964844,312.49322509765625,29963600,,,1.0,312.059998,313.640015,309.440002,312.899994
GOOGL,2026-02-26,312.6400146484375,313.1400146484375,302.3500061035156,307.3800048828125,306.9804382324219,36431200,,,1.0,312.640015,313.140015,302.350006,307.380005
GOOGL,2026-02-27,304.1400146484375,312.3699951171875,303.79998779296875,311.760009765625,311.354736328125,44640600,,,1.0,304.140015,312.369995,303.799988,311.76001
GOOGL,2026-03-02,303.2300109863281,308.489990234375,301.29998779296875,306.5199890136719,306.12152099609375,34790200,,,1.0,303.230011,308.48999,301.299988,306.519989
GOOGL,2026-03-03,298.5899963378906,303.94000244140625,296.7099914550781,303.5799865722656,303.1853332519531,35497000,,,1.0,298.589996,303.940002,296.709991,303.579987
GOOGL,2026-03-04,302.8900146484375,305.4700012207031,300.75,303.1300048828125,302.7359619140625,29536200,,,1.0,302.890015,305.470001,300.75,303.130005
GOOGL,2026-03-05,303.0400085449219,303.29998779296875,297.989990234375,300.8800048828125,300.4888610839844,35752300,,,1.0,303.040009,303.299988,297.98999,300.880005
GOOGL,2026-03-06,296.0899963378906,300.5299987792969,295.17999267578125,298.5199890136719,298.1319274902344,25576900,,,1.0,296.089996,300.529999,295.179993,298.519989
GOOGL,2026-03-09,294.3599853515625,306.79998779296875,294.0799865722656,306.3599853515625,306.1770935058594,29312100,0.21,,1.0,294.359985,306.799988,294.079987,306.359985
GOOGL,2026-03-10,306.1700134277344,309.510009765625,305.57000732421875,307.0400085449219,306.8567199707031,23239700,,,1.0,306.170013,309.51001,305.570007,307.040009
GOOGL,2026-03-11,306.75,311.4200134277344,305.9200134277344,308.70001220703125,308.5157470703125,24125700,,,1.0,306.75,311.420013,305.920013,308.700012
GOOGL,2026-03-12,306.82000732421875,308.94000244140625,301.0299987792969,303.54998779296875,303.3687744140625,24928300,,,1.0,306.820007,308.940002,301.029999,303.549988
GOOGL,2026-03-13,307.010009765625,307.69000244140625,300.44000244140625,302.2799987792969,302.09954833984375,23693100,,,1.0,307.01001,307.690002,300.440002,302.279999
GOOGL,2026-03-16,304.3500061035156,306.489990234375,303.0199890136719,305.55999755859375,305.3775939941406,23519700,,,1.0,304.350006,306.48999,303.019989,305.559998
GOOGL,2026-03-17,305.8599853515625,311.4200134277344,305.5,310.9200134277344,310.7344055175781,21955200,,,1.0,305.859985,311.420013,305.5,310.920013
GOOGL,2026-03-18,309.2699890136719,312.4700012207031,306.92999267578125,307.69000244140625,307.5063171386719,20009800,,,1.0,309.269989,312.470001,306.929993,307.690002
GOOGL,2026-03-19,304.010009765625,308.05999755859375,302.3500061035156,307.1300048828125,306.9466552734375,25075800,,,1.0,304.01001,308.059998,302.350006,307.130005
GOOGL,2026-03-20,305.4599914550781,306.0,298.2699890136719,301.0,300.8203125,44364100,,,1.0,305.459991,306.0,298.269989,301.0
GOOGL,2026-03-23,302.1099853515625,305.9800109863281,300.92999267578125,302.05999755859375,301.87969970703125,29326900,,,1.0,302.109985,305.980011,300.929993,302.059998
GOOGL,2026-03-24,299.20001220703125,299.9200134277344,290.3299865722656,290.44000244140625,290.2666320800781,36864300,,,1.0,299.200012,299.920013,290.329987,290.440002
GOOGL,2026-03-25,293.44000244140625,296.0,289.239990234375,290.92999267578125,290.7563171386719,29460700,,,1.0,293.440002,296.0,289.23999,290.929993
GOOGL,2026-03-26,287.9100036621094,287.95001220703125,278.5,280.9200134277344,280.7523193359375,39080600,,,1.0,287.910004,287.950012,278.5,280.920013
GOOGL,2026-03-27,277.2799987792969,279.3699951171875,273.95001220703125,274.3399963378906,274.1762390136719,35890600,,,1.0,277.279999,279.369995,273.950012,274.339996
GOOGL,2026-03-30,276.4200134277344,277.0899963378906,272.1099853515625,273.5,273.33673095703125,35141200,,,1.0,276.420013,277.089996,272.109985,273.5
GOOGL,2026-03-31,278.0400085449219,288.0799865722656,277.0899963378906,287.55999755859375,287.3883361816406,43875400,,,1.0,278.040009,288.079987,277.089996,287.559998
GOOGL,2026-04-01,290.8399963378906,300.5199890136719,290.4100036621094,297.3900146484375,297.2124938964844,37684500,,,1.0,290.839996,300.519989,290.410004,297.390015
GOOGL,2026-04-02,290.69000244140625,298.0799865722656,289.45001220703125,295.7699890136719,295.59344482421875,21666500,,,1.0,290.690002,298.079987,289.450012,295.769989
GOOGL,2026-04-06,295.8699951171875,300.6199951171875,295.17999267578125,299.989990234375,299.8109130859375,16945500,,,1.0,295.869995,300.619995,295.179993,299.98999
GOOGL,2026-04-07,302.7300109863281,305.6300048828125,297.7200012207031,305.4599914550781,305.27764892578125,23205400,,,1.0,302.730011,305.630005,297.720001,305.459991
GOOGL,2026-04-08,320.45001220703125,322.0799865722656,315.0199890136719,317.32000732421875,317.1305847167969,33547100,,,1.0,320.450012,322.079987,315.019989,317.320007
GOOGL,2026-04-09,315.9100036621094,319.5400085449219,311.05999755859375,318.489990234375,318.29986572265625,23739200,,,1.0,315.910004,319.540009,311.059998,318.48999
GOOGL,2026-04-10,320.0199890136719,321.8299865722656,316.32000732421875,317.239990234375,317.0506286621094,19152600,,,1.0,320.019989,321.829987,316.320007,317.23999
GOOGL,2026-04-13,317.1400146484375,321.6300048828125,315.4700012207031,321.30999755859375,321.1181945800781,18866400,,,1.0,317.140015,321.630005,315.470001,321.309998
GOOGL,2026-04-14,324.7900085449219,333.2900085449219,323.75,332.9100036621094,332.7112731933594,27721400,,,1.0,324.790009,333.290009,323.75,332.910004
GOOGL,2026-04-15,332.8900146484375,337.4800109863281,330.8999938964844,337.1199951171875,336.91876220703125,24918800,,,1.0,332.890015,337.480011,330.899994,337.119995
GOOGL,2026-04-16,338.75,339.8800048828125,334.5199890136719,336.0199890136719,335.81939697265625,20541500,,,1.0,338.75,339.880005,334.519989,336.019989
GOOGL,2026-04-17,337.6499938964844,342.32000732421875,336.239990234375,341.67999267578125,341.4760437011719,25581900,,,1.0,337.649994,342.320007,336.23999,341.679993
GOOGL,2026-04-20,340.760009765625,341.3999938964844,336.6099853515625,337.4200134277344,337.2185974121094,18784200,,,1.0,340.76001,341.399994,336.609985,337.420013
GOOGL,2026-04-21,337.69000244140625,339.3399963378906,331.3500061035156,332.2900085449219,332.0916442871094,23123800,,,1.0,337.690002,339.339996,331.350006,332.290009
GOOGL,2026-04-22,337.0199890136719,339.82000732421875,335.1700134277344,339.32000732421875,339.1174621582031,20293000,,,1.0,337.019989,339.820007,335.170013,339.320007
GOOGL,2026-04-23,341.17999267578125,341.9599914550781,336.17999267578125,338.8900146484375,338.6877136230469,18650300,,,1.0,341.179993,341.959991,336.179993,338.890015
GOOGL,2026-04-24,338.7300109863281,345.2699890136719,335.3900146484375,344.3999938964844,344.19439697265625,26426100,,,1.0,338.730011,345.269989,335.390015,344.399994
GOOGL,2026-04-27,345.9800109863281,353.17999267578125,342.7300109863281,350.3399963378906,350.130859375,28576900,,,1.0,345.980011,353.179993,342.730011,350.339996
GOOGL,2026-04-28,348.54998779296875,352.4200134277344,346.1199951171875,349.7799987792969,349.5711975097656,27824100,,,1.0,348.549988,352.420013,346.119995,349.779999
GOOGL,2026-04-29,347.57000732421875,355.7900085449219,344.2099914550781,349.94000244140625,349.7311096191406,35376300,,,1.0,347.570007,355.790009,344.209991,349.940002
GOOGL,2026-04-30,374.07000732421875,385.8399963378906,365.82000732421875,384.79998779296875,384.5702819824219,72040000,,,1.0,374.070007,385.839996,365.820007,384.799988
GOOGL,2026-05-01,381.6300048828125,386.760009765625,379.04998779296875,385.69000244140625,385.45977783203125,30105200,,,1.0,381.630005,386.76001,379.049988,385.690002
GOOGL,2026-05-04,385.6300048828125,387.3800048828125,379.7900085449219,383.25,383.0212097167969,26298600,,,1.0,385.630005,387.380005,379.790009,383.25
GOOGL,2026-05-05,386.2300109863281,392.82000732421875,384.0199890136719,388.42999267578125,388.1981201171875,23878600,,,1.0,386.230011,392.820007,384.019989,388.429993
GOOGL,2026-05-06,394.25,399.8500061035156,392.760009765625,398.0400085449219,397.8023986816406,31308500,,,1.0,394.25,399.850006,392.76001,398.040009
GOOGL,2026-05-07,399.9200134277344,400.1000061035156,392.67999267578125,397.989990234375,397.7524108886719,24433500,,,1.0,399.920013,400.100006,392.679993,397.98999
GOOGL,2026-05-08,397.0,402.0,396.3599853515625,400.79998779296875,400.56072998046875,21461800,,,1.0,397.0,402.0,396.359985,400.799988
GOOGL,2026-05-11,393.6499938964844,397.44000244140625,388.4700012207031,388.6400146484375,388.40802001953125,30753700,,,1.0,393.649994,397.440002,388.470001,388.640015
GOOGL,2026-05-12,387.3399963378906,388.5199890136719,382.7699890136719,387.3500061035156,387.1187744140625,26017500,,,1.0,387.339996,388.519989,382.769989,387.350006
GOOGL,2026-05-13,385.6000061035156,403.70001220703125,385.0,402.6199951171875,402.3796691894531,28144600,,,1.0,385.600006,403.700012,385.0,402.619995
GOOGL,2026-05-14,397.2799987792969,402.92999267578125,395.8399963378906,401.07000732421875,400.8305969238281,21136700,,,1.0,397.279999,402.929993,395.839996,401.070007
GOOGL,2026-05-15,396.32000732421875,399.5400085449219,393.17999267578125,396.7799987792969,396.54315185546875,20309700,,,1.0,396.320007,399.540009,393.179993,396.779999
GOOGL,2026-05-18,395.69000244140625,408.6099853515625,394.5299987792969,396.94000244140625,396.70306396484375,26837200,,,1.0,395.690002,408.609985,394.529999,396.940002
GOOGL,2026-05-19,396.9599914550781,397.1499938964844,386.1099853515625,387.6600036621094,387.4285888671875,39545700,,,1.0,396.959991,397.149994,386.109985,387.660004
GOOGL,2026-05-20,387.70001220703125,393.8599853515625,382.8999938964844,388.9100036621094,388.6778564453125,31744400,,,1.0,387.700012,393.859985,382.899994,388.910004
GOOGL,2026-05-21,385.70001220703125,392.5,383.0199890136719,387.6600036621094,387.4285888671875,24852800,,,1.0,385.700012,392.5,383.019989,387.660004
GOOGL,2026-05-22,387.3500061035156,388.739990234375,381.7699890136719,382.9700012207031,382.74139404296875,20442100,,,1.0,387.350006,388.73999,381.769989,382.970001
GOOGL,2026-05-26,384.510009765625,389.260009765625,382.6000061035156,388.8800048828125,388.6478576660156,27747400,,,1.0,384.51001,389.26001,382.600006,388.880005
GOOGL,2026-05-27,386.6700134277344,393.8800048828125,385.8999938964844,388.8299865722656,388.5978698730469,23087300,,,1.0,386.670013,393.880005,385.899994,388.829987
GOOGL,2026-05-28,388.0,391.8699951171875,385.1600036621094,390.1300048828125,389.8971252441406,24357500,,,1.0,388.0,391.869995,385.160004,390.130005
GOOGL,2026-05-29,385.239990234375,385.239990234375,378.4599914550781,380.3399963378906,380.1129455566406,44415800,,,1.0,385.23999,385.23999,378.459991,380.339996
GOOGL,2026-06-01,376.5199890136719,378.55999755859375,373.5199890136719,376.3699951171875,376.14532470703125,28672100,,,1.0,376.519989,378.559998,373.519989,376.369995
GOOGL,2026-06-02,366.5899963378906,373.5400085449219,358.44000244140625,361.8500061035156,361.6340026855469,50412300,,,1.0,366.589996,373.540009,358.440002,361.850006
GOOGL,2026-06-03,362.0299987792969,366.45001220703125,358.0799865722656,358.989990234375,358.77569580078125,55441600,,,1.0,362.029999,366.450012,358.079987,358.98999
GOOGL,2026-06-04,358.8999938964844,373.25,358.2099914550781,372.19000244140625,371.96783447265625,44055500,,,1.0,358.899994,373.25,358.209991,372.190002
GOOGL,2026-06-05,366.3399963378906,372.0799865722656,364.1199951171875,368.5299987792969,368.30999755859375,37471200,,,1.0,366.339996,372.079987,364.119995,368.529999
GOOGL,2026-06-08,365.17999267578125,366.20001220703125,360.5299987792969,363.30999755859375,363.30999755859375,27942500,0.22,,1.0,365.179993,366.200012,360.529999,363.309998
GOOGL,2026-06-09,367.0899963378906,372.0799865722656,357.29998779296875,364.260009765625,364.260009765625,29535100,,,1.0,367.089996,372.079987,357.299988,364.26001
GOOGL,2026-06-10,363.19000244140625,368.55999755859375,355.20001220703125,356.3800048828125,356.3800048828125,32357100,,,1.0,363.190002,368.559998,355.200012,356.380005
GOOGL,2026-06-11,355.92999267578125,358.79998779296875,346.3599853515625,357.7699890136719,357.7699890136719,35538200,,,1.0,355.929993,358.799988,346.359985,357.769989
GOOGL,2026-06-12,362.6199951171875,366.57000732421875,354.94000244140625,359.67999267578125,359.67999267578125,24704600,,,1.0,362.619995,366.570007,354.940002,359.679993
GOOGL,2026-06-15,367.92999267578125,372.989990234375,366.54998779296875,369.3500061035156,369.3500061035156,27727500,,,1.0,367.929993,372.98999,366.549988,369.350006
GOOGL,2026-06-16,369.6000061035156,376.0,367.05999755859375,373.25,373.25,24876100,,,1.0,369.600006,376.0,367.059998,373.25
GOOGL,2026-06-17,369.1300048828125,372.3299865722656,362.0199890136719,363.7900085449219,363.7900085449219,24543600,,,1.0,369.130005,372.329987,362.019989,363.790009
GOOGL,2026-06-18,365.75,369.4800109863281,358.6700134277344,368.0299987792969,368.0299987792969,44470100,,,1.0,365.75,369.480011,358.670013,368.029999
GOOGL,2026-06-22,357.95001220703125,358.9200134277344,341.7200012207031,349.67999267578125,349.67999267578125,52814800,,,1.0,357.950012,358.920013,341.720001,349.679993
GOOGL,2026-06-23,340.69000244140625,349.2900085449219,340.20001220703125,346.1300048828125,346.1300048828125,34007700,,,1.0,340.690002,349.290009,340.200012,346.130005
GOOGL,2026-06-24,349.0400085449219,353.4800109863281,341.92999267578125,345.2900085449219,345.2900085449219,44997300,,,1.0,349.040009,353.480011,341.929993,345.290009
GOOGL,2026-06-25,336.7300109863281,345.57000732421875,335.8399963378906,343.7099914550781,343.7099914550781,44491400,,,1.0,336.730011,345.570007,335.839996,343.709991
GOOGL,2026-06-26,342.54998779296875,346.3599853515625,330.20001220703125,337.3900146484375,337.3900146484375,114706300,,,1.0,342.549988,346.359985,330.200012,337.390015
GOOGL,2026-06-29,341.8299865722656,354.3500061035156,340.6700134277344,353.6499938964844,353.6499938964844,34213900,,,1.0,341.829987,354.350006,340.670013,353.649994
GOOGL,2026-06-30,353.8699951171875,358.6199951171875,350.3999938964844,357.3699951171875,357.3699951171875,35237200,,,1.0,353.869995,358.619995,350.399994,357.369995
GOOGL,2026-07-01,358.3699951171875,362.9700012207031,356.42999267578125,361.2099914550781,361.2099914550781,26736400,,,1.0,358.369995,362.970001,356.429993,361.209991
GOOGL,2026-07-02,359.4800109863281,364.2099914550781,353.4200134277344,359.9100036621094,359.9100036621094,25974800,,,1.0,359.480011,364.209991,353.420013,359.910004
GOOGL,2026-07-06,361.54998779296875,367.92999267578125,357.3800048828125,366.4599914550781,366.4599914550781,26915800,,,1.0,361.549988,367.929993,357.380005,366.459991
GOOGL,2026-07-07,369.07000732421875,373.1600036621094,365.5,367.0299987792969,367.0299987792969,24045600,,,1.0,369.070007,373.160004,365.5,367.029999
GOOGL,2026-07-08,364.760009765625,367.8399963378906,358.0199890136719,361.9200134277344,361.9200134277344,22094800,,,1.0,364.76001,367.839996,358.019989,361.920013
GOOGL,2026-07-09,354.30999755859375,359.6499938964844,351.0799865722656,358.8900146484375,358.8900146484375,24729100,,,1.0,354.309998,359.649994,351.079987,358.890015
GOOGL,2026-07-10,357.5299987792969,357.82000732421875,352.75,357.17999267578125,357.17999267578125,18146100,,,1.0,357.529999,357.820007,352.75,357.179993
GOOGL,2026-07-13,356.19000244140625,358.1300048828125,351.75,352.510009765625,352.510009765625,15901700,,,1.0,356.190002,358.130005,351.75,352.51001
GOOGL,2026-07-14,351.20001220703125,360.1600036621094,351.0899963378906,359.510009765625,359.510009765625,18259400,,,1.0,351.200012,360.160004,351.089996,359.51001
GOOGL,2026-07-15,357.9700012207031,373.6499938964844,357.760009765625,370.9200134277344,370.9200134277344,28284600,,,1.0,357.970001,373.649994,357.76001,370.920013
GOOGL,2026-07-16,373.05999755859375,375.2699890136719,352.29998779296875,354.4599914550781,354.4599914550781,41158500,,,1.0,373.059998,375.269989,352.299988,354.459991
GOOGL,2026-07-17,346.0,348.5199890136719,341.3599853515625,346.7699890136719,346.7699890136719,29959300,,,1.0,346.0,348.519989,341.359985,346.769989
GOOGL,2026-07-20,350.8800048828125,359.67999267578125,350.5199890136719,351.989990234375,351.989990234375,24736600,,,1.0,350.880005,359.679993,350.519989,351.98999
GOOGL,2026-07-21,351.32000732421875,351.32000732421875,347.0,347.1499938964844,347.1499938964844,23369800,,,1.0,351.320007,351.320007,347.0,347.149994
GOOGL,2026-07-22,348.1600036621094,349.94000244140625,341.7300109863281,342.0899963378906,342.0899963378906,39334100,,,1.0,348.160004,349.940002,341.730011,342.089996
GOOGL,2026-07-23,321.1300048828125,324.489990234375,314.8999938964844,317.69000244140625,317.69000244140625,69419700,,,1.0,321.130005,324.48999,314.899994,317.690002
GOOGL,2026-07-24,318.4200134277344,324.17999267578125,317.32000732421875,319.739990234375,319.739990234375,31806600,,,1.0,318.420013,324.179993,317.320007,319.73999
GOOGL,2026-07-27,325.0400085449219,330.4200134277344,324.45001220703125,326.55999755859375,326.55999755859375,28471600,,,1.0,325.040009,330.420013,324.450012,326.559998
GOOGL,2026-07-28,327.8999938964844,335.8800048828125,324.44000244140625,333.7099914550781,333.7099914550781,29511900,,,1.0,327.899994,335.880005,324.440002,333.709991
GOOGL,2026-07-29,334.6700134277344,342.5,331.6199951171875,336.7099914550781,336.7099914550781,27501600,,,1.0,334.670013,342.5,331.619995,336.709991
GOOGL,2026-07-30,334.20001220703125,336.510009765625,330.3399963378906,333.6600036621094,333.6600036621094,30168000,,,1.0,334.200012,336.51001,330.339996,333.660004
GOOGL,2026-07-31,340.8299865722656,358.5799865722656,340.0,356.1300048828125,356.1300048828125,46498000,,,1.0,340.829987,358.579987,340.0,356.130005
GOOGL,2026-08-03,365.45001220703125,376.69000244140625,363.3500061035156,373.510009765625,373.510009765625,38669700,,,1.0,365.450012,376.690002,363.350006,373.51001
GOOGL,2026-08-04,368.2200012207031,380.5199890136719,367.5,377.6499938964844,377.6499938964844,35705700,,,1.0,368.220001,380.519989,367.5,377.649994
GOOGL,2026-08-05,383.3399963378906,384.4800109863281,356.7699890136719,362.42999267578125,362.42999267578125,46926300,,,1.0,383.339996,384.480011,356.769989,362.429993
GOOGL,2026-08-06,360.7699890136719,364.1300048828125,356.8800048828125,357.75,357.75,25186500,,,1.0,360.769989,364.130005,356.880005,357.75
PANW,2020-01-02,38.87333297729492,39.323333740234375,38.82500076293945,39.23500061035156,39.23500061035156,5671800,,,6.0,233.239998,235.940002,232.950005,235.410004
PANW,2020-01-03,38.823333740234375,39.49833297729492,38.823333740234375,39.4716682434082,39.4716682434082,4459200,,,6.0,232.940002,236.989998,232.940002,236.830009
PANW,2020-01-06,39.391666412353516,40.09000015258789,39.28499984741211,40.043331146240234,40.043331146240234,6685200,,,6.0,236.349998,240.540001,235.709999,240.259987
PANW,2020-01-07,40.043331146240234,40.41666793823242,39.88833236694336,40.27333450317383,40.27333450317383,6769800,,,6.0,240.259987,242.500008,239.329994,241.640007
PANW,2020-01-08,39.66666793823242,39.959999084472656,39.46333312988281,39.76166534423828,39.76166534423828,6314400,,,6.0,238.000008,239.759995,236.779999,238.569992
PANW,2020-01-09,39.86333465576172,40.15833282470703,39.64666748046875,40.01166534423828,40.01166534423828,4507200,,,6.0,239.180008,240.949997,237.880005,240.069992
PANW,2020-01-10,40.04999923706055,40.436668395996094,39.54666519165039,39.64500045776367,39.64500045776367,5263200,,,6.0,240.299995,242.62001,237.279991,237.870003
PANW,2020-01-13,39.80833435058594,40.28499984741211,39.80833435058594,40.1533317565918,40.1533317565918,5469600,,,6.0,238.850006,241.709999,238.850006,240.919991
PANW,2020-01-14,40.13666534423828,40.41666793823242,39.813331604003906,40.0,40.0,5750400,,,6.0,240.819992,242.500008,238.87999,240.0
PANW,2020-01-15,40.095001220703125,40.709999084472656,40.06833267211914,40.116668701171875,40.116668701171875,3837000,,,6.0,240.570007,244.259995,240.409996,240.700012
PANW,2020-01-16,40.27333450317383,40.60333251953125,40.13666534423828,40.543331146240234,40.543331146240234,6133800,,,6.0,241.640007,243.619995,240.819992,243.259987
PANW,2020-01-17,40.5716667175293,40.731666564941406,40.125,40.345001220703125,40.345001220703125,6162000,,,6.0,243.43,244.389999,240.75,242.070007
PANW,2020-01-21,40.2599983215332,40.633331298828125,40.03166580200195,40.538333892822266,40.538333892822266,6846600,,,6.0,241.55999,243.799988,240.189995,243.230003
PANW,2020-01-22,40.813331604003906,40.913333892822266,40.51166534423828,40.621665954589844,40.621665954589844,4260600,,,6.0,244.87999,245.480003,243.069992,243.729996
PANW,2020-01-23,40.483333587646484,40.82500076293945,40.36833190917969,40.81666564941406,40.81666564941406,3663600,,,6.0,242.900002,244.950005,242.209991,244.899994
PANW,2020-01-24,40.83333206176758,41.288333892822266,40.36833190917969,40.483333587646484,40.483333587646484,6035400,,,6.0,244.999992,247.730003,242.209991,242.900002
PANW,2020-01-27,39.69166564941406,39.775001525878906,39.27166748046875,39.641666412353516,39.641666412353516,4712400,,,6.0,238.149994,238.650009,235.630005,237.849998
PANW,2020-01-28,39.79499816894531,40.2783317565918,39.48500061035156,39.85333251953125,39.85333251953125,3624000,,,6.0,238.769989,241.669991,236.910004,239.119995
PANW,2020-01-29,40.03666687011719,40.29999923706055,39.586666107177734,39.59166717529297,39.59166717529297,3510000,,,6.0,240.220001,241.799995,237.519997,237.550003
PANW,2020-01-30,39.380001068115234,39.78499984741211,39.29499816894531,39.66666793823242,39.66666793823242,4624200,,,6.0,236.280006,238.709999,235.769989,238.000008
PANW,2020-01-31,39.67166519165039,39.758331298828125,39.018333435058594,39.130001068115234,39.130001068115234,4335600,,,6.0,238.029991,238.549988,234.110001,234.780006
PANW,2020-02-03,39.143333435058594,39.391666412353516,38.939998626708984,39.32833480834961,39.32833480834961,6013200,,,6.0,234.860001,236.349998,233.639992,235.970009
PANW,2020-02-04,39.45833206176758,40.13999938964844,39.185001373291016,40.03166580200195,40.03166580200195,4229400,,,6.0,236.749992,240.839996,235.110008,240.189995
PANW,2020-02-05,40.418331146240234,40.483333587646484,39.746665954589844,40.276668548583984,40.276668548583984,4305000,,,6.0,242.509987,242.900002,238.479996,241.660011
PANW,2020-02-06,40.4283332824707,41.0533332824707,40.26333236694336,41.01166534423828,41.01166534423828,5092800,,,6.0,242.57,246.32,241.579994,246.069992
PANW,2020-02-07,41.0,41.14500045776367,40.663333892822266,40.970001220703125,40.970001220703125,3958800,,,6.0,246.0,246.870003,243.980003,245.820007
PANW,2020-02-10,40.89500045776367,41.415000915527344,40.628334045410156,41.253334045410156,41.253334045410156,3435600,,,6.0,245.370003,248.490005,243.770004,247.520004
PANW,2020-02-11,41.5,41.65833282470703,41.04999923706055,41.13833236694336,41.13833236694336,3372000,,,6.0,249.0,249.949997,246.299995,246.829994
PANW,2020-02-12,41.231666564941406,41.231666564941406,40.04999923706055,40.78666687011719,40.78666687011719,7266000,,,6.0,247.389999,247.389999,240.299995,244.720001
PANW,2020-02-13,40.70000076293945,41.095001220703125,40.53666687011719,40.935001373291016,40.935001373291016,5209800,,,6.0,244.200005,246.570007,243.220001,245.610008
PANW,2020-02-14,41.16666793823242,41.496665954589844,40.89500045776367,41.20833206176758,41.20833206176758,3789000,,,6.0,247.000008,248.979996,245.370003,247.249992
PANW,2020-02-18,41.258331298828125,41.66999816894531,41.073333740234375,41.53666687011719,41.53666687011719,5785200,,,6.0,247.549988,250.019989,246.440002,249.220001
PANW,2020-02-19,41.53666687011719,41.85166549682617,41.21833419799805,41.45166778564453,41.45166778564453,4245600,,,6.0,249.220001,251.109993,247.310005,248.710007
PANW,2020-02-20,41.301666259765625,41.61833190917969,40.709999084472656,41.52333450317383,41.52333450317383,6420600,,,6.0,247.809998,249.709991,244.259995,249.140007
PANW,2020-02-21,41.40666580200195,41.40666580200195,40.06833267211914,40.5,40.5,9018600,,,6.0,248.439995,248.439995,240.409996,243.0
PANW,2020-02-24,39.4716682434082,39.65666580200195,38.54666519165039,39.55500030517578,39.55500030517578,17634000,,,6.0,236.830009,237.939995,231.279991,237.330002
PANW,2020-02-25,33.66666793823242,33.983333587646484,32.029998779296875,32.82666778564453,32.82666778564453,59718600,,,6.0,202.000008,203.900002,192.179993,196.960007
PANW,2020-02-26,32.8466682434082,33.21666717529297,31.253332138061523,31.59666633605957,31.59666633605957,19690800,,,6.0,197.080009,199.300003,187.519993,189.579998
PANW,2020-02-27,30.75,32.581668853759766,30.43666648864746,31.260000228881836,31.260000228881836,20486400,,,6.0,184.5,195.490013,182.619999,187.560001
PANW,2020-02-28,30.293333053588867,31.891666412353516,30.176666259765625,30.770000457763672,30.770000457763672,21506400,,,6.0,181.759998,191.349998,181.059998,184.620003
PANW,2020-03-02,30.81833267211914,31.581666946411133,29.851667404174805,31.54833221435547,31.54833221435547,12958800,,,6.0,184.909996,189.490002,179.110004,189.289993
PANW,2020-03-03,31.558332443237305,31.860000610351562,29.89666748046875,30.34000015258789,30.34000015258789,11193000,,,6.0,189.349995,191.160004,179.380005,182.040001
PANW,2020-03-04,30.99333381652832,31.07666778564453,30.508333206176758,30.981666564941406,30.981666564941406,8088000,,,6.0,185.960003,186.460007,183.049999,185.889999
PANW,2020-03-05,30.334999084472656,30.933332443237305,29.8700008392334,30.174999237060547,30.174999237060547,8656200,,,6.0,182.009995,185.599995,179.220005,181.049995
PANW,2020-03-06,29.479999542236328,29.864999771118164,28.81833267211914,29.36166763305664,29.36166763305664,11579400,,,6.0,176.879997,179.189999,172.909996,176.170006
PANW,2020-03-09,27.44333267211914,28.316667556762695,25.6299991607666,26.463333129882812,26.463333129882812,20055000,,,6.0,164.659996,169.900005,153.779995,158.779999
PANW,2020-03-10,27.40166664123535,28.014999389648438,26.553333282470703,27.911666870117188,27.911666870117188,12548400,,,6.0,164.41,168.089996,159.32,167.470001
PANW,2020-03-11,27.34666633605957,27.61166763305664,25.8799991607666,26.2549991607666,26.2549991607666,11924400,,,6.0,164.079998,165.670006,155.279995,157.529995
PANW,2020-03-12,24.34166717529297,24.889999389648438,23.334999084472656,23.424999237060547,23.424999237060547,18009000,,,6.0,146.050003,149.339996,140.009995,140.549995
PANW,2020-03-13,24.543333053588867,25.268333435058594,23.09166717529297,25.261667251586914,25.261667251586914,11983800,,,6.0,147.259998,151.610001,138.550003,151.570004
PANW,2020-03-16,22.516666412353516,23.579999923706055,22.30666732788086,22.86166763305664,22.86166763305664,13266600,,,6.0,135.099998,141.48,133.840004,137.170006
PANW,2020-03-17,23.06833267211914,24.116666793823242,22.44333267211914,23.593332290649414,23.593332290649414,13229400,,,6.0,138.409996,144.700001,134.659996,141.559994
PANW,2020-03-18,22.25666618347168,23.491666793823242,20.911666870117188,22.09666633605957,22.09666633605957,15502200,,,6.0,133.539997,140.950001,125.470001,132.579998
PANW,2020-03-19,21.93833351135254,24.03499984741211,21.844999313354492,23.184999465942383,23.184999465942383,11408400,,,6.0,131.630001,144.209999,131.069996,139.109997
PANW,2020-03-20,23.711666107177734,25.4950008392334,23.5,23.921667098999023,23.921667098999023,10483800,,,6.0,142.269997,152.970005,141.0,143.530003
PANW,2020-03-23,23.639999389648438,25.094999313354492,23.536666870117188,24.360000610351562,24.360000610351562,9372600,,,6.0,141.839996,150.569996,141.220001,146.160004
PANW,2020-03-24,25.72833251953125,27.136667251586914,25.668333053588867,26.786666870117188,26.786666870117188,15616800,,,6.0,154.369995,162.820004,154.009998,160.720001
PANW,2020-03-25,27.293333053588867,28.125,26.093332290649414,27.668333053588867,27.668333053588867,12357600,,,6.0,163.759998,168.75,156.559994,166.009998
PANW,2020-03-26,28.093332290649414,28.709999084472656,27.626667022705078,28.0,28.0,9399000,,,6.0,168.559994,172.259995,165.760002,168.0
PANW,2020-03-27,27.038333892822266,27.546667098999023,26.709999084472656,27.09000015258789,27.09000015258789,9257400,,,6.0,162.230003,165.280003,160.259995,162.540001
PANW,2020-03-30,27.166667938232422,28.366666793823242,26.958332061767578,27.7450008392334,27.7450008392334,12379800,,,6.0,163.000008,170.200001,161.749992,166.470005
PANW,2020-03-31,27.333332061767578,28.116666793823242,27.03333282470703,27.32666778564453,27.32666778564453,8735400,,,6.0,163.999992,168.700001,162.199997,163.960007
PANW,2020-04-01,26.333332061767578,28.293333053588867,26.333332061767578,27.309999465942383,27.309999465942383,12898800,,,6.0,157.999992,169.759998,157.999992,163.859997
PANW,2020-04-02,27.128332138061523,28.1200008392334,26.758333206176758,27.59000015258789,27.59000015258789,8778000,,,6.0,162.769993,168.720005,160.549999,165.540001
PANW,2020-04-03,27.21500015258789,27.93666648864746,26.748332977294922,27.110000610351562,27.110000610351562,5998800,,,6.0,163.290001,167.619999,160.489998,162.660004
PANW,2020-04-06,28.226667404174805,28.739999771118164,27.690000534057617,28.55666732788086,28.55666732788086,10117200,,,6.0,169.360004,172.439999,166.140003,171.340004
PANW,2020-04-07,29.4950008392334,29.81333351135254,28.760000228881836,28.801666259765625,28.801666259765625,9024000,,,6.0,176.970005,178.880001,172.560001,172.809998
PANW,2020-04-08,29.166667938232422,29.628332138061523,28.726667404174805,29.360000610351562,29.360000610351562,7908600,,,6.0,175.000008,177.769993,172.360004,176.160004
PANW,2020-04-09,29.81166648864746,30.741666793823242,29.55666732788086,29.64666748046875,29.64666748046875,11857800,,,6.0,178.869999,184.450001,177.340004,177.880005
PANW,2020-04-13,30.101667404174805,30.64666748046875,29.851667404174805,30.49333381652832,30.49333381652832,8777400,,,6.0,180.610004,183.880005,179.110004,182.960003
PANW,2020-04-14,31.246667861938477,31.424999237060547,30.73666763305664,31.321666717529297,31.321666717529297,7705200,,,6.0,187.480007,188.549995,184.420006,187.93
PANW,2020-04-15,30.781667709350586,31.333332061767578,30.666667938232422,31.058332443237305,31.058332443237305,6197400,,,6.0,184.690006,187.999992,184.000008,186.349995
PANW,2020-04-16,31.309999465942383,31.924999237060547,31.101667404174805,31.71500015258789,31.71500015258789,7640400,,,6.0,187.859997,191.549995,186.610004,190.290001
PANW,2020-04-17,32.5,32.723331451416016,31.893333435058594,32.23833465576172,32.23833465576172,10762800,,,6.0,195.0,196.339989,191.360001,193.430008
PANW,2020-04-20,32.07833480834961,32.904998779296875,31.97166633605957,32.38166809082031,32.38166809082031,7082400,,,6.0,192.470009,197.429993,191.829998,194.290009
PANW,2020-04-21,31.99333381652832,32.37333297729492,30.72166633605957,31.084999084472656,31.084999084472656,7291200,,,6.0,191.960003,194.239998,184.329998,186.509995
PANW,2020-04-22,31.666667938232422,32.255001068115234,31.606666564941406,31.976667404174805,31.976667404174805,4706400,,,6.0,190.000008,193.530006,189.639999,191.860004
PANW,2020-04-23,31.93166732788086,32.483333587646484,31.698333740234375,32.01499938964844,32.01499938964844,4053000,,,6.0,191.590004,194.900002,190.190002,192.089996
PANW,2020-04-24,32.141666412353516,32.48666763305664,32.06833267211914,32.241668701171875,32.241668701171875,5060400,,,6.0,192.849998,194.920006,192.409996,193.450012
PANW,2020-04-27,32.71500015258789,33.3033332824707,32.53499984741211,32.813331604003906,32.813331604003906,8986800,,,6.0,196.290001,199.82,195.209999,196.87999
PANW,2020-04-28,33.33333206176758,33.44166564941406,32.19333267211914,32.258331298828125,32.258331298828125,6178200,,,6.0,199.999992,200.649994,193.159996,193.549988
PANW,2020-04-29,32.86833190917969,33.336666107177734,32.650001525878906,32.95000076293945,32.95000076293945,6318000,,,6.0,197.209991,200.019997,195.900009,197.700005
PANW,2020-04-30,32.69333267211914,33.22666549682617,32.5533332824707,32.75166702270508,32.75166702270508,3644400,,,6.0,196.159996,199.359993,195.32,196.510002
PANW,2020-05-01,32.16666793823242,32.65666580200195,32.02333450317383,32.4466667175293,32.4466667175293,6433200,,,6.0,193.000008,195.939995,192.140007,194.68
PANW,2020-05-04,32.28333282470703,32.28333282470703,31.758333206176758,31.97333335876465,31.97333335876465,5935800,,,6.0,193.699997,193.699997,190.549999,191.84
PANW,2020-05-05,32.29833221435547,33.32500076293945,32.293331146240234,33.03499984741211,33.03499984741211,6581400,,,6.0,193.789993,199.950005,193.759987,198.209999
PANW,2020-05-06,33.811668395996094,34.016666412353516,33.42499923706055,33.538333892822266,33.538333892822266,8327400,,,6.0,202.87001,204.099998,200.549995,201.230003
PANW,2020-05-07,34.13999938964844,35.69333267211914,33.9900016784668,35.52166748046875,35.52166748046875,10390200,,,6.0,204.839996,214.159996,203.94001,213.130005
PANW,2020-05-08,35.724998474121094,35.85333251953125,35.19166564941406,35.65999984741211,35.65999984741211,6379800,,,6.0,214.349991,215.119995,211.149994,213.959999
PANW,2020-05-11,35.5,36.58833312988281,35.40999984741211,36.37666702270508,36.37666702270508,7197000,,,6.0,213.0,219.529999,212.459999,218.260002
PANW,2020-05-12,36.5,36.56999969482422,35.59166717529297,35.69499969482422,35.69499969482422,5841000,,,6.0,219.0,219.419998,213.550003,214.169998
PANW,2020-05-13,36.66666793823242,36.974998474121094,35.13166809082031,35.956668853759766,35.956668853759766,10498200,,,6.0,220.000008,221.849991,210.790009,215.740013
PANW,2020-05-14,35.31666564941406,36.5966682434082,35.314998626708984,36.595001220703125,36.595001220703125,9666600,,,6.0,211.899994,219.580009,211.889992,219.570007
PANW,2020-05-15,36.33333206176758,37.32833480834961,36.15833282470703,37.13833236694336,37.13833236694336,8156400,,,6.0,217.999992,223.970009,216.949997,222.829994
PANW,2020-05-18,37.628334045410156,38.561668395996094,37.345001220703125,37.689998626708984,37.689998626708984,7476000,,,6.0,225.770004,231.37001,224.070007,226.139992
PANW,2020-05-19,37.79666519165039,38.73833465576172,37.79666519165039,37.858333587646484,37.858333587646484,13197600,,,6.0,226.779991,232.430008,226.779991,227.150002
PANW,2020-05-20,38.41666793823242,39.12666702270508,38.334999084472656,39.08000183105469,39.08000183105469,9340800,,,6.0,230.500008,234.760002,230.009995,234.480011
PANW,2020-05-21,39.0,39.61166763305664,38.084999084472656,38.25,38.25,15858600,,,6.0,234.0,237.670006,228.509995,229.5
PANW,2020-05-22,40.0,40.52333450317383,38.66999816894531,39.654998779296875,39.654998779296875,24634200,,,6.0,240.0,243.140007,232.019989,237.929993
PANW,2020-05-26,39.991668701171875,40.209999084472656,38.5,38.5283317565918,38.5283317565918,12652200,,,6.0,239.950012,241.259995,231.0,231.169991
PANW,2020-05-27,38.51333236694336,38.69166564941406,37.188331604003906,38.63166809082031,38.63166809082031,9912600,,,6.0,231.079994,232.149994,223.12999,231.790009
PANW,2020-05-28,38.413333892822266,38.869998931884766,37.89833450317383,38.231666564941406,38.231666564941406,6410400,,,6.0,230.480003,233.219994,227.390007,229.389999
PANW,2020-05-29,38.34333419799805,39.28333282470703,38.168331146240234,39.211666107177734,39.211666107177734,7984200,,,6.0,230.060005,235.699997,229.009987,235.269997
PANW,2020-06-01,39.16666793823242,39.900001525878906,38.73500061035156,39.71833419799805,39.71833419799805,5871000,,,6.0,235.000008,239.400009,232.410004,238.310005
PANW,2020-06-02,39.71833419799805,39.9900016784668,39.231666564941406,39.97666549682617,39.97666549682617,5397000,,,6.0,238.310005,239.94001,235.389999,239.859993
PANW,2020-06-03,39.654998779296875,40.13999938964844,38.8849983215332,38.901668548583984,38.901668548583984,11906400,,,6.0,237.929993,240.839996,233.30999,233.410011
PANW,2020-06-04,38.33333206176758,38.6533317565918,37.473331451416016,37.78166580200195,37.78166580200195,18654000,,,6.0,229.999992,231.919991,224.839989,226.689995
PANW,2020-06-05,37.79166793823242,38.73666763305664,37.375,38.564998626708984,38.564998626708984,10531800,,,6.0,226.750008,232.420006,224.25,231.389992
PANW,2020-06-08,38.348331451416016,39.654998779296875,38.13833236694336,39.63166809082031,39.63166809082031,10690200,,,6.0,230.089989,237.929993,228.829994,237.790009
PANW,2020-06-09,39.66666793823242,39.73833465576172,38.915000915527344,38.926666259765625,38.926666259765625,5252400,,,6.0,238.000008,238.430008,233.490005,233.559998
PANW,2020-06-10,39.16666793823242,39.41666793823242,38.776668548583984,38.779998779296875,38.779998779296875,7232400,,,6.0,235.000008,236.500008,232.660011,232.679993
PANW,2020-06-11,37.9283332824707,38.53333282470703,36.93166732788086,36.98666763305664,36.98666763305664,8662800,,,6.0,227.57,231.199997,221.590004,221.920006
PANW,2020-06-12,37.869998931884766,38.064998626708984,36.29166793823242,36.974998474121094,36.974998474121094,8497800,,,6.0,227.219994,228.389992,217.750008,221.849991
PANW,2020-06-15,36.63166809082031,37.845001220703125,36.246665954589844,37.71666717529297,37.71666717529297,7233600,,,6.0,219.790009,227.070007,217.479996,226.300003
PANW,2020-06-16,38.33333206176758,38.36166763305664,37.66666793823242,38.116668701171875,38.116668701171875,5865600,,,6.0,229.999992,230.170006,226.000008,228.700012
PANW,2020-06-17,38.246665954589844,38.608333587646484,38.125,38.206668853759766,38.206668853759766,4824000,,,6.0,229.479996,231.650002,228.75,229.240013
PANW,2020-06-18,38.16666793823242,38.53333282470703,38.029998779296875,38.38833236694336,38.38833236694336,6760800,,,6.0,229.000008,231.199997,228.179993,230.329994
PANW,2020-06-19,38.83333206176758,39.05833435058594,37.97666549682617,38.45500183105469,38.45500183105469,11375400,,,6.0,232.999992,234.350006,227.859993,230.730011
PANW,2020-06-22,38.47666549682617,39.084999084472656,38.36333465576172,38.813331604003906,38.813331604003906,8161200,,,6.0,230.859993,234.509995,230.180008,232.87999
PANW,2020-06-23,38.6783332824707,38.80833435058594,38.06999969482422,38.21833419799805,38.21833419799805,8327400,,,6.0,232.07,232.850006,228.419998,229.310005
PANW,2020-06-24,38.16666793823242,38.518333435058594,36.88833236694336,37.233333587646484,37.233333587646484,7704000,,,6.0,229.000008,231.110001,221.329994,223.400002
PANW,2020-06-25,37.16666793823242,37.849998474121094,36.866668701171875,37.81666564941406,37.81666564941406,5842200,,,6.0,223.000008,227.099991,221.200012,226.899994
PANW,2020-06-26,37.7400016784668,37.813331604003906,37.17333221435547,37.564998626708984,37.564998626708984,13090200,,,6.0,226.44001,226.87999,223.039993,225.389992
PANW,2020-06-29,37.474998474121094,38.0,36.79166793823242,37.848331451416016,37.848331451416016,5736600,,,6.0,224.849991,228.0,220.750008,227.089989
PANW,2020-06-30,37.848331451416016,38.33833312988281,37.689998626708984,38.2783317565918,38.2783317565918,9508800,,,6.0,227.089989,230.029999,226.139992,229.669991
PANW,2020-07-01,38.23500061035156,38.491668701171875,37.95333480834961,38.22666549682617,38.22666549682617,7942200,,,6.0,229.410004,230.950012,227.720009,229.359993
PANW,2020-07-02,38.5,38.80833435058594,38.220001220703125,38.42166519165039,38.42166519165039,8546400,,,6.0,231.0,232.850006,229.320007,230.529991
PANW,2020-07-06,38.7783317565918,39.755001068115234,38.685001373291016,39.31833267211914,39.31833267211914,6132600,,,6.0,232.669991,238.530006,232.110008,235.909996
PANW,2020-07-07,39.276668548583984,39.81833267211914,38.79999923706055,38.845001220703125,38.845001220703125,7535400,,,6.0,235.660011,238.909996,232.799995,233.070007
PANW,2020-07-08,39.0,40.5,38.93166732788086,40.470001220703125,40.470001220703125,11722800,,,6.0,234.0,243.0,233.590004,242.820007
PANW,2020-07-09,40.66166687011719,41.599998474121094,40.391666412353516,41.43000030517578,41.43000030517578,11844000,,,6.0,243.970001,249.599991,242.349998,248.580002
PANW,2020-07-10,41.45166778564453,41.5,40.871665954589844,41.49333190917969,41.49333190917969,8173200,,,6.0,248.710007,249.0,245.229996,248.959991
PANW,2020-07-13,41.70833206176758,42.63999938964844,40.09333419799805,40.176666259765625,40.176666259765625,14929200,,,6.0,250.249992,255.839996,240.560005,241.059998
PANW,2020-07-14,40.00666809082031,40.92166519165039,39.26499938964844,40.88833236694336,40.88833236694336,8929800,,,6.0,240.040009,245.529991,235.589996,245.329994
PANW,2020-07-15,41.084999084472656,41.125,39.91166687011719,40.08333206176758,40.08333206176758,4659600,,,6.0,246.509995,246.75,239.470001,240.499992
PANW,2020-07-16,39.67333221435547,39.918331146240234,39.13166809082031,39.563331604003906,39.563331604003906,5269800,,,6.0,238.039993,239.509987,234.790009,237.37999
PANW,2020-07-17,39.723331451416016,40.108333587646484,39.27166748046875,39.96833419799805,39.96833419799805,3318600,,,6.0,238.339989,240.650002,235.630005,239.810005
PANW,2020-07-20,40.24333190917969,42.061668395996094,40.168331146240234,41.93333435058594,41.93333435058594,5884800,,,6.0,241.459991,252.37001,241.009987,251.600006
PANW,2020-07-21,42.05500030517578,42.165000915527344,41.311668395996094,41.5533332824707,41.5533332824707,6103200,,,6.0,252.330002,252.990005,247.87001,249.32
PANW,2020-07-22,41.87333297729492,42.54999923706055,41.50166702270508,41.72666549682617,41.72666549682617,6045000,,,6.0,251.239998,255.299995,249.010002,250.359993
PANW,2020-07-23,41.69333267211914,42.5,41.186668395996094,41.41666793823242,41.41666793823242,6676800,,,6.0,250.159996,255.0,247.12001,248.500008
PANW,2020-07-24,40.76499938964844,40.9283332824707,40.25,40.628334045410156,40.628334045410156,3100200,,,6.0,244.589996,245.57,241.5,243.770004
PANW,2020-07-27,40.858333587646484,41.37666702270508,40.54666519165039,41.276668548583984,41.276668548583984,3118200,,,6.0,245.150002,248.260002,243.279991,247.660011
PANW,2020-07-28,41.25,41.59333419799805,40.768333435058594,40.801666259765625,40.801666259765625,2145600,,,6.0,247.5,249.560005,244.610001,244.809998
PANW,2020-07-29,41.21666717529297,41.913333892822266,41.20500183105469,41.42499923706055,41.42499923706055,3065400,,,6.0,247.300003,251.480003,247.230011,248.549995
PANW,2020-07-30,41.165000915527344,42.11833190917969,40.913333892822266,41.96500015258789,41.96500015258789,4405200,,,6.0,246.990005,252.709991,245.480003,251.790001
PANW,2020-07-31,41.165000915527344,42.6533317565918,41.165000915527344,42.6533317565918,42.6533317565918,3393600,,,6.0,246.990005,255.919991,246.990005,255.919991
PANW,2020-08-03,42.6533317565918,42.73666763305664,42.10499954223633,42.404998779296875,42.404998779296875,3178800,,,6.0,255.919991,256.420006,252.629997,254.429993
PANW,2020-08-04,42.17333221435547,42.48666763305664,41.78666687011719,42.48500061035156,42.48500061035156,2314200,,,6.0,253.039993,254.920006,250.720001,254.910004
PANW,2020-08-05,43.17499923706055,44.366668701171875,42.90833282470703,44.016666412353516,44.016666412353516,8109000,,,6.0,259.049995,266.200012,257.449997,264.099998
PANW,2020-08-06,44.11166763305664,44.31999969482422,43.189998626708984,44.313331604003906,44.313331604003906,4170600,,,6.0,264.670006,265.919998,259.139992,265.87999
PANW,2020-08-07,44.176666259765625,44.290000915527344,42.94333267211914,43.54166793823242,43.54166793823242,4956000,,,6.0,265.059998,265.740005,257.659996,261.250008
PANW,2020-08-10,43.54166793823242,43.619998931884766,42.30833435058594,43.038333892822266,43.038333892822266,4306800,,,6.0,261.250008,261.719994,253.850006,258.230003
PANW,2020-08-11,42.74333190917969,43.494998931884766,42.34333419799805,42.538333892822266,42.538333892822266,3992400,,,6.0,256.459991,260.969994,254.060005,255.230003
PANW,2020-08-12,42.70000076293945,43.619998931884766,42.65999984741211,43.3033332824707,43.3033332824707,2988600,,,6.0,256.200005,261.719994,255.959999,259.82
PANW,2020-08-13,43.25,43.9283332824707,42.82666778564453,43.59333419799805,43.59333419799805,2725200,,,6.0,259.5,263.57,256.960007,261.560005
PANW,2020-08-14,43.665000915527344,43.77333450317383,43.05833435058594,43.185001373291016,43.185001373291016,2665200,,,6.0,261.990005,262.640007,258.350006,259.110008
PANW,2020-08-17,43.366668701171875,44.03166580200195,43.33333206176758,43.74333190917969,43.74333190917969,3654600,,,6.0,260.200012,264.189995,259.999992,262.459991
PANW,2020-08-18,44.5,44.91666793823242,44.02166748046875,44.293331146240234,44.293331146240234,4937400,,,6.0,267.0,269.500008,264.130005,265.759987
PANW,2020-08-19,44.473331451416016,45.3849983215332,43.91666793823242,44.913333892822266,44.913333892822266,8369400,,,6.0,266.839989,272.30999,263.500008,269.480003
PANW,2020-08-20,44.7216682434082,45.59333419799805,44.529998779296875,45.41999816894531,45.41999816894531,7485000,,,6.0,268.330009,273.560005,267.179993,272.519989
PANW,2020-08-21,45.60333251953125,45.83833312988281,44.74333190917969,44.88833236694336,44.88833236694336,8677800,,,6.0,273.619995,275.029999,268.459991,269.329994
PANW,2020-08-24,45.668331146240234,45.72833251953125,44.12666702270508,44.51166534423828,44.51166534423828,19516200,,,6.0,274.009987,274.369995,264.760002,267.069992
PANW,2020-08-25,43.33000183105469,44.253334045410156,43.33000183105469,43.49833297729492,43.49833297729492,26867400,,,6.0,259.980011,265.520004,259.980011,260.989998
PANW,2020-08-26,43.5,44.098331451416016,43.435001373291016,43.90666580200195,43.90666580200195,14063400,,,6.0,261.0,264.589989,260.610008,263.439995
PANW,2020-08-27,43.83333206176758,43.83333206176758,42.018333435058594,42.561668395996094,42.561668395996094,13890600,,,6.0,262.999992,262.999992,252.110001,255.37001
PANW,2020-08-28,42.8216667175293,43.0966682434082,42.11166763305664,42.44499969482422,42.44499969482422,7822200,,,6.0,256.93,258.580009,252.670006,254.669998
PANW,2020-08-31,42.275001525878906,43.040000915527344,42.15999984741211,42.901668548583984,42.901668548583984,8864400,,,6.0,253.650009,258.240005,252.959999,257.410011
PANW,2020-09-01,43.150001525878906,43.518333435058594,42.875,43.08333206176758,43.08333206176758,8833200,,,6.0,258.900009,261.110001,257.25,258.499992
PANW,2020-09-02,43.241668701171875,43.44166564941406,42.266666412353516,42.90999984741211,42.90999984741211,6688200,,,6.0,259.450012,260.649994,253.599998,257.459999
PANW,2020-09-03,42.258331298828125,42.258331298828125,39.755001068115234,40.36833190917969,40.36833190917969,14443200,,,6.0,253.549988,253.549988,238.530006,242.209991
PANW,2020-09-04,40.106666564941406,40.461666107177734,37.858333587646484,39.275001525878906,39.275001525878906,11727600,,,6.0,240.639999,242.769997,227.150002,235.650009
PANW,2020-09-08,38.33333206176758,39.606666564941406,38.084999084472656,38.98833465576172,38.98833465576172,11830200,,,6.0,229.999992,237.639999,228.509995,233.930008
PANW,2020-09-09,39.87333297729492,40.008331298828125,38.93166732788086,39.733333587646484,39.733333587646484,5578200,,,6.0,239.239998,240.049988,233.590004,238.400002
PANW,2020-09-10,39.79166793823242,40.540000915527344,39.426666259765625,39.49333190917969,39.49333190917969,6812400,,,6.0,238.750008,243.240005,236.559998,236.959991
PANW,2020-09-11,40.33333206176758,40.68000030517578,39.75166702270508,40.4900016784668,40.4900016784668,9513000,,,6.0,241.999992,244.080002,238.510002,242.94001
PANW,2020-09-14,41.0,41.30833435058594,40.68166732788086,40.95500183105469,40.95500183105469,7002000,,,6.0,246.0,247.850006,244.090004,245.730011
PANW,2020-09-15,41.33333206176758,41.60333251953125,40.83333206176758,41.3466682434082,41.3466682434082,6357000,,,6.0,247.999992,249.619995,244.999992,248.080009
PANW,2020-09-16,41.46666717529297,41.788333892822266,41.1349983215332,41.14500045776367,41.14500045776367,4714200,,,6.0,248.800003,250.730003,246.80999,246.870003
PANW,2020-09-17,40.3849983215332,40.516666412353516,39.71666717529297,40.23833465576172,40.23833465576172,9358800,,,6.0,242.30999,243.099998,238.300003,241.430008
PANW,2020-09-18,40.689998626708984,40.723331451416016,39.651668548583984,40.266666412353516,40.266666412353516,7435200,,,6.0,244.139992,244.339989,237.910011,241.599998
PANW,2020-09-21,39.6533317565918,40.630001068115234,39.470001220703125,40.435001373291016,40.435001373291016,6228600,,,6.0,237.919991,243.780006,236.820007,242.610008
PANW,2020-09-22,40.67499923706055,41.293331146240234,39.939998626708984,41.08333206176758,41.08333206176758,5449800,,,6.0,244.049995,247.759987,239.639992,246.499992
PANW,2020-09-23,41.08333206176758,41.314998626708984,39.75166702270508,39.85499954223633,39.85499954223633,6265200,,,6.0,246.499992,247.889992,238.510002,239.129997
PANW,2020-09-24,39.676666259765625,40.12333297729492,39.1966667175293,39.665000915527344,39.665000915527344,4692000,,,6.0,238.059998,240.739998,235.18,237.990005
PANW,2020-09-25,39.67333221435547,40.46500015258789,39.369998931884766,40.356666564941406,40.356666564941406,6894000,,,6.0,238.039993,242.790001,236.219994,242.139999
PANW,2020-09-28,40.73666763305664,41.258331298828125,40.668331146240234,40.9900016784668,40.9900016784668,5834400,,,6.0,244.420006,247.549988,244.009987,245.94001
PANW,2020-09-29,40.99833297729492,41.438331604003906,40.9466667175293,41.081668853759766,41.081668853759766,7390800,,,6.0,245.989998,248.62999,245.68,246.490013
PANW,2020-09-30,40.793331146240234,41.301666259765625,40.6349983215332,40.79166793823242,40.79166793823242,4066800,,,6.0,244.759987,247.809998,243.80999,244.750008
PANW,2020-10-01,41.44499969482422,42.130001068115234,41.27166748046875,41.755001068115234,41.755001068115234,6755400,,,6.0,248.669998,252.780006,247.630005,250.530006
PANW,2020-10-02,41.0533332824707,41.893333435058594,40.61333465576172,40.86000061035156,40.86000061035156,4371600,,,6.0,246.32,251.360001,243.680008,245.160004
PANW,2020-10-05,40.94499969482422,41.59333419799805,40.668331146240234,41.44499969482422,41.44499969482422,4976400,,,6.0,245.669998,249.560005,244.009987,248.669998
PANW,2020-10-06,41.28333282470703,42.0716667175293,41.0966682434082,41.206668853759766,41.206668853759766,3413400,,,6.0,247.699997,252.43,246.580009,247.240013
PANW,2020-10-07,41.54833221435547,42.17333221435547,41.275001525878906,41.82666778564453,41.82666778564453,2828400,,,6.0,249.289993,253.039993,247.650009,250.960007
PANW,2020-10-08,42.040000915527344,42.220001220703125,41.41666793823242,41.584999084472656,41.584999084472656,4480800,,,6.0,252.240005,253.320007,248.500008,249.509995
PANW,2020-10-09,42.040000915527344,42.345001220703125,41.70000076293945,42.086666107177734,42.086666107177734,3802800,,,6.0,252.240005,254.070007,250.200005,252.519997
PANW,2020-10-12,42.5,42.665000915527344,42.086666107177734,42.18333435058594,42.18333435058594,3712800,,,6.0,255.0,255.990005,252.519997,253.100006
PANW,2020-10-13,42.16666793823242,42.584999084472656,41.880001068115234,42.42499923706055,42.42499923706055,4375800,,,6.0,253.000008,255.509995,251.280006,254.549995
PANW,2020-10-14,42.75,43.358333587646484,42.34000015258789,42.68333435058594,42.68333435058594,4928400,,,6.0,256.5,260.150002,254.040001,256.100006
PANW,2020-10-15,42.15999984741211,42.538333892822266,41.57500076293945,41.970001220703125,41.970001220703125,3943200,,,6.0,252.959999,255.230003,249.450005,251.820007
PANW,2020-10-16,42.22666549682617,42.311668395996094,40.918331146240234,41.060001373291016,41.060001373291016,6484800,,,6.0,253.359993,253.87001,245.509987,246.360008
PANW,2020-10-19,41.268333435058594,41.53333282470703,40.1150016784668,40.38999938964844,40.38999938964844,5385000,,,6.0,247.610001,249.199997,240.69001,242.339996
PANW,2020-10-20,40.47833251953125,40.918331146240234,39.871665954589844,39.880001068115234,39.880001068115234,4443600,,,6.0,242.869995,245.509987,239.229996,239.280006
PANW,2020-10-21,39.831668853759766,39.92499923706055,39.095001220703125,39.30833435058594,39.30833435058594,6798000,,,6.0,238.990013,239.549995,234.570007,235.850006
PANW,2020-10-22,39.491668701171875,39.9466667175293,38.88833236694336,39.599998474121094,39.599998474121094,4749000,,,6.0,236.950012,239.68,233.329994,237.599991
PANW,2020-10-23,39.7400016784668,39.78666687011719,39.2400016784668,39.42333221435547,39.42333221435547,3181200,,,6.0,238.44001,238.720001,235.44001,236.539993
PANW,2020-10-26,39.26499938964844,39.356666564941406,38.01499938964844,38.60333251953125,38.60333251953125,4476000,,,6.0,235.589996,236.139999,228.089996,231.619995
PANW,2020-10-27,38.875,39.00166702270508,38.540000915527344,38.59000015258789,38.59000015258789,3010800,,,6.0,233.25,234.010002,231.240005,231.540001
PANW,2020-10-28,38.20000076293945,38.20000076293945,37.38166809082031,37.654998779296875,37.654998779296875,4883400,,,6.0,229.200005,229.200005,224.290009,225.929993
PANW,2020-10-29,37.654998779296875,38.36000061035156,37.6349983215332,38.128334045410156,38.128334045410156,3998400,,,6.0,225.929993,230.160004,225.80999,228.770004
PANW,2020-10-30,37.98833465576172,38.06833267211914,36.55666732788086,36.8650016784668,36.8650016784668,7369800,,,6.0,227.930008,228.409996,219.340004,221.19001
PANW,2020-11-02,37.13166809082031,37.581668853759766,36.82833480834961,36.974998474121094,36.974998474121094,4840800,,,6.0,222.790009,225.490013,220.970009,221.849991
PANW,2020-11-03,37.378334045410156,38.275001525878906,37.16666793823242,37.98666763305664,37.98666763305664,4536600,,,6.0,224.270004,229.650009,223.000008,227.920006
PANW,2020-11-04,38.33333206176758,39.849998474121094,38.141666412353516,39.1966667175293,39.1966667175293,6099600,,,6.0,229.999992,239.099991,228.849998,235.18
PANW,2020-11-05,40.348331451416016,40.89833450317383,39.95500183105469,40.70333480834961,40.70333480834961,6354600,,,6.0,242.089989,245.390007,239.730011,244.220009
PANW,2020-11-06,40.66666793823242,41.856666564941406,40.516666412353516,41.67166519165039,41.67166519165039,6232800,,,6.0,244.000008,251.139999,243.099998,250.029991
PANW,2020-11-09,42.198333740234375,43.01333236694336,41.71666717529297,42.02166748046875,42.02166748046875,6416400,,,6.0,253.190002,258.079994,250.300003,252.130005
PANW,2020-11-10,41.4033317565918,41.893333435058594,39.875,40.45333480834961,40.45333480834961,6127200,,,6.0,248.419991,251.360001,239.25,242.720009
PANW,2020-11-11,41.38833236694336,42.401668548583984,41.003334045410156,42.133331298828125,42.133331298828125,7105800,,,6.0,248.329994,254.410011,246.020004,252.799988
PANW,2020-11-12,42.008331298828125,42.393333435058594,41.540000915527344,41.99333190917969,41.99333190917969,5463000,,,6.0,252.049988,254.360001,249.240005,251.959991
PANW,2020-11-13,42.206668853759766,43.4900016784668,42.16666793823242,43.116668701171875,43.116668701171875,9716400,,,6.0,253.240013,260.94001,253.000008,258.700012
PANW,2020-11-16,44.948333740234375,46.5099983215332,44.38166809082031,46.41666793823242,46.41666793823242,19898400,,,6.0,269.690002,279.05999,266.290009,278.500008
PANW,2020-11-17,46.415000915527344,49.19499969482422,45.93333435058594,48.95166778564453,48.95166778564453,20767800,,,6.0,278.490005,295.169998,275.600006,293.710007
PANW,2020-11-18,48.33333206176758,48.663333892822266,46.856666564941406,46.856666564941406,46.856666564941406,9826800,,,6.0,289.999992,291.980003,281.139999,281.139999
PANW,2020-11-19,46.91666793823242,48.3033332824707,46.83333206176758,47.91999816894531,47.91999816894531,6898800,,,6.0,281.500008,289.82,280.999992,287.519989
PANW,2020-11-20,48.0,49.154998779296875,47.85333251953125,48.668331146240234,48.668331146240234,5634000,,,6.0,288.0,294.929993,287.119995,292.009987
PANW,2020-11-23,48.915000915527344,49.45166778564453,48.07500076293945,49.34000015258789,49.34000015258789,6777000,,,6.0,293.490005,296.710007,288.450005,296.040001
PANW,2020-11-24,49.46666717529297,49.56833267211914,48.83333206176758,49.5283317565918,49.5283317565918,5247600,,,6.0,296.800003,297.409996,292.999992,297.169991
PANW,2020-11-25,49.551666259765625,49.75,49.0,49.54833221435547,49.54833221435547,4297800,,,6.0,297.309998,298.5,294.0,297.289993
PANW,2020-11-27,49.54833221435547,49.628334045410156,48.91666793823242,49.21833419799805,49.21833419799805,2627400,,,6.0,297.289993,297.770004,293.500008,295.310005
PANW,2020-11-30,49.17166519165039,49.35499954223633,48.29499816894531,48.98666763305664,48.98666763305664,4911600,,,6.0,295.029991,296.129997,289.769989,293.920006
PANW,2020-12-01,49.491668701171875,49.491668701171875,48.55500030517578,49.13833236694336,49.13833236694336,5247000,,,6.0,296.950012,296.950012,291.330002,294.829994
PANW,2020-12-02,48.9283332824707,48.96666717529297,48.34166717529297,48.871665954589844,48.871665954589844,3913800,,,6.0,293.57,293.800003,290.050003,293.229996
PANW,2020-12-03,48.95000076293945,49.83000183105469,48.8033332824707,49.438331604003906,49.438331604003906,8082000,,,6.0,293.700005,298.980011,292.82,296.62999
PANW,2020-12-04,49.83333206176758,51.0,49.48666763305664,50.71500015258789,50.71500015258789,7134600,,,6.0,298.999992,306.0,296.920006,304.290001
PANW,2020-12-07,50.66666793823242,50.79499816894531,50.29166793823242,50.481666564941406,50.481666564941406,3454800,,,6.0,304.000008,304.769989,301.750008,302.889999
PANW,2020-12-08,50.57500076293945,52.518333435058594,50.50166702270508,51.70333480834961,51.70333480834961,8689800,,,6.0,303.450005,315.110001,303.010002,310.220009
PANW,2020-12-09,51.098331451416016,51.4466667175293,49.755001068115234,50.358333587646484,50.358333587646484,8245800,,,6.0,306.589989,308.68,298.530006,302.150002
PANW,2020-12-10,50.233333587646484,51.33000183105469,50.0,51.311668395996094,51.311668395996094,5491200,,,6.0,301.400002,307.980011,300.0,307.87001
PANW,2020-12-11,51.33333206176758,51.91166687011719,51.008331298828125,51.654998779296875,51.654998779296875,3862800,,,6.0,307.999992,311.470001,306.049988,309.929993
PANW,2020-12-14,51.78333282470703,52.56666564941406,51.78333282470703,52.380001068115234,52.380001068115234,6292200,,,6.0,310.699997,315.399994,310.699997,314.280006
PANW,2020-12-15,52.79999923706055,53.116668701171875,52.508331298828125,52.90833282470703,52.90833282470703,6305400,,,6.0,316.799995,318.700012,315.049988,317.449997
PANW,2020-12-16,53.82833480834961,54.6349983215332,53.52000045776367,53.88833236694336,53.88833236694336,6229200,,,6.0,322.970009,327.80999,321.120003,323.329994
PANW,2020-12-17,54.084999084472656,55.461666107177734,54.084999084472656,55.233333587646484,55.233333587646484,9748200,,,6.0,324.509995,332.769997,324.509995,331.400002
PANW,2020-12-18,56.913333892822266,59.581668853759766,56.33333206176758,59.255001068115234,59.255001068115234,21519600,,,6.0,341.480003,357.490013,337.999992,355.530006
PANW,2020-12-21,58.58333206176758,59.483333587646484,57.88166809082031,59.336666107177734,59.336666107177734,14192400,,,6.0,351.499992,356.900002,347.290009,356.019997
PANW,2020-12-22,59.68166732788086,62.08333206176758,59.4900016784668,62.0099983215332,62.0099983215332,12252600,,,6.0,358.090004,372.499992,356.94001,372.05999
PANW,2020-12-23,62.49833297729492,62.5,60.70333480834961,60.8033332824707,60.8033332824707,8141400,,,6.0,374.989998,375.0,364.220009,364.82
PANW,2020-12-24,60.991668701171875,61.66666793823242,60.59166717529297,61.189998626708984,61.189998626708984,3171000,,,6.0,365.950012,370.000008,363.550003,367.139992
PANW,2020-12-28,61.581668853759766,61.698333740234375,59.93333435058594,60.246665954589844,60.246665954589844,8635200,,,6.0,369.490013,370.190002,359.600006,361.479996
PANW,2020-12-29,60.244998931884766,60.461666107177734,58.91666793823242,59.366668701171875,59.366668701171875,6800400,,,6.0,361.469994,362.769997,353.500008,356.200012
PANW,2020-12-30,59.7783317565918,60.12666702270508,59.28166580200195,59.29833221435547,59.29833221435547,3671400,,,6.0,358.669991,360.760002,355.689995,355.789993
PANW,2020-12-31,59.5,59.811668395996094,58.836666107177734,59.231666564941406,59.231666564941406,6726000,,,6.0,357.0,358.87001,353.019997,355.389999
PANW,2021-01-04,59.22999954223633,59.22999954223633,57.40833282470703,58.61000061035156,58.61000061035156,8480400,,,6.0,355.379997,355.379997,344.449997,351.660004
PANW,2021-01-05,58.45833206176758,58.79833221435547,57.82833480834961,58.358333587646484,58.358333587646484,6180600,,,6.0,350.749992,352.789993,346.970009,350.150002
PANW,2021-01-06,57.608333587646484,58.41666793823242,57.17333221435547,57.54666519165039,57.54666519165039,6739200,,,6.0,345.650002,350.500008,343.039993,345.279991
PANW,2021-01-07,58.30500030517578,60.619998931884766,58.18333435058594,60.518333435058594,60.518333435058594,8318400,,,6.0,349.830002,363.719994,349.100006,363.110001
PANW,2021-01-08,61.16666793823242,61.85333251953125,60.665000915527344,61.09166717529297,61.09166717529297,6849000,,,6.0,367.000008,371.119995,363.990005,366.550003
PANW,2021-01-11,60.0,61.33333206176758,59.75666809082031,60.79999923706055,60.79999923706055,4766400,,,6.0,360.0,367.999992,358.540009,364.799995
PANW,2021-01-12,61.003334045410156,62.02000045776367,60.76499938964844,61.746665954589844,61.746665954589844,4238400,,,6.0,366.020004,372.120003,364.589996,370.479996
PANW,2021-01-13,61.96666717529297,62.07500076293945,60.38999938964844,60.96666717529297,60.96666717529297,7467000,,,6.0,371.800003,372.450005,362.339996,365.800003
PANW,2021-01-14,61.06833267211914,61.663333892822266,60.50666809082031,60.526668548583984,60.526668548583984,4861800,,,6.0,366.409996,369.980003,363.040009,363.160011
PANW,2021-01-15,61.061668395996094,62.0,60.63166809082031,60.811668395996094,60.811668395996094,4871400,,,6.0,366.37001,372.0,363.790009,364.87001
PANW,2021-01-19,61.38999938964844,61.59166717529297,60.53499984741211,60.67499923706055,60.67499923706055,5662800,,,6.0,368.339996,369.550003,363.209999,364.049995
PANW,2021-01-20,61.66666793823242,61.89666748046875,60.926666259765625,61.758331298828125,61.758331298828125,3468000,,,6.0,370.000008,371.380005,365.559998,370.549988
PANW,2021-01-21,62.086666107177734,62.37333297729492,60.616668701171875,60.936668395996094,60.936668395996094,5933400,,,6.0,372.519997,374.239998,363.700012,365.62001
PANW,2021-01-22,60.6783332824707,61.116668701171875,60.58333206176758,60.77000045776367,60.77000045776367,2681400,,,6.0,364.07,366.700012,363.499992,364.620003
PANW,2021-01-25,61.4283332824707,61.66666793823242,57.918331146240234,60.130001068115234,60.130001068115234,5752200,,,6.0,368.57,370.000008,347.509987,360.780006
PANW,2021-01-26,61.20833206176758,61.20833206176758,58.956668853759766,59.043331146240234,59.043331146240234,7090200,,,6.0,367.249992,367.249992,353.740013,354.259987
PANW,2021-01-27,58.168331146240234,58.168331146240234,55.76166534423828,55.86166763305664,55.86166763305664,13287000,,,6.0,349.009987,349.009987,334.569992,335.170006
PANW,2021-01-28,56.66666793823242,59.11000061035156,56.33333206176758,58.85333251953125,58.85333251953125,9528000,,,6.0,340.000008,354.660004,337.999992,353.119995
PANW,2021-01-29,58.665000915527344,59.02000045776367,57.60499954223633,58.45833206176758,58.45833206176758,6860400,,,6.0,351.990005,354.120003,345.629997,350.749992
PANW,2021-02-01,59.14833450317383,60.811668395996094,59.133331298828125,60.22666549682617,60.22666549682617,6793800,,,6.0,354.890007,364.87001,354.799988,361.359993
PANW,2021-02-02,62.21666717529297,65.01166534423828,61.97999954223633,64.55999755859375,64.55999755859375,15039600,,,6.0,373.300003,390.069992,371.879997,387.359985
PANW,2021-02-03,64.58333587646484,64.87166595458984,62.40833282470703,62.93000030517578,62.93000030517578,7645200,,,6.0,387.500015,389.229996,374.449997,377.580002
PANW,2021-02-04,62.9283332824707,64.03333282470703,62.188331604003906,63.74833297729492,63.74833297729492,6342000,,,6.0,377.57,384.199997,373.12999,382.489998
PANW,2021-02-05,63.85166549682617,64.375,63.09166717529297,63.30833435058594,63.30833435058594,4961400,,,6.0,383.109993,386.25,378.550003,379.850006
PANW,2021-02-08,64.45999908447266,65.1500015258789,63.36333465576172,64.23332977294922,64.23332977294922,6595800,,,6.0,386.759995,390.900009,380.180008,385.399979
PANW,2021-02-09,64.16666412353516,65.32666778564453,63.51166534423828,65.16166687011719,65.16166687011719,5257200,,,6.0,384.999985,391.960007,381.069992,390.970001
PANW,2021-02-10,65.56999969482422,66.27166748046875,64.24666595458984,65.36833190917969,65.36833190917969,4984200,,,6.0,393.419998,397.630005,385.479996,392.209991
PANW,2021-02-11,66.0633316040039,66.2683334350586,64.44833374023438,65.18499755859375,65.18499755859375,4308600,,,6.0,396.37999,397.610001,386.690002,391.109985
PANW,2021-02-12,65.40166473388672,65.90833282470703,65.11666870117188,65.85333251953125,65.85333251953125,3193800,,,6.0,392.409988,395.449997,390.700012,395.119995
PANW,2021-02-16,66.33333587646484,66.62666320800781,64.58499908447266,65.54000091552734,65.54000091552734,4558200,,,6.0,398.000015,399.759979,387.509995,393.240005
PANW,2021-02-17,65.08333587646484,65.9183349609375,64.51000213623047,65.90333557128906,65.90333557128906,5247600,,,6.0,390.500015,395.51001,387.060013,395.420013
PANW,2021-02-18,65.17166900634766,65.74500274658203,64.48833465576172,65.08833312988281,65.08833312988281,5152800,,,6.0,391.030014,394.470016,386.930008,390.529999
PANW,2021-02-19,66.00666809082031,67.16666412353516,65.6683349609375,66.1500015258789,66.1500015258789,9182400,,,6.0,396.040009,402.999985,394.01001,396.900009
PANW,2021-02-22,65.40166473388672,65.4749984741211,63.47833251953125,64.05833435058594,64.05833435058594,15612600,,,6.0,392.409988,392.849991,380.869995,384.350006
PANW,2021-02-23,63.0,64.16500091552734,58.66666793823242,62.97666549682617,62.97666549682617,17139000,,,6.0,378.0,384.990005,352.000008,377.859993
PANW,2021-02-24,62.5,63.03333282470703,60.91666793823242,61.60166549682617,61.60166549682617,11208600,,,6.0,375.0,378.199997,365.500008,369.609993
PANW,2021-02-25,61.66666793823242,61.98833465576172,58.93000030517578,60.00666809082031,60.00666809082031,8323200,,,6.0,370.000008,371.930008,353.580002,360.040009
PANW,2021-02-26,60.4716682434082,60.625,58.8650016784668,59.71833419799805,59.71833419799805,10263600,,,6.0,362.830009,363.75,353.19001,358.310005
PANW,2021-03-01,60.709999084472656,61.378334045410156,60.33333206176758,61.231666564941406,61.231666564941406,5628600,,,6.0,364.259995,368.270004,361.999992,367.389999
PANW,2021-03-02,61.25166702270508,61.45500183105469,59.08333206176758,59.11000061035156,59.11000061035156,8070000,,,6.0,367.510002,368.730011,354.499992,354.660004
PANW,2021-03-03,58.91166687011719,59.1349983215332,57.07833480834961,57.293331146240234,57.293331146240234,7876200,,,6.0,353.470001,354.80999,342.470009,343.759987
PANW,2021-03-04,56.67499923706055,57.5,55.141666412353516,55.939998626708984,55.939998626708984,7279200,,,6.0,340.049995,345.0,330.849998,335.639992
PANW,2021-03-05,56.33333206176758,56.438331604003906,53.48833465576172,55.788333892822266,55.788333892822266,8323800,,,6.0,337.999992,338.62999,320.930008,334.730003
PANW,2021-03-08,56.33333206176758,57.439998626708984,55.12666702270508,55.246665954589844,55.246665954589844,7585200,,,6.0,337.999992,344.639992,330.760002,331.479996
PANW,2021-03-09,56.90666580200195,57.560001373291016,56.505001068115234,57.06999969482422,57.06999969482422,8260800,,,6.0,341.439995,345.360008,339.030006,342.419998
PANW,2021-03-10,58.11000061035156,58.87333297729492,55.68000030517578,55.78166580200195,55.78166580200195,9369000,,,6.0,348.660004,353.239998,334.080002,334.689995
PANW,2021-03-11,57.0,57.724998474121094,56.58833312988281,57.39500045776367,57.39500045776367,5014200,,,6.0,342.0,346.349991,339.529999,344.370003
PANW,2021-03-12,56.608333587646484,57.16666793823242,56.35166549682617,57.08833312988281,57.08833312988281,4193400,,,6.0,339.650002,343.000008,338.109993,342.529999
PANW,2021-03-15,57.003334045410156,57.38666534423828,56.1150016784668,57.38166809082031,57.38166809082031,3552000,,,6.0,342.020004,344.319992,336.69001,344.290009
PANW,2021-03-16,58.064998626708984,58.45333480834961,56.224998474121094,56.66666793823242,56.66666793823242,3483600,,,6.0,348.389992,350.720009,337.349991,340.000008
PANW,2021-03-17,56.21500015258789,57.0,55.18333435058594,56.1533317565918,56.1533317565918,7272000,,,6.0,337.290001,342.0,331.100006,336.919991
PANW,2021-03-18,54.5,55.0,52.70500183105469,52.92499923706055,52.92499923706055,13002000,,,6.0,327.0,330.0,316.230011,317.549995
PANW,2021-03-19,52.92499923706055,53.11833190917969,51.926666259765625,52.80833435058594,52.80833435058594,11835000,,,6.0,317.549995,318.709991,311.559998,316.850006
PANW,2021-03-22,52.83333206176758,54.436668395996094,52.79833221435547,53.90666580200195,53.90666580200195,9270600,,,6.0,316.999992,326.62001,316.789993,323.439995
PANW,2021-03-23,53.983333587646484,54.54666519165039,53.79999923706055,53.93333435058594,53.93333435058594,6998400,,,6.0,323.900002,327.279991,322.799995,323.600006
PANW,2021-03-24,54.16666793823242,54.491668701171875,53.4283332824707,53.5,53.5,6109200,,,6.0,325.000008,326.950012,320.57,321.0
PANW,2021-03-25,52.961666107177734,54.2400016784668,52.858333587646484,53.913333892822266,53.913333892822266,7372200,,,6.0,317.769997,325.44001,317.150002,323.480003
PANW,2021-03-26,53.83333206176758,54.06666564941406,51.95333480834961,53.28499984741211,53.28499984741211,7833000,,,6.0,322.999992,324.399994,311.720009,319.709999
PANW,2021-03-29,53.16666793823242,53.98833465576172,52.616668701171875,53.371665954589844,53.371665954589844,4659600,,,6.0,319.000008,323.930008,315.700012,320.229996
PANW,2021-03-30,52.97666549682617,53.45500183105469,52.211666107177734,53.00166702270508,53.00166702270508,4550400,,,6.0,317.859993,320.730011,313.269997,318.010002
PANW,2021-03-31,53.54166793823242,54.23833465576172,53.22666549682617,53.676666259765625,53.676666259765625,7327200,,,6.0,321.250008,325.430008,319.359993,322.059998
PANW,2021-04-01,54.5,55.461666107177734,54.30833435058594,54.67499923706055,54.67499923706055,5973000,,,6.0,327.0,332.769997,325.850006,328.049995
PANW,2021-04-05,55.5,56.008331298828125,54.98833465576172,55.17166519165039,55.17166519165039,5004600,,,6.0,333.0,336.049988,329.930008,331.029991
PANW,2021-04-06,54.97666549682617,56.883331298828125,54.76499938964844,56.22999954223633,56.22999954223633,7903200,,,6.0,329.859993,341.299988,328.589996,337.379997
PANW,2021-04-07,56.029998779296875,56.71500015258789,55.698333740234375,56.4283332824707,56.4283332824707,5571600,,,6.0,336.179993,340.290001,334.190002,338.57
PANW,2021-04-08,57.081668853759766,57.961666107177734,56.866668701171875,57.20833206176758,57.20833206176758,5916600,,,6.0,342.490013,347.769997,341.200012,343.249992
PANW,2021-04-09,57.28499984741211,58.28666687011719,56.790000915527344,58.25166702270508,58.25166702270508,5487000,,,6.0,343.709999,349.720001,340.740005,349.510002
PANW,2021-04-12,57.981666564941406,60.188331604003906,57.981666564941406,59.22666549682617,59.22666549682617,7713600,,,6.0,347.889999,361.12999,347.889999,355.359993
PANW,2021-04-13,59.436668395996094,60.8650016784668,59.436668395996094,59.983333587646484,59.983333587646484,4504800,,,6.0,356.62001,365.19001,356.62001,359.900002
PANW,2021-04-14,60.40999984741211,61.125,59.893333435058594,60.163333892822266,60.163333892822266,5244600,,,6.0,362.459999,366.75,359.360001,360.980003
PANW,2021-04-15,60.96666717529297,62.168331146240234,60.86333465576172,61.72999954223633,61.72999954223633,6396600,,,6.0,365.800003,373.009987,365.180008,370.379997
PANW,2021-04-16,61.68000030517578,61.89666748046875,60.86833190917969,61.108333587646484,61.108333587646484,4842000,,,6.0,370.080002,371.380005,365.209991,366.650002
PANW,2021-04-19,60.83333206176758,61.435001373291016,60.29166793823242,61.15999984741211,61.15999984741211,5043600,,,6.0,364.999992,368.610008,361.750008,366.959999
PANW,2021-04-20,61.15999984741211,61.47999954223633,59.63166809082031,60.0,60.0,3939000,,,6.0,366.959999,368.879997,357.790009,360.0
PANW,2021-04-21,60.0,60.12333297729492,58.9716682434082,59.435001373291016,59.435001373291016,7360800,,,6.0,360.0,360.739998,353.830009,356.610008
PANW,2021-04-22,59.16666793823242,59.66666793823242,58.5283317565918,58.801666259765625,58.801666259765625,6289800,,,6.0,355.000008,358.000008,351.169991,352.809998
PANW,2021-04-23,59.25166702270508,59.936668395996094,58.858333587646484,59.73666763305664,59.73666763305664,4691400,,,6.0,355.510002,359.62001,353.150002,358.420006
PANW,2021-04-26,60.14833450317383,60.54666519165039,59.57500076293945,60.244998931884766,60.244998931884766,3673800,,,6.0,360.890007,363.279991,357.450005,361.469994
PANW,2021-04-27,60.18000030517578,60.28333282470703,59.21333312988281,59.746665954589844,59.746665954589844,4932600,,,6.0,361.080002,361.699997,355.279999,358.479996
PANW,2021-04-28,59.93333435058594,60.5,59.17166519165039,60.026668548583984,60.026668548583984,3786000,,,6.0,359.600006,363.0,355.029991,360.160011
PANW,2021-04-29,60.198333740234375,60.198333740234375,58.66666793823242,59.19166564941406,59.19166564941406,3246600,,,6.0,361.190002,361.190002,352.000008,355.149994
PANW,2021-04-30,58.731666564941406,59.92166519165039,58.731666564941406,58.89833450317383,58.89833450317383,3657600,,,6.0,352.389999,359.529991,352.389999,353.390007
PANW,2021-05-03,59.26166534423828,59.3033332824707,58.17499923706055,58.18000030517578,58.18000030517578,3997800,,,6.0,355.569992,355.82,349.049995,349.080002
PANW,2021-05-04,57.73833465576172,57.926666259765625,56.50666809082031,57.599998474121094,57.599998474121094,5207400,,,6.0,346.430008,347.559998,339.040009,345.599991
PANW,2021-05-05,57.9283332824707,58.17499923706055,56.53499984741211,56.86333465576172,56.86333465576172,3055200,,,6.0,347.57,349.049995,339.209999,341.180008
PANW,2021-05-06,56.688331604003906,56.688331604003906,55.45166778564453,56.2400016784668,56.2400016784668,4508400,,,6.0,340.12999,340.12999,332.710007,337.44001
PANW,2021-05-07,57.21833419799805,57.40833282470703,56.67166519165039,57.05666732788086,57.05666732788086,3763200,,,6.0,343.310005,344.449997,340.029991,342.340004
PANW,2021-05-10,57.21333312988281,57.66666793823242,56.49333190917969,56.88999938964844,56.88999938964844,3654000,,,6.0,343.279999,346.000008,338.959991,341.339996
PANW,2021-05-11,55.459999084472656,57.5533332824707,55.459999084472656,57.23833465576172,57.23833465576172,4353000,,,6.0,332.759995,345.32,332.759995,343.430008
PANW,2021-05-12,56.29833221435547,56.6966667175293,55.49833297729492,55.848331451416016,55.848331451416016,5296800,,,6.0,337.789993,340.18,332.989998,335.089989
PANW,2021-05-13,55.96500015258789,56.185001373291016,53.70500183105469,53.97999954223633,53.97999954223633,8331000,,,6.0,335.790001,337.110008,322.230011,323.879997
PANW,2021-05-14,54.689998626708984,56.459999084472656,54.689998626708984,56.13666534423828,56.13666534423828,6426600,,,6.0,328.139992,338.759995,328.139992,336.819992
PANW,2021-05-17,56.313331604003906,56.75666809082031,55.26166534423828,55.96666717529297,55.96666717529297,4873200,,,6.0,337.87999,340.540009,331.569992,335.800003
PANW,2021-05-18,56.84166717529297,57.724998474121094,56.56999969482422,56.68166732788086,56.68166732788086,6826200,,,6.0,341.050003,346.349991,339.419998,340.090004
PANW,2021-05-19,55.900001525878906,56.38999938964844,55.3033332824707,55.93000030517578,55.93000030517578,6582000,,,6.0,335.400009,338.339996,331.82,335.580002
PANW,2021-05-20,56.2400016784668,57.45000076293945,56.188331604003906,57.098331451416016,57.098331451416016,12509400,,,6.0,337.44001,344.700005,337.12999,342.589989
PANW,2021-05-21,60.314998626708984,61.0716667175293,59.35166549682617,60.40833282470703,60.40833282470703,22633800,,,6.0,361.889992,366.43,356.109993,362.449997
PANW,2021-05-24,60.15833282470703,61.66666793823242,59.845001220703125,60.753334045410156,60.753334045410156,7980000,,,6.0,360.949997,370.000008,359.070007,364.520004
PANW,2021-05-25,61.393333435058594,61.61333465576172,60.38666534423828,60.8466682434082,60.8466682434082,6523800,,,6.0,368.360001,369.680008,362.319992,365.080009
PANW,2021-05-26,61.314998626708984,62.38166809082031,61.07500076293945,61.29499816894531,61.29499816894531,6183000,,,6.0,367.889992,374.290009,366.450005,367.769989
PANW,2021-05-27,61.29499816894531,61.79999923706055,60.04833221435547,61.209999084472656,61.209999084472656,6504600,,,6.0,367.769989,370.799995,360.289993,367.259995
PANW,2021-05-28,61.28666687011719,61.81666564941406,60.275001525878906,60.54166793823242,60.54166793823242,8257200,,,6.0,367.720001,370.899994,361.650009,363.250008
PANW,2021-06-01,61.008331298828125,61.25,59.7599983215332,60.05833435058594,60.05833435058594,4422000,,,6.0,366.049988,367.5,358.55999,360.350006
PANW,2021-06-02,59.9900016784668,60.54666519165039,59.30833435058594,59.61166763305664,59.61166763305664,4709400,,,6.0,359.94001,363.279991,355.850006,357.670006
PANW,2021-06-03,59.29999923706055,59.41666793823242,58.49333190917969,58.52166748046875,58.52166748046875,6225600,,,6.0,355.799995,356.500008,350.959991,351.130005
PANW,2021-06-04,58.85499954223633,59.586666107177734,58.70333480834961,59.55833435058594,59.55833435058594,3386400,,,6.0,353.129997,357.519997,352.220009,357.350006
PANW,2021-06-07,59.33333206176758,59.90999984741211,59.08333206176758,59.39500045776367,59.39500045776367,3096600,,,6.0,355.999992,359.459999,354.499992,356.370003
PANW,2021-06-08,59.823333740234375,60.401668548583984,58.60166549682617,58.88999938964844,58.88999938964844,4294800,,,6.0,358.940002,362.410011,351.609993,353.339996
PANW,2021-06-09,59.275001525878906,59.28333282470703,58.720001220703125,58.731666564941406,58.731666564941406,2443800,,,6.0,355.650009,355.699997,352.320007,352.389999
PANW,2021-06-10,58.66999816894531,60.438331604003906,58.5,60.40833282470703,60.40833282470703,4842600,,,6.0,352.019989,362.62999,351.0,362.449997
PANW,2021-06-11,60.40833282470703,61.241668701171875,60.40833282470703,60.973331451416016,60.973331451416016,4804200,,,6.0,362.449997,367.450012,362.449997,365.839989
PANW,2021-06-14,60.88666534423828,61.63833236694336,60.77333450317383,61.258331298828125,61.258331298828125,4716600,,,6.0,365.319992,369.829994,364.640007,367.549988
PANW,2021-06-15,61.16666793823242,61.16666793823242,59.92166519165039,60.13999938964844,60.13999938964844,3421800,,,6.0,367.000008,367.000008,359.529991,360.839996
PANW,2021-06-16,60.69166564941406,61.043331146240234,59.991668701171875,60.58333206176758,60.58333206176758,4774200,,,6.0,364.149994,366.259987,359.950012,363.499992
PANW,2021-06-17,60.47999954223633,62.314998626708984,60.04499816894531,62.01166534423828,62.01166534423828,8025000,,,6.0,362.879997,373.889992,360.269989,372.069992
PANW,2021-06-18,62.29999923706055,63.21500015258789,61.58333206176758,61.95166778564453,61.95166778564453,8628600,,,6.0,373.799995,379.290001,369.499992,371.710007
PANW,2021-06-21,61.7216682434082,61.97666549682617,60.71833419799805,61.823333740234375,61.823333740234375,3745200,,,6.0,370.330009,371.859993,364.310005,370.940002
PANW,2021-06-22,61.66666793823242,62.128334045410156,60.46666717529297,60.900001525878906,60.900001525878906,5630400,,,6.0,370.000008,372.770004,362.800003,365.400009
PANW,2021-06-23,60.956668853759766,61.75,60.9283332824707,61.39833450317383,61.39833450317383,3542400,,,6.0,365.740013,370.5,365.57,368.390007
PANW,2021-06-24,61.8466682434082,62.6150016784668,61.67499923706055,62.099998474121094,62.099998474121094,3608400,,,6.0,371.080009,375.69001,370.049995,372.599991
PANW,2021-06-25,62.44166564941406,63.063331604003906,61.983333587646484,62.595001220703125,62.595001220703125,11879400,,,6.0,374.649994,378.37999,371.900002,375.570007
PANW,2021-06-28,63.258331298828125,64.45333099365234,62.9283332824707,63.07833480834961,63.07833480834961,6169200,,,6.0,379.549988,386.719986,377.57,378.470009
PANW,2021-06-29,63.16666793823242,63.461666107177734,62.211666107177734,62.61166763305664,62.61166763305664,2887800,,,6.0,379.000008,380.769997,373.269997,375.670006
PANW,2021-06-30,62.25166702270508,62.413333892822266,61.70000076293945,61.84166717529297,61.84166717529297,6349800,,,6.0,373.510002,374.480003,370.200005,371.050003
PANW,2021-07-01,61.66666793823242,62.1150016784668,61.04833221435547,61.78166580200195,61.78166580200195,4441800,,,6.0,370.000008,372.69001,366.289993,370.689995
PANW,2021-07-02,62.233333587646484,62.61833190917969,61.88833236694336,62.13666534423828,62.13666534423828,3691200,,,6.0,373.400002,375.709991,371.329994,372.819992
PANW,2021-07-06,62.96833419799805,65.57167053222656,62.9466667175293,65.31666564941406,65.31666564941406,11936400,,,6.0,377.810005,393.430023,377.68,391.899994
PANW,2021-07-07,65.31666564941406,65.58833312988281,63.86833190917969,64.49833679199219,64.49833679199219,7186200,,,6.0,391.899994,393.529999,383.209991,386.990021
PANW,2021-07-08,63.35499954223633,64.72333526611328,62.95500183105469,64.4183349609375,64.4183349609375,5632800,,,6.0,380.129997,388.340012,377.730011,386.51001
PANW,2021-07-09,64.26333618164062,65.69166564941406,63.98833465576172,65.04000091552734,65.04000091552734,4876800,,,6.0,385.580017,394.149994,383.930008,390.240005
PANW,2021-07-12,65.25,65.77833557128906,64.66666412353516,64.75499725341797,64.75499725341797,5292600,,,6.0,391.5,394.670013,387.999985,388.529984
PANW,2021-07-13,64.83333587646484,65.55999755859375,64.51000213623047,64.66666412353516,64.66666412353516,5396400,,,6.0,389.000015,393.359985,387.060013,387.999985
PANW,2021-07-14,65.28500366210938,65.32499694824219,64.30332946777344,64.38333129882812,64.38333129882812,4089600,,,6.0,391.710022,391.949982,385.819977,386.299988
PANW,2021-07-15,64.44000244140625,65.03500366210938,63.836666107177734,64.63999938964844,64.63999938964844,6755400,,,6.0,386.640015,390.210022,383.019997,387.839996
PANW,2021-07-16,64.7699966430664,65.4800033569336,64.59500122070312,64.71666717529297,64.71666717529297,5623200,,,6.0,388.61998,392.88002,387.570007,388.300003
PANW,2021-07-19,63.981666564941406,65.07833099365234,63.66666793823242,64.90666961669922,64.90666961669922,5548200,,,6.0,383.889999,390.469986,382.000008,389.440018
PANW,2021-07-20,65.33833312988281,67.0199966430664,65.10166931152344,66.8316650390625,66.8316650390625,7317000,,,6.0,392.029999,402.11998,390.610016,400.98999
PANW,2021-07-21,66.69667053222656,66.8316650390625,64.86166381835938,65.30332946777344,65.30332946777344,6529800,,,6.0,400.180023,400.98999,389.169983,391.819977
PANW,2021-07-22,65.63999938964844,66.64666748046875,65.1683349609375,66.3933334350586,66.3933334350586,5304000,,,6.0,393.839996,399.880005,391.01001,398.360001
PANW,2021-07-23,66.32499694824219,67.34166717529297,66.01333618164062,66.9366683959961,66.9366683959961,4001400,,,6.0,397.949982,404.050003,396.080017,401.62001
PANW,2021-07-26,66.32833099365234,66.85333251953125,65.60832977294922,66.49833679199219,66.49833679199219,3081000,,,6.0,397.969986,401.119995,393.649979,398.990021
PANW,2021-07-27,66.66666412353516,66.83000183105469,65.04499816894531,66.25166320800781,66.25166320800781,3318000,,,6.0,399.999985,400.980011,390.269989,397.509979
PANW,2021-07-28,66.34166717529297,67.0,65.82333374023438,66.57666778564453,66.57666778564453,2911200,,,6.0,398.050003,402.0,394.940002,399.460007
PANW,2021-07-29,66.48332977294922,67.52666473388672,66.35832977294922,66.5,66.5,3296400,,,6.0,398.899979,405.159988,398.149979,399.0
PANW,2021-07-30,66.5,67.07167053222656,66.25166320800781,66.50833129882812,66.50833129882812,4379400,,,6.0,399.0,402.430023,397.509979,399.049988
PANW,2021-08-02,66.66666412353516,67.33333587646484,65.71499633789062,66.72000122070312,66.72000122070312,2771400,,,6.0,399.999985,404.000015,394.289978,400.320007
PANW,2021-08-03,66.75499725341797,67.42500305175781,66.04166412353516,66.38833618164062,66.38833618164062,3391800,,,6.0,400.529984,404.550018,396.249985,398.330017
PANW,2021-08-04,66.56500244140625,67.49833679199219,66.40666961669922,67.22166442871094,67.22166442871094,3049800,,,6.0,399.390015,404.990021,398.440018,403.329987
PANW,2021-08-05,67.4749984741211,67.81999969482422,66.85333251953125,67.27333068847656,67.27333068847656,3381600,,,6.0,404.849991,406.919998,401.119995,403.639984
PANW,2021-08-06,66.11666870117188,66.27666473388672,64.0,64.3933334350586,64.3933334350586,8619000,,,6.0,396.700012,397.659988,384.0,386.360001
PANW,2021-08-09,64.71833038330078,65.37666320800781,64.47333526611328,64.74666595458984,64.74666595458984,3585000,,,6.0,388.309982,392.259979,386.840012,388.479996
PANW,2021-08-10,64.99166870117188,65.13666534423828,62.82833480834961,62.83333206176758,62.83333206176758,7237200,,,6.0,389.950012,390.819992,376.970009,376.999992
PANW,2021-08-11,62.598331451416016,62.78333282470703,60.82500076293945,60.913333892822266,60.913333892822266,12457200,,,6.0,375.589989,376.699997,364.950005,365.480003
PANW,2021-08-12,60.93000030517578,62.28499984741211,60.93000030517578,61.5,61.5,6524400,,,6.0,365.580002,373.709999,365.580002,369.0
PANW,2021-08-13,61.81666564941406,62.70000076293945,61.66666793823242,62.34000015258789,62.34000015258789,6534600,,,6.0,370.899994,376.200005,370.000008,374.040001
PANW,2021-08-16,62.08333206176758,62.766666412353516,61.516666412353516,61.720001220703125,61.720001220703125,4591800,,,6.0,372.499992,376.599998,369.099998,370.320007
PANW,2021-08-17,61.551666259765625,61.70333480834961,60.4466667175293,60.961666107177734,60.961666107177734,4420800,,,6.0,369.309998,370.220009,362.68,365.769997
PANW,2021-08-18,61.0,61.33000183105469,60.12333297729492,60.393333435058594,60.393333435058594,5523000,,,6.0,366.0,367.980011,360.739998,362.360001
PANW,2021-08-19,59.9466667175293,60.91166687011719,59.72833251953125,60.483333587646484,60.483333587646484,7371000,,,6.0,359.68,365.470001,358.369995,362.900002
PANW,2021-08-20,60.62666702270508,61.503334045410156,60.496665954589844,61.24333190917969,61.24333190917969,7220400,,,6.0,363.760002,369.020004,362.979996,367.459991
PANW,2021-08-23,61.45166778564453,62.35499954223633,61.20166778564453,62.095001220703125,62.095001220703125,17323200,,,6.0,368.710007,374.129997,367.210007,372.570007
PANW,2021-08-24,70.60832977294922,74.48500061035156,69.9000015258789,73.6449966430664,73.6449966430664,66796200,,,6.0,423.649979,446.910004,419.400009,441.86998
PANW,2021-08-25,73.33333587646484,74.96333312988281,72.58333587646484,74.50833129882812,74.50833129882812,21706200,,,6.0,440.000015,449.779999,435.500015,447.049988
PANW,2021-08-26,74.66666412353516,76.62166595458984,74.50833129882812,76.23999786376953,76.23999786376953,17068800,,,6.0,447.999985,459.729996,447.049988,457.439987
PANW,2021-08-27,76.61499786376953,77.23833465576172,76.02166748046875,76.87999725341797,76.87999725341797,8188200,,,6.0,459.689987,463.430008,456.130005,461.279984
PANW,2021-08-30,77.16666412353516,77.48332977294922,76.09500122070312,76.46833038330078,76.46833038330078,7529400,,,6.0,462.999985,464.899979,456.570007,458.809982
PANW,2021-08-31,77.19499969482422,77.25666809082031,75.80000305175781,76.83999633789062,76.83999633789062,7592400,,,6.0,463.169998,463.540009,454.800018,461.039978
PANW,2021-09-01,76.16000366210938,77.05166625976562,75.96666717529297,76.71666717529297,76.71666717529297,8014800,,,6.0,456.960022,462.309998,455.800003,460.300003
PANW,2021-09-02,76.88333129882812,77.913330078125,76.6449966430664,77.09166717529297,77.09166717529297,6735000,,,6.0,461.299988,467.47998,459.86998,462.550003
PANW,2021-09-03,76.5,78.07333374023438,76.42666625976562,78.03666687011719,78.03666687011719,5675400,,,6.0,459.0,468.440002,458.559998,468.220001
PANW,2021-09-07,78.33333587646484,78.34166717529297,76.88666534423828,77.1066665649414,77.1066665649414,5643000,,,6.0,470.000015,470.050003,461.319992,462.639999
PANW,2021-09-08,76.92166900634766,77.96499633789062,76.41666412353516,77.62166595458984,77.62166595458984,6314400,,,6.0,461.530014,467.789978,458.499985,465.729996
PANW,2021-09-09,77.61833190917969,78.22166442871094,77.29000091552734,77.75,77.75,5544000,,,6.0,465.709991,469.329987,463.740005,466.5
PANW,2021-09-10,79.1933364868164,79.83333587646484,77.53500366210938,78.31666564941406,78.31666564941406,8566200,,,6.0,475.160019,479.000015,465.210022,469.899994
PANW,2021-09-13,78.6683349609375,80.95833587646484,76.4316635131836,79.35333251953125,79.35333251953125,15030000,,,6.0,472.01001,485.750015,458.589981,476.119995
PANW,2021-09-14,81.3183364868164,82.65333557128906,80.25833129882812,80.80500030517578,80.80500030517578,14788800,,,6.0,487.910019,495.920013,481.549988,484.830002
PANW,2021-09-15,80.75833129882812,80.99833679199219,79.02666473388672,79.98999786376953,79.98999786376953,7688400,,,6.0,484.549988,485.990021,474.159988,479.939987
PANW,2021-09-16,80.06500244140625,80.83333587646484,79.4800033569336,80.8133316040039,80.8133316040039,5805000,,,6.0,480.390015,485.000015,476.88002,484.87999
PANW,2021-09-17,80.83333587646484,80.99166870117188,79.19166564941406,79.3949966430664,79.3949966430664,10078800,,,6.0,485.000015,485.950012,475.149994,476.36998
PANW,2021-09-20,78.2683334350586,79.55500030517578,78.04833221435547,79.06500244140625,79.06500244140625,6870000,,,6.0,469.610001,477.330002,468.289993,474.390015
PANW,2021-09-21,79.33333587646484,79.63166809082031,78.75166320800781,78.83833312988281,78.83833312988281,5623800,,,6.0,476.000015,477.790009,472.509979,473.029999
PANW,2021-09-22,79.24333190917969,79.7683334350586,78.33833312988281,79.32833099365234,79.32833099365234,6874200,,,6.0,475.459991,478.610001,470.029999,475.969986
PANW,2021-09-23,79.68000030517578,80.961669921875,79.40166473388672,80.5250015258789,80.5250015258789,6593400,,,6.0,478.080002,485.77002,476.409988,483.150009
PANW,2021-09-24,80.02666473388672,81.8316650390625,80.02166748046875,81.74500274658203,81.74500274658203,12080400,,,6.0,480.159988,490.98999,480.130005,490.470016
PANW,2021-09-27,80.93000030517578,81.42832946777344,80.3499984741211,81.00666809082031,81.00666809082031,8248200,,,6.0,485.580002,488.569977,482.099991,486.040009
PANW,2021-09-28,80.01499938964844,80.19999694824219,78.52333068847656,79.39167022705078,79.39167022705078,7770000,,,6.0,480.089996,481.199982,471.139984,476.350021
PANW,2021-09-29,79.6683349609375,80.08333587646484,78.08999633789062,78.84500122070312,78.84500122070312,4608000,,,6.0,478.01001,480.500015,468.539978,473.070007
PANW,2021-09-30,78.8183364868164,80.05500030517578,78.75,79.83333587646484,79.83333587646484,4668000,,,6.0,472.910019,480.330002,472.5,479.000015
PANW,2021-10-01,80.08833312988281,81.19667053222656,79.12166595458984,81.08499908447266,81.08499908447266,5683800,,,6.0,480.529999,487.180023,474.729996,486.509995
PANW,2021-10-04,80.80999755859375,80.80999755859375,77.1883316040039,78.25666809082031,78.25666809082031,7991400,,,6.0,484.859985,484.859985,463.12999,469.540009
PANW,2021-10-05,78.74666595458984,79.836669921875,78.5199966430664,79.26499938964844,79.26499938964844,5410800,,,6.0,472.479996,479.02002,471.11998,475.589996
PANW,2021-10-06,78.87833404541016,81.3316650390625,78.82167053222656,81.02166748046875,81.02166748046875,5524800,,,6.0,473.270004,487.98999,472.930023,486.130005
PANW,2021-10-07,81.2699966430664,83.70333099365234,81.23666381835938,82.27999877929688,82.27999877929688,7691400,,,6.0,487.61998,502.219986,487.419983,493.679993
PANW,2021-10-08,82.33333587646484,83.42666625976562,81.77333068847656,82.13166809082031,82.13166809082031,4675800,,,6.0,494.000015,500.559998,490.639984,492.790009
PANW,2021-10-11,82.0183334350586,83.60166931152344,81.3499984741211,83.30166625976562,83.30166625976562,4372800,,,6.0,492.110001,501.610016,488.099991,499.809998
PANW,2021-10-12,83.83333587646484,85.0,83.54666900634766,84.2066650390625,84.2066650390625,7260600,,,6.0,503.000015,510.0,501.280014,505.23999
PANW,2021-10-13,84.20166778564453,84.89833068847656,83.58499908447266,84.0816650390625,84.0816650390625,4833600,,,6.0,505.210007,509.389984,501.509995,504.48999
PANW,2021-10-14,84.53500366210938,85.68499755859375,83.68000030517578,83.83000183105469,83.83000183105469,5562000,,,6.0,507.210022,514.109985,502.080002,502.980011
PANW,2021-10-15,83.9000015258789,85.48999786376953,83.9000015258789,84.64167022705078,84.64167022705078,6982800,,,6.0,503.400009,512.939987,503.400009,507.850021
PANW,2021-10-18,85.0,85.97666931152344,84.64167022705078,85.86166381835938,85.86166381835938,5368800,,,6.0,510.0,515.860016,507.850021,515.169983
PANW,2021-10-19,86.00833129882812,86.16000366210938,84.55166625976562,85.41500091552734,85.41500091552734,4963800,,,6.0,516.049988,516.960022,507.309998,512.490005
PANW,2021-10-20,85.89666748046875,86.57499694824219,84.4183349609375,85.31999969482422,85.31999969482422,4914000,,,6.0,515.380005,519.449982,506.51001,511.919998
PANW,2021-10-21,85.12666320800781,85.12666320800781,83.05332946777344,84.66666412353516,84.66666412353516,10770600,,,6.0,510.759979,510.759979,498.319977,507.999985
PANW,2021-10-22,84.5,85.6449966430664,83.19833374023438,84.02166748046875,84.02166748046875,6592200,,,6.0,507.0,513.86998,499.190002,504.130005
PANW,2021-10-25,84.58000183105469,85.38333129882812,82.52166748046875,82.961669921875,82.961669921875,7002600,,,6.0,507.480011,512.299988,495.130005,497.77002
PANW,2021-10-26,83.29000091552734,83.60166931152344,79.86000061035156,81.09166717529297,81.09166717529297,14008200,,,6.0,499.740005,501.610016,479.160004,486.550003
PANW,2021-10-27,81.67832946777344,83.3499984741211,81.42500305175781,82.1433334350586,82.1433334350586,4931400,,,6.0,490.069977,500.099991,488.550018,492.860001
PANW,2021-10-28,82.17500305175781,83.32499694824219,82.08499908447266,83.06500244140625,83.06500244140625,4352400,,,6.0,493.050018,499.949982,492.509995,498.390015
PANW,2021-10-29,83.11000061035156,85.04166412353516,82.9800033569336,84.84833526611328,84.84833526611328,4255200,,,6.0,498.660004,510.249985,497.88002,509.090012
PANW,2021-11-01,85.08499908447266,85.51000213623047,83.88166809082031,84.71833038330078,84.71833038330078,4322400,,,6.0,510.509995,513.060013,503.290009,508.309982
PANW,2021-11-02,84.83333587646484,85.45333099365234,83.83333587646484,84.74333190917969,84.74333190917969,4109400,,,6.0,509.000015,512.719986,503.000015,508.459991
PANW,2021-11-03,84.74500274658203,84.92832946777344,82.16999816894531,83.16000366210938,83.16000366210938,6096000,,,6.0,508.470016,509.569977,493.019989,498.960022
PANW,2021-11-04,83.6500015258789,84.5616683959961,80.87666320800781,82.30500030517578,82.30500030517578,9615000,,,6.0,501.900009,507.37001,485.259979,493.830002
PANW,2021-11-05,82.20166778564453,83.2750015258789,81.75333404541016,82.29666900634766,82.29666900634766,6501600,,,6.0,493.210007,499.650009,490.520004,493.780014
PANW,2021-11-08,83.33333587646484,86.5683364868164,83.15833282470703,86.21666717529297,86.21666717529297,8646600,,,6.0,500.000015,519.410019,498.949997,517.300003
PANW,2021-11-09,86.40166473388672,87.28666687011719,84.73500061035156,85.38666534423828,85.38666534423828,6715200,,,6.0,518.409988,523.720001,508.410004,512.319992
PANW,2021-11-10,84.83333587646484,85.19499969482422,82.04000091552734,83.19833374023438,83.19833374023438,6415800,,,6.0,509.000015,511.169998,492.240005,499.190002
PANW,2021-11-11,83.94833374023438,84.98833465576172,83.8566665649414,84.64666748046875,84.64666748046875,4506600,,,6.0,503.690002,509.930008,503.139999,507.880005
PANW,2021-11-12,85.58499908447266,86.32833099365234,84.52166748046875,85.86333465576172,85.86333465576172,5287800,,,6.0,513.509995,517.969986,507.130005,515.180008
PANW,2021-11-15,86.66666412353516,86.94667053222656,85.34166717529297,86.34333038330078,86.34333038330078,5681400,,,6.0,519.999985,521.680023,512.050003,518.059982
PANW,2021-11-16,86.66666412353516,87.99500274658203,86.03166961669922,87.52333068847656,87.52333068847656,7368600,,,6.0,519.999985,527.970016,516.190018,525.139984
PANW,2021-11-17,87.73999786376953,88.57833099365234,84.66666412353516,85.62666320800781,85.62666320800781,7539600,,,6.0,526.439987,531.469986,507.999985,513.759979
PANW,2021-11-18,85.25666809082031,87.09833526611328,83.9183349609375,86.66500091552734,86.66500091552734,14548800,,,6.0,511.540009,522.590012,503.51001,519.990005
PANW,2021-11-19,89.53333282470703,90.9816665649414,85.0,88.38999938964844,88.38999938964844,22984800,,,6.0,537.199997,545.889999,510.0,530.339996
PANW,2021-11-22,87.82833099365234,93.25666809082031,86.83333587646484,89.99333190917969,89.99333190917969,17510400,,,6.0,526.969986,559.540009,521.000015,539.959991
PANW,2021-11-23,88.28666687011719,90.91999816894531,86.5999984741211,88.836669921875,88.836669921875,10164000,,,6.0,529.720001,545.519989,519.599991,533.02002
PANW,2021-11-24,88.80500030517578,91.98833465576172,87.6050033569336,91.62000274658203,91.62000274658203,7490400,,,6.0,532.830002,551.930008,525.63002,549.720016
PANW,2021-11-26,90.22666931152344,91.89167022705078,88.4383316040039,88.87333679199219,88.87333679199219,4044000,,,6.0,541.360016,551.350021,530.62999,533.240021
PANW,2021-11-29,90.02833557128906,92.23999786376953,89.31666564941406,91.86333465576172,91.86333465576172,6526200,,,6.0,540.170013,553.439987,535.899994,551.180008
PANW,2021-11-30,92.0,92.99833679199219,90.5183334350586,91.15666961669922,91.15666961669922,8940000,,,6.0,552.0,557.990021,543.110001,546.940018
PANW,2021-12-01,91.58499908447266,92.5,88.00166320800781,88.02666473388672,88.02666473388672,10772400,,,6.0,549.509995,555.0,528.009979,528.159988
PANW,2021-12-02,88.02666473388672,91.17166900634766,87.83333587646484,89.21666717529297,89.21666717529297,9516000,,,6.0,528.159988,547.030014,527.000015,535.300003
PANW,2021-12-03,89.28666687011719,90.55166625976562,86.41999816894531,86.80999755859375,86.80999755859375,11460600,,,6.0,535.720001,543.309998,518.519989,520.859985
PANW,2021-12-06,86.27833557128906,86.53333282470703,83.038330078125,83.53666687011719,83.53666687011719,12423000,,,6.0,517.670013,519.199997,498.22998,501.220001
PANW,2021-12-07,86.22000122070312,88.76000213623047,85.7300033569336,87.23833465576172,87.23833465576172,8538000,,,6.0,517.320007,532.560013,514.38002,523.430008
PANW,2021-12-08,87.0,88.90666961669922,86.45999908447266,88.4383316040039,88.4383316040039,4436400,,,6.0,522.0,533.440018,518.759995,530.62999
PANW,2021-12-09,88.5183334350586,89.64833068847656,87.59500122070312,87.92166900634766,87.92166900634766,7080600,,,6.0,531.110001,537.889984,525.570007,527.530014
PANW,2021-12-10,87.75166320800781,89.86000061035156,87.2683334350586,88.64167022705078,88.64167022705078,7306200,,,6.0,526.509979,539.160004,523.610001,531.850021
PANW,2021-12-13,89.98666381835938,90.3316650390625,88.37833404541016,89.15333557128906,89.15333557128906,6894600,,,6.0,539.919983,541.98999,530.270004,534.920013
PANW,2021-12-14,87.1500015258789,88.40499877929688,84.2750015258789,85.41666412353516,85.41666412353516,9262800,,,6.0,522.900009,530.429993,505.650009,512.499985
PANW,2021-12-15,85.78500366210938,90.16666412353516,85.41666412353516,90.04833221435547,90.04833221435547,9417000,,,6.0,514.710022,540.999985,512.499985,540.289993
PANW,2021-12-16,90.0250015258789,90.49166870117188,87.16666412353516,87.28500366210938,87.28500366210938,7360800,,,6.0,540.150009,542.950012,522.999985,523.710022
PANW,2021-12-17,85.54833221435547,88.83000183105469,84.84166717529297,88.3566665649414,88.3566665649414,35245200,,,6.0,513.289993,532.980011,509.050003,530.139999
PANW,2021-12-20,86.67333221435547,88.75,86.41666412353516,88.26499938964844,88.26499938964844,5347800,,,6.0,520.039993,532.5,518.499985,529.589996
PANW,2021-12-21,88.82833099365234,89.63999938964844,86.26667022705078,89.6050033569336,89.6050033569336,6856800,,,6.0,532.969986,537.839996,517.600021,537.63002
PANW,2021-12-22,88.43000030517578,92.52333068847656,88.43000030517578,92.45999908447266,92.45999908447266,8374800,,,6.0,530.580002,555.139984,530.580002,554.759995
PANW,2021-12-23,92.4800033569336,94.47333526611328,92.33333587646484,93.62999725341797,93.62999725341797,6185400,,,6.0,554.88002,566.840012,554.000015,561.779984
PANW,2021-12-27,93.79166412353516,95.44499969482422,93.46499633789062,94.72333526611328,94.72333526611328,4947000,,,6.0,562.749985,572.669998,560.789978,568.340012
PANW,2021-12-28,95.05000305175781,95.36166381835938,93.4183349609375,94.11833190917969,94.11833190917969,3754800,,,6.0,570.300018,572.169983,560.51001,564.709991
PANW,2021-12-29,94.02999877929688,94.2066650390625,92.24166870117188,93.93333435058594,93.93333435058594,3145200,,,6.0,564.179993,565.23999,553.450012,563.600006
PANW,2021-12-30,93.93333435058594,94.33333587646484,93.1449966430664,93.56999969482422,93.56999969482422,3285000,,,6.0,563.600006,566.000015,558.86998,561.419998
PANW,2021-12-31,93.56999969482422,94.15333557128906,92.70333099365234,92.7933349609375,92.7933349609375,2845800,,,6.0,561.419998,564.920013,556.219986,556.76001
PANW,2022-01-03,93.07333374023438,93.4000015258789,89.63999938964844,90.70166778564453,90.70166778564453,7802400,,,6.0,558.440002,560.400009,537.839996,544.210007
PANW,2022-01-04,89.57499694824219,90.72166442871094,85.5566635131836,87.33333587646484,87.33333587646484,9586200,,,6.0,537.449982,544.329987,513.339981,524.000015
PANW,2022-01-05,85.54166412353516,86.74833679199219,83.61000061035156,84.1433334350586,84.1433334350586,7494000,,,6.0,513.249985,520.490021,501.660004,504.860001
PANW,2022-01-06,83.5,90.16666412353516,82.83499908447266,88.8183364868164,88.8183364868164,16553400,,,6.0,501.0,540.999985,497.009995,532.910019
PANW,2022-01-07,87.80999755859375,91.36666870117188,87.38333129882812,87.5816650390625,87.5816650390625,13586400,,,6.0,526.859985,548.200012,524.299988,525.48999
PANW,2022-01-10,85.63166809082031,87.43000030517578,82.0,87.10166931152344,87.10166931152344,14975400,,,6.0,513.790009,524.580002,492.0,522.610016
PANW,2022-01-11,85.78666687011719,88.28333282470703,85.3066635131836,87.67500305175781,87.67500305175781,7239000,,,6.0,514.720001,529.699997,511.839981,526.050018
PANW,2022-01-12,88.10166931152344,89.63333129882812,86.37999725341797,88.66999816894531,88.66999816894531,6079200,,,6.0,528.610016,537.799988,518.279984,532.019989
PANW,2022-01-13,88.66999816894531,89.01333618164062,82.66999816894531,83.0999984741211,83.0999984741211,9814800,,,6.0,532.019989,534.080017,496.019989,498.599991
PANW,2022-01-14,81.92500305175781,83.52999877929688,81.06666564941406,83.18499755859375,83.18499755859375,8197200,,,6.0,491.550018,501.179993,486.399994,499.109985
PANW,2022-01-18,81.60333251953125,86.66666412353516,81.57666778564453,83.72833251953125,83.72833251953125,9919800,,,6.0,489.619995,519.999985,489.460007,502.369995
PANW,2022-01-19,84.0616683959961,87.89833068847656,83.7683334350586,86.60166931152344,86.60166931152344,12321000,,,6.0,504.37001,527.389984,502.610001,519.610016
PANW,2022-01-20,86.80166625976562,89.4800033569336,86.51333618164062,86.61166381835938,86.61166381835938,10086600,,,6.0,520.809998,536.88002,519.080017,519.669983
PANW,2022-01-21,85.94166564941406,86.30166625976562,80.42666625976562,80.6050033569336,80.6050033569336,15534600,,,6.0,515.649994,517.809998,482.559998,483.63002
PANW,2022-01-24,79.086669921875,84.87833404541016,75.95999908447266,84.03500366210938,84.03500366210938,17531400,,,6.0,474.52002,509.270004,455.759995,504.210022
PANW,2022-01-25,83.17333221435547,83.28666687011719,79.19000244140625,79.24500274658203,79.24500274658203,11380800,,,6.0,499.039993,499.720001,475.140015,475.470016
PANW,2022-01-26,80.66666412353516,83.46499633789062,78.83333587646484,79.37333679199219,79.37333679199219,11527800,,,6.0,483.999985,500.789978,473.000015,476.240021
PANW,2022-01-27,80.91500091552734,84.07167053222656,80.71333312988281,80.87000274658203,80.87000274658203,10009200,,,6.0,485.490005,504.430023,484.279999,485.220016
PANW,2022-01-28,81.2750015258789,83.38999938964844,80.03166961669922,82.69499969482422,82.69499969482422,8245800,,,6.0,487.650009,500.339996,480.190018,496.169998
PANW,2022-01-31,82.69499969482422,86.52666473388672,82.69499969482422,86.23332977294922,86.23332977294922,10125000,,,6.0,496.169998,519.159988,496.169998,517.399979
PANW,2022-02-01,86.30999755859375,86.66666412353516,83.87166595458984,85.47666931152344,85.47666931152344,8433000,,,6.0,517.859985,519.999985,503.229996,512.860016
PANW,2022-02-02,86.14167022705078,86.38166809082031,84.23332977294922,84.9000015258789,84.9000015258789,6327000,,,6.0,516.850021,518.290009,505.399979,509.400009
PANW,2022-02-03,82.90666961669922,84.87000274658203,81.79499816894531,82.0683364868164,82.0683364868164,6310200,,,6.0,497.440018,509.220016,490.769989,492.410019
PANW,2022-02-04,81.86166381835938,86.53333282470703,81.33499908447266,85.91666412353516,85.91666412353516,8936400,,,6.0,491.169983,519.199997,488.009995,515.499985
PANW,2022-02-07,85.45166778564453,86.95999908447266,84.91999816894531,85.163330078125,85.163330078125,4217400,,,6.0,512.710007,521.759995,509.519989,510.97998
PANW,2022-02-08,85.05500030517578,86.32499694824219,84.1683349609375,85.54166412353516,85.54166412353516,7939800,,,6.0,510.330002,517.949982,505.01001,513.249985
PANW,2022-02-09,86.66666412353516,89.54000091552734,86.4433364868164,89.0816650390625,89.0816650390625,6468600,,,6.0,519.999985,537.240005,518.660019,534.48999
PANW,2022-02-10,86.92832946777344,89.61000061035156,86.83333587646484,87.95833587646484,87.95833587646484,5268600,,,6.0,521.569977,537.660004,521.000015,527.750015
PANW,2022-02-11,88.65333557128906,89.33333587646484,84.45166778564453,85.0250015258789,85.0250015258789,7039800,,,6.0,531.920013,536.000015,506.710007,510.150009
PANW,2022-02-14,84.3133316040039,87.875,84.3133316040039,86.836669921875,86.836669921875,6825000,,,6.0,505.87999,527.25,505.87999,521.02002
PANW,2022-02-15,87.836669921875,89.27166748046875,86.96666717529297,87.73332977294922,87.73332977294922,7201200,,,6.0,527.02002,535.630005,521.800003,526.399979
PANW,2022-02-16,86.47666931152344,88.33000183105469,85.75833129882812,87.73500061035156,87.73500061035156,5783400,,,6.0,518.860016,529.980011,514.549988,526.410004
PANW,2022-02-17,86.6050033569336,87.25833129882812,82.83333587646484,83.19000244140625,83.19000244140625,7322400,,,6.0,519.63002,523.549988,497.000015,499.140015
PANW,2022-02-18,83.17500305175781,83.48833465576172,80.23332977294922,80.36166381835938,80.36166381835938,10063800,,,6.0,499.050018,500.930008,481.399979,482.169983
PANW,2022-02-22,80.17166900634766,81.16166687011719,77.76166534423828,79.25166320800781,79.25166320800781,19244400,,,6.0,481.030014,486.970001,466.569992,475.509979
PANW,2022-02-23,84.36666870117188,85.22666931152344,78.67166900634766,79.60166931152344,79.60166931152344,26037600,,,6.0,506.200012,511.360016,472.030014,477.610016
PANW,2022-02-24,77.84333038330078,90.11166381835938,77.75,89.98999786376953,89.98999786376953,30082800,,,6.0,467.059982,540.669983,466.5,539.939987
PANW,2022-02-25,88.52999877929688,95.16500091552734,88.40666961669922,94.95833587646484,94.95833587646484,22005000,,,6.0,531.179993,570.990005,530.440018,569.750015
PANW,2022-02-28,96.14666748046875,99.21666717529297,94.83499908447266,99.04166412353516,99.04166412353516,22711800,,,6.0,576.880005,595.300003,569.009995,594.249985
PANW,2022-03-01,98.56500244140625,99.82666778564453,95.28166961669922,96.125,96.125,16498800,,,6.0,591.390015,598.960007,571.690018,576.75
PANW,2022-03-02,97.22833251953125,97.6433334350586,94.6500015258789,97.01000213623047,97.01000213623047,10404600,,,6.0,583.369995,585.860001,567.900009,582.060013
PANW,2022-03-03,97.13166809082031,98.5,94.83833312988281,95.5683364868164,95.5683364868164,8665800,,,6.0,582.790009,591.0,569.029999,573.410019
PANW,2022-03-04,94.83499908447266,96.24666595458984,91.9183349609375,92.9183349609375,92.9183349609375,11176800,,,6.0,569.009995,577.479996,551.51001,557.51001
PANW,2022-03-07,93.25499725341797,93.8499984741211,88.46333312988281,88.9183349609375,88.9183349609375,13939800,,,6.0,559.529984,563.099991,530.779999,533.51001
PANW,2022-03-08,88.5,90.59833526611328,87.00166320800781,87.5250015258789,87.5250015258789,9468000,,,6.0,531.0,543.590012,522.009979,525.150009
PANW,2022-03-09,89.78333282470703,93.59166717529297,89.50166320800781,92.48500061035156,92.48500061035156,10389600,,,6.0,538.699997,561.550003,537.009979,554.910004
PANW,2022-03-10,91.60832977294922,93.32499694824219,90.62333679199219,91.9749984741211,91.9749984741211,6448200,,,6.0,549.649979,559.949982,543.740021,551.849991
PANW,2022-03-11,93.20333099365234,93.20333099365234,90.84166717529297,91.00499725341797,91.00499725341797,7053600,,,6.0,559.219986,559.219986,545.050003,546.029984
PANW,2022-03-14,89.7300033569336,90.87166595458984,85.92500305175781,87.55166625976562,87.55166625976562,9623400,,,6.0,538.38002,545.229996,515.550018,525.309998
PANW,2022-03-15,88.22166442871094,90.32833099365234,84.85333251953125,90.01000213623047,90.01000213623047,7617000,,,6.0,529.329987,541.969986,509.119995,540.060013
PANW,2022-03-16,90.94999694824219,92.60832977294922,87.97166442871094,92.31999969482422,92.31999969482422,11625600,,,6.0,545.699982,555.649979,527.829987,553.919998
PANW,2022-03-17,92.02833557128906,94.55999755859375,90.83333587646484,94.02666473388672,94.02666473388672,10626600,,,6.0,552.170013,567.359985,545.000015,564.159988
PANW,2022-03-18,94.59666442871094,96.25333404541016,93.27166748046875,96.16999816894531,96.16999816894531,13005600,,,6.0,567.579987,577.520004,559.630005,577.019989
PANW,2022-03-21,95.82666778564453,96.375,93.43499755859375,96.19999694824219,96.19999694824219,9301200,,,6.0,574.960007,578.25,560.609985,577.199982
PANW,2022-03-22,96.66666412353516,101.53500366210938,96.66666412353516,99.56999969482422,99.56999969482422,14499000,,,6.0,579.999985,609.210022,579.999985,597.419998
PANW,2022-03-23,98.11499786376953,103.29000091552734,97.66666412353516,100.67333221435547,100.67333221435547,11803200,,,6.0,588.689987,619.740005,585.999985,604.039993
PANW,2022-03-24,100.83333587646484,103.8316650390625,100.12666320800781,103.6933364868164,103.6933364868164,11229000,,,6.0,605.000015,622.98999,600.759979,622.160019
PANW,2022-03-25,104.07499694824219,104.07499694824219,100.53500366210938,103.73332977294922,103.73332977294922,13436400,,,6.0,624.449982,624.449982,603.210022,622.399979
PANW,2022-03-28,102.86666870117188,104.91500091552734,102.82666778564453,104.20833587646484,104.20833587646484,7957200,,,6.0,617.200012,629.490005,616.960007,625.250015
PANW,2022-03-29,103.75666809082031,103.95999908447266,99.42333221435547,102.75166320800781,102.75166320800781,15066600,,,6.0,622.540009,623.759995,596.539993,616.509979
PANW,2022-03-30,102.2750015258789,104.59833526611328,102.11666870117188,102.625,102.625,8874600,,,6.0,613.650009,627.590012,612.700012,615.75
PANW,2022-03-31,102.56999969482422,105.9816665649414,102.42333221435547,103.75166320800781,103.75166320800781,9667200,,,6.0,615.419998,635.889999,614.539993,622.509979
PANW,2022-04-01,103.55000305175781,105.02166748046875,100.92333221435547,101.85166931152344,101.85166931152344,8058000,,,6.0,621.300018,630.130005,605.539993,611.110016
PANW,2022-04-04,102.6933364868164,104.95999908447266,102.25,104.68333435058594,104.68333435058594,6973200,,,6.0,616.160019,629.759995,613.5,628.100006
PANW,2022-04-05,104.66666412353516,105.2066650390625,101.80999755859375,103.52333068847656,103.52333068847656,7378800,,,6.0,627.999985,631.23999,610.859985,621.139984
PANW,2022-04-06,101.25499725341797,102.2750015258789,100.1866683959961,101.13333129882812,101.13333129882812,8455800,,,6.0,607.529984,613.650009,601.12001,606.799988
PANW,2022-04-07,100.63333129882812,103.47833251953125,100.63333129882812,102.74500274658203,102.74500274658203,6510600,,,6.0,603.799988,620.869995,603.799988,616.470016
PANW,2022-04-08,102.09333038330078,102.37000274658203,100.57833099365234,101.37166595458984,101.37166595458984,5668200,,,6.0,612.559982,614.220016,603.469986,608.229996
PANW,2022-04-11,100.3183364868164,103.15833282470703,99.58333587646484,101.81666564941406,101.81666564941406,7320000,,,6.0,601.910019,618.949997,597.500015,610.899994
PANW,2022-04-12,102.57333374023438,104.4383316040039,101.66500091552734,101.9816665649414,101.9816665649414,5395800,,,6.0,615.440002,626.62999,609.990005,611.889999
PANW,2022-04-13,102.50833129882812,105.94667053222656,101.75166320800781,104.83499908447266,104.83499908447266,7379400,,,6.0,615.049988,635.680023,610.509979,629.009995
PANW,2022-04-14,105.0,105.77666473388672,104.05166625976562,104.46333312988281,104.46333312988281,5736600,,,6.0,630.0,634.659988,624.309998,626.779999
PANW,2022-04-18,103.52833557128906,104.97166442871094,102.72833251953125,102.96499633789062,102.96499633789062,3899400,,,6.0,621.170013,629.829987,616.369995,617.789978
PANW,2022-04-19,102.663330078125,105.2699966430664,101.8949966430664,104.76000213623047,104.76000213623047,4820400,,,6.0,615.97998,631.61998,611.36998,628.560013
PANW,2022-04-20,104.90499877929688,106.81666564941406,103.2699966430664,104.36166381835938,104.36166381835938,4971600,,,6.0,629.429993,640.899994,619.61998,626.169983
PANW,2022-04-21,105.15166473388672,106.55999755859375,98.0999984741211,98.66666412353516,98.66666412353516,10384200,,,6.0,630.909988,639.359985,588.599991,591.999985
PANW,2022-04-22,98.4000015258789,99.52999877929688,94.84833526611328,95.26333618164062,95.26333618164062,8793600,,,6.0,590.400009,597.179993,569.090012,571.580017
PANW,2022-04-25,95.41666412353516,100.125,95.41166687011719,99.95500183105469,99.95500183105469,10622400,,,6.0,572.499985,600.75,572.470001,599.730011
PANW,2022-04-26,98.83333587646484,99.80833435058594,96.70500183105469,96.79833221435547,96.79833221435547,5485800,,,6.0,593.000015,598.850006,580.230011,580.789993
PANW,2022-04-27,96.34833526611328,98.92832946777344,94.86499786376953,96.47000122070312,96.47000122070312,6760200,,,6.0,578.090012,593.569977,569.189987,578.820007
PANW,2022-04-28,97.97166442871094,99.2750015258789,95.38833618164062,98.12333679199219,98.12333679199219,4749000,,,6.0,587.829987,595.650009,572.330017,588.740021
PANW,2022-04-29,97.64833068847656,98.8116683959961,92.90499877929688,93.54666900634766,93.54666900634766,7372800,,,6.0,585.889984,592.87001,557.429993,561.280014
PANW,2022-05-02,93.0433349609375,95.47833251953125,92.3316650390625,95.32499694824219,95.32499694824219,6012600,,,6.0,558.26001,572.869995,553.98999,571.949982
PANW,2022-05-03,95.24833679199219,95.37166595458984,90.6933364868164,92.98999786376953,92.98999786376953,9051000,,,6.0,571.490021,572.229996,544.160019,557.939987
PANW,2022-05-04,93.16000366210938,93.65166473388672,86.40666961669922,92.211669921875,92.211669921875,15763200,,,6.0,558.960022,561.909988,518.440018,553.27002
PANW,2022-05-05,92.00333404541016,92.42832946777344,86.23666381835938,88.27333068847656,88.27333068847656,10880400,,,6.0,552.020004,554.569977,517.419983,529.639984
PANW,2022-05-06,86.5183334350586,88.05000305175781,83.44000244140625,84.1449966430664,84.1449966430664,11784600,,,6.0,519.110001,528.300018,500.640015,504.86998
PANW,2022-05-09,82.0199966430664,82.0199966430664,75.76499938964844,76.58499908447266,76.58499908447266,18901200,,,6.0,492.11998,492.11998,454.589996,459.509995
PANW,2022-05-10,79.91166687011719,82.1449966430664,77.62666320800781,80.67333221435547,80.67333221435547,12334800,,,6.0,479.470001,492.86998,465.759979,484.039993
PANW,2022-05-11,78.81999969482422,83.30000305175781,76.37333679199219,77.77833557128906,77.77833557128906,12789000,,,6.0,472.919998,499.800018,458.240021,466.670013
PANW,2022-05-12,76.72000122070312,81.44499969482422,75.05166625976562,79.75166320800781,79.75166320800781,12362400,,,6.0,460.320007,488.669998,450.309998,478.509979
PANW,2022-05-13,81.5566635131836,83.26333618164062,80.8949966430664,81.83499908447266,81.83499908447266,9967200,,,6.0,489.339981,499.580017,485.36998,491.009995
PANW,2022-05-16,81.97000122070312,84.07833099365234,77.7300033569336,78.02999877929688,78.02999877929688,11160600,,,6.0,491.820007,504.469986,466.38002,468.179993
PANW,2022-05-17,80.42666625976562,81.07333374023438,76.56999969482422,78.87833404541016,78.87833404541016,9621000,,,6.0,482.559998,486.440002,459.419998,473.270004
PANW,2022-05-18,77.70166778564453,79.16666412353516,72.32167053222656,73.0999984741211,73.0999984741211,15742800,,,6.0,466.210007,474.999985,433.930023,438.599991
PANW,2022-05-19,71.23999786376953,74.07167053222656,70.25833129882812,72.72833251953125,72.72833251953125,24239400,,,6.0,427.439987,444.430023,421.549988,436.369995
PANW,2022-05-20,81.33999633789062,82.16166687011719,76.73999786376953,79.77999877929688,79.77999877929688,35400000,,,6.0,488.039978,492.970001,460.439987,478.679993
PANW,2022-05-23,80.61499786376953,84.15833282470703,80.35832977294922,83.37833404541016,83.37833404541016,17743200,,,6.0,483.689987,504.949997,482.149979,500.270004
PANW,2022-05-24,81.96333312988281,82.6066665649414,78.35166931152344,79.52333068847656,79.52333068847656,13402800,,,6.0,491.779999,495.639999,470.110016,477.139984
PANW,2022-05-25,79.06666564941406,85.7699966430664,79.06666564941406,84.25166320800781,84.25166320800781,13017600,,,6.0,474.399994,514.61998,474.399994,505.509979
PANW,2022-05-26,84.00833129882812,84.7750015258789,82.77333068847656,83.6816635131836,83.6816635131836,10666200,,,6.0,504.049988,508.650009,496.639984,502.089981
PANW,2022-05-27,85.28166961669922,86.16666412353516,83.83333587646484,84.46666717529297,84.46666717529297,7345800,,,6.0,511.690018,516.999985,503.000015,506.800003
PANW,2022-05-31,84.08333587646484,84.52833557128906,82.5566635131836,83.79666900634766,83.79666900634766,13962600,,,6.0,504.500015,507.170013,495.339981,502.780014
PANW,2022-06-01,84.53666687011719,87.125,83.26166534423828,83.62166595458984,83.62166595458984,8323200,,,6.0,507.220001,522.75,499.569992,501.729996
PANW,2022-06-02,83.13500213623047,86.93499755859375,83.0633316040039,86.22333526611328,86.22333526611328,7579800,,,6.0,498.810013,521.609985,498.37999,517.340012
PANW,2022-06-03,85.01333618164062,86.43000030517578,83.70999908447266,85.43000030517578,85.43000030517578,5687400,,,6.0,510.080017,518.580002,502.259995,512.580002
PANW,2022-06-06,86.05999755859375,86.5816650390625,84.32499694824219,85.66999816894531,85.66999816894531,3544800,,,6.0,516.359985,519.48999,505.949982,514.019989
PANW,2022-06-07,84.69166564941406,88.1500015258789,84.5,87.83333587646484,87.83333587646484,5808000,,,6.0,508.149994,528.900009,507.0,527.000015
PANW,2022-06-08,87.58499908447266,89.13666534423828,86.97833251953125,87.4800033569336,87.4800033569336,4851600,,,6.0,525.509995,534.819992,521.869995,524.88002
PANW,2022-06-09,86.79166412353516,88.07833099365234,85.67666625976562,86.0250015258789,86.0250015258789,5893200,,,6.0,520.749985,528.469986,514.059998,516.150009
PANW,2022-06-10,84.47166442871094,84.70333099365234,81.71666717529297,82.53666687011719,82.53666687011719,9120600,,,6.0,506.829987,508.219986,490.300003,495.220001
PANW,2022-06-13,79.07499694824219,80.961669921875,77.53666687011719,79.62166595458984,79.62166595458984,9600600,,,6.0,474.449982,485.77002,465.220001,477.729996
PANW,2022-06-14,80.29666900634766,81.55166625976562,79.33333587646484,80.27166748046875,80.27166748046875,6388200,,,6.0,481.780014,489.309998,476.000015,481.630005
PANW,2022-06-15,81.14833068847656,82.64666748046875,79.78166961669922,81.16999816894531,81.16999816894531,6232200,,,6.0,486.889984,495.880005,478.690018,487.019989
PANW,2022-06-16,78.90833282470703,79.9749984741211,76.625,77.71833038330078,77.71833038330078,8202600,,,6.0,473.449997,479.849991,459.75,466.309982
PANW,2022-06-17,78.0433349609375,80.44166564941406,77.95166778564453,79.22666931152344,79.22666931152344,8675400,,,6.0,468.26001,482.649994,467.710007,475.360016
PANW,2022-06-21,80.4366683959961,83.55833435058594,80.34333038330078,83.22666931152344,83.22666931152344,11858400,,,6.0,482.62001,501.350006,482.059982,499.360016
PANW,2022-06-22,82.24500274658203,84.93333435058594,82.07833099365234,82.38666534423828,82.38666534423828,7468800,,,6.0,493.470016,509.600006,492.469986,494.319992
PANW,2022-06-23,83.01499938964844,84.34500122070312,82.36333465576172,83.84500122070312,83.84500122070312,6506400,,,6.0,498.089996,506.070007,494.180008,503.070007
PANW,2022-06-24,84.913330078125,85.76499938964844,83.60166931152344,85.11833190917969,85.11833190917969,21630600,,,6.0,509.47998,514.589996,501.610016,510.709991
PANW,2022-06-27,85.70333099365234,85.76499938964844,83.09333038330078,83.64666748046875,83.64666748046875,8905800,,,6.0,514.219986,514.589996,498.559982,501.880005
PANW,2022-06-28,84.22000122070312,84.91666412353516,80.77666473388672,81.98500061035156,81.98500061035156,6414000,,,6.0,505.320007,509.499985,484.659988,491.910004
PANW,2022-06-29,82.0,82.5,80.4183349609375,81.96666717529297,81.96666717529297,4294800,,,6.0,492.0,495.0,482.51001,491.800003
PANW,2022-06-30,81.37000274658203,83.25833129882812,80.34666442871094,82.32333374023438,82.32333374023438,8684400,,,6.0,488.220016,499.549988,482.079987,493.940002
PANW,2022-07-01,82.5,85.07167053222656,82.07333374023438,84.70833587646484,84.70833587646484,7050000,,,6.0,495.0,510.430023,492.440002,508.250015
PANW,2022-07-05,84.0,87.0683364868164,83.41500091552734,86.8566665649414,86.8566665649414,8162400,,,6.0,504.0,522.410019,500.490005,521.139999
PANW,2022-07-06,87.59166717529297,87.61166381835938,85.28333282470703,85.82666778564453,85.82666778564453,8502600,,,6.0,525.550003,525.669983,511.699997,514.960007
PANW,2022-07-07,85.82666778564453,87.25666809082031,85.26000213623047,86.20833587646484,86.20833587646484,7768200,,,6.0,514.960007,523.540009,511.560013,517.250015
PANW,2022-07-08,85.32499694824219,87.5816650390625,84.36499786376953,87.37000274658203,87.37000274658203,4792200,,,6.0,511.949982,525.48999,506.189987,524.220016
PANW,2022-07-11,86.45500183105469,86.83000183105469,85.16666412353516,85.98500061035156,85.98500061035156,3874200,,,6.0,518.730011,520.980011,510.999985,515.910004
PANW,2022-07-12,86.74500274658203,87.78666687011719,81.49333190917969,82.09666442871094,82.09666442871094,8230800,,,6.0,520.470016,526.720001,488.959991,492.579987
PANW,2022-07-13,80.65333557128906,83.27999877929688,79.96499633789062,82.23500061035156,82.23500061035156,6465000,,,6.0,483.920013,499.679993,479.789978,493.410004
PANW,2022-07-14,81.6066665649414,81.96333312988281,79.66666412353516,81.66666412353516,81.66666412353516,9510600,,,6.0,489.639999,491.779999,477.999985,489.999985
PANW,2022-07-15,81.76499938964844,85.29666900634766,81.76499938964844,84.82666778564453,84.82666778564453,6556800,,,6.0,490.589996,511.780014,490.589996,508.960007
PANW,2022-07-18,85.95833587646484,86.52833557128906,84.14833068847656,84.3066635131836,84.3066635131836,4777200,,,6.0,515.750015,519.170013,504.889984,505.839981
PANW,2022-07-19,84.78166961669922,85.93333435058594,84.04499816894531,85.5999984741211,85.5999984741211,4017000,,,6.0,508.690018,515.600006,504.269989,513.599991
PANW,2022-07-20,85.1816635131836,85.44833374023438,82.83999633789062,84.03333282470703,84.03333282470703,9208800,,,6.0,511.089981,512.690002,497.039978,504.199997
PANW,2022-07-21,83.68333435058594,85.81999969482422,83.21499633789062,85.72333526611328,85.72333526611328,10272000,,,6.0,502.100006,514.919998,499.289978,514.340012
PANW,2022-07-22,86.51667022705078,87.33499908447266,84.55833435058594,85.19499969482422,85.19499969482422,4877400,,,6.0,519.100021,524.009995,507.350006,511.169998
PANW,2022-07-25,85.32666778564453,85.66666412353516,83.30166625976562,84.211669921875,84.211669921875,4275000,,,6.0,511.960007,513.999985,499.809998,505.27002
PANW,2022-07-26,83.6066665649414,83.76333618164062,77.20166778564453,77.53666687011719,77.53666687011719,14396400,,,6.0,501.639999,502.580017,463.210007,465.220001
PANW,2022-07-27,79.25333404541016,80.57167053222656,77.83999633789062,79.68000030517578,79.68000030517578,7429200,,,6.0,475.520004,483.430023,467.039978,478.080002
PANW,2022-07-28,79.68333435058594,82.39666748046875,78.55166625976562,82.03500366210938,82.03500366210938,7414800,,,6.0,478.100006,494.380005,471.309998,492.210022
PANW,2022-07-29,82.03500366210938,83.22000122070312,81.25333404541016,83.18333435058594,83.18333435058594,7094400,,,6.0,492.210022,499.320007,487.520004,499.100006
PANW,2022-08-01,83.2933349609375,85.29666900634766,82.54166412353516,84.61000061035156,84.61000061035156,7478400,,,6.0,499.76001,511.780014,495.249985,507.660004
PANW,2022-08-02,83.71666717529297,86.41166687011719,83.6683349609375,85.11499786376953,85.11499786376953,5961000,,,6.0,502.300003,518.470001,502.01001,510.689987
PANW,2022-08-03,86.38666534423828,88.38833618164062,85.84166717529297,88.17832946777344,88.17832946777344,6580800,,,6.0,518.319992,530.330017,515.050003,529.069977
PANW,2022-08-04,85.16999816894531,85.66666412353516,80.67832946777344,83.61666870117188,83.61666870117188,16838400,,,6.0,511.019989,513.999985,484.069977,501.700012
PANW,2022-08-05,83.0,83.66666412353516,81.43333435058594,83.5616683959961,83.5616683959961,10114200,,,6.0,498.0,501.999985,488.600006,501.37001
PANW,2022-08-08,83.99333190917969,85.96499633789062,83.33499908447266,83.51166534423828,83.51166534423828,6499800,,,6.0,503.959991,515.789978,500.009995,501.069992
PANW,2022-08-09,83.12333679199219,84.13999938964844,82.0,83.3949966430664,83.3949966430664,8475000,,,6.0,498.740021,504.839996,492.0,500.36998
PANW,2022-08-10,85.78666687011719,87.31666564941406,85.33333587646484,86.97333526611328,86.97333526611328,6775800,,,6.0,514.720001,523.899994,512.000015,521.840012
PANW,2022-08-11,88.33333587646484,89.51499938964844,85.40166473388672,86.08499908447266,86.08499908447266,7138200,,,6.0,530.000015,537.089996,512.409988,516.509995
PANW,2022-08-12,88.07499694824219,88.2699966430664,86.8499984741211,87.8133316040039,87.8133316040039,5018400,,,6.0,528.449982,529.61998,521.099991,526.87999
PANW,2022-08-15,86.74166870117188,88.22666931152344,86.74166870117188,87.961669921875,87.961669921875,5633400,,,6.0,520.450012,529.360016,520.450012,527.77002
PANW,2022-08-16,87.61499786376953,87.72666931152344,85.8550033569336,87.42500305175781,87.42500305175781,7317600,,,6.0,525.689987,526.360016,515.13002,524.550018
PANW,2022-08-17,86.26667022705078,86.53333282470703,84.47666931152344,85.75166320800781,85.75166320800781,6556200,,,6.0,517.600021,519.199997,506.860016,514.509979
PANW,2022-08-18,86.20333099365234,86.85832977294922,85.40499877929688,86.30833435058594,86.30833435058594,6173400,,,6.0,517.219986,521.149979,512.429993,517.850006
PANW,2022-08-19,85.50833129882812,86.50833129882812,84.6683349609375,85.58499908447266,85.58499908447266,6749400,,,6.0,513.049988,519.049988,508.01001,513.509995
PANW,2022-08-22,84.35333251953125,85.7300033569336,83.43499755859375,84.67500305175781,84.67500305175781,19210800,,,6.0,506.119995,514.38002,500.609985,508.050018
PANW,2022-08-23,93.25333404541016,95.43333435058594,92.0,94.9183349609375,94.9183349609375,36726000,,,6.0,559.520004,572.600006,552.0,569.51001
PANW,2022-08-24,95.08333587646484,95.33333587646484,93.83499908447266,94.13500213623047,94.13500213623047,9555000,,,6.0,570.500015,572.000015,563.009995,564.810013
PANW,2022-08-25,95.0,96.46499633789062,94.71333312988281,95.93000030517578,95.93000030517578,7827000,,,6.0,570.0,578.789978,568.279999,575.580002
PANW,2022-08-26,95.65333557128906,96.25,93.44667053222656,93.44833374023438,93.44833374023438,7468200,,,6.0,573.920013,577.5,560.680023,560.690002
PANW,2022-08-29,92.5,94.3933334350586,92.09833526611328,93.16500091552734,93.16500091552734,8106600,,,6.0,555.0,566.360001,552.590012,558.990005
PANW,2022-08-30,94.0250015258789,94.8133316040039,92.40333557128906,93.27999877929688,93.27999877929688,6917400,,,6.0,564.150009,568.87999,554.420013,559.679993
PANW,2022-08-31,94.49833679199219,95.5,92.27999877929688,92.80166625976562,92.80166625976562,7062600,,,6.0,566.990021,573.0,553.679993,556.809998
PANW,2022-09-01,91.40833282470703,92.17333221435547,89.0433349609375,90.85832977294922,90.85832977294922,8728200,,,6.0,548.449997,553.039993,534.26001,545.149979
PANW,2022-09-02,91.31666564941406,92.25499725341797,89.60832977294922,89.86666870117188,89.86666870117188,7095000,,,6.0,547.899994,553.529984,537.649979,539.200012
PANW,2022-09-06,88.99666595458984,89.30999755859375,86.38833618164062,88.42333221435547,88.42333221435547,8857200,,,6.0,533.979996,535.859985,518.330017,530.539993
PANW,2022-09-07,88.42333221435547,90.2316665649414,87.73666381835938,90.0,90.0,6759000,,,6.0,530.539993,541.389999,526.419983,540.0
PANW,2022-09-08,89.91000366210938,91.52999877929688,89.1683349609375,91.20833587646484,91.20833587646484,5984400,,,6.0,539.460022,549.179993,535.01001,547.250015
PANW,2022-09-09,92.66666412353516,94.70833587646484,92.18333435058594,94.12833404541016,94.12833404541016,7710000,,,6.0,555.999985,568.250015,553.100006,564.770004
PANW,2022-09-12,94.36000061035156,95.0,93.63500213623047,94.68000030517578,94.68000030517578,7888800,,,6.0,566.160004,570.0,561.810013,568.080002
PANW,2022-09-13,92.33000183105469,92.72000122070312,91.35333251953125,91.4800033569336,91.4800033569336,8773200,,,6.0,553.980011,556.320007,548.119995,548.88002
PANW,2022-09-14,91.875,91.9800033569336,89.41999816894531,91.02999877929688,91.02999877929688,11334000,,3:1,2.0,183.75,183.960007,178.839996,182.059998
PANW,2022-09-15,90.55500030517578,90.9800033569336,89.08000183105469,89.80999755859375,89.80999755859375,10413000,,,2.0,181.110001,181.960007,178.160004,179.619995
PANW,2022-09-16,88.375,88.62000274658203,85.7699966430664,87.04499816894531,87.04499816894531,14039000,,,2.0,176.75,177.240005,171.539993,174.089996
PANW,2022-09-19,85.59500122070312,87.87999725341797,85.5,87.67500305175781,87.67500305175781,7492200,,,2.0,171.190002,175.759995,171.0,175.350006
PANW,2022-09-20,87.44999694824219,88.3499984741211,86.84500122070312,87.51000213623047,87.51000213623047,7856400,,,2.0,174.899994,176.699997,173.690002,175.020004
PANW,2022-09-21,88.19999694824219,88.71499633789062,85.55500030517578,85.55999755859375,85.55999755859375,5977400,,,2.0,176.399994,177.429993,171.110001,171.119995
PANW,2022-09-22,84.7750015258789,85.87000274658203,82.66000366210938,83.08999633789062,83.08999633789062,7301400,,,2.0,169.550003,171.740005,165.320007,166.179993
PANW,2022-09-23,82.125,82.97000122070312,80.2699966430664,80.78500366210938,80.78500366210938,6931200,,,2.0,164.25,165.940002,160.539993,161.570007
PANW,2022-09-26,81.08000183105469,83.41000366210938,80.94499969482422,81.58499908447266,81.58499908447266,7687000,,,2.0,162.160004,166.820007,161.889999,163.169998
PANW,2022-09-27,82.81999969482422,83.37000274658203,81.33000183105469,81.83000183105469,81.83000183105469,5905600,,,2.0,165.639999,166.740005,162.660004,163.660004
PANW,2022-09-28,81.8550033569336,83.86000061035156,81.55000305175781,83.4000015258789,83.4000015258789,6713600,,,2.0,163.710007,167.720001,163.100006,166.800003
PANW,2022-09-29,82.44999694824219,83.38999938964844,80.81999969482422,82.79000091552734,82.79000091552734,5833600,,,2.0,164.899994,166.779999,161.639999,165.580002
PANW,2022-09-30,82.34500122070312,83.93499755859375,81.86000061035156,81.8949966430664,81.8949966430664,6311600,,,2.0,164.690002,167.869995,163.720001,163.789993
PANW,2022-10-03,83.0,85.4800033569336,82.77999877929688,84.84500122070312,84.84500122070312,7546000,,,2.0,166.0,170.960007,165.559998,169.690002
PANW,2022-10-04,86.72000122070312,87.7249984741211,86.25,86.91999816894531,86.91999816894531,6715800,,,2.0,173.440002,175.449997,172.5,173.839996
PANW,2022-10-05,85.3949966430664,88.28500366210938,85.25,87.82499694824219,87.82499694824219,4425000,,,2.0,170.789993,176.570007,170.5,175.649994
PANW,2022-10-06,87.6500015258789,89.5,87.2249984741211,87.375,87.375,4766400,,,2.0,175.300003,179.0,174.449997,174.75
PANW,2022-10-07,86.06999969482422,86.88999938964844,84.67500305175781,84.95500183105469,84.95500183105469,5667200,,,2.0,172.139999,173.779999,169.350006,169.910004
PANW,2022-10-10,84.75499725341797,85.23999786376953,80.80500030517578,81.56999969482422,81.56999969482422,6785000,,,2.0,169.509995,170.479996,161.610001,163.139999
PANW,2022-10-11,80.625,80.80500030517578,77.83499908447266,78.68499755859375,78.68499755859375,9507000,,,2.0,161.25,161.610001,155.669998,157.369995
PANW,2022-10-12,78.0,78.9000015258789,76.58499908447266,77.65499877929688,77.65499877929688,6581600,,,2.0,156.0,157.800003,153.169998,155.309998
PANW,2022-10-13,75.4749984741211,79.66500091552734,74.00499725341797,78.94499969482422,78.94499969482422,10201600,,,2.0,150.949997,159.330002,148.009995,157.889999
PANW,2022-10-14,79.54000091552734,80.00499725341797,77.20500183105469,77.41500091552734,77.41500091552734,6049400,,,2.0,159.080002,160.009995,154.410004,154.830002
PANW,2022-10-17,79.42500305175781,80.47000122070312,79.12000274658203,79.2699966430664,79.2699966430664,5601000,,,2.0,158.850006,160.940002,158.240005,158.539993
PANW,2022-10-18,81.63999938964844,83.3949966430664,80.83999633789062,81.68499755859375,81.68499755859375,6337000,,,2.0,163.279999,166.789993,161.679993,163.369995
PANW,2022-10-19,80.56500244140625,81.95999908447266,79.67500305175781,80.05500030517578,80.05500030517578,4498000,,,2.0,161.130005,163.919998,159.350006,160.110001
PANW,2022-10-20,79.75,81.11499786376953,78.68000030517578,79.28500366210938,79.28500366210938,6665800,,,2.0,159.5,162.229996,157.360001,158.570007
PANW,2022-10-21,79.08999633789062,81.33499908447266,78.1449966430664,81.01499938964844,81.01499938964844,14792600,,,2.0,158.179993,162.669998,156.289993,162.029999
PANW,2022-10-24,80.70500183105469,81.27999877929688,78.70999908447266,80.66999816894531,80.66999816894531,8491000,,,2.0,161.410004,162.559998,157.419998,161.339996
PANW,2022-10-25,81.43000030517578,83.54000091552734,81.0250015258789,83.09500122070312,83.09500122070312,8484400,,,2.0,162.860001,167.080002,162.050003,166.190002
PANW,2022-10-26,82.0,84.79000091552734,81.5,83.36499786376953,83.36499786376953,4923000,,,2.0,164.0,169.580002,163.0,166.729996
PANW,2022-10-27,84.81500244140625,85.24500274658203,82.90499877929688,84.06999969482422,84.06999969482422,5020800,,,2.0,169.630005,170.490005,165.809998,168.139999
PANW,2022-10-28,83.94999694824219,85.73999786376953,83.12000274658203,85.54000091552734,85.54000091552734,3775800,,,2.0,167.899994,171.479996,166.240005,171.080002
PANW,2022-10-31,85.13999938964844,86.5,84.75,85.79499816894531,85.79499816894531,6034800,,,2.0,170.279999,173.0,169.5,171.589996
PANW,2022-11-01,86.97000122070312,88.05000305175781,84.79000091552734,85.38500213623047,85.38500213623047,4342000,,,2.0,173.940002,176.100006,169.580002,170.770004
PANW,2022-11-02,85.77999877929688,85.77999877929688,80.70500183105469,80.88999938964844,80.88999938964844,9373200,,,2.0,171.559998,171.559998,161.410004,161.779999
PANW,2022-11-03,77.13999938964844,77.34500122070312,73.11000061035156,74.8499984741211,74.8499984741211,22368200,,,2.0,154.279999,154.690002,146.220001,149.699997
PANW,2022-11-04,75.42500305175781,75.88999938964844,70.03500366210938,71.1050033569336,71.1050033569336,20263200,,,2.0,150.850006,151.779999,140.070007,142.210007
PANW,2022-11-07,71.42500305175781,72.66500091552734,70.26000213623047,72.2249984741211,72.2249984741211,10879600,,,2.0,142.850006,145.330002,140.520004,144.449997
PANW,2022-11-08,74.62000274658203,77.68499755859375,73.55999755859375,77.08499908447266,77.08499908447266,11929800,,,2.0,149.240005,155.369995,147.119995,154.169998
PANW,2022-11-09,76.66000366210938,77.1449966430664,75.57499694824219,75.78500366210938,75.78500366210938,7058000,,,2.0,153.320007,154.289993,151.149994,151.570007
PANW,2022-11-10,82.49500274658203,83.40499877929688,79.1050033569336,81.7300033569336,81.7300033569336,11988200,,,2.0,164.990005,166.809998,158.210007,163.460007
PANW,2022-11-11,82.01499938964844,84.05999755859375,81.44999694824219,82.66000366210938,82.66000366210938,8047600,,,2.0,164.029999,168.119995,162.899994,165.320007
PANW,2022-11-14,82.83999633789062,82.8949966430664,80.75499725341797,80.86499786376953,80.86499786376953,7207000,,,2.0,165.679993,165.789993,161.509995,161.729996
PANW,2022-11-15,83.19999694824219,83.5250015258789,80.91000366210938,81.19000244140625,81.19000244140625,9948000,,,2.0,166.399994,167.050003,161.820007,162.380005
PANW,2022-11-16,80.0,80.30000305175781,77.93499755859375,79.54499816894531,79.54499816894531,11889200,,,2.0,160.0,160.600006,155.869995,159.089996
PANW,2022-11-17,78.0,78.75499725341797,75.74500274658203,78.27999877929688,78.27999877929688,16640600,,,2.0,156.0,157.509995,151.490005,156.559998
PANW,2022-11-18,85.63999938964844,86.5,83.03500366210938,83.73999786376953,83.73999786376953,26790000,,,2.0,171.279999,173.0,166.070007,167.479996
PANW,2022-11-21,83.25499725341797,86.78500366210938,82.53500366210938,85.30999755859375,85.30999755859375,13460600,,,2.0,166.509995,173.570007,165.070007,170.619995
PANW,2022-11-22,85.69499969482422,86.03500366210938,84.625,85.83499908447266,85.83499908447266,7098400,,,2.0,171.389999,172.070007,169.25,171.669998
PANW,2022-11-23,86.0,87.81500244140625,85.04499816894531,86.55000305175781,86.55000305175781,5843400,,,2.0,172.0,175.630005,170.089996,173.100006
PANW,2022-11-25,86.55000305175781,87.01000213623047,85.95500183105469,86.38500213623047,86.38500213623047,2135800,,,2.0,173.100006,174.020004,171.910004,172.770004
PANW,2022-11-28,86.0199966430664,86.94499969482422,84.91500091552734,85.69499969482422,85.69499969482422,4284800,,,2.0,172.039993,173.889999,169.830002,171.389999
PANW,2022-11-29,86.0,86.2249984741211,84.55500030517578,85.25499725341797,85.25499725341797,4865600,,,2.0,172.0,172.449997,169.110001,170.509995
PANW,2022-11-30,82.73500061035156,85.13999938964844,81.875,84.94999694824219,84.94999694824219,16162800,,,2.0,165.470001,170.279999,163.75,169.899994
PANW,2022-12-01,85.57499694824219,89.48500061035156,84.66999816894531,89.19999694824219,89.19999694824219,10660800,,,2.0,171.149994,178.970001,169.339996,178.399994
PANW,2022-12-02,87.53500366210938,88.31999969482422,85.93499755859375,86.34500122070312,86.34500122070312,6544000,,,2.0,175.070007,176.639999,171.869995,172.690002
PANW,2022-12-05,86.1500015258789,86.61499786376953,84.2300033569336,84.99500274658203,84.99500274658203,7042600,,,2.0,172.300003,173.229996,168.460007,169.990005
PANW,2022-12-06,85.1050033569336,85.79000091552734,82.95500183105469,83.34500122070312,83.34500122070312,5353000,,,2.0,170.210007,171.580002,165.910004,166.690002
PANW,2022-12-07,83.80000305175781,84.375,81.9800033569336,82.34500122070312,82.34500122070312,4770200,,,2.0,167.600006,168.75,163.960007,164.690002
PANW,2022-12-08,82.43000030517578,82.52999877929688,79.33499908447266,80.38999938964844,80.38999938964844,8876000,,,2.0,164.860001,165.059998,158.669998,160.779999
PANW,2022-12-09,80.125,80.7249984741211,79.40499877929688,79.44999694824219,79.44999694824219,4984200,,,2.0,160.25,161.449997,158.809998,158.899994
PANW,2022-12-12,79.67500305175781,80.91500091552734,78.93499755859375,80.88999938964844,80.88999938964844,6122000,,,2.0,159.350006,161.830002,157.869995,161.779999
PANW,2022-12-13,84.11000061035156,84.49500274658203,79.88500213623047,80.375,80.375,7140200,,,2.0,168.220001,168.990005,159.770004,160.75
PANW,2022-12-14,80.32499694824219,81.34500122070312,79.25,80.11499786376953,80.11499786376953,3772400,,,2.0,160.649994,162.690002,158.5,160.229996
PANW,2022-12-15,79.0,79.56500244140625,75.66000366210938,76.29499816894531,76.29499816894531,9538400,,,2.0,158.0,159.130005,151.320007,152.589996
PANW,2022-12-16,75.79499816894531,76.44999694824219,75.18000030517578,75.5,75.5,9283600,,,2.0,151.589996,152.899994,150.360001,151.0
PANW,2022-12-19,75.94499969482422,76.04499816894531,74.13999938964844,75.26000213623047,75.26000213623047,6276000,,,2.0,151.889999,152.089996,148.279999,150.520004
PANW,2022-12-20,74.32499694824219,75.3499984741211,73.87000274658203,74.63999938964844,74.63999938964844,7659400,,,2.0,148.649994,150.699997,147.740005,149.279999
PANW,2022-12-21,74.16500091552734,74.2750015258789,71.41500091552734,73.70999908447266,73.70999908447266,8391000,,,2.0,148.330002,148.550003,142.830002,147.419998
PANW,2022-12-22,72.70500183105469,72.73999786376953,70.76499938964844,71.57499694824219,71.57499694824219,8721600,,,2.0,145.410004,145.479996,141.529999,143.149994
PANW,2022-12-23,71.55999755859375,71.66000366210938,70.2699966430664,70.63500213623047,70.63500213623047,5933200,,,2.0,143.119995,143.320007,140.539993,141.270004
PANW,2022-12-27,70.26499938964844,70.66999816894531,69.50499725341797,69.6050033569336,69.6050033569336,5988400,,,2.0,140.529999,141.339996,139.009995,139.210007
PANW,2022-12-28,69.58999633789062,69.81500244140625,68.37000274658203,68.66500091552734,68.66500091552734,6552000,,,2.0,139.179993,139.630005,136.740005,137.330002
PANW,2022-12-29,69.20500183105469,70.79499816894531,69.05000305175781,70.0999984741211,70.0999984741211,7270400,,,2.0,138.410004,141.589996,138.100006,140.199997
PANW,2022-12-30,69.25,69.8949966430664,68.6449966430664,69.7699966430664,69.7699966430664,6723000,,,2.0,138.5,139.789993,137.289993,139.539993
PANW,2023-01-03,70.66000366210938,71.7249984741211,68.75499725341797,69.2249984741211,69.2249984741211,7818200,,,2.0,141.320007,143.449997,137.509995,138.449997
PANW,2023-01-04,69.83999633789062,70.62000274658203,68.51499938964844,69.2699966430664,69.2699966430664,8549600,,,2.0,139.679993,141.240005,137.029999,138.539993
PANW,2023-01-05,68.80999755859375,68.83999633789062,66.3499984741211,67.55500030517578,67.55500030517578,11473400,,,2.0,137.619995,137.679993,132.699997,135.110001
PANW,2023-01-06,68.00499725341797,68.48999786376953,66.76000213623047,67.42500305175781,67.42500305175781,7414200,,,2.0,136.009995,136.979996,133.520004,134.850006
PANW,2023-01-09,68.5,69.84500122070312,67.34500122070312,67.54000091552734,67.54000091552734,8801600,,,2.0,137.0,139.690002,134.690002,135.080002
PANW,2023-01-10,67.29499816894531,68.25,66.45999908447266,67.09500122070312,67.09500122070312,9716400,,,2.0,134.589996,136.5,132.919998,134.190002
PANW,2023-01-11,67.7750015258789,68.625,67.0,68.3550033569336,68.3550033569336,6454600,,,2.0,135.550003,137.25,134.0,136.710007
PANW,2023-01-12,67.86499786376953,68.58000183105469,66.11000061035156,68.30000305175781,68.30000305175781,7644600,,,2.0,135.729996,137.160004,132.220001,136.600006
PANW,2023-01-13,67.2699966430664,69.58999633789062,67.2699966430664,69.43000030517578,69.43000030517578,8742600,,,2.0,134.539993,139.179993,134.539993,138.860001
PANW,2023-01-17,68.6050033569336,71.33499908447266,68.55500030517578,71.0,71.0,10438200,,,2.0,137.210007,142.669998,137.110001,142.0
PANW,2023-01-18,71.87999725341797,72.6449966430664,70.58999633789062,70.83999633789062,70.83999633789062,8877000,,,2.0,143.759995,145.289993,141.179993,141.679993
PANW,2023-01-19,70.40499877929688,71.45999908447266,70.08000183105469,70.3550033569336,70.3550033569336,5265000,,,2.0,140.809998,142.919998,140.160004,140.710007
PANW,2023-01-20,71.43499755859375,73.24500274658203,71.30500030517578,73.05000305175781,73.05000305175781,14043000,,,2.0,142.869995,146.490005,142.610001,146.100006
PANW,2023-01-23,73.16500091552734,75.0999984741211,73.06500244140625,74.66999816894531,74.66999816894531,8998800,,,2.0,146.330002,150.199997,146.130005,149.339996
PANW,2023-01-24,75.40499877929688,76.08000183105469,74.69499969482422,75.56999969482422,75.56999969482422,10361000,,,2.0,150.809998,152.160004,149.389999,151.139999
PANW,2023-01-25,74.0,76.09500122070312,73.4749984741211,75.88999938964844,75.88999938964844,12983000,,,2.0,148.0,152.190002,146.949997,151.779999
PANW,2023-01-26,77.38999938964844,79.98999786376953,76.83999633789062,79.55500030517578,79.55500030517578,13565000,,,2.0,154.779999,159.979996,153.679993,159.110001
PANW,2023-01-27,79.0,80.61499786376953,78.80000305175781,79.88999938964844,79.88999938964844,8343400,,,2.0,158.0,161.229996,157.600006,159.779999
PANW,2023-01-30,79.13500213623047,79.57499694824219,78.59500122070312,78.81500244140625,78.81500244140625,6137600,,,2.0,158.270004,159.149994,157.190002,157.630005
PANW,2023-01-31,79.20500183105469,79.7750015258789,78.7300033569336,79.31999969482422,79.31999969482422,4096000,,,2.0,158.410004,159.550003,157.460007,158.639999
PANW,2023-02-01,78.67500305175781,80.6449966430664,77.11000061035156,79.86000061035156,79.86000061035156,10685000,,,2.0,157.350006,161.289993,154.220001,159.720001
PANW,2023-02-02,82.5199966430664,82.83000183105469,80.6500015258789,81.2750015258789,81.2750015258789,12139600,,,2.0,165.039993,165.660004,161.300003,162.550003
PANW,2023-02-03,79.40499877929688,81.19499969482422,79.12000274658203,79.86000061035156,79.86000061035156,4942000,,,2.0,158.809998,162.389999,158.240005,159.720001
PANW,2023-02-06,79.5,80.2699966430664,77.9749984741211,78.11499786376953,78.11499786376953,6031000,,,2.0,159.0,160.539993,155.949997,156.229996
PANW,2023-02-07,77.9749984741211,80.1050033569336,77.05500030517578,79.8499984741211,79.8499984741211,7240600,,,2.0,155.949997,160.210007,154.110001,159.699997
PANW,2023-02-08,83.08499908447266,84.33000183105469,82.375,83.06999969482422,83.06999969482422,11411400,,,2.0,166.169998,168.660004,164.75,166.139999
PANW,2023-02-09,84.0,84.5,82.75499725341797,83.06500244140625,83.06500244140625,6048600,,,2.0,168.0,169.0,165.509995,166.130005
PANW,2023-02-10,82.84500122070312,83.4000015258789,81.40499877929688,82.625,82.625,4380800,,,2.0,165.690002,166.800003,162.809998,165.25
PANW,2023-02-13,83.16000366210938,83.70500183105469,82.20500183105469,83.15499877929688,83.15499877929688,4192200,,,2.0,166.320007,167.410004,164.410004,166.309998
PANW,2023-02-14,83.94000244140625,85.73999786376953,83.1449966430664,85.06999969482422,85.06999969482422,6274400,,,2.0,167.880005,171.479996,166.289993,170.139999
PANW,2023-02-15,86.01499938964844,88.80000305175781,85.5999984741211,88.62999725341797,88.62999725341797,11375400,,,2.0,172.029999,177.600006,171.199997,177.259995
PANW,2023-02-16,87.36000061035156,87.96499633789062,85.97000122070312,86.01000213623047,86.01000213623047,7781600,,,2.0,174.720001,175.929993,171.940002,172.020004
PANW,2023-02-17,85.19999694824219,85.4000015258789,83.90499877929688,84.63999938964844,84.63999938964844,7119000,,,2.0,170.399994,170.800003,167.809998,169.279999
PANW,2023-02-21,84.25,84.5999984741211,82.68000030517578,83.44499969482422,83.44499969482422,18251600,,,2.0,168.5,169.199997,165.360001,166.889999
PANW,2023-02-22,91.19000244140625,94.3949966430664,91.1500015258789,93.875,93.875,42277200,,,2.0,182.380005,188.789993,182.300003,187.75
PANW,2023-02-23,93.80000305175781,94.49500274658203,91.29499816894531,94.37000274658203,94.37000274658203,24641000,,,2.0,187.600006,188.990005,182.589996,188.740005
PANW,2023-02-24,92.5,93.86000061035156,92.20999908447266,93.31500244140625,93.31500244140625,12462600,,,2.0,185.0,187.720001,184.419998,186.630005
PANW,2023-02-27,93.94499969482422,96.23500061035156,93.88999938964844,94.25499725341797,94.25499725341797,8944200,,,2.0,187.889999,192.470001,187.779999,188.509995
PANW,2023-02-28,94.25499725341797,95.91500091552734,94.02999877929688,94.18499755859375,94.18499755859375,8014800,,,2.0,188.509995,191.830002,188.059998,188.369995
PANW,2023-03-01,93.44000244140625,94.0999984741211,92.8550033569336,93.47000122070312,93.47000122070312,6405800,,,2.0,186.880005,188.199997,185.710007,186.940002
PANW,2023-03-02,93.25,95.51499938964844,92.75,94.92500305175781,94.92500305175781,7421000,,,2.0,186.5,191.029999,185.5,189.850006
PANW,2023-03-03,95.07499694824219,96.41999816894531,94.33999633789062,95.79499816894531,95.79499816894531,9048600,,,2.0,190.149994,192.839996,188.679993,191.589996
PANW,2023-03-06,93.86000061035156,95.19999694824219,93.42500305175781,93.95500183105469,93.95500183105469,8283800,,,2.0,187.720001,190.399994,186.850006,187.910004
PANW,2023-03-07,93.88999938964844,94.73500061035156,93.3499984741211,93.5999984741211,93.5999984741211,6111200,,,2.0,187.779999,189.470001,186.699997,187.199997
PANW,2023-03-08,94.0250015258789,94.57499694824219,93.08000183105469,94.19000244140625,94.19000244140625,10051200,,,2.0,188.050003,189.149994,186.160004,188.380005
PANW,2023-03-09,94.19000244140625,94.71499633789062,92.12000274658203,92.20999908447266,92.20999908447266,5269200,,,2.0,188.380005,189.429993,184.240005,184.419998
PANW,2023-03-10,92.40499877929688,93.5,91.25,92.8550033569336,92.8550033569336,10197600,,,2.0,184.809998,187.0,182.5,185.710007
PANW,2023-03-13,92.06999969482422,94.24500274658203,91.33999633789062,92.94999694824219,92.94999694824219,11268600,,,2.0,184.139999,188.490005,182.679993,185.899994
PANW,2023-03-14,93.36499786376953,94.11000061035156,91.43000030517578,92.23999786376953,92.23999786376953,9863200,,,2.0,186.729996,188.220001,182.860001,184.479996
PANW,2023-03-15,91.08000183105469,92.18499755859375,90.81500244140625,91.9000015258789,91.9000015258789,5896200,,,2.0,182.160004,184.369995,181.630005,183.800003
PANW,2023-03-16,92.25,95.0,91.33499908447266,94.88500213623047,94.88500213623047,8575000,,,2.0,184.5,190.0,182.669998,189.770004
PANW,2023-03-17,94.83499908447266,95.7300033569336,93.78500366210938,94.55999755859375,94.55999755859375,7549800,,,2.0,189.669998,191.460007,187.570007,189.119995
PANW,2023-03-20,93.99500274658203,95.0999984741211,93.44000244140625,94.71499633789062,94.71499633789062,6277800,,,2.0,187.990005,190.199997,186.880005,189.429993
PANW,2023-03-21,95.6500015258789,97.45999908447266,95.25,97.24500274658203,97.24500274658203,9501200,,,2.0,191.300003,194.919998,190.5,194.490005
PANW,2023-03-22,97.0999984741211,97.90499877929688,95.375,95.44499969482422,95.44499969482422,7095000,,,2.0,194.199997,195.809998,190.75,190.889999
PANW,2023-03-23,96.69999694824219,98.05999755859375,96.33000183105469,96.94499969482422,96.94499969482422,7382400,,,2.0,193.399994,196.119995,192.660004,193.889999
PANW,2023-03-24,96.44499969482422,96.79000091552734,95.44499969482422,95.7750015258789,95.7750015258789,4691400,,,2.0,192.889999,193.580002,190.889999,191.550003
PANW,2023-03-27,96.0,97.29000091552734,95.82499694824219,96.26499938964844,96.26499938964844,4977200,,,2.0,192.0,194.580002,191.649994,192.529999
PANW,2023-03-28,95.91500091552734,96.65499877929688,94.91999816894531,95.37999725341797,95.37999725341797,4715200,,,2.0,191.830002,193.309998,189.839996,190.759995
PANW,2023-03-29,96.36499786376953,96.44999694824219,95.17500305175781,96.09500122070312,96.09500122070312,4978000,,,2.0,192.729996,192.899994,190.350006,192.190002
PANW,2023-03-30,96.95500183105469,97.55500030517578,96.01499938964844,96.78500366210938,96.78500366210938,4183800,,,2.0,193.910004,195.110001,192.029999,193.570007
PANW,2023-03-31,97.25,100.1500015258789,97.0199966430664,99.87000274658203,99.87000274658203,8381800,,,2.0,194.5,200.300003,194.039993,199.740005
PANW,2023-04-03,99.00499725341797,99.45500183105469,97.79499816894531,98.16500091552734,98.16500091552734,5345000,,,2.0,198.009995,198.910004,195.589996,196.330002
PANW,2023-04-04,98.6449966430664,99.24500274658203,97.93000030517578,98.27999877929688,98.27999877929688,3636600,,,2.0,197.289993,198.490005,195.860001,196.559998
PANW,2023-04-05,98.37999725341797,98.4000015258789,95.95500183105469,97.08999633789062,97.08999633789062,5424400,,,2.0,196.759995,196.800003,191.910004,194.179993
PANW,2023-04-06,95.9000015258789,96.15499877929688,94.36000061035156,95.96499633789062,95.96499633789062,5870000,,,2.0,191.800003,192.309998,188.720001,191.929993
PANW,2023-04-10,95.05000305175781,96.8550033569336,94.41500091552734,96.30999755859375,96.30999755859375,4551800,,,2.0,190.100006,193.710007,188.830002,192.619995
PANW,2023-04-11,95.36000061035156,96.8499984741211,95.12999725341797,96.40499877929688,96.40499877929688,3455800,,,2.0,190.720001,193.699997,190.259995,192.809998
PANW,2023-04-12,97.5250015258789,98.40499877929688,96.71499633789062,97.63999938964844,97.63999938964844,5093200,,,2.0,195.050003,196.809998,193.429993,195.279999
PANW,2023-04-13,98.24500274658203,99.33000183105469,98.04499816894531,98.93499755859375,98.93499755859375,4230000,,,2.0,196.490005,198.660004,196.089996,197.869995
PANW,2023-04-14,96.92500305175781,99.93499755859375,96.30000305175781,99.72000122070312,99.72000122070312,7554400,,,2.0,193.850006,199.869995,192.600006,199.440002
PANW,2023-04-17,99.99500274658203,101.4800033569336,99.42500305175781,100.58000183105469,100.58000183105469,4846600,,,2.0,199.990005,202.960007,198.850006,201.160004
PANW,2023-04-18,101.58499908447266,101.72000122070312,99.93000030517578,100.0,100.0,3024200,,,2.0,203.169998,203.440002,199.860001,200.0
PANW,2023-04-19,98.9749984741211,99.84500122070312,97.48500061035156,97.66000366210938,97.66000366210938,4973400,,,2.0,197.949997,199.690002,194.970001,195.320007
PANW,2023-04-20,96.56500244140625,96.94999694824219,95.5999984741211,96.13500213623047,96.13500213623047,6157600,,,2.0,193.130005,193.899994,191.199997,192.270004
PANW,2023-04-21,96.13500213623047,97.20999908447266,95.58499908447266,96.625,96.625,4014200,,,2.0,192.270004,194.419998,191.169998,193.25
PANW,2023-04-24,96.5199966430664,97.37000274658203,95.20500183105469,95.9749984741211,95.9749984741211,3713200,,,2.0,193.039993,194.740005,190.410004,191.949997
PANW,2023-04-25,94.08999633789062,94.30500030517578,91.09500122070312,91.28500366210938,91.28500366210938,7739000,,,2.0,188.179993,188.610001,182.190002,182.570007
PANW,2023-04-26,92.33499908447266,92.74500274658203,91.36499786376953,91.8949966430664,91.8949966430664,5266000,,,2.0,184.669998,185.490005,182.729996,183.789993
PANW,2023-04-27,92.63999938964844,93.06500244140625,91.72000122070312,92.55999755859375,92.55999755859375,5148800,,,2.0,185.279999,186.130005,183.440002,185.119995
PANW,2023-04-28,91.94999694824219,91.99500274658203,90.50499725341797,91.2300033569336,91.2300033569336,7973400,,,2.0,183.899994,183.990005,181.009995,182.460007
PANW,2023-05-01,90.33000183105469,92.62000274658203,89.8550033569336,91.6500015258789,91.6500015258789,7939600,,,2.0,180.660004,185.240005,179.710007,183.300003
PANW,2023-05-02,90.68499755859375,91.55999755859375,88.1500015258789,88.44499969482422,88.44499969482422,13560200,,,2.0,181.369995,183.119995,176.300003,176.889999
PANW,2023-05-03,88.50499725341797,90.2699966430664,88.17500305175781,88.83000183105469,88.83000183105469,6834200,,,2.0,177.009995,180.539993,176.350006,177.660004
PANW,2023-05-04,89.31500244140625,90.3499984741211,88.54499816894531,89.50499725341797,89.50499725341797,5820600,,,2.0,178.630005,180.699997,177.089996,179.009995
PANW,2023-05-05,89.62000274658203,92.36499786376953,89.56999969482422,91.96499633789062,91.96499633789062,6384600,,,2.0,179.240005,184.729996,179.139999,183.929993
PANW,2023-05-08,94.0,96.0999984741211,93.96499633789062,95.76000213623047,95.76000213623047,7708600,,,2.0,188.0,192.199997,187.929993,191.520004
PANW,2023-05-09,96.31999969482422,98.52999877929688,96.19499969482422,97.91999816894531,97.91999816894531,7727600,,,2.0,192.639999,197.059998,192.389999,195.839996
PANW,2023-05-10,98.56500244140625,100.76000213623047,98.5,99.69999694824219,99.69999694824219,5334000,,,2.0,197.130005,201.520004,197.0,199.399994
PANW,2023-05-11,100.2750015258789,100.41999816894531,98.28500366210938,98.58999633789062,98.58999633789062,6025800,,,2.0,200.550003,200.839996,196.570007,197.179993
PANW,2023-05-12,99.32499694824219,99.68499755859375,98.41000366210938,99.6500015258789,99.6500015258789,6025800,,,2.0,198.649994,199.369995,196.820007,199.300003
PANW,2023-05-15,99.1500015258789,99.2750015258789,95.33499908447266,96.5,96.5,13136000,,,2.0,198.300003,198.550003,190.669998,193.0
PANW,2023-05-16,95.13999938964844,96.4000015258789,94.43000030517578,95.71499633789062,95.71499633789062,9730600,,,2.0,190.279999,192.800003,188.860001,191.429993
PANW,2023-05-17,96.15499877929688,96.55999755859375,95.05000305175781,95.76000213623047,95.76000213623047,6851400,,,2.0,192.309998,193.119995,190.100006,191.520004
PANW,2023-05-18,95.5,95.74500274658203,93.375,94.86000061035156,94.86000061035156,10488400,,,2.0,191.0,191.490005,186.75,189.720001
PANW,2023-05-19,95.43499755859375,96.19000244140625,94.16000366210938,94.33000183105469,94.33000183105469,8459400,,,2.0,190.869995,192.380005,188.320007,188.660004
PANW,2023-05-22,94.73500061035156,96.48500061035156,94.1500015258789,96.05500030517578,96.05500030517578,11821000,,,2.0,189.470001,192.970001,188.300003,192.110001
PANW,2023-05-23,95.77999877929688,96.5999984741211,94.41500091552734,94.87000274658203,94.87000274658203,19297800,,,2.0,191.559998,193.199997,188.830002,189.740005
PANW,2023-05-24,98.11499786376953,103.69000244140625,97.04000091552734,102.15499877929688,102.15499877929688,34073000,,,2.0,196.229996,207.380005,194.080002,204.309998
PANW,2023-05-25,103.13500213623047,104.43499755859375,101.30000305175781,103.98999786376953,103.98999786376953,12287400,,,2.0,206.270004,208.869995,202.600006,207.979996
PANW,2023-05-26,104.18499755859375,108.5250015258789,104.09500122070312,105.8499984741211,105.8499984741211,12810800,,,2.0,208.369995,217.050003,208.190002,211.699997
PANW,2023-05-30,108.0,109.75,105.70999908447266,106.23999786376953,106.23999786376953,11170000,,,2.0,216.0,219.5,211.419998,212.479996
PANW,2023-05-31,106.125,108.12999725341797,105.81500244140625,106.69499969482422,106.69499969482422,11179200,,,2.0,212.25,216.259995,211.630005,213.389999
PANW,2023-06-01,105.5,109.13999938964844,105.05999755859375,108.3949966430664,108.3949966430664,8843200,,,2.0,211.0,218.279999,210.119995,216.789993
PANW,2023-06-02,108.52999877929688,109.96499633789062,107.5250015258789,108.62000274658203,108.62000274658203,9487200,,,2.0,217.059998,219.929993,215.050003,217.240005
PANW,2023-06-05,113.23500061035156,115.08999633789062,111.54499816894531,113.3949966430664,113.3949966430664,27545000,,,2.0,226.470001,230.179993,223.089996,226.789993
PANW,2023-06-06,112.67500305175781,113.43000030517578,111.91500091552734,112.36000061035156,112.36000061035156,10803600,,,2.0,225.350006,226.860001,223.830002,224.720001
PANW,2023-06-07,112.87000274658203,112.95500183105469,108.08499908447266,108.125,108.125,14351000,,,2.0,225.740005,225.910004,216.169998,216.25
PANW,2023-06-08,108.30999755859375,111.5199966430664,108.125,111.41000366210938,111.41000366210938,10063200,,,2.0,216.619995,223.039993,216.25,222.820007
PANW,2023-06-09,111.41000366210938,112.38999938964844,109.65499877929688,110.05000305175781,110.05000305175781,9939800,,,2.0,222.820007,224.779999,219.309998,220.100006
PANW,2023-06-12,110.45500183105469,114.6449966430664,110.2750015258789,114.56999969482422,114.56999969482422,10848400,,,2.0,220.910004,229.289993,220.550003,229.139999
PANW,2023-06-13,115.75,117.25,114.5999984741211,116.81500244140625,116.81500244140625,11915800,,,2.0,231.5,234.5,229.199997,233.630005
PANW,2023-06-14,116.33000183105469,119.81500244140625,116.33000183105469,119.27999877929688,119.27999877929688,11317000,,,2.0,232.660004,239.630005,232.660004,238.559998
PANW,2023-06-15,118.1050033569336,122.43000030517578,118.1050033569336,121.9000015258789,121.9000015258789,12965200,,,2.0,236.210007,244.860001,236.210007,243.800003
PANW,2023-06-16,123.70500183105469,123.8499984741211,121.03500366210938,123.26499938964844,123.26499938964844,109647000,,,2.0,247.410004,247.699997,242.070007,246.529999
PANW,2023-06-20,122.1050033569336,122.5250015258789,119.08499908447266,120.80000305175781,120.80000305175781,15820600,,,2.0,244.210007,245.050003,238.169998,241.600006
PANW,2023-06-21,120.61000061035156,121.21499633789062,118.5999984741211,119.45999908447266,119.45999908447266,10632000,,,2.0,241.220001,242.429993,237.199997,238.919998
PANW,2023-06-22,119.45500183105469,124.62999725341797,119.18000030517578,124.57499694824219,124.57499694824219,12980400,,,2.0,238.910004,249.259995,238.360001,249.149994
PANW,2023-06-23,123.41999816894531,124.32499694824219,121.875,121.97000122070312,121.97000122070312,11338600,,,2.0,246.839996,248.649994,243.75,243.940002
PANW,2023-06-26,122.91500091552734,125.2750015258789,121.70999908447266,121.9000015258789,121.9000015258789,9313600,,,2.0,245.830002,250.550003,243.419998,243.800003
PANW,2023-06-27,122.12999725341797,126.75499725341797,122.08000183105469,125.79499816894531,125.79499816894531,14047000,,,2.0,244.259995,253.509995,244.160004,251.589996
PANW,2023-06-28,124.37999725341797,127.70999908447266,123.91500091552734,126.70500183105469,126.70500183105469,7843800,,,2.0,248.759995,255.419998,247.830002,253.410004
PANW,2023-06-29,126.43000030517578,127.44499969482422,125.52999877929688,126.66500091552734,126.66500091552734,5201600,,,2.0,252.860001,254.889999,251.059998,253.330002
PANW,2023-06-30,127.74500274658203,128.4149932861328,126.19000244140625,127.75499725341797,127.75499725341797,6788800,,,2.0,255.490005,256.829987,252.380005,255.509995
PANW,2023-07-03,127.55000305175781,127.72000122070312,126.2699966430664,127.31999969482422,127.31999969482422,3488400,,,2.0,255.100006,255.440002,252.539993,254.639999
PANW,2023-07-05,126.54499816894531,129.44000244140625,126.05000305175781,128.94000244140625,128.94000244140625,7896200,,,2.0,253.089996,258.880005,252.100006,257.880005
PANW,2023-07-06,127.04000091552734,127.7699966430664,125.375,126.69999694824219,126.69999694824219,6486200,,,2.0,254.080002,255.539993,250.75,253.399994
PANW,2023-07-07,126.0,126.54000091552734,123.52999877929688,123.79499816894531,123.79499816894531,7382200,,,2.0,252.0,253.080002,247.059998,247.589996
PANW,2023-07-10,124.4800033569336,125.625,123.44499969482422,123.73500061035156,123.73500061035156,8646000,,,2.0,248.960007,251.25,246.889999,247.470001
PANW,2023-07-11,124.29000091552734,125.49500274658203,123.13500213623047,125.11499786376953,125.11499786376953,5545800,,,2.0,248.580002,250.990005,246.270004,250.229996
PANW,2023-07-12,125.56999969482422,125.94000244140625,115.90499877929688,116.31999969482422,116.31999969482422,35574000,,,2.0,251.139999,251.880005,231.809998,232.639999
PANW,2023-07-13,118.1449966430664,121.8499984741211,117.26000213623047,119.50499725341797,119.50499725341797,18788400,,,2.0,236.289993,243.699997,234.520004,239.009995
PANW,2023-07-14,119.25,121.41500091552734,119.04000091552734,120.62999725341797,120.62999725341797,11466600,,,2.0,238.5,242.830002,238.080002,241.259995
PANW,2023-07-17,120.48500061035156,125.38500213623047,120.48500061035156,125.0250015258789,125.0250015258789,11608600,,,2.0,240.970001,250.770004,240.970001,250.050003
PANW,2023-07-18,124.97000122070312,125.11000061035156,122.78500366210938,124.16999816894531,124.16999816894531,6981800,,,2.0,249.940002,250.220001,245.570007,248.339996
PANW,2023-07-19,124.44499969482422,125.125,122.53500366210938,123.0,123.0,6450000,,,2.0,248.889999,250.25,245.070007,246.0
PANW,2023-07-20,121.99500274658203,123.76499938964844,120.5999984741211,121.0250015258789,121.0250015258789,5966600,,,2.0,243.990005,247.529999,241.199997,242.050003
PANW,2023-07-21,122.24500274658203,123.19499969482422,121.52999877929688,121.91000366210938,121.91000366210938,14697800,,,2.0,244.490005,246.389999,243.059998,243.820007
PANW,2023-07-24,121.91000366210938,122.99500274658203,119.87000274658203,121.66500091552734,121.66500091552734,5005600,,,2.0,243.820007,245.990005,239.740005,243.330002
PANW,2023-07-25,122.5,123.42500305175781,121.36499786376953,121.45500183105469,121.45500183105469,4599200,,,2.0,245.0,246.850006,242.729996,242.910004
PANW,2023-07-26,119.8550033569336,124.32499694824219,119.43499755859375,122.50499725341797,122.50499725341797,7262200,,,2.0,239.710007,248.649994,238.869995,245.009995
PANW,2023-07-27,124.0,124.91500091552734,121.625,122.63999938964844,122.63999938964844,6172000,,,2.0,248.0,249.830002,243.25,245.279999
PANW,2023-07-28,123.75,124.6449966430664,122.40499877929688,124.22000122070312,124.22000122070312,4188800,,,2.0,247.5,249.289993,244.809998,248.440002
PANW,2023-07-31,125.0,126.66999816894531,123.86000061035156,124.9800033569336,124.9800033569336,4558800,,,2.0,250.0,253.339996,247.720001,249.960007
PANW,2023-08-01,124.94499969482422,127.01499938964844,124.00499725341797,126.58499908447266,126.58499908447266,4644400,,,2.0,249.889999,254.029999,248.009995,253.169998
PANW,2023-08-02,124.5250015258789,124.69999694824219,117.0199966430664,118.08499908447266,118.08499908447266,12609000,,,2.0,249.050003,249.399994,234.039993,236.169998
PANW,2023-08-03,117.40499877929688,119.375,116.90499877929688,118.7249984741211,118.7249984741211,7617800,,,2.0,234.809998,238.75,233.809998,237.449997
PANW,2023-08-04,112.25,112.75,106.67500305175781,109.16000366210938,109.16000366210938,30601400,,,2.0,224.5,225.5,213.350006,218.320007
PANW,2023-08-07,109.53500366210938,109.7249984741211,106.6500015258789,107.62000274658203,107.62000274658203,17688200,,,2.0,219.070007,219.449997,213.300003,215.240005
PANW,2023-08-08,105.42500305175781,106.44999694824219,104.01000213623047,105.73999786376953,105.73999786376953,15211600,,,2.0,210.850006,212.899994,208.020004,211.479996
PANW,2023-08-09,105.68499755859375,106.8949966430664,105.05000305175781,106.73500061035156,106.73500061035156,7906200,,,2.0,211.369995,213.789993,210.100006,213.470001
PANW,2023-08-10,108.16500091552734,109.20999908447266,106.44999694824219,107.02999877929688,107.02999877929688,8968000,,,2.0,216.330002,218.419998,212.899994,214.059998
PANW,2023-08-11,106.41999816894531,110.2249984741211,106.41999816894531,108.9800033569336,108.9800033569336,8030400,,,2.0,212.839996,220.449997,212.839996,217.960007
PANW,2023-08-14,109.22000122070312,110.88500213623047,107.75,109.66999816894531,109.66999816894531,8226200,,,2.0,218.440002,221.770004,215.5,219.339996
PANW,2023-08-15,109.24500274658203,109.7699966430664,107.4800033569336,107.83000183105469,107.83000183105469,5986000,,,2.0,218.490005,219.539993,214.960007,215.660004
PANW,2023-08-16,107.99500274658203,108.47000122070312,106.79000091552734,106.98500061035156,106.98500061035156,5927000,,,2.0,215.990005,216.940002,213.580002,213.970001
PANW,2023-08-17,106.5,106.5,103.44499969482422,103.78500366210938,103.78500366210938,10077000,,,2.0,213.0,213.0,206.889999,207.570007
PANW,2023-08-18,101.01000213623047,105.56999969482422,100.58499908447266,104.84500122070312,104.84500122070312,22874600,,,2.0,202.020004,211.139999,201.169998,209.690002
PANW,2023-08-21,118.25,123.1500015258789,118.1500015258789,120.40499877929688,120.40499877929688,40537600,,,2.0,236.5,246.300003,236.300003,240.809998
PANW,2023-08-22,120.82499694824219,121.04499816894531,115.51499938964844,117.27999877929688,117.27999877929688,12131000,,,2.0,241.649994,242.089996,231.029999,234.559998
PANW,2023-08-23,117.75499725341797,118.625,115.87999725341797,117.83000183105469,117.83000183105469,6194000,,,2.0,235.509995,237.25,231.759995,235.660004
PANW,2023-08-24,119.0,119.0999984741211,113.46499633789062,113.7249984741211,113.7249984741211,6471200,,,2.0,238.0,238.199997,226.929993,227.449997
PANW,2023-08-25,114.86499786376953,116.01000213623047,113.16000366210938,115.37999725341797,115.37999725341797,5193000,,,2.0,229.729996,232.020004,226.320007,230.759995
PANW,2023-08-28,115.38500213623047,116.54000091552734,114.4749984741211,116.20999908447266,116.20999908447266,4056400,,,2.0,230.770004,233.080002,228.949997,232.419998
PANW,2023-08-29,116.38500213623047,117.09500122070312,115.70999908447266,116.95999908447266,116.95999908447266,9524600,,,2.0,232.770004,234.190002,231.419998,233.919998
PANW,2023-08-30,117.91000366210938,119.69999694824219,117.5,118.94999694824219,118.94999694824219,6242400,,,2.0,235.820007,239.399994,235.0,237.899994
PANW,2023-08-31,119.79000091552734,121.91500091552734,119.79000091552734,121.6500015258789,121.6500015258789,7524600,,,2.0,239.580002,243.830002,239.580002,243.300003
PANW,2023-09-01,121.625,122.38500213623047,120.23500061035156,121.36000061035156,121.36000061035156,4253000,,,2.0,243.25,244.770004,240.470001,242.720001
PANW,2023-09-05,121.3550033569336,122.625,120.125,122.53500366210938,122.53500366210938,4194200,,,2.0,242.710007,245.25,240.25,245.070007
PANW,2023-09-06,122.54499816894531,122.96499633789062,121.36000061035156,122.6050033569336,122.6050033569336,3951200,,,2.0,245.089996,245.929993,242.720001,245.210007
PANW,2023-09-07,122.09500122070312,123.5199966430664,121.17500305175781,122.72000122070312,122.72000122070312,3841400,,,2.0,244.190002,247.039993,242.350006,245.440002
PANW,2023-09-08,122.5,124.94499969482422,122.44000244140625,124.37000274658203,124.37000274658203,4448200,,,2.0,245.0,249.889999,244.880005,248.740005
PANW,2023-09-11,124.94999694824219,127.11499786376953,124.5,126.56999969482422,126.56999969482422,4884200,,,2.0,249.899994,254.229996,249.0,253.139999
PANW,2023-09-12,125.99500274658203,126.45500183105469,122.81999969482422,122.86499786376953,122.86499786376953,5104600,,,2.0,251.990005,252.910004,245.639999,245.729996
PANW,2023-09-13,121.6050033569336,123.88500213623047,121.21499633789062,123.1449966430664,123.1449966430664,3605400,,,2.0,243.210007,247.770004,242.429993,246.289993
PANW,2023-09-14,123.99500274658203,124.16000366210938,122.31500244140625,122.91000366210938,122.91000366210938,3802200,,,2.0,247.990005,248.320007,244.630005,245.820007
PANW,2023-09-15,122.66500091552734,122.84500122070312,119.28500366210938,120.0999984741211,120.0999984741211,7147800,,,2.0,245.330002,245.690002,238.570007,240.199997
PANW,2023-09-18,120.16999816894531,121.62999725341797,119.38999938964844,119.94499969482422,119.94499969482422,3947600,,,2.0,240.339996,243.259995,238.779999,239.889999
PANW,2023-09-19,119.15499877929688,119.3949966430664,115.67500305175781,118.08499908447266,118.08499908447266,7522600,,,2.0,238.309998,238.789993,231.350006,236.169998
PANW,2023-09-20,117.56500244140625,119.44000244140625,117.24500274658203,117.6500015258789,117.6500015258789,3805200,,,2.0,235.130005,238.880005,234.490005,235.300003
PANW,2023-09-21,115.81500244140625,116.58999633789062,113.59500122070312,113.72000122070312,113.72000122070312,6383400,,,2.0,231.630005,233.179993,227.190002,227.440002
PANW,2023-09-22,114.2750015258789,115.36499786376953,113.31999969482422,114.25499725341797,114.25499725341797,4437800,,,2.0,228.550003,230.729996,226.639999,228.509995
PANW,2023-09-25,113.76499938964844,113.9749984741211,112.31999969482422,113.26499938964844,113.26499938964844,4254800,,,2.0,227.529999,227.949997,224.639999,226.529999
PANW,2023-09-26,112.9800033569336,113.9000015258789,112.375,113.3949966430664,113.3949966430664,4231600,,,2.0,225.960007,227.800003,224.75,226.789993
PANW,2023-09-27,114.43499755859375,116.76499938964844,114.16000366210938,115.94999694824219,115.94999694824219,5567400,,,2.0,228.869995,233.529999,228.320007,231.899994
PANW,2023-09-28,116.23500061035156,118.6500015258789,115.33499908447266,117.58999633789062,117.58999633789062,4455600,,,2.0,232.470001,237.300003,230.669998,235.179993
PANW,2023-09-29,119.0,119.16999816894531,117.0199966430664,117.22000122070312,117.22000122070312,4496400,,,2.0,238.0,238.339996,234.039993,234.440002
PANW,2023-10-02,117.5,119.09500122070312,116.94499969482422,118.38500213623047,118.38500213623047,5064200,,,2.0,235.0,238.190002,233.889999,236.770004
PANW,2023-10-03,117.33999633789062,118.80500030517578,115.04499816894531,115.8550033569336,115.8550033569336,4205200,,,2.0,234.679993,237.610001,230.089996,231.710007
PANW,2023-10-04,116.67500305175781,118.78500366210938,116.67500305175781,118.22000122070312,118.22000122070312,4737600,,,2.0,233.350006,237.570007,233.350006,236.440002
PANW,2023-10-05,118.22000122070312,118.6500015258789,117.17500305175781,118.38999938964844,118.38999938964844,3943200,,,2.0,236.440002,237.300003,234.350006,236.779999
PANW,2023-10-06,117.68000030517578,124.95500183105469,117.5199966430664,123.34500122070312,123.34500122070312,8337800,,,2.0,235.360001,249.910004,235.039993,246.690002
PANW,2023-10-09,123.03500366210938,128.2449951171875,122.91500091552734,126.38999938964844,126.38999938964844,7669000,,,2.0,246.070007,256.48999,245.830002,252.779999
PANW,2023-10-10,127.16000366210938,129.27499389648438,126.41000366210938,128.38999938964844,128.38999938964844,7114800,,,2.0,254.320007,258.549988,252.820007,256.779999
PANW,2023-10-11,128.5,130.94000244140625,127.88500213623047,129.60499572753906,129.60499572753906,6947600,,,2.0,257.0,261.880005,255.770004,259.209991
PANW,2023-10-12,130.0749969482422,132.1699981689453,129.5850067138672,130.30999755859375,130.30999755859375,5928800,,,2.0,260.149994,264.339996,259.170013,260.619995
PANW,2023-10-13,131.1750030517578,132.9499969482422,129.15499877929688,129.6999969482422,129.6999969482422,6181600,,,2.0,262.350006,265.899994,258.309998,259.399994
PANW,2023-10-16,129.875,132.5850067138672,129.4550018310547,130.75999450683594,130.75999450683594,4826800,,,2.0,259.75,265.170013,258.910004,261.519989
PANW,2023-10-17,130.42999267578125,132.91000366210938,130.0050048828125,130.8699951171875,130.8699951171875,5617600,,,2.0,260.859985,265.820007,260.01001,261.73999
PANW,2023-10-18,130.05499267578125,132.9250030517578,130.0,130.6699981689453,130.6699981689453,5628800,,,2.0,260.109985,265.850006,260.0,261.339996
PANW,2023-10-19,131.75,132.33999633789062,126.08999633789062,126.56500244140625,126.56500244140625,7762000,,,2.0,263.5,264.679993,252.179993,253.130005
PANW,2023-10-20,126.5,126.5,120.13999938964844,121.55000305175781,121.55000305175781,9270000,,,2.0,253.0,253.0,240.279999,243.100006
PANW,2023-10-23,120.6050033569336,124.16000366210938,119.41000366210938,123.08499908447266,123.08499908447266,4764800,,,2.0,241.210007,248.320007,238.820007,246.169998
PANW,2023-10-24,124.33499908447266,126.09500122070312,123.75,126.03500366210938,126.03500366210938,4519200,,,2.0,248.669998,252.190002,247.5,252.070007
PANW,2023-10-25,126.0,127.16000366210938,121.86000061035156,122.3949966430664,122.3949966430664,5418400,,,2.0,252.0,254.320007,243.720001,244.789993
PANW,2023-10-26,122.3949966430664,123.47000122070312,118.01000213623047,118.59500122070312,118.59500122070312,5956600,,,2.0,244.789993,246.940002,236.020004,237.190002
PANW,2023-10-27,119.33000183105469,121.19499969482422,118.63999938964844,119.3949966430664,119.3949966430664,4567600,,,2.0,238.660004,242.389999,237.279999,238.789993
PANW,2023-10-30,120.38500213623047,121.11000061035156,118.8550033569336,119.2750015258789,119.2750015258789,3973200,,,2.0,240.770004,242.220001,237.710007,238.550003
PANW,2023-10-31,121.25499725341797,122.0199966430664,119.05999755859375,121.51000213623047,121.51000213623047,4226000,,,2.0,242.509995,244.039993,238.119995,243.020004
PANW,2023-11-01,122.5,123.7249984741211,120.02999877929688,122.43000030517578,122.43000030517578,4923800,,,2.0,245.0,247.449997,240.059998,244.860001
PANW,2023-11-02,123.77999877929688,126.04000091552734,123.54000091552734,125.18000030517578,125.18000030517578,6998800,,,2.0,247.559998,252.080002,247.080002,250.360001
PANW,2023-11-03,122.26000213623047,123.125,120.5250015258789,121.76499938964844,121.76499938964844,15224400,,,2.0,244.520004,246.25,241.050003,243.529999
PANW,2023-11-06,123.31999969482422,123.6449966430664,116.90499877929688,118.5,118.5,10643600,,,2.0,246.639999,247.289993,233.809998,237.0
PANW,2023-11-07,120.9749984741211,121.70999908447266,118.76000213623047,121.04000091552734,121.04000091552734,8401400,,,2.0,241.949997,243.419998,237.520004,242.080002
PANW,2023-11-08,121.73500061035156,122.0,120.25499725341797,120.54000091552734,120.54000091552734,5201400,,,2.0,243.470001,244.0,240.509995,241.080002
PANW,2023-11-09,121.19499969482422,123.87000274658203,119.80000305175781,121.29499816894531,121.29499816894531,6290000,,,2.0,242.389999,247.740005,239.600006,242.589996
PANW,2023-11-10,123.0,126.98999786376953,122.30000305175781,126.75499725341797,126.75499725341797,8156000,,,2.0,246.0,253.979996,244.600006,253.509995
PANW,2023-11-13,127.18499755859375,128.6999969482422,126.87999725341797,127.81999969482422,127.81999969482422,8944000,,,2.0,254.369995,257.399994,253.759995,255.639999
PANW,2023-11-14,129.75999450683594,130.8350067138672,128.84500122070312,130.5850067138672,130.5850067138672,8778200,,,2.0,259.519989,261.670013,257.690002,261.170013
PANW,2023-11-15,132.2550048828125,132.375,127.30999755859375,128.08999633789062,128.08999633789062,19158000,,,2.0,264.51001,264.75,254.619995,256.179993
PANW,2023-11-16,119.99500274658203,122.4000015258789,117.07499694824219,121.1500015258789,121.1500015258789,31270600,,,2.0,239.990005,244.800003,234.149994,242.300003
PANW,2023-11-17,121.5199966430664,126.01499938964844,121.48999786376953,123.79499816894531,123.79499816894531,15112200,,,2.0,243.039993,252.029999,242.979996,247.589996
PANW,2023-11-20,125.0,130.72500610351562,124.77999877929688,130.28500366210938,130.28500366210938,13703800,,,2.0,250.0,261.450012,249.559998,260.570007
PANW,2023-11-21,129.77499389648438,132.27999877929688,129.0850067138672,132.01499938964844,132.01499938964844,8110400,,,2.0,259.549988,264.559998,258.170013,264.029999
PANW,2023-11-22,132.5,134.0500030517578,131.03500366210938,131.57000732421875,131.57000732421875,5502800,,,2.0,265.0,268.100006,262.070007,263.140015
PANW,2023-11-24,131.48500061035156,133.2050018310547,131.375,133.0399932861328,133.0399932861328,3230400,,,2.0,262.970001,266.410004,262.75,266.079987
PANW,2023-11-27,133.0,134.97000122070312,132.94000244140625,134.5449981689453,134.5449981689453,6276200,,,2.0,266.0,269.940002,265.880005,269.089996
PANW,2023-11-28,134.36500549316406,139.34500122070312,134.3249969482422,138.9149932861328,138.9149932861328,12630000,,,2.0,268.730011,278.690002,268.649994,277.829987
PANW,2023-11-29,139.72999572753906,146.1649932861328,139.2550048828125,144.4550018310547,144.4550018310547,15076400,,,2.0,279.459991,292.329987,278.51001,288.910004
PANW,2023-11-30,144.34500122070312,148.0800018310547,143.51499938964844,147.5449981689453,147.5449981689453,17859400,,,2.0,288.690002,296.160004,287.029999,295.089996
PANW,2023-12-01,146.15499877929688,148.4250030517578,145.52499389648438,148.0800018310547,148.0800018310547,12313600,,,2.0,292.309998,296.850006,291.049988,296.160004
PANW,2023-12-04,147.1199951171875,147.5,141.39500427246094,143.30499267578125,143.30499267578125,9284200,,,2.0,294.23999,295.0,282.790009,286.609985
PANW,2023-12-05,141.27000427246094,146.40499877929688,140.3300018310547,146.38999938964844,146.38999938964844,6401200,,,2.0,282.540009,292.809998,280.660004,292.779999
PANW,2023-12-06,146.89999389648438,148.0749969482422,143.4550018310547,143.60000610351562,143.60000610351562,6135400,,,2.0,293.799988,296.149994,286.910004,287.200012
PANW,2023-12-07,144.08999633789062,147.18499755859375,143.34500122070312,146.80499267578125,146.80499267578125,8612600,,,2.0,288.179993,294.369995,286.690002,293.609985
PANW,2023-12-08,145.32000732421875,149.4550018310547,145.32000732421875,149.2100067138672,149.2100067138672,4813200,,,2.0,290.640015,298.910004,290.640015,298.420013
PANW,2023-12-11,148.9499969482422,150.05499267578125,147.66000366210938,149.94000244140625,149.94000244140625,8096400,,,2.0,297.899994,300.109985,295.320007,299.880005
PANW,2023-12-12,149.78500366210938,153.94000244140625,149.7050018310547,152.7899932861328,152.7899932861328,9127000,,,2.0,299.570007,307.880005,299.410004,305.579987
PANW,2023-12-13,152.52000427246094,158.09500122070312,152.52000427246094,156.92999267578125,156.92999267578125,10375600,,,2.0,305.040009,316.190002,305.040009,313.859985
PANW,2023-12-14,157.5,159.0,149.06500244140625,150.22000122070312,150.22000122070312,13592000,,,2.0,315.0,318.0,298.130005,300.440002
PANW,2023-12-15,150.51499938964844,154.52499389648438,149.625,153.64999389648438,153.64999389648438,18221000,,,2.0,301.029999,309.049988,299.25,307.299988
PANW,2023-12-18,152.125,154.7100067138672,152.0050048828125,153.7899932861328,153.7899932861328,6663600,,,2.0,304.25,309.420013,304.01001,307.579987
PANW,2023-12-19,153.7899932861328,155.44000244140625,153.08999633789062,154.30499267578125,154.30499267578125,7760000,,,2.0,307.579987,310.880005,306.179993,308.609985
PANW,2023-12-20,152.72999572753906,154.0,150.22500610351562,150.49000549316406,150.49000549316406,6694400,,,2.0,305.459991,308.0,300.450012,300.980011
PANW,2023-12-21,151.38999938964844,152.05499267578125,147.9550018310547,149.6999969482422,149.6999969482422,5772800,,,2.0,302.779999,304.109985,295.910004,299.399994
PANW,2023-12-22,150.1649932861328,150.375,148.75,149.10499572753906,149.10499572753906,4783000,,,2.0,300.329987,300.75,297.5,298.209991
PANW,2023-12-26,149.43499755859375,150.9949951171875,149.25,150.41000366210938,150.41000366210938,3117400,,,2.0,298.869995,301.98999,298.5,300.820007
PANW,2023-12-27,150.24000549316406,150.44500732421875,147.91000366210938,148.75,148.75,4186800,,,2.0,300.480011,300.890015,295.820007,297.5
PANW,2023-12-28,148.49000549316406,148.8300018310547,146.89999389648438,147.7899932861328,147.7899932861328,3872600,,,2.0,296.980011,297.660004,293.799988,295.579987
PANW,2023-12-29,148.35499572753906,148.36000061035156,145.97500610351562,147.44000244140625,147.44000244140625,4137800,,,2.0,296.709991,296.720001,291.950012,294.880005
PANW,2024-01-02,145.97000122070312,146.05999755859375,142.4149932861328,144.4600067138672,144.4600067138672,5767800,,,2.0,291.940002,292.119995,284.829987,288.920013
PANW,2024-01-03,142.33999633789062,144.55999755859375,141.41000366210938,143.23500061035156,143.23500061035156,4936400,,,2.0,284.679993,289.119995,282.820007,286.470001
PANW,2024-01-04,143.0,143.74000549316406,141.4499969482422,141.64999389648438,141.64999389648438,5085400,,,2.0,286.0,287.480011,282.899994,283.299988
PANW,2024-01-05,142.09500122070312,143.22500610351562,140.9199981689453,141.46499633789062,141.46499633789062,3714200,,,2.0,284.190002,286.450012,281.839996,282.929993
PANW,2024-01-08,141.75999450683594,145.3699951171875,141.75,144.75,144.75,5831000,,,2.0,283.519989,290.73999,283.5,289.5
PANW,2024-01-09,143.80499267578125,150.5,143.4499969482422,150.2100067138672,150.2100067138672,7302400,,,2.0,287.609985,301.0,286.899994,300.420013
PANW,2024-01-10,152.60000610351562,158.2449951171875,152.5500030517578,158.0449981689453,158.0449981689453,10161600,,,2.0,305.200012,316.48999,305.100006,316.089996
PANW,2024-01-11,160.26499938964844,162.68499755859375,158.25999450683594,161.7449951171875,161.7449951171875,10001400,,,2.0,320.529999,325.369995,316.519989,323.48999
PANW,2024-01-12,162.2550048828125,165.1999969482422,160.6999969482422,162.6199951171875,162.6199951171875,6391000,,,2.0,324.51001,330.399994,321.399994,325.23999
PANW,2024-01-16,164.14999389648438,166.64999389648438,162.75,166.02499389648438,166.02499389648438,7516800,,,2.0,328.299988,333.299988,325.5,332.049988
PANW,2024-01-17,165.27000427246094,166.23500061035156,161.30499267578125,165.02999877929688,165.02999877929688,7864400,,,2.0,330.540009,332.470001,322.609985,330.059998
PANW,2024-01-18,168.2050018310547,169.2949981689453,166.27999877929688,167.88499450683594,167.88499450683594,7197400,,,2.0,336.410004,338.589996,332.559998,335.769989
PANW,2024-01-19,169.76499938964844,170.1999969482422,167.15499877929688,168.8699951171875,168.8699951171875,6588000,,,2.0,339.529999,340.399994,334.309998,337.73999
PANW,2024-01-22,173.14500427246094,175.3000030517578,171.22500610351562,172.8249969482422,172.8249969482422,7022000,,,2.0,346.290009,350.600006,342.450012,345.649994
PANW,2024-01-23,172.78500366210938,173.0,169.16000366210938,172.08999633789062,172.08999633789062,6045000,,,2.0,345.570007,346.0,338.320007,344.179993
PANW,2024-01-24,173.91000366210938,173.9949951171875,169.9199981689453,170.1199951171875,170.1199951171875,5854200,,,2.0,347.820007,347.98999,339.839996,340.23999
PANW,2024-01-25,172.22999572753906,172.22999572753906,168.28500366210938,170.09500122070312,170.09500122070312,6910000,,,2.0,344.459991,344.459991,336.570007,340.190002
PANW,2024-01-26,170.0,172.14999389648438,169.02999877929688,171.22000122070312,171.22000122070312,4331200,,,2.0,340.0,344.299988,338.059998,342.440002
PANW,2024-01-29,170.9949951171875,172.7449951171875,170.38499450683594,172.625,172.625,5238200,,,2.0,341.98999,345.48999,340.769989,345.25
PANW,2024-01-30,172.4149932861328,173.81500244140625,171.3800048828125,172.94500732421875,172.94500732421875,3488400,,,2.0,344.829987,347.630005,342.76001,345.890015
PANW,2024-01-31,171.11500549316406,171.9949951171875,166.3350067138672,169.2550048828125,169.2550048828125,4968600,,,2.0,342.230011,343.98999,332.670013,338.51001
PANW,2024-02-01,169.5,170.22500610351562,167.72000122070312,169.98500061035156,169.98500061035156,4351000,,,2.0,339.0,340.450012,335.440002,339.970001
PANW,2024-02-02,169.77999877929688,173.21499633789062,169.5,172.52999877929688,172.52999877929688,5080600,,,2.0,339.559998,346.429993,339.0,345.059998
PANW,2024-02-05,172.13999938964844,172.75,168.97000122070312,172.24000549316406,172.24000549316406,5340600,,,2.0,344.279999,345.5,337.940002,344.480011
PANW,2024-02-06,172.7449951171875,173.875,168.0,170.7449951171875,170.7449951171875,5483200,,,2.0,345.48999,347.75,336.0,341.48999
PANW,2024-02-07,175.6999969482422,183.07000732421875,174.6999969482422,182.25,182.25,13163200,,,2.0,351.399994,366.140015,349.399994,364.5
PANW,2024-02-08,181.61000061035156,185.86000061035156,181.5,183.50999450683594,183.50999450683594,5916400,,,2.0,363.220001,371.720001,363.0,367.019989
PANW,2024-02-09,186.52499389648438,190.4199981689453,184.5,188.4499969482422,188.4499969482422,7002000,,,2.0,373.049988,380.839996,369.0,376.899994
PANW,2024-02-12,187.72500610351562,188.14999389648438,183.76499938964844,185.98500061035156,185.98500061035156,5737000,,,2.0,375.450012,376.299988,367.529999,371.970001
PANW,2024-02-13,179.55999755859375,187.19000244140625,176.90499877929688,184.1300048828125,184.1300048828125,15684400,,,2.0,359.119995,374.380005,353.809998,368.26001
PANW,2024-02-14,184.40499877929688,187.5850067138672,183.06500244140625,184.1649932861328,184.1649932861328,6187400,,,2.0,368.809998,375.170013,366.130005,368.329987
PANW,2024-02-15,184.08999633789062,184.89500427246094,180.80999755859375,183.44000244140625,183.44000244140625,5435200,,,2.0,368.179993,369.790009,361.619995,366.880005
PANW,2024-02-16,184.75,185.4949951171875,181.02499389648438,183.2050018310547,183.2050018310547,6525800,,,2.0,369.5,370.98999,362.049988,366.410004
PANW,2024-02-20,181.4250030517578,184.64500427246094,179.91000366210938,183.0449981689453,183.0449981689453,20917600,,,2.0,362.850006,369.290009,359.820007,366.089996
PANW,2024-02-21,137.60000610351562,137.99000549316406,130.0449981689453,130.98500061035156,130.98500061035156,87630400,,,2.0,275.200012,275.980011,260.089996,261.970001
PANW,2024-02-22,137.06500244140625,138.40499877929688,132.5,133.91000366210938,133.91000366210938,38594600,,,2.0,274.130005,276.809998,265.0,267.820007
PANW,2024-02-23,138.47500610351562,142.16000366210938,135.80999755859375,141.0449981689453,141.0449981689453,30663000,,,2.0,276.950012,284.320007,271.619995,282.089996
PANW,2024-02-26,144.25999450683594,156.94000244140625,143.39500427246094,151.38999938964844,151.38999938964844,43874400,,,2.0,288.519989,313.880005,286.790009,302.779999
PANW,2024-02-27,158.6999969482422,163.78500366210938,153.77499389648438,157.375,157.375,42708600,,,2.0,317.399994,327.570007,307.549988,314.75
PANW,2024-02-28,155.63999938964844,158.4250030517578,153.90499877929688,158.0749969482422,158.0749969482422,15990600,,,2.0,311.279999,316.850006,307.809998,316.149994
PANW,2024-02-29,157.88999938964844,160.34500122070312,154.36500549316406,155.27499389648438,155.27499389648438,16356000,,,2.0,315.779999,320.690002,308.730011,310.549988
PANW,2024-03-01,155.76499938964844,155.76499938964844,148.40499877929688,151.1999969482422,151.1999969482422,22750200,,,2.0,311.529999,311.529999,296.809998,302.399994
PANW,2024-03-04,151.0,151.19000244140625,146.02999877929688,149.72000122070312,149.72000122070312,14428400,,,2.0,302.0,302.380005,292.059998,299.440002
PANW,2024-03-05,147.94500732421875,148.77499389648438,142.33999633789062,145.56500244140625,145.56500244140625,14534200,,,2.0,295.890015,297.549988,284.679993,291.130005
PANW,2024-03-06,149.49000549316406,150.0,138.40499877929688,139.42999267578125,139.42999267578125,23383400,,,2.0,298.980011,300.0,276.809998,278.859985
PANW,2024-03-07,140.0,144.06500244140625,138.875,143.2449951171875,143.2449951171875,16056600,,,2.0,280.0,288.130005,277.75,286.48999
PANW,2024-03-08,143.08999633789062,144.22500610351562,139.85000610351562,140.10000610351562,140.10000610351562,11484800,,,2.0,286.179993,288.450012,279.700012,280.200012
PANW,2024-03-11,139.14999389648438,143.39999389648438,138.80499267578125,141.6649932861328,141.6649932861328,9898200,,,2.0,278.299988,286.799988,277.609985,283.329987
PANW,2024-03-12,142.6649932861328,143.72000122070312,140.6999969482422,142.36500549316406,142.36500549316406,8133600,,,2.0,285.329987,287.440002,281.399994,284.730011
PANW,2024-03-13,142.80999755859375,146.39500427246094,140.86500549316406,145.05999755859375,145.05999755859375,10545600,,,2.0,285.619995,292.790009,281.730011,290.119995
PANW,2024-03-14,146.17999267578125,146.3699951171875,141.67999267578125,143.7899932861328,143.7899932861328,9903200,,,2.0,292.359985,292.73999,283.359985,287.579987
PANW,2024-03-15,142.1199951171875,143.64500427246094,140.80499267578125,141.0800018310547,141.0800018310547,13190400,,,2.0,284.23999,287.290009,281.609985,282.160004
PANW,2024-03-18,142.68499755859375,143.31500244140625,140.58999633789062,142.6199951171875,142.6199951171875,7678400,,,2.0,285.369995,286.630005,281.179993,285.23999
PANW,2024-03-19,141.5500030517578,142.07000732421875,138.27499389648438,140.2899932861328,140.2899932861328,10930800,,,2.0,283.100006,284.140015,276.549988,280.579987
PANW,2024-03-20,140.86500549316406,141.86000061035156,139.13499450683594,141.02499389648438,141.02499389648438,6815200,,,2.0,281.730011,283.720001,278.269989,282.049988
PANW,2024-03-21,141.91000366210938,145.07000732421875,140.78500366210938,143.81500244140625,143.81500244140625,7662800,,,2.0,283.820007,290.140015,281.570007,287.630005
PANW,2024-03-22,145.41000366210938,145.44500732421875,142.77999877929688,143.38999938964844,143.38999938964844,7593400,,,2.0,290.820007,290.890015,285.559998,286.779999
PANW,2024-03-25,142.8000030517578,143.14999389648438,140.6199951171875,142.53500366210938,142.53500366210938,5298000,,,2.0,285.600006,286.299988,281.23999,285.070007
PANW,2024-03-26,142.9250030517578,144.1199951171875,141.39999389648438,143.34500122070312,143.34500122070312,5869400,,,2.0,285.850006,288.23999,282.799988,286.690002
PANW,2024-03-27,145.2449951171875,145.4499969482422,140.74000549316406,141.1300048828125,141.1300048828125,6528000,,,2.0,290.48999,290.899994,281.480011,282.26001
PANW,2024-03-28,140.67999267578125,142.52999877929688,140.02499389648438,142.06500244140625,142.06500244140625,6801000,,,2.0,281.359985,285.059998,280.049988,284.130005
PANW,2024-04-01,142.50999450683594,142.8350067138672,139.21499633789062,139.7100067138672,139.7100067138672,6280200,,,2.0,285.019989,285.670013,278.429993,279.420013
PANW,2024-04-02,137.72500610351562,137.77999877929688,135.72500610351562,136.6999969482422,136.6999969482422,7738800,,,2.0,275.450012,275.559998,271.450012,273.399994
PANW,2024-04-03,135.6999969482422,136.94000244140625,134.625,134.77000427246094,134.77000427246094,8076400,,,2.0,271.399994,273.880005,269.25,269.540009
PANW,2024-04-04,135.8350067138672,136.69500732421875,132.5,132.60000610351562,132.60000610351562,9636400,,,2.0,271.670013,273.390015,265.0,265.200012
PANW,2024-04-05,132.88999938964844,134.85000610351562,132.625,134.5050048828125,134.5050048828125,7363600,,,2.0,265.779999,269.700012,265.25,269.01001
PANW,2024-04-08,134.0050048828125,134.55999755859375,132.8300018310547,134.2899932861328,134.2899932861328,7385800,,,2.0,268.01001,269.119995,265.660004,268.579987
PANW,2024-04-09,135.48500061035156,139.7550048828125,134.8249969482422,139.56500244140625,139.56500244140625,11186600,,,2.0,270.970001,279.51001,269.649994,279.130005
PANW,2024-04-10,137.5,141.25,137.5,140.5,140.5,7006600,,,2.0,275.0,282.5,275.0,281.0
PANW,2024-04-11,141.3350067138672,142.7449951171875,139.21499633789062,141.92999267578125,141.92999267578125,6986600,,,2.0,282.670013,285.48999,278.429993,283.859985
PANW,2024-04-12,141.22000122070312,141.8800048828125,138.6300048828125,139.53500366210938,139.53500366210938,5816000,,,2.0,282.440002,283.76001,277.26001,279.070007
PANW,2024-04-15,139.5,139.58999633789062,135.52000427246094,136.0749969482422,136.0749969482422,6104200,,,2.0,279.0,279.179993,271.040009,272.149994
PANW,2024-04-16,135.2050018310547,138.25,135.17999267578125,137.50999450683594,137.50999450683594,7255000,,,2.0,270.410004,276.5,270.359985,275.019989
PANW,2024-04-17,139.0,140.44000244140625,137.8000030517578,138.6649932861328,138.6649932861328,6338800,,,2.0,278.0,280.880005,275.600006,277.329987
PANW,2024-04-18,138.875,142.18499755859375,138.1649932861328,140.57000732421875,140.57000732421875,7711800,,,2.0,277.75,284.369995,276.329987,281.140015
PANW,2024-04-19,141.25,142.44000244140625,138.27499389648438,138.85499572753906,138.85499572753906,9503200,,,2.0,282.5,284.880005,276.549988,277.709991
PANW,2024-04-22,141.0449981689453,141.48500061035156,137.60000610351562,140.83999633789062,140.83999633789062,5852200,,,2.0,282.089996,282.970001,275.200012,281.679993
PANW,2024-04-23,142.125,147.11000061035156,141.5,146.7449951171875,146.7449951171875,8132000,,,2.0,284.25,294.220001,283.0,293.48999
PANW,2024-04-24,147.0,147.5,145.4600067138672,146.91000366210938,146.91000366210938,5700800,,,2.0,294.0,295.0,290.920013,293.820007
PANW,2024-04-25,143.0,145.0749969482422,140.80999755859375,144.39500427246094,144.39500427246094,5422800,,,2.0,286.0,290.149994,281.619995,288.790009
PANW,2024-04-26,145.07000732421875,147.06500244140625,143.71499633789062,145.7100067138672,145.7100067138672,4493000,,,2.0,290.140015,294.130005,287.429993,291.420013
PANW,2024-04-29,149.0,151.94500732421875,145.9149932861328,146.7050018310547,146.7050018310547,5980600,,,2.0,298.0,303.890015,291.829987,293.410004
PANW,2024-04-30,146.47500610351562,147.97500610351562,145.2100067138672,145.44500732421875,145.44500732421875,6345800,,,2.0,292.950012,295.950012,290.420013,290.890015
PANW,2024-05-01,144.44000244140625,146.85499572753906,142.0,143.6699981689453,143.6699981689453,6071000,,,2.0,288.880005,293.709991,284.0,287.339996
PANW,2024-05-02,145.3800048828125,147.88999938964844,142.76499938964844,147.66000366210938,147.66000366210938,6534600,,,2.0,290.76001,295.779999,285.529999,295.320007
PANW,2024-05-03,146.85000610351562,148.7449951171875,145.18499755859375,148.10499572753906,148.10499572753906,6878000,,,2.0,293.700012,297.48999,290.369995,296.209991
PANW,2024-05-06,149.4949951171875,150.48500061035156,148.5800018310547,150.28500366210938,150.28500366210938,5771200,,,2.0,298.98999,300.970001,297.160004,300.570007
PANW,2024-05-07,150.28500366210938,154.3249969482422,149.72999572753906,152.75999450683594,152.75999450683594,9228000,,,2.0,300.570007,308.649994,299.459991,305.519989
PANW,2024-05-08,151.4499969482422,152.13499450683594,149.7550048828125,151.5050048828125,151.5050048828125,6254000,,,2.0,302.899994,304.269989,299.51001,303.01001
PANW,2024-05-09,149.4550018310547,150.4949951171875,147.52000427246094,147.8350067138672,147.8350067138672,6029200,,,2.0,298.910004,300.98999,295.040009,295.670013
PANW,2024-05-10,149.15499877929688,150.48500061035156,148.4600067138672,148.73500061035156,148.73500061035156,4278200,,,2.0,298.309998,300.970001,296.920013,297.470001
PANW,2024-05-13,151.0,152.3300018310547,149.47500610351562,151.125,151.125,4173800,,,2.0,302.0,304.660004,298.950012,302.25
PANW,2024-05-14,149.46499633789062,151.64999389648438,149.22000122070312,150.77000427246094,150.77000427246094,5381000,,,2.0,298.929993,303.299988,298.440002,301.540009
PANW,2024-05-15,152.09500122070312,156.57000732421875,151.52999877929688,156.16000366210938,156.16000366210938,7399000,,,2.0,304.190002,313.140015,303.059998,312.320007
PANW,2024-05-16,157.25999450683594,158.69000244140625,155.5399932861328,158.38999938964844,158.38999938964844,7343400,,,2.0,314.519989,317.380005,311.079987,316.779999
PANW,2024-05-17,158.5,159.5,157.47999572753906,158.9250030517578,158.9250030517578,6848400,,,2.0,317.0,319.0,314.959991,317.850006
PANW,2024-05-20,159.25,162.33999633789062,157.2899932861328,161.88499450683594,161.88499450683594,15994000,,,2.0,318.5,324.679993,314.579987,323.769989
PANW,2024-05-21,150.5800018310547,159.25,150.0,155.8300018310547,155.8300018310547,27524800,,,2.0,301.160004,318.5,300.0,311.660004
PANW,2024-05-22,156.0449981689453,156.72500610351562,151.60000610351562,154.2899932861328,154.2899932861328,9065200,,,2.0,312.089996,313.450012,303.200012,308.579987
PANW,2024-05-23,154.88999938964844,157.22000122070312,152.25,155.72000122070312,155.72000122070312,7791200,,,2.0,309.779999,314.440002,304.5,311.440002
PANW,2024-05-24,155.75,161.55499267578125,155.5,160.8000030517578,160.8000030517578,9430000,,,2.0,311.5,323.109985,311.0,321.600006
PANW,2024-05-28,160.0500030517578,160.9250030517578,153.53500366210938,154.0050048828125,154.0050048828125,9216000,,,2.0,320.100006,321.850006,307.070007,308.01001
PANW,2024-05-29,152.8699951171875,155.16000366210938,152.1999969482422,153.4499969482422,153.4499969482422,5270000,,,2.0,305.73999,310.320007,304.399994,306.899994
PANW,2024-05-30,152.0,152.1750030517578,145.5800018310547,146.58999633789062,146.58999633789062,9230400,,,2.0,304.0,304.350006,291.160004,293.179993
PANW,2024-05-31,148.75,149.6300048828125,143.2899932861328,147.4550018310547,147.4550018310547,14804600,,,2.0,297.5,299.26001,286.579987,294.910004
PANW,2024-06-03,148.2100067138672,148.5,145.56500244140625,147.24000549316406,147.24000549316406,4701000,,,2.0,296.420013,297.0,291.130005,294.480011
PANW,2024-06-04,147.25,147.89500427246094,144.4550018310547,145.0449981689453,145.0449981689453,5347200,,,2.0,294.5,295.790009,288.910004,290.089996
PANW,2024-06-05,148.11500549316406,148.47500610351562,145.25,147.7050018310547,147.7050018310547,7476800,,,2.0,296.230011,296.950012,290.5,295.410004
PANW,2024-06-06,147.55999755859375,150.3300018310547,147.375,147.96499633789062,147.96499633789062,5059800,,,2.0,295.119995,300.660004,294.75,295.929993
PANW,2024-06-07,148.25,151.47500610351562,147.59500122070312,150.9499969482422,150.9499969482422,5216000,,,2.0,296.5,302.950012,295.190002,301.899994
PANW,2024-06-10,149.72999572753906,154.72999572753906,149.35000610351562,154.52499389648438,154.52499389648438,5781600,,,2.0,299.459991,309.459991,298.700012,309.049988
PANW,2024-06-11,154.33999633789062,157.3000030517578,153.44000244140625,156.47500610351562,156.47500610351562,5524600,,,2.0,308.679993,314.600006,306.880005,312.950012
PANW,2024-06-12,157.5,160.0500030517578,155.82000732421875,159.89500427246094,159.89500427246094,4926200,,,2.0,315.0,320.100006,311.640015,319.790009
PANW,2024-06-13,160.0,162.2449951171875,157.67999267578125,159.8300018310547,159.8300018310547,5944600,,,2.0,320.0,324.48999,315.359985,319.660004
PANW,2024-06-14,159.8300018310547,161.30999755859375,157.5050048828125,158.65499877929688,158.65499877929688,4971800,,,2.0,319.660004,322.619995,315.01001,317.309998
PANW,2024-06-17,158.0050048828125,160.5850067138672,155.94000244140625,159.7949981689453,159.7949981689453,5081000,,,2.0,316.01001,321.170013,311.880005,319.589996
PANW,2024-06-18,160.0050048828125,160.57000732421875,157.92999267578125,158.50999450683594,158.50999450683594,4121400,,,2.0,320.01001,321.140015,315.859985,317.019989
PANW,2024-06-20,159.74000549316406,160.5500030517578,154.625,155.52000427246094,155.52000427246094,6281000,,,2.0,319.480011,321.100006,309.25,311.040009
PANW,2024-06-21,157.9199981689453,160.69500732421875,156.1300048828125,160.1649932861328,160.1649932861328,14353600,,,2.0,315.839996,321.390015,312.26001,320.329987
PANW,2024-06-24,159.3699951171875,163.39999389648438,157.8699951171875,158.33999633789062,158.33999633789062,6381400,,,2.0,318.73999,326.799988,315.73999,316.679993
PANW,2024-06-25,158.67999267578125,163.19500732421875,158.0,161.33999633789062,161.33999633789062,5125800,,,2.0,317.359985,326.390015,316.0,322.679993
PANW,2024-06-26,161.0,163.69000244140625,159.89999389648438,162.6300048828125,162.6300048828125,4249600,,,2.0,322.0,327.380005,319.799988,325.26001
PANW,2024-06-27,165.0,172.7050018310547,164.57000732421875,170.41000366210938,170.41000366210938,11299200,,,2.0,330.0,345.410004,329.140015,340.820007
PANW,2024-06-28,170.0,172.9499969482422,168.68499755859375,169.5050048828125,169.5050048828125,8344600,,,2.0,340.0,345.899994,337.369995,339.01001
PANW,2024-07-01,169.0,171.26499938964844,165.74000549316406,170.4499969482422,170.4499969482422,4766800,,,2.0,338.0,342.529999,331.480011,340.899994
PANW,2024-07-02,169.68499755859375,171.40499877929688,168.03500366210938,170.22000122070312,170.22000122070312,4240400,,,2.0,339.369995,342.809998,336.070007,340.440002
PANW,2024-07-03,169.72500610351562,171.22000122070312,169.24000549316406,170.60000610351562,170.60000610351562,2045200,,,2.0,339.450012,342.440002,338.480011,341.200012
PANW,2024-07-05,170.49000549316406,172.77499389648438,169.15499877929688,171.0449981689453,171.0449981689453,4140800,,,2.0,340.980011,345.549988,338.309998,342.089996
PANW,2024-07-08,170.0800018310547,170.97500610351562,164.6649932861328,168.82000732421875,168.82000732421875,5856200,,,2.0,340.160004,341.950012,329.329987,337.640015
PANW,2024-07-09,169.5,169.5,166.06500244140625,168.08999633789062,168.08999633789062,3592600,,,2.0,339.0,339.0,332.130005,336.179993
PANW,2024-07-10,168.5,169.0050048828125,165.0800018310547,168.52999877929688,168.52999877929688,4091400,,,2.0,337.0,338.01001,330.160004,337.059998
PANW,2024-07-11,168.51499938964844,170.625,164.55999755859375,165.52000427246094,165.52000427246094,5553400,,,2.0,337.029999,341.25,329.119995,331.040009
PANW,2024-07-12,166.0050048828125,169.10000610351562,165.63999938964844,168.25,168.25,3581200,,,2.0,332.01001,338.200012,331.279999,336.5
PANW,2024-07-15,166.39500427246094,171.84500122070312,164.625,170.4550018310547,170.4550018310547,5101000,,,2.0,332.790009,343.690002,329.25,340.910004
PANW,2024-07-16,170.3000030517578,170.84500122070312,167.7550048828125,169.25,169.25,3184000,,,2.0,340.600006,341.690002,335.51001,338.5
PANW,2024-07-17,167.4550018310547,167.93499755859375,163.81500244140625,166.07000732421875,166.07000732421875,4625600,,,2.0,334.910004,335.869995,327.630005,332.140015
PANW,2024-07-18,164.63499450683594,165.5,160.1300048828125,161.94000244140625,161.94000244140625,5020200,,,2.0,329.269989,331.0,320.26001,323.880005
PANW,2024-07-19,165.97999572753906,168.4499969482422,163.01499938964844,165.44500732421875,165.44500732421875,6454800,,,2.0,331.959991,336.899994,326.029999,330.890015
PANW,2024-07-22,167.22500610351562,169.43499755859375,164.44000244140625,166.85000610351562,166.85000610351562,5970400,,,2.0,334.450012,338.869995,328.880005,333.700012
PANW,2024-07-23,167.4949951171875,170.44500732421875,166.3249969482422,167.77999877929688,167.77999877929688,5494200,,,2.0,334.98999,340.890015,332.649994,335.559998
PANW,2024-07-24,167.0,168.13499450683594,161.5,162.1199951171875,162.1199951171875,4984200,,,2.0,334.0,336.269989,323.0,324.23999
PANW,2024-07-25,163.27999877929688,164.4250030517578,159.36500549316406,160.06500244140625,160.06500244140625,4743200,,,2.0,326.559998,328.850006,318.730011,320.130005
PANW,2024-07-26,161.61500549316406,164.5800018310547,160.63499450683594,163.40499877929688,163.40499877929688,3418800,,,2.0,323.230011,329.160004,321.269989,326.809998
PANW,2024-07-29,163.75,164.36500549316406,160.6999969482422,161.02999877929688,161.02999877929688,3124600,,,2.0,327.5,328.730011,321.399994,322.059998
PANW,2024-07-30,162.6199951171875,163.4149932861328,157.5050048828125,158.7550048828125,158.7550048828125,5412400,,,2.0,325.23999,326.829987,315.01001,317.51001
PANW,2024-07-31,160.3249969482422,163.30999755859375,158.125,162.36500549316406,162.36500549316406,4082400,,,2.0,320.649994,326.619995,316.25,324.730011
PANW,2024-08-01,161.7050018310547,162.82000732421875,156.18499755859375,157.80999755859375,157.80999755859375,6717600,,,2.0,323.410004,325.640015,312.369995,315.619995
PANW,2024-08-02,152.9600067138672,154.5,149.77499389648438,152.8000030517578,152.8000030517578,7049200,,,2.0,305.920013,309.0,299.549988,305.600006
PANW,2024-08-05,143.60499572753906,150.6999969482422,142.00999450683594,147.08999633789062,147.08999633789062,8960400,,,2.0,287.209991,301.399994,284.019989,294.179993
PANW,2024-08-06,150.05999755859375,152.6699981689453,147.4250030517578,150.96499633789062,150.96499633789062,6441600,,,2.0,300.119995,305.339996,294.850006,301.929993
PANW,2024-08-07,155.5749969482422,157.38999938964844,152.0850067138672,152.10499572753906,152.10499572753906,7132400,,,2.0,311.149994,314.779999,304.170013,304.209991
PANW,2024-08-08,155.85000610351562,158.90499877929688,153.1750030517578,158.68499755859375,158.68499755859375,4438600,,,2.0,311.700012,317.809998,306.350006,317.369995
PANW,2024-08-09,159.0800018310547,166.57000732421875,158.7449951171875,165.74000549316406,165.74000549316406,5640200,,,2.0,318.160004,333.140015,317.48999,331.480011
PANW,2024-08-12,165.3350067138672,166.21499633789062,162.5749969482422,165.5500030517578,165.5500030517578,4079200,,,2.0,330.670013,332.429993,325.149994,331.100006
PANW,2024-08-13,165.6750030517578,168.0399932861328,165.25999450683594,166.61500549316406,166.61500549316406,6996200,,,2.0,331.350006,336.079987,330.519989,333.230011
PANW,2024-08-14,167.9949951171875,172.1649932861328,167.7550048828125,169.9550018310547,169.9550018310547,5346600,,,2.0,335.98999,344.329987,335.51001,339.910004
PANW,2024-08-15,170.2550048828125,172.88999938964844,170.0449981689453,171.63499450683594,171.63499450683594,6358600,,,2.0,340.51001,345.779999,340.089996,343.269989
PANW,2024-08-16,169.24000549316406,170.06500244140625,166.36000061035156,167.05499267578125,167.05499267578125,9066800,,,2.0,338.480011,340.130005,332.720001,334.109985
PANW,2024-08-19,168.0,172.24000549316406,167.55499267578125,171.67999267578125,171.67999267578125,16124600,,,2.0,336.0,344.480011,335.109985,343.359985
PANW,2024-08-20,174.34500122070312,187.68499755859375,174.0,184.0050048828125,184.0050048828125,25706000,,,2.0,348.690002,375.369995,348.0,368.01001
PANW,2024-08-21,182.15499877929688,184.2949981689453,179.26499938964844,179.875,179.875,10018600,,,2.0,364.309998,368.589996,358.529999,359.75
PANW,2024-08-22,179.6750030517578,179.67999267578125,174.4149932861328,174.74000549316406,174.74000549316406,6149200,,,2.0,359.350006,359.359985,348.829987,349.480011
PANW,2024-08-23,175.60000610351562,177.57000732421875,173.11500549316406,175.375,175.375,7013400,,,2.0,351.200012,355.140015,346.230011,350.75
PANW,2024-08-26,174.86500549316406,177.32000732421875,172.73500061035156,173.55999755859375,173.55999755859375,6962800,,,2.0,349.730011,354.640015,345.470001,347.119995
PANW,2024-08-27,172.125,175.6699981689453,171.67999267578125,175.09500122070312,175.09500122070312,3473000,,,2.0,344.25,351.339996,343.359985,350.190002
PANW,2024-08-28,174.73500061035156,176.38999938964844,173.0399932861328,175.22000122070312,175.22000122070312,3306600,,,2.0,349.470001,352.779999,346.079987,350.440002
PANW,2024-08-29,176.4600067138672,183.02499389648438,176.11000061035156,179.10499572753906,179.10499572753906,5457000,,,2.0,352.920013,366.049988,352.220001,358.209991
PANW,2024-08-30,179.2100067138672,181.48500061035156,177.28500366210938,181.36000061035156,181.36000061035156,5977200,,,2.0,358.420013,362.970001,354.570007,362.720001
PANW,2024-09-03,179.77499389648438,182.75,176.47500610351562,177.53500366210938,177.53500366210938,5231600,,,2.0,359.549988,365.5,352.950012,355.070007
PANW,2024-09-04,171.64999389648438,174.02000427246094,169.0449981689453,173.0749969482422,173.0749969482422,6138400,,,2.0,343.299988,348.040009,338.089996,346.149994
PANW,2024-09-05,171.6750030517578,172.92999267578125,169.53500366210938,171.8699951171875,171.8699951171875,3379000,,,2.0,343.350006,345.859985,339.070007,343.73999
PANW,2024-09-06,172.5,173.51499938964844,166.9199981689453,167.91000366210938,167.91000366210938,4735200,,,2.0,345.0,347.029999,333.839996,335.820007
PANW,2024-09-09,169.4199981689453,172.46499633789062,168.8249969482422,172.02499389648438,172.02499389648438,4788600,,,2.0,338.839996,344.929993,337.649994,344.049988
PANW,2024-09-10,173.5,174.05499267578125,170.03500366210938,173.7899932861328,173.7899932861328,4959800,,,2.0,347.0,348.109985,340.070007,347.579987
PANW,2024-09-11,173.24000549316406,173.24000549316406,166.35000610351562,170.88499450683594,170.88499450683594,6914000,,,2.0,346.480011,346.480011,332.700012,341.769989
PANW,2024-09-12,172.0050048828125,173.1999969482422,170.64999389648438,172.5800018310547,172.5800018310547,3515800,,,2.0,344.01001,346.399994,341.299988,345.160004
PANW,2024-09-13,172.5800018310547,176.3000030517578,172.23500061035156,173.4499969482422,173.4499969482422,3052600,,,2.0,345.160004,352.600006,344.470001,346.899994
PANW,2024-09-16,173.2899932861328,174.63499450683594,171.4600067138672,173.05499267578125,173.05499267578125,3393200,,,2.0,346.579987,349.269989,342.920013,346.109985
PANW,2024-09-17,173.60499572753906,173.97000122070312,168.13499450683594,168.96499633789062,168.96499633789062,4998800,,,2.0,347.209991,347.940002,336.269989,337.929993
PANW,2024-09-18,168.47000122070312,168.875,164.36000061035156,164.875,164.875,5707400,,,2.0,336.940002,337.75,328.720001,329.75
PANW,2024-09-19,168.9499969482422,169.58999633789062,166.1999969482422,166.8000030517578,166.8000030517578,4807600,,,2.0,337.899994,339.179993,332.399994,333.600006
PANW,2024-09-20,166.5,170.52499389648438,166.1649932861328,170.05999755859375,170.05999755859375,7552600,,,2.0,333.0,341.049988,332.329987,340.119995
PANW,2024-09-23,169.82000732421875,172.6750030517578,168.5850067138672,172.0850067138672,172.0850067138672,4410400,,,2.0,339.640015,345.350006,337.170013,344.170013
PANW,2024-09-24,172.52000427246094,172.93499755859375,169.2550048828125,171.75999450683594,171.75999450683594,4521000,,,2.0,345.040009,345.869995,338.51001,343.519989
PANW,2024-09-25,171.71499633789062,172.5,169.17999267578125,170.2550048828125,170.2550048828125,3576600,,,2.0,343.429993,345.0,338.359985,340.51001
PANW,2024-09-26,171.77499389648438,172.13499450683594,167.64999389648438,169.36500549316406,169.36500549316406,5054400,,,2.0,343.549988,344.269989,335.299988,338.730011
PANW,2024-09-27,169.43499755859375,169.97999572753906,167.25,167.875,167.875,3519200,,,2.0,338.869995,339.959991,334.5,335.75
PANW,2024-09-30,167.5850067138672,171.71499633789062,167.5,170.89999389648438,170.89999389648438,5139800,,,2.0,335.170013,343.429993,335.0,341.799988
PANW,2024-10-01,170.8000030517578,170.88999938964844,164.125,164.64500427246094,164.64500427246094,5406000,,,2.0,341.600006,341.779999,328.25,329.290009
PANW,2024-10-02,165.27499389648438,168.80999755859375,164.27499389648438,166.06500244140625,166.06500244140625,4105200,,,2.0,330.549988,337.619995,328.549988,332.130005
PANW,2024-10-03,164.97999572753906,168.34500122070312,164.4550018310547,167.97000122070312,167.97000122070312,4020600,,,2.0,329.959991,336.690002,328.910004,335.940002
PANW,2024-10-04,171.0,171.47999572753906,167.7949981689453,171.17999267578125,171.17999267578125,4072800,,,2.0,342.0,342.959991,335.589996,342.359985
PANW,2024-10-07,170.30999755859375,172.77999877929688,168.40499877929688,168.97000122070312,168.97000122070312,4799200,,,2.0,340.619995,345.559998,336.809998,337.940002
PANW,2024-10-08,172.6999969482422,178.5,172.5,177.56500244140625,177.56500244140625,6637000,,,2.0,345.399994,357.0,345.0,355.130005
PANW,2024-10-09,177.56500244140625,181.77999877929688,177.5,181.43499755859375,181.43499755859375,4918400,,,2.0,355.130005,363.559998,355.0,362.869995
PANW,2024-10-10,180.0,184.89500427246094,180.0,184.6999969482422,184.6999969482422,4452400,,,2.0,360.0,369.790009,360.0,369.399994
PANW,2024-10-11,184.5050048828125,189.1649932861328,184.47500610351562,186.60000610351562,186.60000610351562,4596000,,,2.0,369.01001,378.329987,368.950012,373.200012
PANW,2024-10-14,188.4949951171875,188.56500244140625,184.89500427246094,186.9550018310547,186.9550018310547,2989800,,,2.0,376.98999,377.130005,369.790009,373.910004
PANW,2024-10-15,186.52499389648438,188.16000366210938,185.0050048828125,187.22000122070312,187.22000122070312,7458000,,,2.0,373.049988,376.320007,370.01001,374.440002
PANW,2024-10-16,187.22000122070312,187.27000427246094,183.7050018310547,186.61500549316406,186.61500549316406,6166800,,,2.0,374.440002,374.540009,367.410004,373.230011
PANW,2024-10-17,186.0,189.86500549316406,185.1649932861328,188.0749969482422,188.0749969482422,3095200,,,2.0,372.0,379.730011,370.329987,376.149994
PANW,2024-10-18,186.60499572753906,188.0,186.32000732421875,187.4149932861328,187.4149932861328,2900000,,,2.0,373.209991,376.0,372.640015,374.829987
PANW,2024-10-21,187.48500061035156,192.0,186.51499938964844,189.2050018310547,189.2050018310547,4362600,,,2.0,374.970001,384.0,373.029999,378.410004
PANW,2024-10-22,187.36000061035156,189.63499450683594,185.65499877929688,188.0500030517578,188.0500030517578,3167400,,,2.0,374.720001,379.269989,371.309998,376.100006
PANW,2024-10-23,186.77999877929688,187.0749969482422,178.7899932861328,179.09500122070312,179.09500122070312,5402200,,,2.0,373.559998,374.149994,357.579987,358.190002
PANW,2024-10-24,180.35499572753906,183.2550048828125,180.0749969482422,182.2899932861328,182.2899932861328,2969800,,,2.0,360.709991,366.51001,360.149994,364.579987
PANW,2024-10-25,183.86500549316406,186.1999969482422,182.8699951171875,183.22000122070312,183.22000122070312,2694400,,,2.0,367.730011,372.399994,365.73999,366.440002
PANW,2024-10-28,184.0,184.4550018310547,180.71499633789062,181.1750030517578,181.1750030517578,3126600,,,2.0,368.0,368.910004,361.429993,362.350006
PANW,2024-10-29,180.88499450683594,183.73500061035156,178.89500427246094,182.69500732421875,182.69500732421875,4410200,,,2.0,361.769989,367.470001,357.790009,365.390015
PANW,2024-10-30,182.1699981689453,183.94000244140625,179.34500122070312,179.7550048828125,179.7550048828125,2940400,,,2.0,364.339996,367.880005,358.690002,359.51001
PANW,2024-10-31,182.33999633789062,184.69000244140625,179.10000610351562,180.1649932861328,180.1649932861328,4064000,,,2.0,364.679993,369.380005,358.200012,360.329987
PANW,2024-11-01,179.51499938964844,182.88499450683594,178.5500030517578,181.32000732421875,181.32000732421875,5851800,,,2.0,359.029999,365.769989,357.100006,362.640015
PANW,2024-11-04,180.3249969482422,181.94000244140625,178.0,180.55999755859375,180.55999755859375,3064800,,,2.0,360.649994,363.880005,356.0,361.119995
PANW,2024-11-05,182.2449951171875,184.2449951171875,181.10000610351562,183.14500427246094,183.14500427246094,2707400,,,2.0,364.48999,368.48999,362.200012,366.290009
PANW,2024-11-06,189.0,193.10000610351562,188.0,192.58999633789062,192.58999633789062,5031400,,,2.0,378.0,386.200012,376.0,385.179993
PANW,2024-11-07,189.2949981689453,193.60499572753906,188.11000061035156,193.5,193.5,4210600,,,2.0,378.589996,387.209991,376.220001,387.0
PANW,2024-11-08,194.5,196.60499572753906,192.13499450683594,195.6999969482422,195.6999969482422,4116600,,,2.0,389.0,393.209991,384.269989,391.399994
PANW,2024-11-11,197.8300018310547,200.34500122070312,196.85000610351562,199.0500030517578,199.0500030517578,3761000,,,2.0,395.660004,400.690002,393.700012,398.100006
PANW,2024-11-12,197.8800048828125,199.65499877929688,196.98500061035156,199.00999450683594,199.00999450683594,3702800,,,2.0,395.76001,399.309998,393.970001,398.019989
PANW,2024-11-13,199.63999938964844,204.26499938964844,198.65499877929688,201.17999267578125,201.17999267578125,3929400,,,2.0,399.279999,408.529999,397.309998,402.359985
PANW,2024-11-14,201.05499267578125,201.5800018310547,197.01499938964844,197.19500732421875,197.19500732421875,4857800,,,2.0,402.109985,403.160004,394.029999,394.390015
PANW,2024-11-15,194.72000122070312,196.25,192.78500366210938,193.5,193.5,4408200,,,2.0,389.440002,392.5,385.570007,387.0
PANW,2024-11-18,196.5,196.69000244140625,192.86500549316406,193.4149932861328,193.4149932861328,4464600,,,2.0,393.0,393.380005,385.730011,386.829987
PANW,2024-11-19,192.60000610351562,194.51499938964844,191.51499938964844,194.02999877929688,194.02999877929688,4756400,,,2.0,385.200012,389.029999,383.029999,388.059998
PANW,2024-11-20,194.77999877929688,197.4550018310547,191.96499633789062,196.44500732421875,196.44500732421875,11057200,,,2.0,389.559998,394.910004,383.929993,392.890015
PANW,2024-11-21,193.10000610351562,202.0,190.27499389648438,198.85000610351562,198.85000610351562,14867600,,,2.0,386.200012,404.0,380.549988,397.700012
PANW,2024-11-22,196.31500244140625,197.0050048828125,187.60000610351562,191.67999267578125,191.67999267578125,12644800,,,2.0,392.630005,394.01001,375.200012,383.359985
PANW,2024-11-25,193.97999572753906,198.0800018310547,191.5850067138672,193.19000244140625,193.19000244140625,8691800,,,2.0,387.959991,396.160004,383.170013,386.380005
PANW,2024-11-26,194.72000122070312,198.61000061035156,194.31500244140625,198.1999969482422,198.1999969482422,5721200,,,2.0,389.440002,397.220001,388.630005,396.399994
PANW,2024-11-27,196.85499572753906,196.96499633789062,191.38499450683594,192.18499755859375,192.18499755859375,9251800,,,2.0,393.709991,393.929993,382.769989,384.369995
PANW,2024-11-29,193.125,194.61000061035156,191.72999572753906,193.91000366210938,193.91000366210938,2086600,,,2.0,386.25,389.220001,383.459991,387.820007
PANW,2024-12-02,195.1199951171875,196.15499877929688,193.25999450683594,195.0850067138672,195.0850067138672,4649200,,,2.0,390.23999,392.309998,386.519989,390.170013
PANW,2024-12-03,194.03500366210938,197.875,193.42999267578125,196.2949981689453,196.2949981689453,5162400,,,2.0,388.070007,395.75,386.859985,392.589996
PANW,2024-12-04,198.22999572753906,203.38999938964844,196.3000030517578,202.2899932861328,202.2899932861328,5430600,,,2.0,396.459991,406.779999,392.600006,404.579987
PANW,2024-12-05,202.0,203.75,200.78500366210938,201.51499938964844,201.51499938964844,3390000,,,2.0,404.0,407.5,401.570007,403.029999
PANW,2024-12-06,202.5749969482422,204.5800018310547,201.30999755859375,202.9499969482422,202.9499969482422,3959200,,,2.0,405.149994,409.160004,402.619995,405.899994
PANW,2024-12-09,203.5,205.11500549316406,194.06500244140625,194.47000122070312,194.47000122070312,5073400,,,2.0,407.0,410.230011,388.130005,388.940002
PANW,2024-12-10,195.75999450683594,198.22000122070312,193.86500549316406,194.8800048828125,194.8800048828125,3492200,,,2.0,391.519989,396.440002,387.730011,389.76001
PANW,2024-12-11,195.31500244140625,199.4250030517578,195.31500244140625,199.2100067138672,199.2100067138672,3376400,,,2.0,390.630005,398.850006,390.630005,398.420013
PANW,2024-12-12,198.5500030517578,201.6999969482422,197.75999450683594,200.10499572753906,200.10499572753906,3286000,,,2.0,397.100006,403.399994,395.519989,400.209991
PANW,2024-12-13,200.25,201.25,196.17999267578125,196.55999755859375,196.55999755859375,3848800,,,2.0,400.5,402.5,392.359985,393.119995
PANW,2024-12-16,198.14999389648438,203.0,195.5,202.5,202.5,6087000,,2:1,1.0,198.149994,203.0,195.5,202.5
PANW,2024-12-17,202.3300018310547,207.24000549316406,199.0,201.24000549316406,201.24000549316406,5429900,,,1.0,202.330002,207.240005,199.0,201.240005
PANW,2024-12-18,201.0,202.0,186.5399932861328,188.75999450683594,188.75999450683594,6397500,,,1.0,201.0,202.0,186.539993,188.759995
PANW,2024-12-19,194.44000244140625,195.3000030517578,188.5,189.36000061035156,189.36000061035156,5486000,,,1.0,194.440002,195.300003,188.5,189.360001
PANW,2024-12-20,186.5800018310547,192.86000061035156,185.00999450683594,186.77999877929688,186.77999877929688,13346400,,,1.0,186.580002,192.860001,185.009995,186.779999
PANW,2024-12-23,187.3000030517578,189.52000427246094,186.5,188.22000122070312,188.22000122070312,3897500,,,1.0,187.300003,189.520004,186.5,188.220001
PANW,2024-12-24,187.94000244140625,189.50999450683594,186.64999389648438,189.50999450683594,189.50999450683594,1471000,,,1.0,187.940002,189.509995,186.649994,189.509995
PANW,2024-12-26,188.50999450683594,189.47999572753906,187.6300048828125,188.5,188.5,2113200,,,1.0,188.509995,189.479996,187.630005,188.5
PANW,2024-12-27,186.3699951171875,187.00999450683594,183.1999969482422,186.17999267578125,186.17999267578125,2911300,,,1.0,186.369995,187.009995,183.199997,186.179993
PANW,2024-12-30,183.80999755859375,185.61000061035156,181.89999389648438,184.1999969482422,184.1999969482422,2737900,,,1.0,183.809998,185.610001,181.899994,184.199997
PANW,2024-12-31,185.3800048828125,185.80999755859375,181.25999450683594,181.9600067138672,181.9600067138672,3270100,,,1.0,185.380005,185.809998,181.259995,181.960007
PANW,2025-01-02,184.5,184.6300048828125,178.82000732421875,180.74000549316406,180.74000549316406,4537600,,,1.0,184.5,184.630005,178.820007,180.740005
PANW,2025-01-03,181.25999450683594,184.8000030517578,180.41000366210938,183.25,183.25,4274500,,,1.0,181.259995,184.800003,180.410004,183.25
PANW,2025-01-06,182.35000610351562,182.7899932861328,176.64999389648438,179.5,179.5,7109500,,,1.0,182.350006,182.789993,176.649994,179.5
PANW,2025-01-07,177.52000427246094,178.1699981689453,173.17999267578125,175.50999450683594,175.50999450683594,6492400,,,1.0,177.520004,178.169998,173.179993,175.509995
PANW,2025-01-08,169.3800048828125,173.11000061035156,167.25999450683594,172.8300018310547,172.8300018310547,11015200,,,1.0,169.380005,173.110001,167.259995,172.830002
PANW,2025-01-10,171.8000030517578,175.24000549316406,171.19000244140625,173.4199981689453,173.4199981689453,5727200,,,1.0,171.800003,175.240005,171.190002,173.419998
PANW,2025-01-13,169.77000427246094,170.52999877929688,166.2100067138672,167.82000732421875,167.82000732421875,7402300,,,1.0,169.770004,170.529999,166.210007,167.820007
PANW,2025-01-14,168.3000030517578,170.66000366210938,166.39999389648438,170.5800018310547,170.5800018310547,4914900,,,1.0,168.300003,170.660004,166.399994,170.580002
PANW,2025-01-15,173.3300018310547,175.9499969482422,172.7899932861328,174.19000244140625,174.19000244140625,7705800,,,1.0,173.330002,175.949997,172.789993,174.190002
PANW,2025-01-16,176.0,178.9499969482422,173.5800018310547,177.1699981689453,177.1699981689453,6635600,,,1.0,176.0,178.949997,173.580002,177.169998
PANW,2025-01-17,181.1199951171875,181.35000610351562,177.0,177.11000061035156,177.11000061035156,5500400,,,1.0,181.119995,181.350006,177.0,177.110001
PANW,2025-01-21,181.08999633789062,186.14999389648438,180.52999877929688,183.50999450683594,183.50999450683594,6421700,,,1.0,181.089996,186.149994,180.529999,183.509995
PANW,2025-01-22,185.27999877929688,188.97000122070312,182.57000732421875,187.6999969482422,187.6999969482422,5517900,,,1.0,185.279999,188.970001,182.570007,187.699997
PANW,2025-01-23,187.02000427246094,187.75,185.0399932861328,187.32000732421875,187.32000732421875,5490900,,,1.0,187.020004,187.75,185.039993,187.320007
PANW,2025-01-24,187.8300018310547,190.92999267578125,186.8699951171875,187.6999969482422,187.6999969482422,3093900,,,1.0,187.830002,190.929993,186.869995,187.699997
PANW,2025-01-27,185.08999633789062,192.42999267578125,183.55999755859375,189.3000030517578,189.3000030517578,6113100,,,1.0,185.089996,192.429993,183.559998,189.300003
PANW,2025-01-28,188.66000366210938,197.74000549316406,186.57000732421875,192.94000244140625,192.94000244140625,8753500,,,1.0,188.660004,197.740005,186.570007,192.940002
PANW,2025-01-29,192.94000244140625,193.00999450683594,185.05999755859375,185.4199981689453,185.4199981689453,6847800,,,1.0,192.940002,193.009995,185.059998,185.419998
PANW,2025-01-30,186.0399932861328,189.13999938964844,185.64999389648438,187.4199981689453,187.4199981689453,4451200,,,1.0,186.039993,189.139999,185.649994,187.419998
PANW,2025-01-31,188.8300018310547,189.16000366210938,184.3699951171875,184.4199981689453,184.4199981689453,4824300,,,1.0,188.830002,189.160004,184.369995,184.419998
PANW,2025-02-03,181.55999755859375,184.24000549316406,180.1199951171875,182.7899932861328,182.7899932861328,6448300,,,1.0,181.559998,184.240005,180.119995,182.789993
PANW,2025-02-04,181.30999755859375,184.89999389648438,180.92999267578125,183.39999389648438,183.39999389648438,5554000,,,1.0,181.309998,184.899994,180.929993,183.399994
PANW,2025-02-05,183.94000244140625,187.11000061035156,183.0500030517578,186.85000610351562,186.85000610351562,3821200,,,1.0,183.940002,187.110001,183.050003,186.850006
PANW,2025-02-06,187.7100067138672,188.97000122070312,186.3800048828125,187.3699951171875,187.3699951171875,3634100,,,1.0,187.710007,188.970001,186.380005,187.369995
PANW,2025-02-07,191.22999572753906,197.66000366210938,191.0,193.94000244140625,193.94000244140625,6345800,,,1.0,191.229996,197.660004,191.0,193.940002
PANW,2025-02-10,196.5,198.74000549316406,195.5,196.39999389648438,196.39999389648438,5113200,,,1.0,196.5,198.740005,195.5,196.399994
PANW,2025-02-11,198.14999389648438,199.17999267578125,194.39999389648438,195.49000549316406,195.49000549316406,5664800,,,1.0,198.149994,199.179993,194.399994,195.490005
PANW,2025-02-12,194.0,197.3300018310547,191.82000732421875,196.72999572753906,196.72999572753906,4172500,,,1.0,194.0,197.330002,191.820007,196.729996
PANW,2025-02-13,199.16000366210938,202.41000366210938,195.35000610351562,201.8800048828125,201.8800048828125,13223000,,,1.0,199.160004,202.410004,195.350006,201.880005
PANW,2025-02-14,192.0,201.3300018310547,188.75,200.02999877929688,200.02999877929688,13989000,,,1.0,192.0,201.330002,188.75,200.029999
PANW,2025-02-18,197.6999969482422,208.35000610351562,197.6999969482422,208.27999877929688,208.27999877929688,9069300,,,1.0,197.699997,208.350006,197.699997,208.279999
PANW,2025-02-19,208.19000244140625,208.38999938964844,202.77000427246094,205.19000244140625,205.19000244140625,5626800,,,1.0,208.190002,208.389999,202.770004,205.190002
PANW,2025-02-20,203.8300018310547,203.97000122070312,194.8300018310547,198.80999755859375,198.80999755859375,5878700,,,1.0,203.830002,203.970001,194.830002,198.809998
PANW,2025-02-21,199.1199951171875,199.25999450683594,190.25999450683594,191.02999877929688,191.02999877929688,5457100,,,1.0,199.119995,199.259995,190.259995,191.029999
PANW,2025-02-24,191.64999389648438,193.0,188.0,190.38999938964844,190.38999938964844,4142300,,,1.0,191.649994,193.0,188.0,190.389999
PANW,2025-02-25,189.2899932861328,189.74000549316406,184.64999389648438,188.00999450683594,188.00999450683594,5474800,,,1.0,189.289993,189.740005,184.649994,188.009995
PANW,2025-02-26,189.3699951171875,192.30999755859375,188.4499969482422,189.5500030517578,189.5500030517578,2646000,,,1.0,189.369995,192.309998,188.449997,189.550003
PANW,2025-02-27,191.3800048828125,193.39999389648438,186.6999969482422,187.5,187.5,4714100,,,1.0,191.380005,193.399994,186.699997,187.5
PANW,2025-02-28,187.88999938964844,191.00999450683594,187.38999938964844,190.42999267578125,190.42999267578125,5190500,,,1.0,187.889999,191.009995,187.389999,190.429993
PANW,2025-03-03,191.5,193.66000366210938,182.25999450683594,183.67999267578125,183.67999267578125,5120800,,,1.0,191.5,193.660004,182.259995,183.679993
PANW,2025-03-04,182.2899932861328,186.58999633789062,178.89999389648438,184.3800048828125,184.3800048828125,5197400,,,1.0,182.289993,186.589996,178.899994,184.380005
PANW,2025-03-05,182.4499969482422,185.27000427246094,180.1199951171875,184.27999877929688,184.27999877929688,4539200,,,1.0,182.449997,185.270004,180.119995,184.279999
PANW,2025-03-06,180.3000030517578,184.1300048828125,178.5399932861328,179.3300018310547,179.3300018310547,4292600,,,1.0,180.300003,184.130005,178.539993,179.330002
PANW,2025-03-07,177.9199981689453,182.0,173.88999938964844,180.92999267578125,180.92999267578125,4808100,,,1.0,177.919998,182.0,173.889999,180.929993
PANW,2025-03-10,177.60000610351562,177.74000549316406,172.6199951171875,173.8300018310547,173.8300018310547,6307400,,,1.0,177.600006,177.740005,172.619995,173.830002
PANW,2025-03-11,173.7899932861328,182.38999938964844,172.75,178.92999267578125,178.92999267578125,5523700,,,1.0,173.789993,182.389999,172.75,178.929993
PANW,2025-03-12,183.63999938964844,184.16000366210938,178.0,179.47999572753906,179.47999572753906,4472800,,,1.0,183.639999,184.160004,178.0,179.479996
PANW,2025-03-13,178.3800048828125,178.77000427246094,174.30999755859375,176.32000732421875,176.32000732421875,3823700,,,1.0,178.380005,178.770004,174.309998,176.320007
PANW,2025-03-14,178.8699951171875,183.0500030517578,178.49000549316406,182.33999633789062,182.33999633789062,3563600,,,1.0,178.869995,183.050003,178.490005,182.339996
PANW,2025-03-17,183.5,186.16000366210938,182.00999450683594,185.0,185.0,3231100,,,1.0,183.5,186.160004,182.009995,185.0
PANW,2025-03-18,182.9499969482422,184.35000610351562,180.94000244140625,183.10000610351562,183.10000610351562,2790600,,,1.0,182.949997,184.350006,180.940002,183.100006
PANW,2025-03-19,183.10000610351562,189.6699981689453,182.60000610351562,187.5399932861328,187.5399932861328,3476800,,,1.0,183.100006,189.669998,182.600006,187.539993
PANW,2025-03-20,185.58999633789062,188.85000610351562,183.8300018310547,184.00999450683594,184.00999450683594,4395000,,,1.0,185.589996,188.850006,183.830002,184.009995
PANW,2025-03-21,181.72000122070312,183.60000610351562,179.72000122070312,182.32000732421875,182.32000732421875,8565900,,,1.0,181.720001,183.600006,179.720001,182.320007
PANW,2025-03-24,186.0,186.49000549316406,183.86000061035156,184.7899932861328,184.7899932861328,3758100,,,1.0,186.0,186.490005,183.860001,184.789993
PANW,2025-03-25,184.7899932861328,190.10000610351562,184.50999450683594,189.9499969482422,189.9499969482422,5343400,,,1.0,184.789993,190.100006,184.509995,189.949997
PANW,2025-03-26,189.6699981689453,191.0,184.72999572753906,184.9600067138672,184.9600067138672,3409900,,,1.0,189.669998,191.0,184.729996,184.960007
PANW,2025-03-27,182.6999969482422,183.08999633789062,173.55999755859375,174.44000244140625,174.44000244140625,7156300,,,1.0,182.699997,183.089996,173.559998,174.440002
PANW,2025-03-28,173.91000366210938,174.88999938964844,170.77000427246094,172.75999450683594,172.75999450683594,6249900,,,1.0,173.910004,174.889999,170.770004,172.759995
PANW,2025-03-31,169.57000732421875,171.02000427246094,165.8800048828125,170.63999938964844,170.63999938964844,5888600,,,1.0,169.570007,171.020004,165.880005,170.639999
PANW,2025-04-01,168.52000427246094,171.88999938964844,166.8300018310547,171.30999755859375,171.30999755859375,4037300,,,1.0,168.520004,171.889999,166.830002,171.309998
PANW,2025-04-02,168.27000427246094,174.74000549316406,168.27000427246094,173.17999267578125,173.17999267578125,3371800,,,1.0,168.270004,174.740005,168.270004,173.179993
PANW,2025-04-03,165.42999267578125,168.69000244140625,163.19000244140625,165.1699981689453,165.1699981689453,7365400,,,1.0,165.429993,168.690002,163.190002,165.169998
PANW,2025-04-04,158.9600067138672,160.83999633789062,153.38999938964844,153.57000732421875,153.57000732421875,9000500,,,1.0,158.960007,160.839996,153.389999,153.570007
PANW,2025-04-07,147.57000732421875,159.58999633789062,144.14999389648438,152.44000244140625,152.44000244140625,9837900,,,1.0,147.570007,159.589996,144.149994,152.440002
PANW,2025-04-08,157.72000122070312,161.5,150.1199951171875,152.52999877929688,152.52999877929688,13716500,,,1.0,157.720001,161.5,150.119995,152.529999
PANW,2025-04-09,151.6300048828125,174.11000061035156,151.6300048828125,173.02000427246094,173.02000427246094,10513500,,,1.0,151.630005,174.110001,151.630005,173.020004
PANW,2025-04-10,168.92999267578125,170.66000366210938,162.24000549316406,168.27000427246094,168.27000427246094,6465600,,,1.0,168.929993,170.660004,162.240005,168.270004
PANW,2025-04-11,164.74000549316406,168.83999633789062,161.4499969482422,168.33999633789062,168.33999633789062,6302300,,,1.0,164.740005,168.839996,161.449997,168.339996
PANW,2025-04-14,171.66000366210938,173.52999877929688,168.67999267578125,169.97999572753906,169.97999572753906,5103300,,,1.0,171.660004,173.529999,168.679993,169.979996
PANW,2025-04-15,170.5,174.94000244140625,169.97999572753906,173.5500030517578,173.5500030517578,4147500,,,1.0,170.5,174.940002,169.979996,173.550003
PANW,2025-04-16,171.5399932861328,173.85000610351562,167.9199981689453,169.75999450683594,169.75999450683594,5405200,,,1.0,171.539993,173.850006,167.919998,169.759995
PANW,2025-04-17,171.13999938964844,171.3699951171875,167.1300048828125,167.69000244140625,167.69000244140625,4784600,,,1.0,171.139999,171.369995,167.130005,167.690002
PANW,2025-04-21,165.08999633789062,165.9499969482422,157.60000610351562,160.0500030517578,160.0500030517578,4555100,,,1.0,165.089996,165.949997,157.600006,160.050003
PANW,2025-04-22,162.4600067138672,165.36000061035156,160.27000427246094,163.6300048828125,163.6300048828125,4005300,,,1.0,162.460007,165.360001,160.270004,163.630005
PANW,2025-04-23,168.74000549316406,172.52000427246094,167.3300018310547,168.32000732421875,168.32000732421875,4924400,,,1.0,168.740005,172.520004,167.330002,168.320007
PANW,2025-04-24,169.35000610351562,176.4499969482422,169.07000732421875,176.0399932861328,176.0399932861328,4023400,,,1.0,169.350006,176.449997,169.070007,176.039993
PANW,2025-04-25,176.49000549316406,179.5,175.3300018310547,178.97999572753906,178.97999572753906,3536800,,,1.0,176.490005,179.5,175.330002,178.979996
PANW,2025-04-28,178.6199951171875,182.1999969482422,178.08999633789062,181.5399932861328,181.5399932861328,3551900,,,1.0,178.619995,182.199997,178.089996,181.539993
PANW,2025-04-29,182.9600067138672,187.30999755859375,182.10000610351562,186.64999389648438,186.64999389648438,5112300,,,1.0,182.960007,187.309998,182.100006,186.649994
PANW,2025-04-30,184.97999572753906,187.6300048828125,182.3699951171875,186.92999267578125,186.92999267578125,6163200,,,1.0,184.979996,187.630005,182.369995,186.929993
PANW,2025-05-01,188.63999938964844,189.16000366210938,186.02999877929688,186.27000427246094,186.27000427246094,4627100,,,1.0,188.639999,189.160004,186.029999,186.270004
PANW,2025-05-02,190.0,191.6999969482422,187.27000427246094,187.6999969482422,187.6999969482422,3842200,,,1.0,190.0,191.699997,187.270004,187.699997
PANW,2025-05-05,186.0,190.97999572753906,185.47000122070312,188.1300048828125,188.1300048828125,3804300,,,1.0,186.0,190.979996,185.470001,188.130005
PANW,2025-05-06,186.8000030517578,190.27000427246094,186.02000427246094,188.69000244140625,188.69000244140625,3031900,,,1.0,186.800003,190.270004,186.020004,188.690002
PANW,2025-05-07,188.8000030517578,189.30999755859375,186.35000610351562,188.13999938964844,188.13999938964844,3712900,,,1.0,188.800003,189.309998,186.350006,188.139999
PANW,2025-05-08,187.69000244140625,188.97999572753906,184.35000610351562,188.52999877929688,188.52999877929688,3677200,,,1.0,187.690002,188.979996,184.350006,188.529999
PANW,2025-05-09,188.75999450683594,189.7899932861328,184.63999938964844,186.92999267578125,186.92999267578125,3211000,,,1.0,188.759995,189.789993,184.639999,186.929993
PANW,2025-05-12,191.6199951171875,193.6699981689453,189.52000427246094,193.5,193.5,4580800,,,1.0,191.619995,193.669998,189.520004,193.5
PANW,2025-05-13,192.72999572753906,195.4199981689453,191.8800048828125,192.0,192.0,5556500,,,1.0,192.729996,195.419998,191.880005,192.0
PANW,2025-05-14,191.8300018310547,192.1999969482422,189.42999267578125,190.89999389648438,190.89999389648438,5445800,,,1.0,191.830002,192.199997,189.429993,190.899994
PANW,2025-05-15,189.7899932861328,194.19000244140625,189.58999633789062,192.89999389648438,192.89999389648438,5460100,,,1.0,189.789993,194.190002,189.589996,192.899994
PANW,2025-05-16,191.0500030517578,193.7899932861328,190.91000366210938,192.97999572753906,192.97999572753906,4210900,,,1.0,191.050003,193.789993,190.910004,192.979996
PANW,2025-05-19,190.49000549316406,194.39999389648438,190.1699981689453,194.3000030517578,194.3000030517578,4419500,,,1.0,190.490005,194.399994,190.169998,194.300003
PANW,2025-05-20,194.63999938964844,194.92999267578125,192.66000366210938,194.47999572753906,194.47999572753906,9533400,,,1.0,194.639999,194.929993,192.660004,194.479996
PANW,2025-05-21,184.75999450683594,185.3000030517578,178.63999938964844,181.25999450683594,181.25999450683594,19049700,,,1.0,184.759995,185.300003,178.639999,181.259995
PANW,2025-05-22,183.00999450683594,187.64999389648438,182.4600067138672,186.13999938964844,186.13999938964844,7613400,,,1.0,183.009995,187.649994,182.460007,186.139999
PANW,2025-05-23,183.61000061035156,187.64999389648438,183.22000122070312,186.75,186.75,4902900,,,1.0,183.610001,187.649994,183.220001,186.75
PANW,2025-05-27,188.6699981689453,189.10000610351562,186.52999877929688,187.4600067138672,187.4600067138672,5331700,,,1.0,188.669998,189.100006,186.529999,187.460007
PANW,2025-05-28,187.75999450683594,189.83999633789062,187.47000122070312,187.8000030517578,187.8000030517578,3869000,,,1.0,187.759995,189.839996,187.470001,187.800003
PANW,2025-05-29,189.0,189.14999389648438,182.88999938964844,185.82000732421875,185.82000732421875,4498200,,,1.0,189.0,189.149994,182.889999,185.820007
PANW,2025-05-30,187.02000427246094,192.72999572753906,186.72999572753906,192.4199981689453,192.4199981689453,11419700,,,1.0,187.020004,192.729996,186.729996,192.419998
PANW,2025-06-02,192.13999938964844,195.2899932861328,191.47999572753906,194.86000061035156,194.86000061035156,4411500,,,1.0,192.139999,195.289993,191.479996,194.860001
PANW,2025-06-03,195.0,198.4499969482422,194.8800048828125,197.1199951171875,197.1199951171875,4820900,,,1.0,195.0,198.449997,194.880005,197.119995
PANW,2025-06-04,195.22000122070312,197.25,193.47000122070312,194.07000732421875,194.07000732421875,3360600,,,1.0,195.220001,197.25,193.470001,194.070007
PANW,2025-06-05,194.11000061035156,199.5,194.11000061035156,197.11000061035156,197.11000061035156,3544900,,,1.0,194.110001,199.5,194.110001,197.110001
PANW,2025-06-06,199.0,200.8800048828125,198.1999969482422,199.60000610351562,199.60000610351562,3306200,,,1.0,199.0,200.880005,198.199997,199.600006
PANW,2025-06-09,199.0399932861328,199.1999969482422,196.19000244140625,196.3300018310547,196.3300018310547,2566500,,,1.0,199.039993,199.199997,196.190002,196.330002
PANW,2025-06-10,195.64999389648438,197.0399932861328,193.60000610351562,195.9499969482422,195.9499969482422,2971900,,,1.0,195.649994,197.039993,193.600006,195.949997
PANW,2025-06-11,195.7100067138672,197.44000244140625,194.05999755859375,194.38999938964844,194.38999938964844,3463000,,,1.0,195.710007,197.440002,194.059998,194.389999
PANW,2025-06-12,194.57000732421875,199.39999389648438,194.30999755859375,197.6699981689453,197.6699981689453,4159500,,,1.0,194.570007,199.399994,194.309998,197.669998
PANW,2025-06-13,196.3699951171875,199.9499969482422,195.07000732421875,196.27000427246094,196.27000427246094,3818500,,,1.0,196.369995,199.949997,195.070007,196.270004
PANW,2025-06-16,196.85000610351562,199.74000549316406,196.85000610351562,198.11000061035156,198.11000061035156,4138000,,,1.0,196.850006,199.740005,196.850006,198.110001
PANW,2025-06-17,197.99000549316406,202.75,197.5,202.0500030517578,202.0500030517578,4132900,,,1.0,197.990005,202.75,197.5,202.050003
PANW,2025-06-18,202.2899932861328,202.88999938964844,198.8800048828125,199.77999877929688,199.77999877929688,3324500,,,1.0,202.289993,202.889999,198.880005,199.779999
PANW,2025-06-20,201.0500030517578,201.0500030517578,197.7100067138672,199.24000549316406,199.24000549316406,8289200,,,1.0,201.050003,201.050003,197.710007,199.240005
PANW,2025-06-23,199.55999755859375,203.8699951171875,196.0,203.32000732421875,203.32000732421875,4478800,,,1.0,199.559998,203.869995,196.0,203.320007
PANW,2025-06-24,204.0,204.8000030517578,201.4199981689453,201.69000244140625,201.69000244140625,4951800,,,1.0,204.0,204.800003,201.419998,201.690002
PANW,2025-06-25,202.8000030517578,204.80999755859375,202.47999572753906,204.3000030517578,204.3000030517578,3242300,,,1.0,202.800003,204.809998,202.479996,204.300003
PANW,2025-06-26,204.58999633789062,206.74000549316406,201.5399932861328,202.33999633789062,202.33999633789062,5264900,,,1.0,204.589996,206.740005,201.539993,202.339996
PANW,2025-06-27,202.33999633789062,203.25999450683594,198.75,200.57000732421875,200.57000732421875,5346400,,,1.0,202.339996,203.259995,198.75,200.570007
PANW,2025-06-30,201.24000549316406,204.91000366210938,201.02000427246094,204.63999938964844,204.63999938964844,4350800,,,1.0,201.240005,204.910004,201.020004,204.639999
PANW,2025-07-01,203.97000122070312,204.35000610351562,195.0800018310547,197.5800018310547,197.5800018310547,6840600,,,1.0,203.970001,204.350006,195.080002,197.580002
PANW,2025-07-02,196.44000244140625,197.9199981689453,194.91000366210938,196.97000122070312,196.97000122070312,3367200,,,1.0,196.440002,197.919998,194.910004,196.970001
PANW,2025-07-03,197.86000061035156,202.97999572753906,197.86000061035156,201.82000732421875,201.82000732421875,2561700,,,1.0,197.860001,202.979996,197.860001,201.820007
PANW,2025-07-07,200.88999938964844,202.19000244140625,199.6699981689453,201.4199981689453,201.4199981689453,3483100,,,1.0,200.889999,202.190002,199.669998,201.419998
PANW,2025-07-08,202.0,204.50999450683594,200.69000244140625,203.99000549316406,203.99000549316406,3411400,,,1.0,202.0,204.509995,200.690002,203.990005
PANW,2025-07-09,204.8000030517578,206.17999267578125,202.42999267578125,206.05999755859375,206.05999755859375,3090000,,,1.0,204.800003,206.179993,202.429993,206.059998
PANW,2025-07-10,204.02999877929688,205.0,191.1699981689453,192.07000732421875,192.07000732421875,9249000,,,1.0,204.029999,205.0,191.169998,192.070007
PANW,2025-07-11,192.91000366210938,193.0,186.6999969482422,187.38999938964844,187.38999938964844,7412300,,,1.0,192.910004,193.0,186.699997,187.389999
PANW,2025-07-14,186.8800048828125,191.44000244140625,186.0,190.72000122070312,190.72000122070312,5050200,,,1.0,186.880005,191.440002,186.0,190.720001
PANW,2025-07-15,190.7100067138672,193.52000427246094,190.1999969482422,192.25,192.25,3963200,,,1.0,190.710007,193.520004,190.199997,192.25
PANW,2025-07-16,192.9499969482422,193.8800048828125,190.6999969482422,192.58999633789062,192.58999633789062,3119600,,,1.0,192.949997,193.880005,190.699997,192.589996
PANW,2025-07-17,193.19000244140625,197.60000610351562,193.0800018310547,196.27999877929688,196.27999877929688,4300400,,,1.0,193.190002,197.600006,193.080002,196.279999
PANW,2025-07-18,197.1199951171875,197.44000244140625,194.77999877929688,195.77999877929688,195.77999877929688,2978900,,,1.0,197.119995,197.440002,194.779999,195.779999
PANW,2025-07-21,195.94000244140625,203.1999969482422,194.60000610351562,199.8800048828125,199.8800048828125,7642500,,,1.0,195.940002,203.199997,194.600006,199.880005
PANW,2025-07-22,199.88999938964844,201.42999267578125,196.30999755859375,196.72999572753906,196.72999572753906,3658300,,,1.0,199.889999,201.429993,196.309998,196.729996
PANW,2025-07-23,197.8300018310547,199.89999389648438,194.77000427246094,199.22000122070312,199.22000122070312,3050500,,,1.0,197.830002,199.899994,194.770004,199.220001
PANW,2025-07-24,199.0,201.4499969482422,198.42999267578125,201.16000366210938,201.16000366210938,2887800,,,1.0,199.0,201.449997,198.429993,201.160004
PANW,2025-07-25,201.3300018310547,205.27000427246094,200.64999389648438,203.27000427246094,203.27000427246094,3459200,,,1.0,201.330002,205.270004,200.649994,203.270004
PANW,2025-07-28,203.77000427246094,204.9499969482422,202.50999450683594,204.5,204.5,2134700,,,1.0,203.770004,204.949997,202.509995,204.5
PANW,2025-07-29,206.0,210.38999938964844,193.10000610351562,193.83999633789062,193.83999633789062,13615200,,,1.0,206.0,210.389999,193.100006,193.839996
PANW,2025-07-30,180.27000427246094,186.1199951171875,176.55999755859375,183.02999877929688,183.02999877929688,42277200,,,1.0,180.270004,186.119995,176.559998,183.029999
PANW,2025-07-31,183.91000366210938,183.94000244140625,172.92999267578125,173.60000610351562,173.60000610351562,29824700,,,1.0,183.910004,183.940002,172.929993,173.600006
PANW,2025-08-01,173.1300048828125,176.02999877929688,168.36000061035156,172.8800048828125,172.8800048828125,16242900,,,1.0,173.130005,176.029999,168.360001,172.880005
PANW,2025-08-04,174.47999572753906,174.47999572753906,170.0500030517578,171.0,171.0,11191600,,,1.0,174.479996,174.479996,170.050003,171.0
PANW,2025-08-05,171.5,171.67999267578125,168.17999267578125,169.08999633789062,169.08999633789062,8645700,,,1.0,171.5,171.679993,168.179993,169.089996
PANW,2025-08-06,169.25,173.6300048828125,168.39999389648438,172.88999938964844,172.88999938964844,9890900,,,1.0,169.25,173.630005,168.399994,172.889999
PANW,2025-08-07,173.5,173.5,165.2100067138672,168.10000610351562,168.10000610351562,14553500,,,1.0,173.5,173.5,165.210007,168.100006
PANW,2025-08-08,168.88999938964844,170.4600067138672,166.55999755859375,167.05999755859375,167.05999755859375,9842200,,,1.0,168.889999,170.460007,166.559998,167.059998
PANW,2025-08-11,167.1999969482422,170.89999389648438,166.2100067138672,168.1699981689453,168.1699981689453,10219700,,,1.0,167.199997,170.899994,166.210007,168.169998
PANW,2025-08-12,171.22000122070312,175.5800018310547,170.25,175.39999389648438,175.39999389648438,11514300,,,1.0,171.220001,175.580002,170.25,175.399994
PANW,2025-08-13,180.14999389648438,180.38999938964844,175.77999877929688,176.86000061035156,176.86000061035156,11947500,,,1.0,180.149994,180.389999,175.779999,176.860001
PANW,2025-08-14,177.0,177.85000610351562,173.4600067138672,173.5500030517578,173.5500030517578,8784600,,,1.0,177.0,177.850006,173.460007,173.550003
PANW,2025-08-15,174.36000061035156,177.36000061035156,173.5,177.08999633789062,177.08999633789062,9548600,,,1.0,174.360001,177.360001,173.5,177.089996
PANW,2025-08-18,178.05999755859375,178.19000244140625,174.69000244140625,176.1699981689453,176.1699981689453,17895500,,,1.0,178.059998,178.190002,174.690002,176.169998
PANW,2025-08-19,187.80999755859375,189.0,180.7100067138672,181.55999755859375,181.55999755859375,27834500,,,1.0,187.809998,189.0,180.710007,181.559998
PANW,2025-08-20,181.92999267578125,187.64999389648438,181.47000122070312,184.42999267578125,184.42999267578125,13637500,,,1.0,181.929993,187.649994,181.470001,184.429993
PANW,2025-08-21,184.1199951171875,184.35000610351562,180.02000427246094,183.32000732421875,183.32000732421875,8181300,,,1.0,184.119995,184.350006,180.020004,183.320007
PANW,2025-08-22,183.64999389648438,187.11000061035156,182.94000244140625,185.8800048828125,185.8800048828125,6861700,,,1.0,183.649994,187.110001,182.940002,185.880005
PANW,2025-08-25,185.17999267578125,186.07000732421875,181.91000366210938,184.5500030517578,184.5500030517578,5801200,,,1.0,185.179993,186.070007,181.910004,184.550003
PANW,2025-08-26,184.22000122070312,186.66000366210938,183.99000549316406,184.22999572753906,184.22999572753906,8319100,,,1.0,184.220001,186.660004,183.990005,184.229996
PANW,2025-08-27,185.0,188.2100067138672,184.69000244140625,187.61000061035156,187.61000061035156,5990600,,,1.0,185.0,188.210007,184.690002,187.610001
PANW,2025-08-28,187.44000244140625,191.57000732421875,187.1999969482422,191.02000427246094,191.02000427246094,6031800,,,1.0,187.440002,191.570007,187.199997,191.020004
PANW,2025-08-29,191.3699951171875,192.7899932861328,190.02999877929688,190.52000427246094,190.52000427246094,5195200,,,1.0,191.369995,192.789993,190.029999,190.520004
PANW,2025-09-02,187.25999450683594,191.58999633789062,186.35000610351562,190.52000427246094,190.52000427246094,7066900,,,1.0,187.259995,191.589996,186.350006,190.520004
PANW,2025-09-03,188.9499969482422,192.35000610351562,188.0500030517578,191.52999877929688,191.52999877929688,5482600,,,1.0,188.949997,192.350006,188.050003,191.529999
PANW,2025-09-04,191.52999877929688,194.47999572753906,188.75,192.35000610351562,192.35000610351562,5996100,,,1.0,191.529999,194.479996,188.75,192.350006
PANW,2025-09-05,193.60000610351562,196.33999633789062,191.85000610351562,194.4600067138672,194.4600067138672,5670400,,,1.0,193.600006,196.339996,191.850006,194.460007
PANW,2025-09-08,195.19000244140625,197.89999389648438,194.7899932861328,197.3800048828125,197.3800048828125,5503800,,,1.0,195.190002,197.899994,194.789993,197.380005
PANW,2025-09-09,197.69000244140625,198.1300048828125,195.77000427246094,197.5500030517578,197.5500030517578,4074000,,,1.0,197.690002,198.130005,195.770004,197.550003
PANW,2025-09-10,197.83999633789062,202.72000122070312,195.6999969482422,197.3300018310547,197.3300018310547,6342400,,,1.0,197.839996,202.720001,195.699997,197.330002
PANW,2025-09-11,198.0,200.8000030517578,197.72000122070312,198.3300018310547,198.3300018310547,4327500,,,1.0,198.0,200.800003,197.720001,198.330002
PANW,2025-09-12,197.17999267578125,199.9499969482422,196.16000366210938,196.2899932861328,196.2899932861328,4431600,,,1.0,197.179993,199.949997,196.160004,196.289993
PANW,2025-09-15,198.0500030517578,202.11000061035156,197.3699951171875,201.27999877929688,201.27999877929688,6076900,,,1.0,198.050003,202.110001,197.369995,201.279999
PANW,2025-09-16,201.5,202.1199951171875,198.75999450683594,201.33999633789062,201.33999633789062,5365500,,,1.0,201.5,202.119995,198.759995,201.339996
PANW,2025-09-17,203.0,204.50999450683594,200.3300018310547,203.1199951171875,203.1199951171875,4916100,,,1.0,203.0,204.509995,200.330002,203.119995
PANW,2025-09-18,204.60000610351562,207.02999877929688,204.27000427246094,205.67999267578125,205.67999267578125,5446400,,,1.0,204.600006,207.029999,204.270004,205.679993
PANW,2025-09-19,206.41000366210938,209.02000427246094,205.52000427246094,208.19000244140625,208.19000244140625,8925300,,,1.0,206.410004,209.020004,205.520004,208.190002
PANW,2025-09-22,206.88999938964844,209.50999450683594,205.6699981689453,208.17999267578125,208.17999267578125,5468100,,,1.0,206.889999,209.509995,205.669998,208.179993
PANW,2025-09-23,207.16000366210938,208.49000549316406,202.25,203.25,203.25,7125700,,,1.0,207.160004,208.490005,202.25,203.25
PANW,2025-09-24,202.6699981689453,205.0,200.22000122070312,200.6999969482422,200.6999969482422,5160000,,,1.0,202.669998,205.0,200.220001,200.699997
PANW,2025-09-25,200.0,203.83999633789062,197.69000244140625,202.2100067138672,202.2100067138672,7326400,,,1.0,200.0,203.839996,197.690002,202.210007
PANW,2025-09-26,201.47999572753906,203.5500030517578,200.6199951171875,202.3699951171875,202.3699951171875,5244300,,,1.0,201.479996,203.550003,200.619995,202.369995
PANW,2025-09-29,203.0,204.74000549316406,202.60000610351562,203.9600067138672,203.9600067138672,5333700,,,1.0,203.0,204.740005,202.600006,203.960007
PANW,2025-09-30,203.6199951171875,206.07000732421875,201.9199981689453,203.6199951171875,203.6199951171875,4396100,,,1.0,203.619995,206.070007,201.919998,203.619995
PANW,2025-10-01,202.16000366210938,207.19000244140625,200.8800048828125,206.8000030517578,206.8000030517578,5623800,,,1.0,202.160004,207.190002,200.880005,206.800003
PANW,2025-10-02,208.49000549316406,209.89999389648438,205.44000244140625,209.3000030517578,209.3000030517578,4951600,,,1.0,208.490005,209.899994,205.440002,209.300003
PANW,2025-10-03,210.10000610351562,212.10000610351562,206.89999389648438,207.19000244140625,207.19000244140625,4963000,,,1.0,210.100006,212.100006,206.899994,207.190002
PANW,2025-10-06,209.3699951171875,213.85000610351562,209.1300048828125,212.5800018310547,212.5800018310547,7286900,,,1.0,209.369995,213.850006,209.130005,212.580002
PANW,2025-10-07,213.22999572753906,214.02000427246094,208.32000732421875,211.0399932861328,211.0399932861328,4982800,,,1.0,213.229996,214.020004,208.320007,211.039993
PANW,2025-10-08,212.60000610351562,217.94000244140625,212.25999450683594,217.7899932861328,217.7899932861328,5122900,,,1.0,212.600006,217.940002,212.259995,217.789993
PANW,2025-10-09,217.0,217.75,214.19000244140625,215.1699981689453,215.1699981689453,4548800,,,1.0,217.0,217.75,214.190002,215.169998
PANW,2025-10-10,216.0,217.2899932861328,208.30999755859375,208.5500030517578,208.5500030517578,5425000,,,1.0,216.0,217.289993,208.309998,208.550003
PANW,2025-10-13,213.4199981689453,214.72000122070312,211.69000244140625,213.27999877929688,213.27999877929688,4449200,,,1.0,213.419998,214.720001,211.690002,213.279999
PANW,2025-10-14,209.77000427246094,210.8000030517578,206.6999969482422,207.55999755859375,207.55999755859375,4381700,,,1.0,209.770004,210.800003,206.699997,207.559998
PANW,2025-10-15,208.0800018310547,210.60000610351562,203.3800048828125,206.6999969482422,206.6999969482422,4992300,,,1.0,208.080002,210.600006,203.380005,206.699997
PANW,2025-10-16,208.0,210.44000244140625,204.6300048828125,205.50999450683594,205.50999450683594,3675600,,,1.0,208.0,210.440002,204.630005,205.509995
PANW,2025-10-17,204.08999633789062,208.97999572753906,203.6199951171875,207.88999938964844,207.88999938964844,4626800,,,1.0,204.089996,208.979996,203.619995,207.889999
PANW,2025-10-20,209.55999755859375,212.61000061035156,209.52999877929688,211.82000732421875,211.82000732421875,4086400,,,1.0,209.559998,212.610001,209.529999,211.820007
PANW,2025-10-21,212.0399932861328,215.08999633789062,211.19000244140625,214.39999389648438,214.39999389648438,3835800,,,1.0,212.039993,215.089996,211.190002,214.399994
PANW,2025-10-22,214.0,215.1699981689453,210.99000549316406,212.4199981689453,212.4199981689453,4591500,,,1.0,214.0,215.169998,210.990005,212.419998
PANW,2025-10-23,212.0500030517578,216.50999450683594,211.6199951171875,215.02000427246094,215.02000427246094,4001700,,,1.0,212.050003,216.509995,211.619995,215.020004
PANW,2025-10-24,217.0,218.22999572753906,215.8699951171875,217.11000061035156,217.11000061035156,3437200,,,1.0,217.0,218.229996,215.869995,217.110001
PANW,2025-10-27,219.7899932861328,221.08999633789062,218.0,220.2899932861328,220.2899932861328,5439600,,,1.0,219.789993,221.089996,218.0,220.289993
PANW,2025-10-28,221.17999267578125,223.61000061035156,219.67999267578125,221.3800048828125,221.3800048828125,4608900,,,1.0,221.179993,223.610001,219.679993,221.380005
PANW,2025-10-29,219.30999755859375,219.80999755859375,216.0,217.16000366210938,217.16000366210938,4607700,,,1.0,219.309998,219.809998,216.0,217.160004
PANW,2025-10-30,217.5399932861328,221.27000427246094,216.61000061035156,218.27000427246094,218.27000427246094,3759900,,,1.0,217.539993,221.270004,216.610001,218.270004
PANW,2025-10-31,219.94000244140625,221.1699981689453,217.75,220.24000549316406,220.24000549316406,3958700,,,1.0,219.940002,221.169998,217.75,220.240005
PANW,2025-11-03,219.97000122070312,220.47000122070312,215.3300018310547,219.22999572753906,219.22999572753906,5011600,,,1.0,219.970001,220.470001,215.330002,219.229996
PANW,2025-11-04,215.72000122070312,218.0,212.35000610351562,214.52000427246094,214.52000427246094,6361800,,,1.0,215.720001,218.0,212.350006,214.520004
PANW,2025-11-05,215.1999969482422,215.60000610351562,212.4199981689453,213.17999267578125,213.17999267578125,4309300,,,1.0,215.199997,215.600006,212.419998,213.179993
PANW,2025-11-06,209.8699951171875,213.41000366210938,207.35000610351562,211.3699951171875,211.3699951171875,5444800,,,1.0,209.869995,213.410004,207.350006,211.369995
PANW,2025-11-07,208.22999572753906,212.63999938964844,207.8300018310547,212.2899932861328,212.2899932861328,5046400,,,1.0,208.229996,212.639999,207.830002,212.289993
PANW,2025-11-10,214.22000122070312,216.82000732421875,212.72000122070312,216.5399932861328,216.5399932861328,4917100,,,1.0,214.220001,216.820007,212.720001,216.539993
PANW,2025-11-11,216.94000244140625,218.75,215.7899932861328,218.27000427246094,218.27000427246094,3581100,,,1.0,216.940002,218.75,215.789993,218.270004
PANW,2025-11-12,218.13999938964844,220.02999877929688,209.72000122070312,210.0399932861328,210.0399932861328,4535100,,,1.0,218.139999,220.029999,209.720001,210.039993
PANW,2025-11-13,209.8000030517578,211.99000549316406,203.17999267578125,204.77000427246094,204.77000427246094,5361200,,,1.0,209.800003,211.990005,203.179993,204.770004
PANW,2025-11-14,201.99000549316406,206.92999267578125,198.39999389648438,205.25,205.25,5371700,,,1.0,201.990005,206.929993,198.399994,205.25
PANW,2025-11-17,205.0,207.19000244140625,202.16000366210938,202.89999389648438,202.89999389648438,4860700,,,1.0,205.0,207.190002,202.160004,202.899994
PANW,2025-11-18,202.5,203.99000549316406,199.80999755859375,201.0,201.0,5373200,,,1.0,202.5,203.990005,199.809998,201.0
PANW,2025-11-19,199.36000061035156,202.60000610351562,199.24000549316406,199.89999389648438,199.89999389648438,7529100,,,1.0,199.360001,202.600006,199.240005,199.899994
PANW,2025-11-20,198.1300048828125,199.69000244140625,183.1999969482422,185.07000732421875,185.07000732421875,16079000,,,1.0,198.130005,199.690002,183.199997,185.070007
PANW,2025-11-21,185.00999450683594,186.75,180.0500030517578,182.89999389648438,182.89999389648438,8201400,,,1.0,185.009995,186.75,180.050003,182.899994
PANW,2025-11-24,185.4199981689453,186.5800018310547,181.9199981689453,183.88999938964844,183.88999938964844,16207000,,,1.0,185.419998,186.580002,181.919998,183.889999
PANW,2025-11-25,183.52999877929688,186.69000244140625,181.16000366210938,186.27000427246094,186.27000427246094,6035600,,,1.0,183.529999,186.690002,181.160004,186.270004
PANW,2025-11-26,187.14999389648438,187.14999389648438,183.8300018310547,185.35000610351562,185.35000610351562,5915200,,,1.0,187.149994,187.149994,183.830002,185.350006
PANW,2025-11-28,187.22999572753906,190.9199981689453,186.9499969482422,190.1300048828125,190.1300048828125,4808300,,,1.0,187.229996,190.919998,186.949997,190.130005
PANW,2025-12-01,189.5399932861328,189.8699951171875,185.6199951171875,187.72999572753906,187.72999572753906,6692000,,,1.0,189.539993,189.869995,185.619995,187.729996
PANW,2025-12-02,189.49000549316406,192.0800018310547,188.14999389648438,189.8800048828125,189.8800048828125,5874300,,,1.0,189.490005,192.080002,188.149994,189.880005
PANW,2025-12-03,190.0800018310547,194.0,186.77000427246094,193.6300048828125,193.6300048828125,5489800,,,1.0,190.080002,194.0,186.770004,193.630005
PANW,2025-12-04,194.05999755859375,196.0,192.42999267578125,195.67999267578125,195.67999267578125,4164800,,,1.0,194.059998,196.0,192.429993,195.679993
PANW,2025-12-05,195.63999938964844,199.74000549316406,195.0,198.83999633789062,198.83999633789062,4611800,,,1.0,195.639999,199.740005,195.0,198.839996
PANW,2025-12-08,199.3699951171875,199.89999389648438,193.69000244140625,195.35000610351562,195.35000610351562,4425300,,,1.0,199.369995,199.899994,193.690002,195.350006
PANW,2025-12-09,195.02000427246094,196.66000366210938,194.1999969482422,195.0,195.0,3193500,,,1.0,195.020004,196.660004,194.199997,195.0
PANW,2025-12-10,194.4600067138672,195.0,192.11000061035156,192.9600067138672,192.9600067138672,4715800,,,1.0,194.460007,195.0,192.110001,192.960007
PANW,2025-12-11,191.3800048828125,192.83999633789062,188.5,190.36000061035156,190.36000061035156,5776100,,,1.0,191.380005,192.839996,188.5,190.360001
PANW,2025-12-12,191.05999755859375,193.66000366210938,188.5500030517578,191.69000244140625,191.69000244140625,5352700,,,1.0,191.059998,193.660004,188.550003,191.690002
PANW,2025-12-15,191.33999633789062,191.33999633789062,185.7100067138672,185.8800048828125,185.8800048828125,6660300,,,1.0,191.339996,191.339996,185.710007,185.880005
PANW,2025-12-16,185.10000610351562,188.3300018310547,184.63999938964844,187.08999633789062,187.08999633789062,5757200,,,1.0,185.100006,188.330002,184.639999,187.089996
PANW,2025-12-17,187.52999877929688,188.3300018310547,183.27999877929688,183.44000244140625,183.44000244140625,5758300,,,1.0,187.529999,188.330002,183.279999,183.440002
PANW,2025-12-18,185.7100067138672,186.9199981689453,183.19000244140625,185.8800048828125,185.8800048828125,7224300,,,1.0,185.710007,186.919998,183.190002,185.880005
PANW,2025-12-19,187.85000610351562,188.27000427246094,186.13999938964844,186.8800048828125,186.8800048828125,19050300,,,1.0,187.850006,188.270004,186.139999,186.880005
PANW,2025-12-22,188.49000549316406,190.52000427246094,186.64999389648438,189.49000549316406,189.49000549316406,4982500,,,1.0,188.490005,190.520004,186.649994,189.490005
PANW,2025-12-23,189.07000732421875,189.72000122070312,187.2899932861328,188.1199951171875,188.1199951171875,3371300,,,1.0,189.070007,189.720001,187.289993,188.119995
PANW,2025-12-24,187.42999267578125,187.83999633789062,184.7899932861328,187.22000122070312,187.22000122070312,1829300,,,1.0,187.429993,187.839996,184.789993,187.220001
PANW,2025-12-26,187.33999633789062,188.5800018310547,186.50999450683594,188.4499969482422,188.4499969482422,2527600,,,1.0,187.339996,188.580002,186.509995,188.449997
PANW,2025-12-29,188.1300048828125,189.02999877929688,186.2100067138672,186.85000610351562,186.85000610351562,2660000,,,1.0,188.130005,189.029999,186.210007,186.850006
PANW,2025-12-30,186.25,187.75,185.89999389648438,186.85000610351562,186.85000610351562,2847600,,,1.0,186.25,187.75,185.899994,186.850006
PANW,2025-12-31,186.6999969482422,186.86000061035156,184.10000610351562,184.1999969482422,184.1999969482422,3253100,,,1.0,186.699997,186.860001,184.100006,184.199997
PANW,2026-01-02,184.80999755859375,184.80999755859375,177.22999572753906,179.3699951171875,179.3699951171875,6909600,,,1.0,184.809998,184.809998,177.229996,179.369995
PANW,2026-01-05,183.0,185.83999633789062,181.00999450683594,182.1199951171875,182.1199951171875,6582900,,,1.0,183.0,185.839996,181.009995,182.119995
PANW,2026-01-06,181.72999572753906,186.0500030517578,181.4499969482422,185.86000061035156,185.86000061035156,5959300,,,1.0,181.729996,186.050003,181.449997,185.860001
PANW,2026-01-07,188.08999633789062,196.19000244140625,187.77000427246094,193.89999389648438,193.89999389648438,7613600,,,1.0,188.089996,196.190002,187.770004,193.899994
PANW,2026-01-08,193.69000244140625,193.88999938964844,189.0500030517578,190.8000030517578,190.8000030517578,6451300,,,1.0,193.690002,193.889999,189.050003,190.800003
PANW,2026-01-09,191.92999267578125,192.4199981689453,187.32000732421875,189.02000427246094,189.02000427246094,5306500,,,1.0,191.929993,192.419998,187.320007,189.020004
PANW,2026-01-12,188.33999633789062,189.75,187.2899932861328,188.8800048828125,188.8800048828125,4281400,,,1.0,188.339996,189.75,187.289993,188.880005
PANW,2026-01-13,188.0,193.1999969482422,187.99000549316406,190.85000610351562,190.85000610351562,5419600,,,1.0,188.0,193.199997,187.990005,190.850006
PANW,2026-01-14,190.7100067138672,192.58999633789062,187.9499969482422,190.92999267578125,190.92999267578125,5658100,,,1.0,190.710007,192.589996,187.949997,190.929993
PANW,2026-01-15,190.66000366210938,194.07000732421875,186.5500030517578,187.72999572753906,187.72999572753906,6530300,,,1.0,190.660004,194.070007,186.550003,187.729996
PANW,2026-01-16,187.6300048828125,189.5,184.67999267578125,187.66000366210938,187.66000366210938,7053100,,,1.0,187.630005,189.5,184.679993,187.660004
PANW,2026-01-20,184.24000549316406,188.52000427246094,182.27000427246094,184.05999755859375,184.05999755859375,7287900,,,1.0,184.240005,188.520004,182.270004,184.059998
PANW,2026-01-21,184.4600067138672,185.0800018310547,178.77999877929688,181.47000122070312,181.47000122070312,6301000,,,1.0,184.460007,185.080002,178.779999,181.470001
PANW,2026-01-22,182.47999572753906,183.10000610351562,180.77999877929688,182.27000427246094,182.27000427246094,7018000,,,1.0,182.479996,183.100006,180.779999,182.270004
PANW,2026-01-23,183.05999755859375,184.72000122070312,179.6999969482422,180.17999267578125,180.17999267578125,5791000,,,1.0,183.059998,184.720001,179.699997,180.179993
PANW,2026-01-26,181.3699951171875,185.6199951171875,180.69000244140625,184.22000122070312,184.22000122070312,5356700,,,1.0,181.369995,185.619995,180.690002,184.220001
PANW,2026-01-27,187.3800048828125,189.38999938964844,182.52999877929688,183.5,183.5,5540000,,,1.0,187.380005,189.389999,182.529999,183.5
PANW,2026-01-28,184.52999877929688,186.67999267578125,183.35000610351562,183.74000549316406,183.74000549316406,4159800,,,1.0,184.529999,186.679993,183.350006,183.740005
PANW,2026-01-29,181.0800018310547,182.2100067138672,171.25,176.1999969482422,176.1999969482422,12925300,,,1.0,181.080002,182.210007,171.25,176.199997
PANW,2026-01-30,174.72000122070312,178.10000610351562,172.99000549316406,176.97000122070312,176.97000122070312,7628100,,,1.0,174.720001,178.100006,172.990005,176.970001
PANW,2026-02-02,177.4499969482422,177.72999572753906,173.8000030517578,175.4199981689453,175.4199981689453,4978100,,,1.0,177.449997,177.729996,173.800003,175.419998
PANW,2026-02-03,174.1199951171875,174.5500030517578,163.3300018310547,166.24000549316406,166.24000549316406,9945900,,,1.0,174.119995,174.550003,163.330002,166.240005
PANW,2026-02-04,164.8699951171875,167.55999755859375,159.44000244140625,166.72000122070312,166.72000122070312,10470800,,,1.0,164.869995,167.559998,159.440002,166.720001
PANW,2026-02-05,163.67999267578125,166.19000244140625,154.0500030517578,154.77000427246094,154.77000427246094,12780500,,,1.0,163.679993,166.190002,154.050003,154.770004
PANW,2026-02-06,157.61000061035156,159.5500030517578,151.7100067138672,159.32000732421875,159.32000732421875,9902500,,,1.0,157.610001,159.550003,151.710007,159.320007
PANW,2026-02-09,159.8000030517578,166.75,156.3699951171875,166.0,166.0,20917700,,,1.0,159.800003,166.75,156.369995,166.0
PANW,2026-02-10,166.38999938964844,168.27999877929688,164.3000030517578,165.50999450683594,165.50999450683594,30141600,,,1.0,166.389999,168.279999,164.300003,165.509995
PANW,2026-02-11,167.1999969482422,168.27999877929688,163.49000549316406,165.3000030517578,165.3000030517578,43667300,,,1.0,167.199997,168.279999,163.490005,165.300003
PANW,2026-02-12,166.2899932861328,167.9499969482422,157.80999755859375,162.80999755859375,162.80999755859375,19646500,,,1.0,166.289993,167.949997,157.809998,162.809998
PANW,2026-02-13,165.02999877929688,170.49000549316406,163.10000610351562,166.9499969482422,166.9499969482422,12577000,,,1.0,165.029999,170.490005,163.100006,166.949997
PANW,2026-02-17,165.67999267578125,166.00999450683594,160.0800018310547,163.5,163.5,16586500,,,1.0,165.679993,166.009995,160.080002,163.5
PANW,2026-02-18,149.5500030517578,155.27999877929688,147.14999389648438,152.35000610351562,152.35000610351562,26756800,,,1.0,149.550003,155.279999,147.149994,152.350006
PANW,2026-02-19,152.47999572753906,152.67999267578125,148.14999389648438,150.99000549316406,150.99000549316406,13545800,,,1.0,152.479996,152.679993,148.149994,150.990005
PANW,2026-02-20,150.36000061035156,158.1699981689453,148.39999389648438,148.6999969482422,148.6999969482422,25857800,,,1.0,150.360001,158.169998,148.399994,148.699997
PANW,2026-02-23,147.72000122070312,148.6300048828125,143.3000030517578,144.13999938964844,144.13999938964844,20861500,,,1.0,147.720001,148.630005,143.300003,144.139999
PANW,2026-02-24,142.92999267578125,147.52000427246094,139.57000732421875,141.6699981689453,141.6699981689453,23692200,,,1.0,142.929993,147.520004,139.570007,141.669998
PANW,2026-02-25,142.72999572753906,145.36000061035156,140.3000030517578,144.83999633789062,144.83999633789062,11157900,,,1.0,142.729996,145.360001,140.300003,144.839996
PANW,2026-02-26,146.91000366210938,151.2899932861328,144.80999755859375,149.39999389648438,149.39999389648438,12124900,,,1.0,146.910004,151.289993,144.809998,149.399994
PANW,2026-02-27,147.1699981689453,148.99000549316406,143.6699981689453,148.9199981689453,148.9199981689453,9430600,,,1.0,147.169998,148.990005,143.669998,148.919998
PANW,2026-03-02,147.89999389648438,151.86000061035156,146.00999450683594,150.14999389648438,150.14999389648438,8281300,,,1.0,147.899994,151.860001,146.009995,150.149994
PANW,2026-03-03,149.07000732421875,156.8300018310547,147.86000061035156,156.08999633789062,156.08999633789062,10319500,,,1.0,149.070007,156.830002,147.860001,156.089996
PANW,2026-03-04,156.05999755859375,160.3000030517578,154.75,158.55999755859375,158.55999755859375,9541900,,,1.0,156.059998,160.300003,154.75,158.559998
PANW,2026-03-05,159.1300048828125,164.6999969482422,158.47999572753906,163.16000366210938,163.16000366210938,9220500,,,1.0,159.130005,164.699997,158.479996,163.160004
PANW,2026-03-06,162.32000732421875,165.36000061035156,161.30999755859375,165.0500030517578,165.0500030517578,7202500,,,1.0,162.320007,165.360001,161.309998,165.050003
PANW,2026-03-09,164.0800018310547,167.75999450683594,163.49000549316406,165.10000610351562,165.10000610351562,9194300,,,1.0,164.080002,167.759995,163.490005,165.100006
PANW,2026-03-10,165.5,167.0,160.8300018310547,165.5800018310547,165.5800018310547,6847000,,,1.0,165.5,167.0,160.830002,165.580002
PANW,2026-03-11,166.64999389648438,169.0800018310547,163.3800048828125,164.92999267578125,164.92999267578125,5480900,,,1.0,166.649994,169.080002,163.380005,164.929993
PANW,2026-03-12,166.27999877929688,168.74000549316406,165.42999267578125,168.1199951171875,168.1199951171875,7961500,,,1.0,166.279999,168.740005,165.429993,168.119995
PANW,2026-03-13,168.89999389648438,171.1699981689453,165.8000030517578,167.02000427246094,167.02000427246094,6258600,,,1.0,168.899994,171.169998,165.800003,167.020004
PANW,2026-03-16,167.74000549316406,168.27999877929688,166.14999389648438,167.4499969482422,167.4499969482422,5985100,,,1.0,167.740005,168.279999,166.149994,167.449997
PANW,2026-03-17,167.89999389648438,172.02999877929688,167.5500030517578,169.19000244140625,169.19000244140625,5520400,,,1.0,167.899994,172.029999,167.550003,169.190002
PANW,2026-03-18,168.0500030517578,171.80999755859375,167.5,168.91000366210938,168.91000366210938,5789600,,,1.0,168.050003,171.809998,167.5,168.910004
PANW,2026-03-19,168.86000061035156,171.6999969482422,168.0,169.74000549316406,169.74000549316406,6558200,,,1.0,168.860001,171.699997,168.0,169.740005
PANW,2026-03-20,169.19000244140625,169.19000244140625,161.88999938964844,162.9499969482422,162.9499969482422,16455400,,,1.0,169.190002,169.190002,161.889999,162.949997
PANW,2026-03-23,164.42999267578125,166.35000610351562,162.4600067138672,164.0500030517578,164.0500030517578,7218800,,,1.0,164.429993,166.350006,162.460007,164.050003
PANW,2026-03-24,162.08999633789062,162.8000030517578,156.13999938964844,157.2100067138672,157.2100067138672,7143100,,,1.0,162.089996,162.800003,156.139999,157.210007
PANW,2026-03-25,159.6999969482422,160.30999755859375,152.7899932861328,153.22000122070312,153.22000122070312,6350000,,,1.0,159.699997,160.309998,152.789993,153.220001
PANW,2026-03-26,152.24000549316406,159.38999938964844,152.1999969482422,156.36000061035156,156.36000061035156,6082000,,,1.0,152.240005,159.389999,152.199997,156.360001
PANW,2026-03-27,147.5500030517578,149.3699951171875,143.5,147.02000427246094,147.02000427246094,11431400,,,1.0,147.550003,149.369995,143.5,147.020004
PANW,2026-03-30,151.9499969482422,159.16000366210938,151.47000122070312,154.35000610351562,154.35000610351562,12198800,,,1.0,151.949997,159.160004,151.470001,154.350006
PANW,2026-03-31,155.02999877929688,161.1199951171875,155.02999877929688,160.32000732421875,160.32000732421875,7751600,,,1.0,155.029999,161.119995,155.029999,160.320007
PANW,2026-04-01,161.4499969482422,161.8000030517578,157.3000030517578,160.6699981689453,160.6699981689453,7643200,,,1.0,161.449997,161.800003,157.300003,160.669998
PANW,2026-04-02,159.89999389648438,163.30999755859375,157.50999450683594,163.2100067138672,163.2100067138672,4354300,,,1.0,159.899994,163.309998,157.509995,163.210007
PANW,2026-04-06,163.3699951171875,164.0800018310547,159.6699981689453,161.9499969482422,161.9499969482422,4814800,,,1.0,163.369995,164.080002,159.669998,161.949997
PANW,2026-04-07,161.5800018310547,170.97999572753906,160.25,169.8699951171875,169.8699951171875,8671300,,,1.0,161.580002,170.979996,160.25,169.869995
PANW,2026-04-08,173.89999389648438,179.27000427246094,171.6300048828125,173.77999877929688,173.77999877929688,12257400,,,1.0,173.899994,179.270004,171.630005,173.779999
PANW,2026-04-09,174.13999938964844,174.97999572753906,164.3000030517578,166.99000549316406,166.99000549316406,10583700,,,1.0,174.139999,174.979996,164.300003,166.990005
PANW,2026-04-10,167.60000610351562,167.60000610351562,151.27999877929688,155.72999572753906,155.72999572753906,15592700,,,1.0,167.600006,167.600006,151.279999,155.729996
PANW,2026-04-13,155.5800018310547,162.8000030517578,154.83999633789062,162.50999450683594,162.50999450683594,8545600,,,1.0,155.580002,162.800003,154.839996,162.509995
PANW,2026-04-14,163.3699951171875,165.63999938964844,158.8300018310547,161.58999633789062,161.58999633789062,7415600,,,1.0,163.369995,165.639999,158.830002,161.589996
PANW,2026-04-15,164.49000549316406,165.22999572753906,161.69000244140625,164.11000061035156,164.11000061035156,7416200,,,1.0,164.490005,165.229996,161.690002,164.110001
PANW,2026-04-16,168.60000610351562,170.25,165.0,166.97000122070312,166.97000122070312,7222400,,,1.0,168.600006,170.25,165.0,166.970001
PANW,2026-04-17,170.47999572753906,170.6199951171875,166.6999969482422,167.85000610351562,167.85000610351562,7037300,,,1.0,170.479996,170.619995,166.699997,167.850006
PANW,2026-04-20,167.00999450683594,170.5399932861328,165.1999969482422,169.55999755859375,169.55999755859375,4859700,,,1.0,167.009995,170.539993,165.199997,169.559998
PANW,2026-04-21,170.39999389648438,177.6300048828125,169.58999633789062,174.9600067138672,174.9600067138672,5856300,,,1.0,170.399994,177.630005,169.589996,174.960007
PANW,2026-04-22,175.5,181.52000427246094,175.14999389648438,181.1999969482422,181.1999969482422,5903200,,,1.0,175.5,181.520004,175.149994,181.199997
PANW,2026-04-23,173.3699951171875,175.49000549316406,169.60000610351562,173.2100067138672,173.2100067138672,6965200,,,1.0,173.369995,175.490005,169.600006,173.210007
PANW,2026-04-24,174.0,179.10000610351562,173.22000122070312,178.5399932861328,178.5399932861328,5887600,,,1.0,174.0,179.100006,173.220001,178.539993
PANW,2026-04-27,176.86000061035156,184.02000427246094,176.5,182.89999389648438,182.89999389648438,7893800,,,1.0,176.860001,184.020004,176.5,182.899994
PANW,2026-04-28,184.11000061035156,186.0,180.74000549316406,180.99000549316406,180.99000549316406,6451900,,,1.0,184.110001,186.0,180.740005,180.990005
PANW,2026-04-29,179.60000610351562,182.25,177.8000030517578,181.5399932861328,181.5399932861328,4157400,,,1.0,179.600006,182.25,177.800003,181.539993
PANW,2026-04-30,180.85000610351562,180.85000610351562,173.11000061035156,179.32000732421875,179.32000732421875,5771500,,,1.0,180.850006,180.850006,173.110001,179.320007
PANW,2026-05-01,182.0,183.0399932861328,177.41000366210938,181.0800018310547,181.0800018310547,4972100,,,1.0,182.0,183.039993,177.410004,181.080002
PANW,2026-05-04,181.63999938964844,187.27000427246094,180.9499969482422,184.55999755859375,184.55999755859375,4891100,,,1.0,181.639999,187.270004,180.949997,184.559998
PANW,2026-05-05,186.0,186.24000549316406,180.52000427246094,183.97999572753906,183.97999572753906,5150700,,,1.0,186.0,186.240005,180.520004,183.979996
PANW,2026-05-06,180.44000244140625,184.97999572753906,179.19000244140625,183.67999267578125,183.67999267578125,5595600,,,1.0,180.440002,184.979996,179.190002,183.679993
PANW,2026-05-07,190.77000427246094,199.08999633789062,190.77000427246094,196.52999877929688,196.52999877929688,10556600,,,1.0,190.770004,199.089996,190.770004,196.529999
PANW,2026-05-08,194.85000610351562,208.08999633789062,193.42999267578125,207.8800048828125,207.8800048828125,11641800,,,1.0,194.850006,208.089996,193.429993,207.880005
PANW,2026-05-11,207.7899932861328,214.3000030517578,205.64999389648438,213.66000366210938,213.66000366210938,9404300,,,1.0,207.789993,214.300003,205.649994,213.660004
PANW,2026-05-12,213.63999938964844,216.16000366210938,210.77000427246094,215.60000610351562,215.60000610351562,8295200,,,1.0,213.639999,216.160004,210.770004,215.600006
PANW,2026-05-13,213.0399932861328,228.85000610351562,210.77000427246094,227.7899932861328,227.7899932861328,9337700,,,1.0,213.039993,228.850006,210.770004,227.789993
PANW,2026-05-14,227.5500030517578,239.14999389648438,225.3800048828125,238.2100067138672,238.2100067138672,10346700,,,1.0,227.550003,239.149994,225.380005,238.210007
PANW,2026-05-15,237.8300018310547,245.8000030517578,230.25999450683594,242.8300018310547,242.8300018310547,11551000,,,1.0,237.830002,245.800003,230.259995,242.830002
PANW,2026-05-18,238.91000366210938,248.85000610351562,235.80999755859375,247.5500030517578,247.5500030517578,8734900,,,1.0,238.910004,248.850006,235.809998,247.550003
PANW,2026-05-19,246.9600067138672,248.60000610351562,239.69000244140625,240.1300048828125,240.1300048828125,11030200,,,1.0,246.960007,248.600006,239.690002,240.130005
PANW,2026-05-20,236.2100067138672,250.0,235.25999450683594,246.66000366210938,246.66000366210938,8698900,,,1.0,236.210007,250.0,235.259995,246.660004
PANW,2026-05-21,241.33999633789062,253.10000610351562,241.0,252.9199981689453,252.9199981689453,6323600,,,1.0,241.339996,253.100006,241.0,252.919998
PANW,2026-05-22,251.1199951171875,261.4100036621094,249.5,260.5799865722656,260.5799865722656,6626100,,,1.0,251.119995,261.410004,249.5,260.579987
PANW,2026-05-26,258.1700134277344,259.8399963378906,250.77000427246094,256.75,256.75,7164000,,,1.0,258.170013,259.839996,250.770004,256.75
PANW,2026-05-27,245.6199951171875,251.63999938964844,243.0399932861328,248.47000122070312,248.47000122070312,8318000,,,1.0,245.619995,251.639999,243.039993,248.470001
PANW,2026-05-28,249.22999572753906,259.0,248.41000366210938,257.7699890136719,257.7699890136719,5663300,,,1.0,249.229996,259.0,248.410004,257.769989
PANW,2026-05-29,256.32000732421875,283.7099914550781,256.010009765625,281.69000244140625,281.69000244140625,14998900,,,1.0,256.320007,283.709991,256.01001,281.690002
PANW,2026-06-01,285.42999267578125,302.95001220703125,283.79998779296875,300.4800109863281,300.4800109863281,13714500,,,1.0,285.429993,302.950012,283.799988,300.480011
PANW,2026-06-02,287.4599914550781,299.3299865722656,287.2699890136719,297.17999267578125,297.17999267578125,20783700,,,1.0,287.459991,299.329987,287.269989,297.179993
PANW,2026-06-03,285.0,288.0,275.8500061035156,280.42999267578125,280.42999267578125,14716900,,,1.0,285.0,288.0,275.850006,280.429993
PANW,2026-06-04,269.8599853515625,280.7200012207031,269.0,279.25,279.25,9832300,,,1.0,269.859985,280.720001,269.0,279.25
PANW,2026-06-05,278.989990234375,280.6400146484375,269.3999938964844,272.04998779296875,272.04998779296875,7795500,,,1.0,278.98999,280.640015,269.399994,272.049988
PANW,2026-06-08,269.6300048828125,273.04998779296875,264.4200134277344,266.3299865722656,266.3299865722656,7009800,,,1.0,269.630005,273.049988,264.420013,266.329987
PANW,2026-06-09,265.29998779296875,266.44000244140625,251.14999389648438,260.5199890136719,260.5199890136719,7662900,,,1.0,265.299988,266.440002,251.149994,260.519989
PANW,2026-06-10,258.80999755859375,266.7200012207031,254.42999267578125,263.2200012207031,263.2200012207031,6495500,,,1.0,258.809998,266.720001,254.429993,263.220001
PANW,2026-06-11,261.0,279.95001220703125,258.1000061035156,279.5299987792969,279.5299987792969,9672400,,,1.0,261.0,279.950012,258.100006,279.529999
PANW,2026-06-12,276.94000244140625,281.9800109863281,271.489990234375,279.6199951171875,279.6199951171875,6773000,,,1.0,276.940002,281.980011,271.48999,279.619995
PANW,2026-06-15,280.54998779296875,285.1199951171875,274.3299865722656,284.5400085449219,284.5400085449219,7394100,,,1.0,280.549988,285.119995,274.329987,284.540009
PANW,2026-06-16,283.20001220703125,283.6400146484375,275.05999755859375,279.8999938964844,279.8999938964844,5017100,,,1.0,283.200012,283.640015,275.059998,279.899994
PANW,2026-06-17,279.4599914550781,284.32000732421875,276.7099914550781,282.1300048828125,282.1300048828125,5713800,,,1.0,279.459991,284.320007,276.709991,282.130005
PANW,2026-06-18,285.6000061035156,288.8800048828125,276.4599914550781,287.7799987792969,287.7799987792969,12194700,,,1.0,285.600006,288.880005,276.459991,287.779999
PANW,2026-06-22,287.989990234375,295.75,284.260009765625,286.3999938964844,286.3999938964844,5855400,,,1.0,287.98999,295.75,284.26001,286.399994
PANW,2026-06-23,285.7200012207031,292.1400146484375,282.5199890136719,290.9200134277344,290.9200134277344,5430500,,,1.0,285.720001,292.140015,282.519989,290.920013
PANW,2026-06-24,289.6199951171875,291.0,284.2799987792969,285.260009765625,285.260009765625,4895700,,,1.0,289.619995,291.0,284.279999,285.26001
PANW,2026-06-25,289.010009765625,295.5400085449219,285.2699890136719,293.0899963378906,293.0899963378906,8961300,,,1.0,289.01001,295.540009,285.269989,293.089996
PANW,2026-06-26,295.1499938964844,306.239990234375,290.0,304.20001220703125,304.20001220703125,8269800,,,1.0,295.149994,306.23999,290.0,304.200012
PANW,2026-06-29,309.8299865722656,332.8800048828125,305.3299865722656,332.0,332.0,10334700,,,1.0,309.829987,332.880005,305.329987,332.0
PANW,2026-06-30,327.54998779296875,342.4800109863281,327.3500061035156,341.0199890136719,341.0199890136719,9634200,,,1.0,327.549988,342.480011,327.350006,341.019989
PANW,2026-07-01,345.54998779296875,358.1000061035156,341.0,352.0400085449219,352.0400085449219,7265500,,,1.0,345.549988,358.100006,341.0,352.040009
PANW,2026-07-02,351.489990234375,357.3800048828125,346.8999938964844,348.05999755859375,348.05999755859375,7697700,,,1.0,351.48999,357.380005,346.899994,348.059998
PANW,2026-07-06,338.9599914550781,368.1700134277344,337.69000244140625,357.5299987792969,357.5299987792969,8752700,,,1.0,338.959991,368.170013,337.690002,357.529999
PANW,2026-07-07,359.8699951171875,363.010009765625,336.0,337.0400085449219,337.0400085449219,8775700,,,1.0,359.869995,363.01001,336.0,337.040009
PANW,2026-07-08,336.79998779296875,336.79998779296875,314.95001220703125,320.5899963378906,320.5899963378906,9443700,,,1.0,336.799988,336.799988,314.950012,320.589996
PANW,2026-07-09,318.3399963378906,338.3699951171875,318.3399963378906,338.30999755859375,338.30999755859375,8537400,,,1.0,318.339996,338.369995,318.339996,338.309998
PANW,2026-07-10,338.4800109863281,340.1300048828125,323.8500061035156,325.9100036621094,325.9100036621094,4679200,,,1.0,338.480011,340.130005,323.850006,325.910004
PANW,2026-07-13,325.1099853515625,331.0799865722656,316.25,330.29998779296875,330.29998779296875,5374800,,,1.0,325.109985,331.079987,316.25,330.299988
PANW,2026-07-14,330.79998779296875,353.67999267578125,330.2900085449219,352.8900146484375,352.8900146484375,6013200,,,1.0,330.799988,353.679993,330.290009,352.890015
PANW,2026-07-15,356.80999755859375,362.7099914550781,353.1099853515625,354.0199890136719,354.0199890136719,6703800,,,1.0,356.809998,362.709991,353.109985,354.019989
PANW,2026-07-16,357.05999755859375,360.44000244140625,347.0400085449219,353.989990234375,353.989990234375,5884000,,,1.0,357.059998,360.440002,347.040009,353.98999
PANW,2026-07-17,347.0,368.79998779296875,345.0400085449219,358.67999267578125,358.67999267578125,7802700,,,1.0,347.0,368.799988,345.040009,358.679993
PANW,2026-07-20,354.7200012207031,366.30999755859375,348.3599853515625,348.6600036621094,348.6600036621094,5567200,,,1.0,354.720001,366.309998,348.359985,348.660004
PANW,2026-07-21,349.44000244140625,352.0,334.0299987792969,342.1499938964844,342.1499938964844,6738100,,,1.0,349.440002,352.0,334.029999,342.149994
PANW,2026-07-22,342.9800109863281,344.19000244140625,328.6400146484375,335.2799987792969,335.2799987792969,6338100,,,1.0,342.980011,344.190002,328.640015,335.279999
PANW,2026-07-23,335.5799865722656,336.57000732421875,321.8699951171875,325.6300048828125,325.6300048828125,5938200,,,1.0,335.579987,336.570007,321.869995,325.630005
PANW,2026-07-24,328.0899963378906,330.0,321.69000244140625,323.7900085449219,323.7900085449219,5134300,,,1.0,328.089996,330.0,321.690002,323.790009
PANW,2026-07-27,331.510009765625,331.80999755859375,316.70001220703125,317.32000732421875,317.32000732421875,5223400,,,1.0,331.51001,331.809998,316.700012,317.320007
PANW,2026-07-28,317.510009765625,323.3999938964844,308.5400085449219,319.0,319.0,6507500,,,1.0,317.51001,323.399994,308.540009,319.0
PANW,2026-07-29,319.3800048828125,322.1099853515625,310.4599914550781,314.1499938964844,314.1499938964844,6336700,,,1.0,319.380005,322.109985,310.459991,314.149994
PANW,2026-07-30,316.0299987792969,326.29998779296875,313.04998779296875,325.67999267578125,325.67999267578125,6859300,,,1.0,316.029999,326.299988,313.049988,325.679993
PANW,2026-07-31,332.3399963378906,333.9800109863281,319.4800109863281,331.8299865722656,331.8299865722656,5027700,,,1.0,332.339996,333.980011,319.480011,331.829987
PANW,2026-08-03,336.489990234375,347.70001220703125,330.0,347.1300048828125,347.1300048828125,7306700,,,1.0,336.48999,347.700012,330.0,347.130005
PANW,2026-08-04,351.6000061035156,367.5,349.07000732421875,366.3399963378906,366.3399963378906,8186900,,,1.0,351.600006,367.5,349.070007,366.339996
PANW,2026-08-05,373.8699951171875,376.9800109863281,362.2200012207031,362.6600036621094,362.6600036621094,5607500,,,1.0,373.869995,376.980011,362.220001,362.660004
PANW,2026-08-06,350.1300048828125,361.4700012207031,349.0,359.489990234375,359.489990234375,5681700,,,1.0,350.130005,361.470001,349.0,359.48999
